Id,ridge,lasso,elasticnet,svr,gbr,xgboost,lightgbm
1,11.917207772127847,11.921785162017251,11.921785162017251,12.029957962869243,11.980226809860321,11.9966459274292,12.009099642195075
2,12.072707149852256,12.065842969968351,12.065923379032204,12.072805038590701,12.050915167894795,12.005745887756348,11.99451842556081
3,11.8056825173067,11.792021137922193,11.7945183133928,12.138329639623999,11.781069657429606,11.77933120727539,11.786284020817092
4,11.888177807593818,11.893330809561109,11.892560928036616,11.932848784501285,11.955276864867766,11.943146705627441,11.91711833907191
5,11.947903414474927,11.963917129351767,11.96206916851206,11.9441316669424,11.859875312682096,11.841407775878906,11.83220477758577
6,12.338975365206844,12.348005796241669,12.347678539252767,12.335582966188746,12.31405105356707,12.315960884094238,12.303143656653504
7,12.198871457251558,12.198955675757526,12.198061815303088,12.121806039502351,12.202035389107722,12.146835327148438,12.18778079087048
8,11.905690760981514,11.914785479253792,11.914785479253792,11.91467042900447,11.908824346419209,11.925511360168457,11.945040355740979
9,11.994250700700325,11.995295508205418,11.99550489808313,12.051163826177476,12.044587007727074,12.052663803100586,12.052285564163356
10,11.97788807185417,11.988496509822172,11.988496509822172,11.994107637218303,12.139425539618276,12.06617259979248,12.021268331720346
11,12.054806394137087,12.074757311816056,12.070933153010296,12.020001815642718,11.94926663715029,11.957789421081543,11.991561521536587
12,12.113307334731996,12.105601988850747,12.105951979960512,12.843420127609281,12.113934134225527,12.116689682006836,12.08978396654353
13,11.883808571622419,11.904335820682734,11.902277963974484,11.945889853525482,11.930015371354981,11.873990058898926,11.838829024604339
14,11.962759132294728,11.962278905164222,11.96158940613613,11.980724815077718,11.995655572373792,11.98784065246582,12.025585872146554
15,11.77169228064127,11.777656842405776,11.776522463667852,12.038595534514473,11.821705943107242,11.800657272338867,11.775192385121104
16,12.171574551410986,12.170340237605934,12.17089459075888,12.181088866626546,12.231654677884992,12.18587589263916,12.185228087693005
17,12.155523398644307,12.161990307098261,12.161154452442792,12.124220870136106,12.094651636674662,12.08640193939209,12.102985996080532
18,12.096081063634704,12.093719621436476,12.094643576037953,12.105413025357183,12.049411725287074,12.06905746459961,12.049594413461326
19,12.24964964182319,12.25953698998791,12.257287202454622,12.268230059179563,12.262820374893206,12.250149726867676,12.281148552224789
20,12.63248589765347,12.617993098291432,12.619963856955083,11.961029836525261,12.641461983040864,12.646303176879883,12.607979866449096
21,12.206876009956623,12.204567823136403,12.204592308190449,12.240332094935338,12.172024709520603,12.145292282104492,12.141322005583007
22,12.100266403335034,12.108039221814522,12.107447160558259,12.30454789392688,12.172536067708796,12.115915298461914,12.14838120970346
23,12.223403397483036,12.216397619447664,12.217670741315455,12.122224056551987,12.184934915336934,12.204178810119629,12.177440082208141
24,12.442017379841705,12.445328614790068,12.44484887311697,12.47486353269931,12.47605605046437,12.508309364318848,12.51195354212603
25,12.526897350831838,12.536497279863962,12.536368342766455,12.112284146226385,12.298643379848121,12.321496963500977,12.273774027797057
26,12.100761811759856,12.112525939995216,12.11184285280296,12.120736885307263,11.939731685090662,12.016735076904297,11.971206793086619
27,12.116974068193255,12.120766079999008,12.11941346543562,12.187754167694283,12.204348364603659,12.183480262756348,12.120206959878255
28,12.607646264483988,12.599069384471695,12.5993189098286,12.603774806213172,12.630819664247419,12.636788368225098,12.584559830686647
29,12.715694341353098,12.712400937529667,12.714346115254656,12.774151177910081,12.573839007379014,12.524293899536133,12.528913236546261
30,12.68663926422197,12.691035375052474,12.690798476395605,12.633786800150107,12.5692673718252,12.56322956085205,12.543854811809249
31,11.97079176693601,11.993744644579225,11.99238523477885,12.106503454290854,11.95817892660141,11.966779708862305,11.994882953121856
32,12.67972679568222,12.688710201938083,12.688987748067456,12.675525218719525,12.63054886794757,12.611830711364746,12.65118776423108
33,12.891253208388196,12.898564764785599,12.898429604344926,12.906711879703163,13.018343604106915,12.958308219909668,13.013216403942407
34,12.06215098115318,12.067582389010525,12.067582389010525,12.012161792237555,12.095029360607455,12.189488410949707,12.245818957912126
35,12.380466037318397,12.392275657742925,12.392721916025303,12.404910388007565,12.408464425944327,12.44480037689209,12.425904734655655
36,12.131641973010868,12.137421480703077,12.13715055718016,12.295126644878646,12.108833762373694,12.140488624572754,12.166801732946492
37,12.138816904878398,12.126986528429196,12.129236088042097,11.947109762729822,12.149047937322011,12.135041236877441,12.140668281657465
38,12.901959548609486,12.89705281517289,12.897401879278751,12.915943188150573,13.028219305693924,13.014362335205078,13.020514361813923
39,12.483475158433539,12.488127708673643,12.487361847414611,12.459900810226724,12.531165468230954,12.524782180786133,12.508956651202562
40,12.191608484953248,12.18887423530029,12.188877168935257,12.119399696282231,12.256072630224049,12.238248825073242,12.250595337666166
41,12.083726468852603,12.089971398472033,12.086594934203383,12.059684849160687,12.089076651681788,12.157763481140137,12.094787819620128
42,12.05788104168681,12.064263846164991,12.061290683974038,12.24886990941182,12.065927526075269,12.056535720825195,12.072843131949199
43,11.953099843051424,11.942324268148356,11.942383273861175,12.093915538067547,11.975094392833183,11.969164848327637,11.971455309508189
44,12.127734794149136,12.133119946027357,12.132979390157528,12.134135103010639,12.113711434328508,12.160564422607422,12.172958289220304
45,12.35465102821762,12.364342956672441,12.363341657521234,12.38225381269722,12.384234449338333,12.439581871032715,12.403092376453852
46,12.750800517574937,12.751249276176273,12.751776907838652,12.778263841912844,12.612061841791098,12.68026065826416,12.70339680791009
47,11.814505353390022,11.819342674291125,11.818052438761539,11.81888496302134,11.784236002536344,11.761438369750977,11.76780045827776
48,11.992272726801675,11.98793741113534,11.988860130585982,11.984029219294754,11.945133082103805,11.929862022399902,11.896641411942099
49,12.009909458136342,12.012377640338464,12.01188610374518,11.907835080970615,12.034818291196334,12.030898094177246,12.052622589452323
50,12.144284518402706,12.15310758941691,12.15314976491595,12.069892181783784,12.136366966788863,12.154634475708008,12.186953092733452
51,12.933315127397437,12.924148835165493,12.924595036684153,12.943319645836201,12.980215526674632,12.967950820922852,12.905196620094662
52,12.366450581371176,12.357385921738224,12.359155752913114,12.378951664772984,12.28810853642246,12.337736129760742,12.312212094309862
53,11.512154638634557,11.499654354865802,11.499820517592019,11.568654787934888,11.62380159454678,11.595902442932129,11.590697255283008
54,12.015371442412038,11.998580609857889,11.99826494641243,12.100963881794602,12.066042731358037,12.063030242919922,12.066524970197909
55,12.132313644152314,12.147472661307688,12.146007761081032,12.067910086331247,12.11146800176138,12.165431022644043,12.172431135116014
56,12.23322402557889,12.233632859555923,12.233238338275155,12.064509002299772,12.186275359463993,12.205437660217285,12.196776726495555
57,12.25670362241093,12.252486126912782,12.253203892768754,12.261544460101279,12.256076244492494,12.24008846282959,12.260843861397484
58,12.504814023260675,12.505065151245057,12.505065151245057,12.475873983492361,12.520273738577606,12.500140190124512,12.541435621707503
59,12.1318690160801,12.145432178159178,12.14484304160581,12.347880667884214,12.176317244153093,12.183125495910645,12.16775662958697
60,12.164847478152712,12.164545834463924,12.16588321767536,12.171519452489283,12.24299695859417,12.266427040100098,12.239757783264004
61,12.088223922106176,12.097032333027059,12.095851549202708,12.04904069698043,11.971729201927122,12.043042182922363,12.033199060728789
62,11.633393807505929,11.65692760715379,11.654094137117431,11.67784904737358,11.665448396577231,11.661975860595703,11.655785350800663
63,12.796074003794052,12.789210571049178,12.789210571049178,12.780316861159989,12.862948740935737,12.888287544250488,12.920439918223101
64,11.961714907774144,11.960257372198747,11.960636535383541,12.002025345488217,12.032040472471985,12.01517105102539,12.012034602743288
65,12.285919228386899,12.298169470434198,12.297268886056372,12.155366851522968,12.338141188536568,12.268462181091309,12.290322163231686
66,12.017144779915244,12.01828533193596,12.017512209728876,12.064817475231381,12.061058248159343,12.028700828552246,11.983368873154365
67,12.777431126783855,12.777990585258546,12.77772375693482,12.41108410160848,12.775628891164196,12.736388206481934,12.750320431627015
68,11.91964672232665,11.923127445380386,11.922448188003235,11.93493887700817,11.975003935015872,11.974248886108398,12.019973361699819
69,12.074319152172725,12.088621117877235,12.087529548951075,12.09494299952187,12.111676184807529,12.086392402648926,12.066984804600123
70,12.206508608935343,12.18727350402913,12.1889220126462,12.155244242626884,12.212322696539415,12.194661140441895,12.204532997238317
71,12.852226354525287,12.838977139329158,12.839841310716636,12.855316124834065,12.89314226546894,12.875557899475098,12.826829726835728
72,12.26680628046896,12.272640075495605,12.272285044800451,12.249392744662071,12.254881466544525,12.242036819458008,12.224932208852879
73,12.459428716644128,12.448551629190224,12.450321724675469,12.14391701637982,12.526532565515488,12.500529289245605,12.552607072306687
74,12.572437469176664,12.55160202165005,12.55415767351394,12.112284146226385,12.584347006782103,12.489505767822266,12.537827293657106
75,12.382597572078641,12.386539101067775,12.385685038799558,12.384962691057323,12.39342418665071,12.430472373962402,12.413720816627867
76,11.888568179978156,11.914732332854758,11.9135687112084,11.90617187380068,11.922116126972488,11.885260581970215,11.801995337407181
77,11.756959739418225,11.752084284453336,11.752059761078392,11.753985982607986,11.715655361325114,11.732793807983398,11.70059848319129
78,12.330018174100992,12.336455008392113,12.336455008392113,12.307300238829505,12.337560674035572,12.337658882141113,12.334022739683904
79,11.945592285497973,11.970193681505446,11.969060942193671,11.987705370159704,11.91645046783367,11.925503730773926,11.957065131962244
80,12.020883883010647,12.017811358318761,12.017811358318761,11.965024049699293,11.999468678940561,12.02987289428711,12.10045544358193
81,12.660615183353713,12.644624583642955,12.646488652904406,12.679258176752151,12.675523024132605,12.652535438537598,12.646315958414226
82,12.324237645816464,12.336425524373585,12.335307765329242,12.327022095479673,12.349462644617931,12.366761207580566,12.35829108839537
83,12.210175189348789,12.2319447100241,12.2319447100241,12.244262201432349,12.336820751505899,12.33083438873291,12.370482585431334
84,12.006910937659786,12.018497714206177,12.014846293006,12.195019145384668,12.00705811055646,12.099960327148438,12.049114676826417
85,12.260847233879694,12.24829350728485,12.24829350728485,12.246773224744105,12.203967930966407,12.208539009094238,12.217309821769817
86,11.619081427940193,11.618518522026415,11.620242075695385,11.623675551770557,11.489847617193238,11.52967357635498,11.509507087985302
87,12.279182025584648,12.275761330246143,12.275908037543957,12.258098102363725,12.281465048558383,12.313729286193848,12.321018665635217
88,11.71418973791197,11.716578277937716,11.717516901588453,11.694846054862817,11.729123086922614,11.7857027053833,11.72955462055241
89,11.79442730107986,11.76454863446764,11.769555247353363,11.937214534545404,11.839850345331206,11.836440086364746,11.799262193763113
90,11.908097081776997,11.906586772418505,11.906861320087344,12.024344886816738,11.94051272860919,11.940302848815918,11.94943194819145
91,12.43351850420282,12.434117509270749,12.434117509270749,12.429176117359821,12.466259901768021,12.539443016052246,12.495032824731556
92,12.144872335171398,12.152748532484038,12.153143119207604,12.14050449236755,12.082577749675778,12.10376262664795,12.13124776439555
93,12.46816692646315,12.459562001401494,12.460909599545593,12.3807031875633,12.451009776586714,12.3420991897583,12.373704878316893
94,12.43324698109264,12.441455090050571,12.442443025989336,12.45068160186275,12.616294078648448,12.499027252197266,12.584321063530794
95,12.317041786064548,12.318612280834095,12.318612280834095,12.325280148486971,12.299227765979728,12.323732376098633,12.282008162205797
96,12.168154410240097,12.160002481399468,12.161059878346931,12.170966658750466,12.143225775368402,12.116853713989258,12.123580098250967
97,12.485763366272439,12.475616494582265,12.476859383825047,12.421324952450465,12.424309682466184,12.433050155639648,12.420470845485587
98,12.712263543271039,12.692912159131705,12.69456312966523,12.789849099481216,12.583201670814644,12.511375427246094,12.548276338261186
99,12.295716685231755,12.296062682302432,12.296377809016168,12.314220922342793,12.288539125084688,12.284355163574219,12.298827420793963
100,12.624963633965523,12.631274491554697,12.630833190294476,12.62369431648969,12.567796536558905,12.554496765136719,12.523365493641585
101,11.922996506501095,11.906957500710107,11.908083538922618,12.418976319608866,12.03223170044972,12.012332916259766,12.03731911892725
102,12.1905503358866,12.193698405852558,12.193134947480758,12.160185183333105,12.20083408577156,12.158681869506836,12.157694253570705
103,11.915353323559899,11.9054748038704,11.905854153996026,11.87361902661829,11.883930727159344,11.868446350097656,11.818087408598565
104,12.038905709702433,12.048315379780217,12.047975056260285,12.055553875393931,12.032181874738734,12.043354034423828,12.030271627676639
105,12.439925373812544,12.43876749138716,12.43876749138716,12.496807748428834,12.379278258754518,12.26401138305664,12.263551274054485
106,12.208427062153294,12.180993270101792,12.185157981881357,11.97709327934701,12.19796294789374,12.160923957824707,12.179691131057503
107,12.408215879394264,12.399916340680909,12.400698761121424,12.430663060636265,12.43513288882661,12.42927074432373,12.454128856791357
108,11.778455134301808,11.787536309686837,11.787448200533124,11.763319306907418,11.811624981956035,11.73824405670166,11.785741392663434
109,11.867836879848701,11.861832666143368,11.862137940798918,11.891280612145616,11.885968949201015,11.865189552307129,11.886291577999978
110,12.344638279257728,12.34565123353634,12.345937968245764,12.40357921827964,12.331669758197627,12.329297065734863,12.324189835756387
111,12.804894191319683,12.799410373254096,12.800327303339571,12.822279134827738,12.930713858355718,12.893106460571289,12.894556986659614
112,13.023731210123655,13.022239641284099,13.023386778336787,13.04807491723694,13.119462035953365,13.07976245880127,13.107197945702902
113,12.30624515194539,12.303099390546336,12.303381302214577,12.397391748936013,12.276400734008538,12.2645263671875,12.258002254836553
114,12.394064978009565,12.398338717819646,12.398214993879115,12.411134054311082,12.459699730181525,12.40573787689209,12.412092507434068
115,12.080505272851541,12.09505341835141,12.091913639103872,12.112284144938013,12.04566794174883,12.092374801635742,12.120122239450325
116,11.695336426039775,11.68572776733918,11.687989459302884,11.66872562090844,11.647958925246277,11.64464282989502,11.676402245276243
117,12.111610490983072,12.104030938628998,12.10466498268097,12.106272100212397,12.021920748057784,12.042289733886719,12.050609408636124
118,12.591497659161623,12.574103439921284,12.577600008007279,12.132064385731844,12.454131235436074,12.420516014099121,12.479307136213517
119,11.523388721894435,11.516939611426459,11.516939611426459,11.400698303783042,11.39918157642432,11.38862419128418,11.39348065435214
120,12.487075966746126,12.487208250627262,12.487877200065872,12.506284870882265,12.490736061534065,12.462258338928223,12.456170347333803
121,12.54174932799391,12.534838738947919,12.536923433282904,12.474773533866024,12.38808584963643,12.426985740661621,12.46533659509503
122,11.488808304168929,11.511641135399794,11.50571616606084,11.611674360283253,11.577068635512376,11.566608428955078,11.611195860167213
123,12.271459416322191,12.26217783072312,12.262518904772447,12.281424216645625,12.253405706726399,12.245383262634277,12.243622629290897
124,11.630646030834292,11.5955893349478,11.600005868851673,11.03288403451375,11.654020025126757,11.67477035522461,11.711282429737325
125,11.786731362561177,11.785484352890354,11.784305228038427,11.842340278370926,11.890426568061732,11.91938304901123,11.780898055819838
126,12.913692710378118,12.908424056595827,12.908424056595827,13.122978031130927,13.075144664064277,12.975689888000488,12.955757900426478
127,11.780385684917368,11.776437819751603,11.776846187672758,11.811809315465851,11.7624335990152,11.731796264648438,11.736256836386488
128,12.324415626786367,12.318807362728522,12.319073357138008,12.344912199657994,12.348878138250697,12.331729888916016,12.363005541994415
129,12.365918078111115,12.34188280014358,12.344681560134893,12.34670627438662,12.298822079045156,12.344557762145996,12.35213679147563
130,12.337869360734382,12.376812197138301,12.374470614760886,12.38311380352731,12.377627857341508,12.378575325012207,12.384870103112341
131,11.9657066320003,11.965969742906154,11.965567806430617,11.964110017326917,11.978765530670547,11.993865013122559,12.007574441035093
132,11.828288837446356,11.82817401627035,11.827864677388254,11.804000350095386,11.833902193590777,11.778214454650879,11.75906544079698
133,12.752429801149438,12.747651398428161,12.748640381302193,12.759604602082913,12.750431507190399,12.729995727539062,12.705423980771366
134,12.266650558740395,12.264766116709847,12.264766116709847,12.271093028083092,12.266911217329778,12.248781204223633,12.250875287084593
135,11.958571378395328,11.96790283443821,11.967612370566268,12.02724629029357,12.05262095456067,12.038159370422363,12.01839299249996
136,12.203390165312243,12.206817788710012,12.206893876128452,12.660863792682074,12.06948809569054,12.087538719177246,12.042536629230028
137,11.50704311938706,11.521734828042819,11.520245020916118,11.671301306355671,11.489934331940164,11.551207542419434,11.56923851047302
138,12.077555403833273,12.089757574659536,12.08873866309061,12.039976551335858,12.078085104522941,12.05280590057373,12.052732053602208
139,12.174961694003267,12.174400446876914,12.174712415094698,12.123137198644175,12.101334674966747,12.097501754760742,12.109318811320192
140,11.917768368412075,11.910337493637291,11.910425323052182,12.112834877159509,12.004067563366105,11.969902038574219,11.963455201160523
141,12.441091531858497,12.43298405536357,12.434520297181562,12.135092225521227,12.421164037151664,12.409658432006836,12.394105626984391
142,11.537291167270498,11.539562848374693,11.539522048243843,11.485473490932996,11.424038427532507,11.440807342529297,11.484607495617345
143,13.118224891422399,13.122570794500437,13.122570794500437,13.151421322062275,13.121860430936943,13.125380516052246,13.101737998378685
144,11.77972289392968,11.766352199918874,11.768390273607396,11.864464463455752,11.76781278436651,11.789880752563477,11.724433707843614
145,12.181937136638549,12.184540232544476,12.184540232544476,12.089576882222653,12.206681711218781,12.20469856262207,12.176742740750667
146,12.428632992039585,12.433743537700161,12.433743537700161,11.911457498440777,12.446189229086212,12.377097129821777,12.374902151258388
147,11.53563196374986,11.499368419899316,11.498853651588504,11.515416218649978,11.493684785546192,11.44769287109375,11.54257199715838
148,12.504744851619082,12.521239343075635,12.520908480544502,12.376382189470476,12.514737397375928,12.473506927490234,12.487217492456987
149,12.510552629237795,12.505428289752277,12.505428289752277,12.509783742197875,12.471511673765256,12.532963752746582,12.505469720132472
150,12.249298074935135,12.247064302329346,12.247274131655379,12.228454577562635,12.25261141970946,12.234378814697266,12.243344423847605
151,11.801491397333667,11.80059317103373,11.800634285207112,11.929698567603472,11.914144898299083,11.875435829162598,11.892110521614235
152,12.087864118755467,12.07864134203531,12.078441561865375,12.074723629347181,12.081386696971057,12.094700813293457,12.128705168622796
153,12.492181508636781,12.496063945206675,12.495778700838416,12.496694516445404,12.518242268676154,12.539484024047852,12.559720465905729
154,11.861078964444225,11.8659969515125,11.866235525503042,11.880724098860991,11.789303848031082,11.866686820983887,11.782155213868169
155,12.864471232399806,12.855257547448389,12.856743966445382,12.839479376272271,12.878950144657619,12.93877124786377,12.919661586528536
156,12.004512723398285,12.01254564190085,12.010893914198723,11.999557821752525,12.026761201039356,12.014632225036621,12.044163702841532
157,12.697695726249698,12.702316827550893,12.703154316020665,12.644921110101993,12.679597256140879,12.753540992736816,12.741086999527369
158,12.582523111273042,12.581326566379605,12.581381947158702,12.557654272768682,12.619503725865735,12.600065231323242,12.63084016319913
159,12.68530667609076,12.6735075035736,12.674535205573862,12.700339357401953,12.591642996261307,12.590826988220215,12.636270562253138
160,12.39582098331978,12.394998588891708,12.394777793688917,12.419392148311045,12.360688483747012,12.314371109008789,12.32808793601305
161,11.670477185765671,11.646957006888448,11.647487757295421,11.621799919330437,11.69449007591204,11.666003227233887,11.58264252045911
162,12.757636635824854,12.761054320207217,12.76251374188832,12.759009052690535,12.737164232550187,12.728902816772461,12.702739927098204
163,11.690287074987742,11.68445683064081,11.683903831021537,11.716724913787187,11.648769559897646,11.669792175292969,11.65389089408555
164,12.598820924416872,12.59843608895338,12.598126084322352,12.569718209818937,12.591423447701759,12.616499900817871,12.624869029963513
165,11.97225028873729,11.977721589563965,11.977468804475164,11.979216316131904,12.027779008762712,12.054530143737793,12.106221236409128
166,11.499536532758649,11.487646624335595,11.487824973707953,11.889044886357945,11.49082857761074,11.513971328735352,11.560580636469638
167,12.345410100551803,12.345353758828793,12.345537192496588,12.321814261058842,12.333087614404937,12.31635856628418,12.307294934564313
168,11.871228094087963,11.8542618424939,11.856482101080198,12.262435330269174,11.796472799666013,11.823820114135742,11.831058582239379
169,12.017501872298292,12.028835556145939,12.027733082338415,12.105237815153247,11.945849937599437,11.970398902893066,11.98392075960105
170,12.20894338083135,12.204128909399936,12.204196695106655,12.267058449488365,12.183682450216146,12.194482803344727,12.240155143886325
171,11.661154405774466,11.656697188217473,11.656295198643518,11.932523454704949,11.581874625500252,11.59400749206543,11.594820738523582
172,13.037625816863038,13.03342970245247,13.03368008210524,13.01040111687985,13.00414105028888,13.042655944824219,13.036999710787935
173,12.361411514284645,12.37158652004108,12.37158652004108,12.143936332810842,12.49358753687954,12.469267845153809,12.5087790390446
174,11.948471280368269,11.973549101686904,11.97316169236213,11.901070172844241,11.923380406439202,11.964449882507324,11.96013024321713
175,12.56863729292451,12.572786333004993,12.5722836464959,12.727374472570098,12.575055547271996,12.552446365356445,12.524637578609765
176,12.609705458802738,12.604891196705683,12.606234675526359,12.590965613034449,12.590992435552918,12.608790397644043,12.580121526891588
177,11.92351850027408,11.934067351064934,11.932697411249203,12.129823116477967,11.906099374232562,11.950803756713867,11.92026896804856
178,12.415121767903846,12.410592106801877,12.410592106801877,12.408671379774646,12.336741505563953,12.368301391601562,12.35809593331374
179,11.696012960575803,11.7055526415265,11.70415990696074,11.595376545838038,11.680955224651415,11.692004203796387,11.69710158007313
180,12.197774736160572,12.192484419227101,12.191967054427213,12.242534148517707,12.195253414337198,12.211471557617188,12.173847638126517
181,12.824751493857228,12.824501505755698,12.825609521376952,12.67636243273866,12.76890447129697,12.822455406188965,12.779585146127348
182,12.65230340784959,12.638868027945579,12.641046081910229,12.606655464453599,12.58315195046402,12.635740280151367,12.662781321214739
183,12.335354856751888,12.3333155818722,12.331678640836149,12.305860360157299,12.310354272188585,12.381438255310059,12.440439350746175
184,11.935386909697261,11.94067899779715,11.93903536989941,11.94154881422173,11.893931950145506,11.919670104980469,11.826397459847042
185,11.896905031956113,11.889835382330617,11.88959974621467,11.921271031962744,11.978205772482037,12.021345138549805,11.994073332390109
186,12.174960104567564,12.160251717135894,12.161199330110213,12.176020640856573,12.091321890237952,12.112983703613281,12.089635064506947
187,12.204234193553603,12.192484290748181,12.19319874834254,12.066364407853062,12.312204133360272,12.215505599975586,12.151104011418598
188,12.624080434294118,12.62216314152952,12.622068487393058,12.616380162802043,12.656000135440065,12.663003921508789,12.632719397214176
189,12.206326934607697,12.199506009016373,12.199236963819981,12.043340105321692,12.150920345581225,12.130379676818848,12.155188769706522
190,12.59179918361583,12.58293028316141,12.583671965974226,12.626144170202476,12.61901523412149,12.565844535827637,12.572888780492251
191,12.111438328643994,12.12849172075062,12.127685042807798,12.092615056882805,12.020242531945481,12.086069107055664,12.091792816202707
192,11.662523193451696,11.656389584886504,11.657291826544435,11.569779194277661,11.701194278654203,11.67575454711914,11.62952087554925
193,11.92893276508534,11.931459957370398,11.93281709592127,11.830902104587814,11.875891153790795,11.908909797668457,11.897785999744881
194,11.710001621162096,11.703735602343526,11.702472023318384,11.664949689003425,11.724570632677016,11.67222785949707,11.670888949449017
195,12.583960257343614,12.576270101259292,12.577596368425814,12.56647085390656,12.57752906465245,12.535859107971191,12.499408544789313
196,11.805609263738324,11.80536922964285,11.805344515862215,11.997590663983306,11.836403625257521,11.828714370727539,11.80414495145562
197,12.502570355148364,12.484047679551114,12.484893989682583,12.477254702770761,12.49979695824395,12.432814598083496,12.445178681197834
198,11.736026114997197,11.744506323748002,11.744135371473268,11.755190258234196,11.77693767451153,11.733762741088867,11.747641191663865
199,13.13505600229109,13.122589782462777,13.124568350030177,13.155117418355326,13.138398265035404,13.141695976257324,13.084203686383404
200,12.104929393578892,12.100155014565923,12.100014301912326,12.190343783389892,12.267646368590603,12.226886749267578,12.205502605697173
201,12.051367437847817,12.078470522859051,12.077601533478747,12.111230297435853,12.07699719912383,12.091864585876465,12.13982334023934
202,12.090231329975833,12.097742592114633,12.095677124730887,12.153187514630027,12.141311732453307,12.134417533874512,12.0899088627658
203,11.579359363126697,11.535116033953535,11.537140742109315,11.431708735656677,11.416916824889034,11.418322563171387,11.437294382072972
204,12.893417445556159,12.896836725176586,12.897667993482386,13.023837768155428,12.780531408394115,12.788820266723633,12.851195422969157
205,12.795969819966885,12.779094440395639,12.780034130565529,12.880531401356299,12.831385725974794,12.832223892211914,12.829823769408804
206,12.982120793085594,12.980319126899396,12.980261054853127,12.969648199344618,12.969096676706085,13.027910232543945,13.058671849945341
207,12.1518658926542,12.152367944513095,12.152094767964961,12.104012547344746,12.107106358371091,12.140189170837402,12.150029112929893
208,12.520485775606886,12.50064010173611,12.502143677893326,12.717845755637711,12.536094223830235,12.464245796203613,12.45846143763983
209,11.616955708629304,11.593790384681904,11.59494657560455,12.104088066758122,11.622313858684443,11.659560203552246,11.549913716569698
210,12.460653745402961,12.459689006544806,12.459512341595067,12.488665567949802,12.624041612565755,12.573272705078125,12.65586273123526
211,12.145588360778365,12.147367000665652,12.146654350194067,12.27217752719753,12.070606593862728,12.100555419921875,12.09728154977483
212,12.676817172564682,12.67525538263288,12.676012800759281,12.674696384427778,12.723984020440518,12.699541091918945,12.732969392524325
213,11.89962787989122,11.895514608308883,11.895514608308883,11.888171719545081,11.91707638367908,11.886246681213379,11.915572320756239
214,11.593691263448832,11.605571556181726,11.604853016572513,11.542997180227726,11.670107692373575,11.66675853729248,11.720003848516576
215,11.8114162048637,11.801921311521733,11.803109906689073,11.746579227517033,11.89118600428115,11.869600296020508,11.840948218296678
216,11.87786090616538,11.875073940855131,11.874690316321661,12.018648934185421,11.891024976025308,11.94260025024414,11.912904113310896
217,11.801617565872519,11.808353182194237,11.807206766275327,11.79309021193235,11.8679868731894,11.845416069030762,11.783743099082674
218,11.794663091676531,11.789627689089004,11.789355890871022,11.824897787827766,11.846000531154179,11.862471580505371,11.848140081249435
219,12.49119744336625,12.49213214814205,12.49171625639097,12.474147143350327,12.530442367224818,12.508810043334961,12.49247659777276
220,11.981241096196754,11.99267361961507,11.9922361595397,12.013572567291583,11.930877724527742,11.923227310180664,11.934204102495759
221,12.750045908588172,12.739946719248112,12.740890606060677,12.4974990046725,12.813947537870572,12.809183120727539,12.814478474671878
222,12.070580355313156,12.079398774531004,12.078157882455557,12.06819072437537,12.048019325748829,12.094745635986328,12.098768105739454
223,12.240804421914302,12.239247203705157,12.239110993342145,12.272226631463568,12.249837569274456,12.27770709991455,12.256386198319587
224,12.170947234611427,12.177133232831608,12.177133232831608,12.198629345062665,12.12417517110646,12.106817245483398,12.132273545522475
225,12.580242992109929,12.584521534565775,12.584998596926386,12.556711460411929,12.539112181406729,12.601263999938965,12.54513541018347
226,12.901904287970037,12.910233166062715,12.911636887220174,12.933959852940912,12.91887370613409,12.899999618530273,12.912285515420484
227,12.71628063009465,12.716182193866631,12.716182193866631,12.671174421343665,12.76229021976506,12.798933029174805,12.749907792727923
228,13.352481391670214,13.345865987847084,13.3465754497559,13.341776542402068,13.191237346143494,13.168930053710938,13.166644472270848
229,12.247020660836379,12.245512529445243,12.245512529445243,12.297955007469408,12.26451501355437,12.229220390319824,12.296108263404546
230,11.983505462438805,11.973936291523795,11.974505429682802,12.241561209634993,12.033519329319155,11.952352523803711,12.01996664451202
231,12.079965018130741,12.090449052379732,12.087199329005072,12.056583144906556,12.125868672283707,12.083765029907227,12.089814595613051
232,12.325876401756654,12.319086019079688,12.31847016458858,12.32949890515008,12.321024017896448,12.318965911865234,12.337423880988046
233,12.265400118447705,12.263144283323044,12.263350776725924,12.26599077055711,12.272707417651986,12.292941093444824,12.272418808123923
234,11.96627637858302,11.977405323574779,11.975719607632906,12.062977075334835,12.013097557501894,12.023669242858887,12.011740913429021
235,11.837239145614513,11.860128087955822,11.858652427775459,11.841925688705066,11.751577800145617,11.783502578735352,11.703623274756769
236,12.2463449209306,12.24336984126284,12.245144714970335,12.022642228447603,12.237974646190997,12.25140380859375,12.237697340816384
237,12.228165976847764,12.212890028149527,12.214686595906937,12.215503258078344,12.231358362751903,12.214437484741211,12.217694483550156
238,12.770010665199726,12.777836326964197,12.779779075539897,12.74277195118499,12.719376590136006,12.753271102905273,12.799799615973068
239,12.385642880482163,12.380704507829645,12.380704507829645,12.37603623323989,12.344569970974133,12.377605438232422,12.345983838564985
240,11.914129886268425,11.927411863929347,11.926219916959505,11.912831636511392,11.95490893131999,11.937666893005371,11.943401322323078
241,11.959859133859961,11.9509209743825,11.951513399216855,12.127155754826006,11.93274914607405,11.893200874328613,11.86140052879819
242,12.12153619034223,12.111978258677976,12.11133803454322,12.201818990855834,12.076313636456101,12.102616310119629,12.084898251957977
243,12.460594840062395,12.472118127644057,12.471929576869595,12.451207381880488,12.444545149759199,12.471620559692383,12.479216071135491
244,12.653877335461988,12.644198543823665,12.645735686031014,12.649759508004422,12.70549475094288,12.699186325073242,12.685641402979645
245,12.9900094255418,12.988875038726265,12.989438518743622,13.033140828105912,13.061036943424272,13.028534889221191,13.011965684999922
246,11.893981270954786,11.891763520352958,11.893168403190593,11.878920199120476,11.92213096523375,11.905813217163086,11.884096050069381
247,12.272522963850953,12.230539411565763,12.233198193110379,12.219279103338089,12.292006263141344,12.322142601013184,12.26368150436475
248,12.180636717909643,12.162908319554695,12.16568212057568,12.132577839498227,12.12372475694306,12.121610641479492,12.15893505866306
249,12.279229252915275,12.275417709268249,12.275219213077156,11.955632981888163,12.279646803893266,12.265985488891602,12.260157833650522
250,12.912742537841908,12.917539362533219,12.918205954178775,12.915990348207492,12.839671158109015,12.83542251586914,12.852221855748951
251,12.841585308657336,12.838314941159979,12.838314941159979,12.824268102684428,12.814078069830188,12.853187561035156,12.824670475897237
252,12.32712206133204,12.328621587521445,12.328012205340286,12.407385130770841,12.281594636112542,12.264774322509766,12.266252457240972
253,13.119343808581693,13.112820611343961,13.11401626856128,13.099878889252782,13.153107429282677,13.109539031982422,13.034062782210713
254,12.05787243512277,12.054604657300409,12.054716372971937,12.068298606469472,12.053749316043232,12.096319198608398,12.08629243815357
255,12.122153393723439,12.125788699417187,12.125267438615813,12.153070648719014,12.165049924066052,12.154194831848145,12.137659967585366
256,12.336000944375309,12.335512325519755,12.335512325519755,12.359424762915467,12.370860303682342,12.409534454345703,12.383527511615773
257,11.796556476912706,11.820552637582464,11.81955658343974,11.818521145695808,11.998867558461294,11.899096488952637,11.93153224771532
258,12.514902568591934,12.513369422756044,12.513574762396152,12.482630165894077,12.570633194979587,12.614107131958008,12.581270238514474
259,12.370276824277957,12.375071707454705,12.375071707454705,12.36938462044495,12.417987262358498,12.375869750976562,12.394700464080145
260,12.192676092246534,12.200241660244364,12.200568163972159,12.229704312078113,12.235992247301384,12.225741386413574,12.231709971579784
261,11.963524302535701,11.966242764689111,11.965753713997621,11.950410693731301,12.018060975726945,12.05410385131836,11.933696315453279
262,12.306596920973957,12.307137876717636,12.30692014724987,12.310426851926996,12.316208377008085,12.318982124328613,12.308423668501215
263,11.777746470724233,11.769770250840743,11.769019589795313,12.140377258042697,11.851988364838355,11.87336254119873,11.8597567999065
264,12.463684256076576,12.448181787769771,12.44906757353659,12.47553945813008,12.476246263686795,12.465201377868652,12.461599577013594
265,12.066257009439724,12.072028597803818,12.071964508358985,12.086254558523242,12.214646309000043,12.181941986083984,12.19826239155431
266,12.0526523740726,12.041827841632083,12.042716847685082,12.071259224821935,12.09139356154355,12.083544731140137,12.07801548633473
267,12.594666502223635,12.594452774331977,12.594392038946133,12.58403349986768,12.534679185436453,12.549160957336426,12.618029436287154
268,12.134732234271112,12.144156704311388,12.143241027320135,12.146814026384298,12.152490880365129,12.162408828735352,12.146442480808535
269,11.841963432179105,11.879853716281836,11.875392740644598,11.870015684119714,11.839727063685324,11.94153881072998,11.886691278309947
270,11.951533779313849,11.932595612450484,11.936172005129208,12.1004724711641,11.849232749230364,11.825103759765625,11.78264929586444
271,13.005286896001289,13.003343429658008,13.004394760025301,12.995988268907233,12.98323094741213,13.077905654907227,13.03485123263049
272,11.791965049439773,11.791074284526804,11.791931981648112,11.827061475581596,11.756708245625765,11.716997146606445,11.6730002061908
273,11.473967447094832,11.469506147331805,11.467781749906912,11.441866732106302,11.438833446179705,11.419508934020996,11.497702938978763
274,12.47418448763422,12.465308633934118,12.466411232391232,12.212685288559523,12.364576206529929,12.425161361694336,12.414597345533563
275,12.11454682591193,12.118068617566248,12.116144984871678,12.04347742749774,12.05287343020344,12.067015647888184,12.067550907501678
276,11.846616596386818,11.848074971927026,11.847880739357729,11.841488247621204,11.755925096400182,11.775187492370605,11.755920315172581
277,11.890244079408026,11.882411938311034,11.884148344090455,11.923260994898634,11.925086621688175,11.903249740600586,11.884925294592586
278,12.6407061762592,12.66922328289322,12.666151593124663,12.703575298894275,12.615066708521217,12.628902435302734,12.642906773741474
279,11.606563283811873,11.604786004941293,11.605315938909744,11.616246030802548,11.513099083856277,11.559928894042969,11.524063017655537
280,12.271893647798588,12.269668535528437,12.270569188976081,12.273871623378263,12.247204860866503,12.209388732910156,12.199952668940533
281,11.821600130329543,11.836636329539632,11.835788145249156,11.681445387877574,11.848591317497082,11.8087739944458,11.800839718149536
282,11.714705956477506,11.704804162565352,11.704804162565352,12.081996440182474,11.917038180828328,11.817522048950195,11.776542930118142
283,12.508826540725227,12.512918873881594,12.51389740195017,12.480937972289507,12.558358249085487,12.535794258117676,12.542475741050552
284,12.448963377626946,12.45668904210601,12.456249954134579,12.424092930983624,12.46472628641299,12.428549766540527,12.425971907850064
285,12.189584778808026,12.186010295182848,12.186311138198022,12.229323667266211,12.213276772045747,12.221566200256348,12.222038045233376
286,12.07065981233622,12.074892261169015,12.074962565495582,12.153135236300184,12.157580710654312,12.129368782043457,12.131742042620091
287,12.694315292225014,12.700025298394232,12.700146037334296,12.734986132335436,12.642022636545622,12.735448837280273,12.760639844122307
288,12.007169879346906,12.018590361578912,12.017013609312883,12.202398720341119,12.065824535840926,12.054438591003418,12.049102737901137
289,11.711567922386589,11.720744140116757,11.719797652112728,11.701964417803392,11.723390364937071,11.695329666137695,11.689315420343197
290,12.278341027876005,12.277637569269165,12.277298106050797,11.99855889035593,12.230959133912764,12.258322715759277,12.23300697669622
291,11.955120959961864,11.953011410336314,11.95393629655117,11.96046371698528,11.995955960300849,12.014947891235352,12.029393865845899
292,12.016557327832391,12.01235859513811,12.01242170645443,12.037434584602575,12.045677150192871,12.075946807861328,12.063383797709475
293,11.843157284932232,11.85069115638379,11.849408259510652,11.90221001208503,11.851529265707486,11.877989768981934,11.81929550716366
294,11.831503692127113,11.825572173254676,11.825983485017423,11.965791152073644,11.825546963595366,11.87771224975586,11.832591748947388
295,13.059112890192118,13.05057233444702,13.05194285504811,12.273832164508475,13.168895822092777,13.087894439697266,13.110979360020913
296,11.890017499556466,11.879112055769426,11.87876489795726,11.949198872876151,11.963866250838738,11.926426887512207,11.953732592555895
297,12.240873107123978,12.265544238328305,12.261918975524924,12.142215945701103,12.18061243853799,12.237775802612305,12.261651921976979
298,12.32395442822,12.32052295391959,12.320477067649474,12.333892969585591,12.322264078783576,12.302163124084473,12.325256859443401
299,11.954335291189587,11.960595371506441,11.959643619779229,11.962274706782345,11.9754504042717,12.010619163513184,11.96418652611199
300,12.04698661690651,12.046633928658613,12.046534245533943,12.065051691188339,11.993680142130556,12.012214660644531,12.016612984088216
301,12.325340543250364,12.31524792559973,12.315938757564599,12.188049330996384,12.189549660964238,12.229302406311035,12.21641883141652
302,12.183910142665775,12.164333114940053,12.17022296966815,12.065978081235077,12.189681447694017,12.218738555908203,12.242222844426008
303,12.744746489185006,12.719727040698661,12.723139702930661,12.270009445314567,12.795510847286689,12.76715087890625,12.743879568175776
304,12.26163662686548,12.269257623526995,12.268640048817215,12.258542943910218,12.309926054431505,12.273931503295898,12.24941676217733
305,12.037256129365396,12.031222320825588,12.032225135585447,12.158270338895525,11.958963488141373,11.991087913513184,11.993319948851463
306,11.894566854374169,11.904364428334105,11.903800961975163,11.922346061177953,11.924195094772578,11.904135704040527,11.934083206520512
307,12.229872737923088,12.225881349606713,12.225471104147562,12.196427342362911,12.21261846887196,12.222057342529297,12.234506725994857
308,12.13195679206318,12.124624561299882,12.125140173772914,12.13208021802421,12.130936475551605,12.139422416687012,12.097904681893574
309,11.970404706402075,11.978294816316588,11.977565649293032,12.002992880248463,12.017136946347621,12.009892463684082,12.000433501566217
310,12.034678494932656,12.066569706608341,12.064131907494836,12.183544933154554,11.98978115728117,12.002927780151367,12.011019757962202
311,11.58026636129624,11.593775128526412,11.588777632886247,11.694978419617149,11.705465038092875,11.660540580749512,11.59508000560224
312,12.163305387897474,12.152835747993253,12.154869185165293,12.17747624139229,12.092979418406294,12.072586059570312,12.078679346721685
313,12.42316029172184,12.428749028442079,12.428919124228177,12.392586603718469,12.461788111807765,12.42446231842041,12.421310475839844
314,12.17921936519612,12.175359757978939,12.175431340361698,12.193497085080898,12.131739315233885,12.163850784301758,12.169026511299412
315,12.162081636835556,12.159326580517808,12.159734747992301,12.220944049501254,12.233081900494321,12.210886001586914,12.211879806383703
316,12.705993877086287,12.717703127258261,12.716725852108482,12.691187577165254,12.760762537205862,12.813016891479492,12.819884406604581
317,11.801331734372699,11.784805535302556,11.787479960028936,12.038326805709762,11.78229850700707,11.73498249053955,11.746980570413076
318,11.788769466023503,11.789807507660136,11.788045532713435,12.053033599352794,11.865735692531608,11.85873031616211,11.831110940588406
319,12.141560262506209,12.131765598610883,12.133900750549238,12.194330351351484,12.230741917519818,12.216217994689941,12.19838380900253
320,12.605795029196036,12.59911325840494,12.599636543276235,12.6483815888622,12.627372179607246,12.560068130493164,12.578918266459693
321,11.587215497144234,11.59505861008458,11.593625139499968,11.604024441875355,11.515103553276193,11.519721031188965,11.545009133273759
322,12.089081297143592,12.085688880845476,12.085650637696483,12.027427938617686,12.087668147766248,12.106013298034668,12.127960803243473
323,12.004662278522913,12.034704649751566,12.032330255700334,12.066983569514019,12.017253657845929,11.995471954345703,12.003390992302899
324,12.4504805094584,12.469434500941343,12.469048351284266,12.173331335220833,12.32579963270858,12.356965065002441,12.379067019978326
325,11.629499081489135,11.667316219889138,11.664969693885643,11.46874403609064,11.643954806992799,11.65804386138916,11.62517620026018
326,12.369202507588648,12.368838322530282,12.36935844155679,12.345076080437572,12.347093134844018,12.367473602294922,12.375791489755933
327,12.637530743780504,12.652937773203224,12.653185702131774,12.41720813614888,12.60940747021175,12.644488334655762,12.66211551483817
328,11.878343012364809,11.877571540163212,11.877277480925605,11.84924276325388,11.993130199610858,11.9879732131958,12.022016542529876
329,12.188549941190898,12.18633738894026,12.18601940965312,12.194859273180503,12.215710741440208,12.20639705657959,12.21553959156702
330,12.70828321398771,12.707042554540779,12.707042554540779,12.70316937477818,12.654859589959555,12.728387832641602,12.742781436091729
331,12.066230510773273,12.054342871844481,12.055453384948528,12.00712049782094,12.06307073597519,12.072248458862305,12.022312447021235
332,12.342662980652735,12.342550248347155,12.343396761943605,12.207533271170728,12.4621394776845,12.432130813598633,12.42353340692422
333,11.988179473348646,11.97088466865718,11.97282713666056,12.005534040494812,11.960896802217505,11.975332260131836,12.012185502992443
334,12.071002137186746,12.07653263178987,12.07616861298466,12.040524972716167,12.012181848775239,12.018309593200684,12.026733869049774
335,12.633947402168637,12.630453432819222,12.631144400619032,12.669122454939332,12.742827604801928,12.684253692626953,12.768234794609098
336,11.731046901575748,11.726306193729538,11.726069898589294,11.759957304731099,11.789427487579996,11.797348022460938,11.769983766001829
337,11.99074916709866,11.996991526115458,11.995555978868056,11.96318308832124,11.941650405082896,11.949841499328613,12.019244359643123
338,11.814241874272684,11.805337060681765,11.806606857209593,12.262469018397756,11.778450469271869,11.763028144836426,11.798695273133665
339,12.361321843505817,12.369192005817464,12.368318100570242,12.347577666085652,12.429768632494604,12.399415016174316,12.400873214225037
340,12.715692979827258,12.723597892405433,12.72265420930818,12.806541296959312,12.778571108922714,12.771881103515625,12.78590631273859
341,12.457379386165792,12.45885454464021,12.45822717673474,12.406499548368142,12.429445986830698,12.442707061767578,12.46167176700363
342,12.08881070846845,12.084910825693854,12.08448729817066,12.112284146226386,12.036439761923859,12.054601669311523,12.064707564467433
343,12.358916061973684,12.36279557379657,12.362532468481337,12.358116418952555,12.39172860738829,12.327062606811523,12.312268193985924
344,11.934899918829123,11.933449629184997,11.93316831179519,12.048301412220624,11.994777379170777,11.979605674743652,11.98303330117596
345,11.93786096935794,11.927525726577914,11.928785162623535,12.021135864327698,11.985932517110939,11.998414039611816,11.998140810744381
346,11.692401185352965,11.701803966904002,11.701741983714843,11.68294575409374,11.72048323256865,11.729034423828125,11.660953320239994
347,11.913312103684866,11.882284725187302,11.882492598835215,12.086699295129563,11.941214401917593,11.943467140197754,11.879296831601216
348,12.535520896676939,12.544268031820891,12.544268031820891,12.149196918717251,12.50270697580702,12.489320755004883,12.533953726288585
349,12.107710532272025,12.105903812451734,12.106158992333476,12.176698223596532,12.229392914782728,12.202942848205566,12.189391352682016
350,12.096998460835346,12.105949323746746,12.1036817732489,12.056419874419326,12.058833817552026,12.02530574798584,12.068849920156387
351,11.706117919947735,11.690060561368798,11.687131355439547,11.953738687325018,11.840330304754051,11.690717697143555,11.81586832203331
352,12.549866395560741,12.541863543933246,12.54251579677496,12.530041909880437,12.507647497306646,12.534015655517578,12.534328153284498
353,12.560336521478241,12.564024677993073,12.564172166756922,12.60235484585376,12.68197182371679,12.618363380432129,12.673511998002722
354,12.821591608218302,12.820707879920123,12.82176237629934,12.840130489162835,12.820422376140325,12.837052345275879,12.854939702737436
355,12.307822550599806,12.304955978481873,12.304656261530495,12.281632722822486,12.296540432733117,12.306913375854492,12.314827438112308
356,12.000995719256277,12.011487954135044,12.010558638645158,12.020319250298034,11.945079094485008,11.947790145874023,11.951602130814626
357,13.12475626484721,13.109668483395556,13.112585295163584,13.14604337491044,13.097799651605879,13.080911636352539,13.062937347862272
358,12.90521446814227,12.90411461422498,12.90411461422498,12.92243739549981,12.937048556760384,13.00939655303955,12.952737609642748
359,12.40026111848148,12.387587495162467,12.387052417104096,12.394129415997288,12.170113511986617,12.156000137329102,12.193536251794784
360,12.244869548144534,12.216194471469846,12.218344095639024,12.538087868916023,12.24010708175887,12.24000072479248,12.260230875671205
361,12.722420762189232,12.707888861674023,12.707888861674023,12.683980454957654,12.760224104713064,12.71664047241211,12.667798034451296
362,12.782185045682734,12.778050838007568,12.777693965412423,12.82094734628428,12.777374900837826,12.817315101623535,12.853817311719641
363,11.904225946694602,11.905456824511866,11.906239829659333,11.905487391587059,12.02409695955266,12.015745162963867,12.020256138773817
364,12.820795343809111,12.82034968432931,12.821543918384506,12.799648529299018,12.835508835437667,12.824691772460938,12.83833277018454
365,11.751385328339556,11.762520288088574,11.76172070836126,11.384718448842692,11.747358889142534,11.68877124786377,11.637399481153635
366,11.970282551652982,11.956108651539303,11.956422517413081,11.981612517069884,11.96894533173121,11.99460506439209,11.913138999124234
367,12.016339060656543,12.02164384968735,12.020586998536018,12.053209495290222,11.98283906377079,12.022992134094238,12.01298874873487
368,11.541019998678241,11.553254562559747,11.55079788020523,11.599762335962744,11.524680896707006,11.547675132751465,11.571298252857074
369,12.288722965409093,12.284900678221206,12.284345794702702,12.289247690650061,12.278850501367117,12.28209400177002,12.266653368822563
370,11.914748659883804,11.946007648511845,11.943597552317973,11.81326639907913,11.858818922358777,11.836583137512207,11.8603307673437
371,12.256265162333868,12.281037496589162,12.279418815281813,12.265680352357712,12.272166642529255,12.292487144470215,12.269877426065417
372,11.920918474306188,11.932792097807662,11.931864525038634,11.963522813730298,11.941224097607057,11.945046424865723,11.957924397543245
373,11.885399922410906,11.873552440449616,11.873552440449616,11.909220812719113,11.909192093690395,11.856258392333984,11.904394895829242
374,11.69257067538581,11.699999888361566,11.699999888361566,11.741711564279566,11.71303348244166,11.71606731414795,11.703536076581928
375,11.772900224711243,11.774734003421074,11.77421788866149,11.68599389499432,11.867252401853088,11.828328132629395,11.813728679599874
376,12.012311579241105,12.007859192193441,12.00933117622814,12.218579666334252,11.995186956143238,12.00873851776123,12.039206501888797
377,13.098327431207426,13.088537239215654,13.09083267169902,13.114061261075147,13.133274968671945,13.120098114013672,13.063598732927915
378,12.092548914567411,12.098091677304831,12.098969998054699,12.112045379513432,12.076084451657508,12.064396858215332,12.062913796054831
379,12.055973809892198,12.051250896089924,12.052567207015064,12.049863106309703,12.071407800437703,12.069233894348145,12.10000658062391
380,12.333154066122692,12.33445005891124,12.334467370363653,12.308191499713468,12.283989294928242,12.303496360778809,12.293306338220518
381,11.73447157794233,11.75673643070305,11.75456816673579,11.777169272670466,11.835408135172408,11.844513893127441,11.79123766963845
382,12.048770806711195,12.049034240085742,12.047663195344793,12.128464032123535,12.05956151574892,12.070146560668945,12.074907897951555
383,12.025951012560508,12.03764996394927,12.036877839686948,12.08503943985879,12.053706427101003,12.06591796875,12.025011862640003
384,12.581658323481124,12.578858635565858,12.578703114916776,12.56746580190995,12.567564313853314,12.565079689025879,12.547030935710431
385,12.134227206683123,12.129528705310658,12.129818363088376,12.198270188515695,12.152053538934593,12.19352912902832,12.166833425754993
386,11.997567864273467,12.016872197940394,12.015834347673914,12.041570042146667,11.999837581664202,11.985660552978516,11.975947473176166
387,12.432309875241518,12.430995119494407,12.430995119494407,12.393961830301901,12.417936202515477,12.442989349365234,12.459510119237294
388,11.613846095924902,11.616757162041159,11.615095655512242,11.579033270613392,11.579487475737166,11.525171279907227,11.567200310949836
389,11.985518309831894,11.994439249270895,11.994123628897881,12.022118245626869,12.047171676146887,12.071748733520508,12.060179860982453
390,12.021367761819869,12.026448417185115,12.026448417185115,12.073591863559276,12.081292583710384,12.080798149108887,12.081810251520714
391,12.188691615434413,12.189728633081968,12.189401917846181,12.163626341242091,12.182992214476059,12.204033851623535,12.180226474079225
392,12.260550147752049,12.25506729741208,12.25499744941162,12.266535670467366,12.231894174584564,12.23514175415039,12.234336919900462
393,12.094937450660291,12.100588027162377,12.100927995957761,12.094482620325733,12.050985408306156,12.096236228942871,12.061259723907478
394,12.924017337414163,12.916109732858903,12.917874979267495,12.896616131903322,12.897797227873228,12.914999961853027,12.915070787026922
395,12.374243659529093,12.373805651781684,12.3733671322196,12.375362630831749,12.35133410277798,12.371232032775879,12.383954512644129
396,12.867074609984286,12.867871718312117,12.86965538515235,12.867964277059848,12.873546755861481,12.938517570495605,12.974648030229867
397,12.064282044119665,12.076133815413122,12.074848815751428,12.04724284394537,12.023468300031082,12.026482582092285,12.029847260362562
398,12.156037831105685,12.15961119447237,12.159124390651849,12.174372996202802,12.177747290916576,12.169477462768555,12.188479775613619
399,12.34208813162182,12.339573295563055,12.339513937469713,12.323354509012013,12.367784138861092,12.310205459594727,12.302319448508847
400,11.925723308690058,11.933297326886986,11.932554345876232,11.926052724685595,11.878533921151117,11.934683799743652,11.83819942456593
401,12.10393367639694,12.103565220140085,12.103728677837367,12.112621536054313,12.096316788820225,12.09382438659668,12.044990718237708
402,12.638053498856927,12.626389111021956,12.62822147451512,12.616901003520148,12.56798618015107,12.620453834533691,12.561981465886529
403,12.874056438259219,12.87000816715555,12.870580056787114,12.855648171956506,12.861294573034952,12.894695281982422,12.891672752493808
404,12.07840686303924,12.042131719642597,12.042933585155831,12.128389758768874,12.085165376564586,12.062975883483887,12.08993147099738
405,12.0345446468425,12.034410755974633,12.034410755974633,12.286937860510008,12.0937376258537,12.053451538085938,12.057361393520212
406,11.9373614872962,11.953995093545116,11.953241552948429,11.943932663755449,11.921787049350023,11.92191219329834,11.933504710269709
407,12.507528798887101,12.506117106465728,12.506295682840552,12.507052750145904,12.50497542061578,12.540481567382812,12.519648148310948
408,12.618414033046287,12.621795602700608,12.621996857702731,12.596302779843448,12.614892062895585,12.583611488342285,12.57959910587421
409,12.362836563880258,12.36470678806905,12.36470678806905,12.355716229935357,12.347551085653288,12.326057434082031,12.350865520015596
410,12.309559160277441,12.308381753203815,12.308286574767974,12.322051604200837,12.277674213062895,12.291643142700195,12.300937812420162
411,12.640693833282844,12.63302367982405,12.634120738258504,12.627269081820367,12.636452393426637,12.605680465698242,12.589505564489386
412,11.99350878609485,12.013498247885218,12.011510426134992,11.955361438799294,11.883770515630145,11.975801467895508,11.933941575243558
413,13.07674621300123,13.078194569792606,13.077540821498443,12.940738525182965,13.156833069665266,13.12585163116455,13.102793044463409
414,11.73407287441167,11.743736198268785,11.741520287498487,11.64774065452809,11.729139741743708,11.745363235473633,11.686197997164168
415,12.226491254611627,12.230762051611055,12.230353863165911,12.232387524732939,12.239871159569047,12.256905555725098,12.287073433909487
416,11.972917211381903,11.971289196570039,11.971578997789777,11.997919650630262,11.999772925317348,12.02251148223877,12.059692577778911
417,12.800569455489933,12.807847910753413,12.808092233336657,12.791619349414164,12.86468802362773,12.830144882202148,12.851082043886997
418,11.974062649700597,11.97922760372307,11.980478582662583,11.96956653148831,11.97525214981859,11.9546480178833,11.973099969794543
419,12.304491933029686,12.307991096881095,12.307907905996323,12.322141476683175,12.386151943408404,12.364411354064941,12.34243131767272
420,11.943997981553268,11.929238181323253,11.930547764749555,11.79079886904963,11.935765634435551,11.904281616210938,11.915553824900915
421,11.684230225150955,11.68764289455231,11.687118060559957,11.673111925776805,11.751560446044623,11.706741333007812,11.67908417830114
422,12.315309914683754,12.312360200732034,12.3122597729725,12.293826206912904,12.274829574154186,12.289785385131836,12.267631004555723
423,12.110925767360921,12.109939776397107,12.109815208323408,12.099453487773852,12.180120580636148,12.138995170593262,12.129093122914576
424,12.890225007248944,12.891047879058723,12.892825511510233,12.793626981237017,12.534712991432118,12.463105201721191,12.415184549210393
425,12.27864002554057,12.270413159229893,12.271575832324968,12.317965679430836,12.281636192745239,12.310914039611816,12.337022124149934
426,12.103361278735191,12.10107737027054,12.102405527975625,12.0837231643963,11.94771027623592,11.947572708129883,11.895624235165048
427,12.367763035534631,12.358444525163158,12.35943300944425,12.327952997294634,12.328844824494366,12.33590316772461,12.310126637049413
428,11.887298645190084,11.898144242809067,11.897027181820368,11.97176702055847,11.972094820427808,11.974872589111328,11.986815924512218
429,12.639507424684496,12.628538849260455,12.63193351403032,12.528163514361196,12.697679675450214,12.603073120117188,12.658501476091669
430,12.104196589890547,12.135801167383777,12.133454024375675,11.975318694440487,12.118483416923508,12.189223289489746,12.162548032608191
431,11.988580652658968,11.988600918936969,11.987795118196122,12.009592656738569,12.006323487658024,12.027815818786621,12.030508712893827
432,12.576237971556179,12.570486221392077,12.570699849683825,12.801854790631106,12.496838638626201,12.4755220413208,12.490848674883352
433,12.396870328092913,12.42008687070613,12.416888072230888,12.351399856767253,12.32109309443161,12.330477714538574,12.381866668789952
434,12.583583397337925,12.578732593749958,12.57948970519325,12.126706909391617,12.582092079134247,12.630135536193848,12.622155341109176
435,12.062312917897549,12.073578514682938,12.072551642741777,12.028035639606369,12.004140958704875,12.020126342773438,12.026299219496002
436,12.256200295477594,12.259868391429107,12.260086911781848,12.258606081862853,12.322498633866742,12.316420555114746,12.326568172150383
437,11.930036309201608,11.926434769025324,11.926434769025324,11.899312879407724,11.987424797194064,11.989660263061523,11.98946336879105
438,12.034274857959204,12.026595760746547,12.027048754257647,12.016880225252857,12.048649829981988,12.049336433410645,12.041381718186845
439,11.73273629522996,11.705004102652158,11.707240832686697,11.762872569097672,11.652835514666435,11.636863708496094,11.625356476955144
440,12.14854910733499,12.137244433193535,12.139434572972805,12.164896732997848,12.101370977438256,12.145023345947266,12.153825555396606
441,11.538163454772501,11.532256131291135,11.532256131291135,11.853549901088565,11.567987573252479,11.590825080871582,11.684923554986746
442,11.692852170605128,11.678541904119408,11.678457889916594,11.54356219323546,11.777683218411525,11.723711013793945,11.656700719245846
443,12.39129429157927,12.377342099892413,12.37899418812021,12.385064901018106,12.41576298557473,12.3264799118042,12.355229302459174
444,11.844301172603492,11.857430268754543,11.857048400219599,12.03218153279058,11.90412604376025,11.930546760559082,11.933816558881126
445,11.49993063300729,11.499387049104168,11.500267986391865,11.526420169935877,11.441628675202217,11.35338306427002,11.389427523185086
446,11.88993424585973,11.895346485774255,11.895346485774255,11.912351542706748,11.976037598707483,11.994623184204102,11.94677210662338
447,12.148079725676881,12.146650728069107,12.145599865385888,12.226630528667554,12.137527702441314,12.16217041015625,12.162829226815518
448,12.291836635087241,12.298728401621988,12.297426322898735,12.295700643700986,12.286325190331189,12.302419662475586,12.294792300700939
449,11.850607800068525,11.82769692064564,11.82769692064564,11.743991614804333,11.997593121459083,11.954936027526855,11.967273681992934
450,12.503617690678745,12.491288860425446,12.491288860425446,12.517841722272781,12.537162220137507,12.472724914550781,12.459227867205108
451,12.22899299821576,12.232817843209064,12.232817843209064,12.203192279636504,12.228578991017303,12.216959953308105,12.208529953392869
452,12.219172391614496,12.214252168439463,12.214681435942476,12.168025271284408,12.21563273734511,12.190526008605957,12.223158264946655
453,11.965780403820453,11.962094242292224,11.961836986721284,11.984925685313362,11.985392793629842,12.021381378173828,11.957208462770582
454,12.071000229034114,12.068811555279977,12.069060964866948,12.127084242056531,12.083262036626278,12.060579299926758,12.069040705054151
455,12.725579505414975,12.718788509501007,12.719483146292834,12.711898016745142,12.67984062304918,12.759781837463379,12.762536197244353
456,12.25371721085241,12.241176829117721,12.243605305708297,12.137131556352873,12.18659454529181,12.197098731994629,12.152031202247978
457,12.154898998629857,12.166960976324413,12.165083404779265,12.170853867127443,12.147127593023551,12.15195083618164,12.145736357896125
458,12.413384143620895,12.417154897861055,12.417154897861055,12.760491552241403,12.409237650849684,12.420165061950684,12.413493325395288
459,12.443650441585032,12.445625594689051,12.444488832345774,12.61807241319557,12.279916170185356,12.373461723327637,12.422356984051545
460,12.803914149583958,12.815562327887951,12.814696417529511,12.767649328497717,12.763422342326333,12.78271770477295,12.76577639068153
461,11.87477940818071,11.874996079064259,11.874996079064259,12.061496797943876,11.900558607129835,11.905715942382812,11.876889573236383
462,12.794070902978024,12.788415173389218,12.790176354670574,12.734988419966573,12.840598090269244,12.817310333251953,12.790237075120727
463,12.29359289009277,12.29842708604994,12.297504000950468,12.280076086858413,12.310267050005029,12.329874038696289,12.31370510601501
464,11.819475808960556,11.791738078133001,11.793221166034401,11.793562730847894,11.828965532166267,11.887348175048828,11.806674917469081
465,12.463298765058319,12.478250940572188,12.47784076417506,12.479117682154387,12.463999710572306,12.497537612915039,12.435687373125333
466,12.132962648748478,12.146715550322387,12.14466701279769,12.061440744211327,12.031335421081286,12.160579681396484,12.146447430875472
467,11.949186682457862,11.945601746230679,11.946688367004086,11.943102565334769,11.953748659521182,11.931204795837402,11.914806549884402
468,11.757806521218516,11.751688368817382,11.75241515347151,12.018800736185517,11.705302935473371,11.706687927246094,11.692945836315388
469,12.785517679710612,12.777055294965267,12.777913306285889,12.76699310137574,12.747397244849298,12.755083084106445,12.770792686189003
470,12.213222888196867,12.20804422594743,12.208912575962149,12.182849381391891,12.225387285968068,12.198139190673828,12.207470763886523
471,12.859753145531139,12.85002500162746,12.851448670543485,12.778874452495245,12.780653568697634,12.781965255737305,12.743215299217942
472,12.191571646385585,12.186021269343687,12.186041292339434,12.183682077561341,12.240235778185678,12.218111991882324,12.197455183938956
473,12.213591919755391,12.211292674785955,12.211433255841625,12.174777268220515,12.184536111814154,12.173822402954102,12.185860167758268
474,12.407386481735,12.413587088899966,12.413764938890866,12.45576077150531,12.483486225188658,12.426153182983398,12.456164614201477
475,12.553703191876025,12.560308025527085,12.560005311125447,12.537161448731611,12.587046826449704,12.569010734558105,12.601875941677752
476,12.107480709404111,12.113439442600306,12.113439442600306,12.013571547871276,12.18102182371279,12.192468643188477,12.217282930611782
477,12.787486120457398,12.791206075408562,12.79211029968005,12.741972491544983,12.758724334832097,12.751691818237305,12.790377572711646
478,12.03925335071232,12.027106962970763,12.027587472349149,11.982765712197088,12.087824071891783,12.08792495727539,12.100115459106538
479,12.019094721510328,12.015918565450216,12.015898818103793,11.995609475554964,12.014837405688821,12.041061401367188,12.049847666350372
480,13.015555796238631,13.01909953920922,13.018764056483468,13.078109281845753,13.02820441356906,13.048297882080078,13.030455986105743
481,12.604114304982705,12.601322299741318,12.601592785754107,12.611128216439244,12.598432918641988,12.532012939453125,12.580730920788858
482,11.970675017109098,11.985466659819892,11.984713026757602,12.064833132591762,11.980857882779095,11.941439628601074,11.969062025142827
483,11.963942336549314,11.970237003854042,11.970247816963518,11.921687618890154,11.99731049160593,12.011381149291992,12.019845456128447
484,11.922186329074723,11.918082381452516,11.919056665035585,11.931101530833942,11.970970226516064,11.941049575805664,11.956196103229455
485,12.96294847097543,12.970248990262345,12.971587223694598,13.066294663127024,12.86874090773244,12.923824310302734,12.895494386974168
486,12.288493846298707,12.29316842124704,12.293532970403213,12.11819413941928,12.175472737341492,12.227677345275879,12.264315989144334
487,12.01636581103757,12.018755371291782,12.016607341990461,11.966023589603463,11.956054471876225,11.991388320922852,11.953264953958477
488,12.349473992695442,12.342643421852705,12.343029105048563,12.317989738687391,12.269937234774856,12.26353645324707,12.294378452657352
489,11.986880954059902,11.986611125542627,11.985892529172855,11.98957722288833,12.026143116349994,12.014239311218262,11.984412621646172
490,12.448802713434587,12.443660944103973,12.444805254011396,12.429575906985779,12.430550515639274,12.377849578857422,12.391609583992595
491,11.761138102585662,11.763302223992378,11.761907550714318,11.803883078835742,11.837371979561665,11.74807357788086,11.744742546948498
492,11.872277089632501,11.858797712477648,11.86247776041112,12.058189743004592,11.877545842652786,11.86308765411377,11.786008059624734
493,11.893750146996496,11.918000854684786,11.91704348129376,11.965697549306554,11.904403901599888,11.954863548278809,11.896841644450207
494,11.961096638695963,11.962360642062709,11.962124578541834,11.92558634654639,11.938307685387658,11.949736595153809,11.9218963925611
495,12.63823519692274,12.6484206111971,12.647477616278014,12.518082096663612,12.558904284342317,12.62148380279541,12.605332552975584
496,11.412792316116441,11.392454116474841,11.39404662196624,11.506940477848577,11.329161459276188,11.360610008239746,11.441346142097672
497,12.047399981595516,12.05021153136111,12.049095723220562,12.036837006384646,12.088249827223441,12.084981918334961,12.13648937187809
498,12.361716989305476,12.358988290484206,12.360108534402096,12.371559576823355,12.371068102473114,12.35600471496582,12.345008061495953
499,12.225611571478174,12.22502068073538,12.22606686201719,12.222803335232618,12.167894531036495,12.236404418945312,12.193960239330517
500,12.381837229823997,12.385718442507377,12.385451722649176,12.38319557831707,12.443406278754887,12.455106735229492,12.427596439716627
501,12.189748854993162,12.191533032209405,12.191120414049113,12.217207902102214,12.131253723865765,12.179327964782715,12.178334088401161
502,12.789739733466913,12.802370319948981,12.802370319948981,12.136969000609977,12.71668741979191,12.696615219116211,12.76071359478644
503,12.549819470822705,12.546876688393114,12.547894123432755,12.537969310108316,12.52157424810614,12.546746253967285,12.549556920537652
504,11.914583417323938,11.916194109349687,11.916926450884178,11.779425702342857,11.925723102721683,11.957330703735352,11.996989284030596
505,12.100575078123503,12.101345477297707,12.101345477297707,12.147360406912313,12.105983778915654,12.07381534576416,12.088661801343015
506,12.55328265407935,12.556654026358146,12.55552295646332,12.556396569330033,12.511996554524627,12.52234935760498,12.571147415840896
507,12.09515364625211,12.113595261100846,12.112363620369026,12.075839340270349,12.139708678403856,12.141451835632324,12.10645852987375
508,11.983564852082814,11.961611599589018,11.961611599589018,12.134255767085596,12.074431645551408,12.025225639343262,11.98076674899378
509,12.921274016830088,12.893842292909802,12.896068853665643,12.869248915641549,12.894626853264228,12.906774520874023,12.864084209025345
510,12.112025123910415,12.104482251872115,12.104751935321682,12.12130222081624,12.13626232484949,12.082709312438965,12.081119360861114
511,12.478176894978077,12.479440484782385,12.477697755625572,12.137131556352873,12.289599894680858,12.346302032470703,12.375838395221548
512,12.311994638198348,12.312183132883117,12.313186074468359,12.268959986342269,12.20262666888434,12.236748695373535,12.280231651783996
513,11.885928531476699,11.90020895928523,11.897176152476172,11.83259613930617,11.855485938356793,11.887619018554688,11.902160077294965
514,12.002048011000104,12.007076447760838,12.006616800276245,11.997331100298702,11.97356791211519,11.981910705566406,11.951386506222171
515,12.016842537405177,12.018472862231834,12.017862019968073,12.047182050096884,12.01334054963624,12.032007217407227,11.984493082961786
516,12.83639964486271,12.8308411823175,12.831169386718939,12.828381340985022,12.860208700692407,12.876809120178223,12.874167184298402
517,12.144297846532117,12.118993246102887,12.119590010669398,12.162194282162845,12.179857599675973,12.143280982971191,12.1932682331943
518,11.86045087779501,11.876081464326594,11.875775202430788,11.932514716349132,11.763994903632426,11.727949142456055,11.75911543825615
519,11.997396415029428,11.995319344673256,11.994833811021783,12.027100203487453,12.012987017266761,12.015117645263672,11.984576862322236
520,11.835830620127718,11.885113799748762,11.884845676518777,11.918767872961928,11.938733001448425,11.923868179321289,11.966663990011787
521,11.888872350584373,11.86920651358456,11.87230939213813,11.885269976932731,11.875337975180516,11.859137535095215,11.729107993129391
522,12.121091099000974,12.106760791054178,12.107795672823118,12.25433305736289,12.146671088917321,12.133740425109863,12.172639393756484
523,12.014686044385043,12.022896576846101,12.021345428465173,12.016901958801203,12.029687042719441,12.053495407104492,12.055571960168654
524,11.975049317437024,11.976300150754588,11.975430722356284,12.02977241556955,11.97171109503459,11.942146301269531,11.966800216552338
525,12.74398677394727,12.742225113651184,12.743055545816148,12.754010401727664,12.817868393885895,12.808961868286133,12.846394480829222
526,11.877697226760715,11.892128164362074,11.892128164362074,11.886184159266302,11.899012988099301,11.886795043945312,11.879394148178278
527,12.477215136744265,12.48005377589687,12.480595772042209,12.450919116888668,12.434252484622414,12.43246841430664,12.452396796093302
528,11.874035773891158,11.846070518116445,11.846580213853892,11.841308847427962,11.978093199700126,11.920445442199707,11.935433784437388
529,11.395313914921172,11.370736108643408,11.37271037049418,11.458183553056763,11.380691285753032,11.466914176940918,11.535301139772352
530,11.77722773457723,11.784992906747524,11.78406953376997,11.846484799096924,11.775268669175146,11.733060836791992,11.73323449820783
531,12.499761280177202,12.504956851122559,12.504956851122559,11.422240667072781,12.432179268480011,12.411632537841797,12.373215100497852
532,11.999389588968222,11.997945475655776,11.997945475655776,12.001187831671768,11.984551734423523,12.01591682434082,12.059269385435128
533,12.066772488666482,12.055868831077001,12.056868197060398,12.0455685496744,12.061547206643315,12.076485633850098,12.056620845881636
534,12.05832180778689,12.054878317991786,12.054208250963404,12.094259680079807,12.166459735032758,12.110004425048828,12.138820773408638
535,12.19217710343765,12.190842252582085,12.193504899173611,12.111803894685027,12.164189487332866,12.24089527130127,12.20775017865778
536,12.4260784401775,12.421221311697172,12.422247800561532,12.412141424358989,12.422907861477148,12.400726318359375,12.383282239712534
537,11.515306075135092,11.492575397437088,11.49450824655335,11.515717633065238,11.340700452960048,11.433161735534668,11.453063297287622
538,12.36276102367352,12.345980031588217,12.347870048005614,12.341073946940632,12.3246207656224,12.317557334899902,12.326799025881586
539,12.150040227436422,12.16320876590388,12.161246227087107,12.136818167288869,12.110989173428056,12.074389457702637,12.05314267814623
540,12.258916509554028,12.245764163713206,12.245764163713206,12.53317400810242,12.226243420270247,12.18639087677002,12.185011459015374
541,11.740469452737042,11.733223735503332,11.733145185453939,11.882310909032462,11.631517474587993,11.62270450592041,11.56618225133228
542,11.637139734162458,11.625663465238613,11.628042816544715,11.58081454047109,11.52939919555322,11.491387367248535,11.520739651956093
543,12.124431280830692,12.121513945515192,12.123463169674372,12.029475017736873,12.060017094705369,12.06732177734375,12.08303401194593
544,12.261896757156753,12.258421093787701,12.258763174899505,12.263835441099246,12.264374867930757,12.291950225830078,12.282400393655646
545,12.744265928189332,12.743975994419745,12.745666408559332,12.690448343525718,12.713840295295524,12.664719581604004,12.73334254480656
546,12.429573167413418,12.421441424501669,12.422089752173902,12.410011022826223,12.405827044530259,12.393756866455078,12.393730069573326
547,12.342791872938431,12.346578750545515,12.345598681853938,12.360516466816424,12.341080220410818,12.35952091217041,12.352895710678993
548,11.804926257765185,11.811831096884067,11.811192204054224,11.82375631971183,11.847305926920198,11.83083438873291,11.829610390792269
549,11.901408058671207,11.91009447178388,11.908940930560277,11.946806175771762,11.92680870798991,11.9039888381958,11.896026170114556
550,13.194870135832588,13.190281555521684,13.190338348188668,13.236802332302656,13.183534637761571,13.179332733154297,13.123765983075426
551,12.434081560888897,12.4346317188391,12.434534667061042,12.417223405941952,12.411814713412957,12.45345687866211,12.443988503455477
552,12.334204670265846,12.335017159114335,12.335175859010281,12.316579673844851,12.347175898946306,12.377087593078613,12.363813476018652
553,12.824953873191328,12.835220448456766,12.835594143041456,12.822762598353226,12.800136851103007,12.82592487335205,12.808848266852896
554,12.096444858495497,12.102383412586532,12.10172615554973,12.137812676883556,12.056949607217641,12.089190483093262,12.05275512179851
555,12.161377044411516,12.158654261661507,12.158764698174338,12.134888134484944,12.143850463373587,12.145223617553711,12.136033222860569
556,12.344110810680222,12.33768378518178,12.33768378518178,11.935006475179415,12.323965415220885,12.341181755065918,12.377357194904752
557,12.054447860037843,12.04406691310476,12.043479230900882,11.957567741162496,12.078490580489428,12.060430526733398,12.09180353087046
558,11.823623799629729,11.823611736686093,11.823611736686093,11.822849537535186,11.950266717418259,11.92880916595459,11.956324319351888
559,12.874349659068956,12.878346865680808,12.879438847656148,12.866980231597978,12.940691455380511,12.86963176727295,12.879535051931823
560,11.946235913185182,11.926517757159562,11.927843256509066,12.125197039459081,11.93090273725856,11.945119857788086,11.92919833452489
561,11.766205819000962,11.750947321007486,11.75055631281459,11.765990403694932,11.871453592470436,11.822154998779297,11.815514386774579
562,12.607558228595995,12.595831736324598,12.597111833699657,12.576485356110453,12.516825232489586,12.549039840698242,12.52600170467286
563,12.168998868013656,12.180748652159112,12.178355885593108,12.067356724980213,12.159815501982889,12.211758613586426,12.194405133712081
564,11.984620570026099,11.982252131440543,11.98223944872273,12.067826851716221,12.116542458680728,12.0845308303833,12.06496960523662
565,11.587941002544996,11.584586735860633,11.585829520675325,11.547225594948447,11.71015333908796,11.578858375549316,11.591549964138869
566,11.9468929230356,11.929180784617873,11.930382840103531,12.04457560808146,12.044005782640614,12.025653839111328,11.982949909737018
567,12.461467553114893,12.435147264819658,12.437663751932853,12.114383903888909,12.462761303859132,12.38945484161377,12.420560253818513
568,11.504034470821676,11.480908920339647,11.48240725370304,11.551577324243077,11.406605028415179,11.418737411499023,11.493429603974981
569,12.556734494415563,12.563067589133308,12.563106187008449,12.548868829180241,12.672034718381367,12.661908149719238,12.656279587159299
570,12.089062303001205,12.09863002757121,12.097246368208436,12.077995170571633,12.028978397464185,11.975996017456055,11.949295018709185
571,12.736545076876217,12.737647450075942,12.738360639634072,12.739131231290331,12.76854612699426,12.776782035827637,12.77107662861133
572,11.924940091679991,11.92404614363301,11.92385216005226,11.926296493443504,11.924020444445514,11.93533706665039,11.947629677624079
573,12.041180615730525,12.023882355572535,12.025527782436962,12.028636708636732,12.139807789723614,12.110876083374023,12.115129498505922
574,12.528162110206582,12.525598621470708,12.52587050600836,12.579911721999757,12.585348987059422,12.57363224029541,12.56344185745371
575,12.847146283375247,12.85838448986881,12.857981991385081,12.84300208623403,12.870065726640968,12.87919807434082,12.89253931444551
576,12.080051131367885,12.088256549063416,12.087194407253476,12.094236352899673,12.096696096819567,12.081315040588379,12.11505523153377
577,12.431490643146104,12.445160059716214,12.443626820825452,12.146417986717983,12.443499256946636,12.454018592834473,12.508487348187023
578,11.84530858242398,11.846949479033944,11.846008284168319,11.831138771711174,11.890980625786286,11.918705940246582,11.88549374564645
579,12.546349368507794,12.55075308744041,12.551079934309522,12.534249891889669,12.563629776319729,12.533300399780273,12.550640300584282
580,12.138988284682952,12.132575547284933,12.132871666127778,12.15864959469016,12.138912277455537,12.178333282470703,12.161264465754366
581,11.748872296315334,11.753553183105119,11.753388441487164,11.766183813611413,11.72080093414533,11.714987754821777,11.747246127947928
582,12.400835556937105,12.410762508032077,12.411887065183064,12.228297171893463,12.358373562006609,12.379312515258789,12.313749976100528
583,12.505905448117533,12.509554491591373,12.509859275005656,12.495517147407543,12.579046776754947,12.630138397216797,12.656005432476832
584,12.088442072926469,12.102468756139867,12.099599704590323,12.066848198640574,12.0862070309573,12.043085098266602,12.031792528886893
585,12.087466079415698,12.095124181887284,12.094103366133478,12.131714786824865,12.06996589490559,12.082480430603027,12.111763059080914
586,12.575733030762727,12.575098775195528,12.575918919698772,12.617388453256954,12.603502170235961,12.56264877319336,12.5853585704648
587,12.498709847485145,12.484634863764049,12.485682990539496,12.441838289752031,12.517122784989944,12.549155235290527,12.565333182009581
588,11.688795256115075,11.681658043550883,11.681424622490644,11.686848716685724,11.796310766799104,11.77651596069336,11.760426081207205
589,11.896047603915088,11.906718245161192,11.903312368729734,11.823750368142168,11.956280719879542,11.909699440002441,11.88289930551434
590,11.8297568005178,11.826326440002303,11.82624402688267,11.787342212088241,11.891627613520207,11.884488105773926,11.874173123714762
591,12.177275015831876,12.156812330458092,12.159453273781365,12.12790941286786,12.173509168497803,12.070834159851074,12.091944803506236
592,12.683052245367119,12.673612695075354,12.674367815900453,12.678863161262315,12.65066472469501,12.611577987670898,12.614876616711575
593,12.494654918406574,12.489805301677508,12.490463095905122,12.483345885486408,12.450678046362778,12.458961486816406,12.452640580399715
594,12.058435198849361,12.054716277290797,12.054716277290797,12.047765963993653,12.097776052106601,12.098967552185059,12.065812588657709
595,11.527821581558898,11.531569424783887,11.53018237966484,11.725616927903644,11.57966016826851,11.586254119873047,11.648352951088443
596,12.039556382436924,12.078589777195628,12.07840055606613,11.99971311743785,12.14819071237026,12.098908424377441,12.045471712764819
597,11.911257050303462,11.930381453012393,11.928150267860316,11.87615281040511,11.787898590591777,11.908785820007324,11.901618133750404
598,12.058167320718196,12.063779848666103,12.062885039271308,12.129552056463703,12.046974049888574,12.026711463928223,12.032617686123555
599,11.994376529263016,11.991509215165253,11.990235305351236,12.018664471750368,12.133588000279772,12.089822769165039,12.00821954711038
600,11.857374037461215,11.84971359946353,11.851031155536843,12.132599513901262,11.885988629452145,11.854762077331543,11.841854189327915
601,11.917608010357016,11.923068256449824,11.922548169671906,11.88093425796338,11.93512005362956,11.931984901428223,11.935523845990883
602,12.230796946297636,12.251573432675595,12.249716464527763,12.272476112959325,12.23078352903512,12.269543647766113,12.250415675117164
603,12.47800179081516,12.48502103323847,12.485111182255887,12.459944281957005,12.421120190857994,12.485718727111816,12.49014277526841
604,12.162815639667553,12.159436519172612,12.159940509294815,12.181607251361646,12.179527622674982,12.165410041809082,12.148847435810666
605,11.86375207817895,11.86118531541969,11.860143307435013,11.869615838909649,11.962270186238042,11.94775676727295,11.917082698669969
606,12.537991520681652,12.538137530725908,12.537335743695436,12.581698814797955,12.550014303227359,12.548675537109375,12.567389629546796
607,12.323777754448642,12.328341643145556,12.326671756257452,12.364568606459942,12.227579588218447,12.263739585876465,12.272185512950513
608,12.729595779186337,12.725434313049158,12.725998144069038,12.710772155562207,12.618943134194883,12.709656715393066,12.600590930418859
609,12.158249952256265,12.167558268895142,12.166376097340674,12.12245115286337,12.181607354869815,12.186121940612793,12.183283048814484
610,12.305796262898259,12.309252566976234,12.309252566976234,12.342923372051937,12.349510921957547,12.34090805053711,12.331662668646286
611,12.296994542180725,12.299942289255767,12.299263867290966,12.280482216512137,12.327687506581142,12.290660858154297,12.349212954734003
612,12.307337330376694,12.31986867946126,12.318341780763383,12.112284146226385,12.184463316533547,12.17634391784668,12.153494465475843
613,12.224143512750594,12.232532888812607,12.231218301384805,12.16391473188557,12.163180256847372,12.209816932678223,12.193999523544381
614,12.588425340583347,12.580251658144022,12.581695060663474,12.560504044237687,12.580104558501274,12.61128044128418,12.571509130170147
615,12.202700765395791,12.18186396227784,12.185352123811484,12.18206496085621,12.350224877390708,12.356939315795898,12.395886214227351
616,11.948903253808874,11.952843233186037,11.952661382680649,12.13901859571552,11.916720807401434,11.923638343811035,11.923527656252212
617,12.691020086064526,12.685402252587146,12.68658605555613,12.322100667028074,12.734829782626791,12.750838279724121,12.748002803300453
618,12.058719063628931,12.062987561386638,12.062300371598367,12.103150658762871,12.029482678209082,12.067887306213379,12.080282178880982
619,12.331160177971364,12.326975531067033,12.327403646159235,12.313070156827541,12.298756284594528,12.349650382995605,12.341959313831799
620,12.852076401869072,12.854613011819028,12.856676430046551,12.628658967006537,12.848991429200359,12.86113166809082,12.807607407106744
621,11.96637375833508,11.95102848895638,11.953339929084773,12.288724168830422,11.916767586680026,11.909795761108398,11.95181285911616
622,12.135348502559022,12.135179117840272,12.136986280480238,12.131017556463398,12.085579136542028,12.083579063415527,12.101127325930419
623,11.887838285988252,11.900455093739168,11.89952847146516,11.917411000121755,11.896792130176232,11.875997543334961,11.91166052243981
624,11.833398857179688,11.840427247185465,11.838210338732486,11.799067238809249,11.832897039252178,11.909795761108398,11.860320392085132
625,12.517879898495224,12.509544513063181,12.510209163346282,12.502871736257093,12.503207965811399,12.496146202087402,12.4953172727745
626,12.015183129869273,12.018778934459672,12.018098492488114,12.025064348751235,11.995851203382028,12.067073822021484,12.058791573058267
627,12.236845590010422,12.242886595796232,12.241202212541792,12.105492168484009,12.278857131537688,12.263187408447266,12.283066461722612
628,12.039235925168956,12.067582690277579,12.06752797419493,11.977712053361902,12.00253530405515,12.025025367736816,12.036630285165035
629,12.755835643463053,12.763368006419826,12.761892357766634,12.744454785828234,12.882137855570447,12.851755142211914,12.852924663306629
630,12.287306695731672,12.292379977619095,12.291373149200105,12.334685114392757,12.2882776315823,12.23912525177002,12.266192145805814
631,12.141540421386503,12.142943220856814,12.142083452139275,12.186050072764942,12.225281184675863,12.212295532226562,12.209926136951239
632,12.24221145534607,12.242707387632178,12.242719090264096,12.253005767083213,12.30580978425794,12.296974182128906,12.327192997693897
633,12.019686159786357,12.031916414108501,12.03061612525487,11.99763283254164,11.988500718727394,11.931674003601074,11.961736421933464
634,12.406308004224877,12.42025591315337,12.419928213234734,12.39425887887351,12.432032613273035,12.352385520935059,12.368890460936981
635,12.387474962340717,12.384415361894632,12.384640057273323,12.332954497301314,12.32990901658797,12.381707191467285,12.31632475471034
636,12.214059188545113,12.2191023518527,12.218935226284874,12.04925885357429,12.100564855799764,12.167998313903809,12.216940613907875
637,12.77384666290497,12.775246207932666,12.775582107589148,12.79357594920707,12.889770601769174,12.852575302124023,12.835898755440365
638,12.316877544623537,12.315064079055174,12.315064079055174,12.356701060918615,12.386671690447677,12.354854583740234,12.371307981113736
639,11.845378105811422,11.87472470629552,11.873088285823805,11.679940777500617,11.745721098567438,11.822932243347168,11.869365795038828
640,12.355890587034006,12.345216331607215,12.345947594142698,12.40200327851483,12.371301670070094,12.35318660736084,12.372932064732412
641,11.912219457858063,11.897074284471367,11.89787744922676,11.959985477038927,11.923220741848384,11.917549133300781,11.877415093805544
642,11.985979201707558,11.977149637008065,11.977738198669863,11.95603560298592,12.094725450865443,12.060478210449219,12.042935675131304
643,12.484068979197732,12.494160961649944,12.492838347042186,12.443272896231331,12.45102650100031,12.474282264709473,12.507759934503152
644,11.924112767007122,11.925028737103249,11.925685578503849,12.048520243580004,11.971067918757099,11.960482597351074,11.988049190245178
645,12.4164772473131,12.421194675921063,12.421194675921063,12.447757866582506,12.292242766721145,12.292682647705078,12.344026340666696
646,12.325793497460273,12.322325859670656,12.32281276265277,12.30697939465952,12.312925351352014,12.305763244628906,12.310577196945216
647,11.734405602270645,11.72271865936549,11.72331287711736,12.120485031319234,11.778997869623462,11.75346565246582,11.762272679458407
648,12.319641654877868,12.316222167697449,12.316061995641624,12.172907230441165,12.340184338218588,12.337145805358887,12.319407085895813
649,11.970812777951759,11.971212689773926,11.969791749649028,12.077221082245073,11.98496471995437,11.949363708496094,11.925172043852992
650,11.67608726363591,11.66834295627408,11.668191302507763,11.745484382490337,11.652252228564889,11.697614669799805,11.69830564736387
651,12.324497759932767,12.33186356857298,12.33339485456543,12.24506746697132,12.420350819265007,12.372594833374023,12.339370329274752
652,12.792209890888685,12.783148203692782,12.784954126671577,12.80399897516353,12.804010011825655,12.813375473022461,12.772554216331887
653,11.91620025100257,11.906671130505812,11.9058186744977,12.071364165858272,11.892888767946983,11.940739631652832,11.936749117509626
654,12.41831800594521,12.402471298154612,12.404903800299792,12.351552426631027,12.489973408801315,12.397974967956543,12.44607926019587
655,12.277751224924662,12.26831242926367,12.269895447101284,12.213396632619398,12.217851743732318,12.251564025878906,12.261646477071583
656,12.366788302874907,12.379565096437855,12.379032471584148,12.14298056906608,12.262065098235073,12.266480445861816,12.273373178789551
657,11.991935256630219,12.000227679888454,11.99639440223387,12.063410182773488,12.076913894433288,12.058076858520508,12.083746962551213
658,12.217318782144824,12.221974101548398,12.220366912981701,12.27281144942549,12.292411088531559,12.258074760437012,12.306303666223473
659,12.28492170494894,12.275683066063513,12.277222516501258,12.299354746083864,12.418005070155369,12.303549766540527,12.285317115652552
660,12.907117260139179,12.89700006169846,12.898150956007877,12.881860397758473,12.838541632578893,12.8263578414917,12.833929588754714
661,12.026657912707746,12.028076710840413,12.028807964083695,11.988362923260699,12.060060099052576,12.02543830871582,12.046798885232725
662,12.166315115390937,12.164982736854194,12.164830368995869,12.226734912671812,12.243014835947468,12.227842330932617,12.236750809097655
663,12.277582282463117,12.270004104040943,12.27022477110628,12.251892531250345,12.225836788715142,12.24975872039795,12.23039982220167
664,12.307341074386713,12.318795728609528,12.31876122564252,12.274996414824866,12.218380016188744,12.237957954406738,12.235447383825552
665,12.37119742778708,12.361935472133792,12.362598898074287,12.306180550085497,12.388062190779822,12.295002937316895,12.339891142658534
666,12.46128988576925,12.47133527564339,12.469589038786202,12.468375554452297,12.458206018998734,12.475727081298828,12.471316140069947
667,11.878026347940123,11.882513999085434,11.883182995836673,11.933580432432954,11.961904502009219,11.92159366607666,11.924829708228625
668,12.510934707853686,12.511767038371806,12.511767038371806,12.787995288153272,12.4356953430257,12.455679893493652,12.474871283802528
669,12.034407016748164,12.029515191488189,12.02918722146261,12.04877803022903,12.072463050635294,12.093202590942383,12.10082221354851
670,12.403035626138177,12.401407474858992,12.401496841904246,12.378312024096864,12.38145384556798,12.377131462097168,12.376465660219688
671,11.61984343334919,11.62905516269568,11.624428518276787,11.688149170984204,11.69149804254163,11.701045036315918,11.686770632099622
672,12.00166901805427,11.991500151120933,11.991500151120933,12.236572125162319,12.10910152348623,12.094334602355957,12.074545725094989
673,11.811543048679088,11.79752667418676,11.797195913143138,11.795982323258137,11.714914445958703,11.692246437072754,11.660295438313616
674,12.039943547541606,12.035511653371515,12.034863413633236,12.074855198265295,12.164926724427152,12.146736145019531,12.13228047237155
675,11.983243987221316,12.011976940828806,12.00900729626295,12.061192274036586,11.994396213291118,12.045135498046875,12.019105845143867
676,12.603678909747094,12.590654610240708,12.592327748802344,12.572542715629035,12.615220784625665,12.578116416931152,12.594791090316832
677,12.815089136818234,12.821753600565668,12.821753600565668,12.820781412324983,12.981317334913694,12.945499420166016,12.917845103906538
678,12.576917628664427,12.576124496191014,12.574537843115476,12.135092225521227,12.487141379806006,12.413631439208984,12.410043617136926
679,12.021915417829995,12.016070565589718,12.016039421754716,12.02217162507949,11.983909265648663,12.000981330871582,11.970105453429715
680,12.48299076703648,12.479643388370151,12.480156356384763,12.43000756858935,12.463043543426352,12.44143009185791,12.44259499344556
681,12.84977738945185,12.84443676352761,12.845087425688256,12.846551788871148,12.840047283712325,12.807710647583008,12.846534743660413
682,12.482589900750703,12.493251393183959,12.493009577701919,12.346018247040291,12.44143468529363,12.489727020263672,12.49082333494277
683,11.960391879958411,11.950828881442241,11.951186437391888,11.840913561676892,12.020560508540594,11.961392402648926,11.937007118167603
684,12.28486894396384,12.283102888921155,12.282944711129696,12.255121671285595,12.264166450264137,12.269269943237305,12.280851895910683
685,12.586915153791816,12.598065710688147,12.598336321802309,12.370035431711214,12.51903316365936,12.506016731262207,12.527206478242514
686,11.940686689322487,11.945086974751556,11.944360565479288,11.922184700771473,11.924942761469888,11.953131675720215,11.949077722926
687,12.404981100538869,12.403269397871213,12.403937301997738,12.40286829122405,12.327463316889768,12.345717430114746,12.329852655089715
688,11.79634647723119,11.794859268395209,11.795004855991385,11.844121434642785,11.753323133680086,11.729352951049805,11.718434833997103
689,12.621635459342858,12.632243099216385,12.631623946045652,12.644042744180435,12.620421368150307,12.622556686401367,12.626882151156778
690,12.581091389836553,12.58053424575296,12.580990075309485,12.598354759412492,12.628311076375281,12.578166961669922,12.580674491423498
691,12.079227714135484,12.087476330445138,12.086273025643445,12.104141498942072,12.050974284144488,12.127264022827148,12.082981908343857
692,12.319200716892032,12.318583700633443,12.317107346271346,12.283921857208039,12.299191122558538,12.373741149902344,12.443172797260209
693,12.404572110165525,12.4027080810222,12.402833783020121,12.41445542065657,12.41815359446228,12.442418098449707,12.413565248398788
694,11.876579386924604,11.885043873077548,11.885355374051805,11.867121084942422,11.875495396606551,11.868656158447266,11.869004032146943
695,12.618326337247511,12.602387956090448,12.603947077629726,12.591955623475924,12.67408339997702,12.66592788696289,12.679169370627863
696,12.058226440569303,12.062391925151067,12.061905907257938,12.039718427595595,12.061196439192102,12.007801055908203,12.028406519077606
697,12.511103328900067,12.515599654146332,12.515327900587469,12.491929331453179,12.49169259792534,12.459991455078125,12.458360332336852
698,12.822380742134081,12.810546948464559,12.810546948464559,12.784637574888968,12.967265207030557,12.948652267456055,12.90262520780894
699,11.99872149179325,11.997967043773642,11.998460657310527,11.867955486163849,12.02080874555594,12.048307418823242,12.052090817561291
700,12.552217521660195,12.545498174538016,12.546739431581639,12.55592428914333,12.475117967275567,12.525246620178223,12.439455256904699
701,11.904654817269499,11.896415188906692,11.896496148752071,11.884889777427379,11.93640446046216,11.892593383789062,11.922587122401243
702,12.11319711491217,12.114455618249144,12.11418171524922,12.109436353063906,12.07979721921965,12.083870887756348,12.109058578742077
703,12.264736612589727,12.263360991214366,12.263301246174422,12.228882549337442,12.277323554146097,12.276113510131836,12.259434319151142
704,12.480235297742862,12.470161369072429,12.47182126091305,12.490961233928607,12.408907103382708,12.47823715209961,12.443718256567502
705,12.1826587533312,12.183853248837938,12.183412513625672,12.196950350939375,12.207206405377887,12.190985679626465,12.17494659475959
706,12.179978252459287,12.17748466858962,12.17887980726279,12.139677055984745,12.200854188613622,12.199549674987793,12.18928101703202
707,12.092873686714002,12.100926189626113,12.10031752621041,12.051267533406852,12.03535500563248,12.024077415466309,12.024621719677421
708,12.74003992464974,12.745786691567407,12.74641770219208,12.745277519562567,12.826298966832768,12.810470581054688,12.849961480858452
709,12.180962496492914,12.187350767696648,12.187350767696648,12.15872145557501,12.166684890313116,12.15330982208252,12.145375002580304
710,11.947403171806423,11.934845624791418,11.937347649313745,11.810083235087978,11.90604625061554,11.918639183044434,11.968277988311455
711,12.268893899895316,12.262068983421546,12.26310409187438,12.239300670457883,12.179828435197257,12.147013664245605,12.144670856433137
712,12.522852272366947,12.519603057093672,12.519221237645855,12.540485285157969,12.532244843782369,12.532974243164062,12.539387758419034
713,12.42250646986105,12.41157952230399,12.412281996714285,12.408428985896244,12.442741083653802,12.37371826171875,12.382888610962983
714,11.835649618828615,11.854025933782522,11.854025933782522,12.240960263804896,11.959907821406228,11.948744773864746,11.91427418793511
715,12.151533793149666,12.160743106008212,12.160148143654034,12.134173668984918,12.14770515465902,12.119156837463379,12.185090053891331
716,12.024753011258186,12.014205874251289,12.01472860496098,11.995644856104139,12.087513402017846,12.06156063079834,12.101581945999925
717,12.300298014699532,12.310153341957438,12.310153341957438,12.32210799357199,12.263055614603037,12.301108360290527,12.32179134739444
718,12.022120180460654,12.044795664435384,12.042395826626485,11.998875851650567,12.020141018319926,12.100626945495605,12.070127342470965
719,12.665259582360063,12.66570354900409,12.665843546628512,12.680276226846855,12.658829322717382,12.71582317352295,12.696036173402277
720,12.33705096264066,12.340653126785245,12.340812619180882,12.313245899565658,12.320126633808712,12.336766242980957,12.309884123283945
721,11.799554048370862,11.799844428126699,11.799782472686188,11.806211791635322,11.798631820654542,11.80300235748291,11.777858856120913
722,11.951299725931516,11.951912972747472,11.95137295224673,11.982936327603738,12.031746148109708,12.008438110351562,12.028758977423461
723,12.40182638901923,12.413773477218816,12.413909106190584,12.366263120571467,12.389009242382638,12.357320785522461,12.360205378734422
724,11.993968237112833,12.01577007917597,12.01577007917597,12.000899035745393,12.055341924065624,12.0301513671875,12.048309783533647
725,11.9167668145665,11.928508585655859,11.927397144355117,11.945282893232292,12.01826058623582,12.01356029510498,11.9937099683955
726,12.0838698020952,12.096005561332245,12.094893577946513,12.097958592021627,12.091824086696963,12.11490535736084,12.143939331669555
727,11.989279340305279,11.987690875458481,11.986764863694631,12.01903110886964,12.055621904508767,12.039909362792969,11.961914860880308
728,11.90918496269225,11.90279369518876,11.903210030430362,11.839845254775996,11.84342673752798,11.897717475891113,11.869280953659358
729,12.746255946546167,12.73944210210521,12.740596885475338,12.706629775664421,12.763287440989734,12.776467323303223,12.785537576829926
730,11.928903368724288,11.938603890779666,11.937239130588525,11.969215789991626,11.956043716227185,11.974849700927734,11.975842780166563
731,12.388224491252279,12.390747318458256,12.390859006749114,12.420642847550951,12.376885957607517,12.309521675109863,12.352751475736454
732,11.652270838002817,11.641286445834922,11.641286445834922,11.664135731892515,11.67698774923725,11.6168212890625,11.609009985225923
733,12.3562691726931,12.361399337907619,12.360955380023091,12.341862888877541,12.383365139289932,12.382670402526855,12.402712758785482
734,12.45216358458944,12.465974421654124,12.465187806435464,12.468021979431693,12.351327505335217,12.379843711853027,12.349296617794403
735,12.06648024109283,12.077394841282095,12.076129085017062,12.042601607965533,12.011221897582594,12.026432991027832,12.034558362940086
736,12.044569719529566,12.049983139831504,12.049076927011168,12.117993564553778,12.013852513850269,12.087786674499512,12.054595114600254
737,11.594638766034445,11.609514719993202,11.606331555928232,11.666516754863398,11.536727101241226,11.642241477966309,11.650310188300155
738,12.681646741571951,12.66801106649909,12.668445842361256,12.714502067927825,12.685790274860468,12.7134428024292,12.689060457986052
739,12.276926133797998,12.280930354628433,12.280830115340834,12.279348398683045,12.226951452581792,12.281218528747559,12.250427476378109
740,12.056746242647716,12.06746314174838,12.06746314174838,12.025785014706958,12.084777601699543,12.072562217712402,12.080868036652427
741,12.499867238289642,12.497824247689952,12.49819158876279,12.50826695665551,12.458865483164402,12.42396354675293,12.432887213834343
742,12.512830768735625,12.510206276031107,12.509980649317537,12.358780258419271,12.528474602585932,12.44055461883545,12.471185597136879
743,12.08718041374609,12.083813670146535,12.084151861460438,12.084351747343034,12.187924869112749,12.270485877990723,12.272238593110554
744,12.234605730667438,12.233376946758305,12.233200310308122,12.25176770781452,12.217194591569246,12.211661338806152,12.258829613908585
745,12.529685471022887,12.525823775917425,12.526490449953956,12.54584005724294,12.548572851642332,12.53711986541748,12.502315015751469
746,12.864432946090211,12.856400582281804,12.858005672784303,12.85040547754863,12.86141452817734,12.899943351745605,12.876134107404637
747,12.04613602047873,12.055732909142368,12.05541436916656,12.007743448261735,12.064279857536171,12.051172256469727,12.054166010615289
748,12.278247019200355,12.27449727750177,12.275238990591342,12.264727641827227,12.256684593867243,12.246000289916992,12.257825810679982
749,12.211239909107071,12.212222242278289,12.21234153665552,12.202878915488643,12.206472222606484,12.208005905151367,12.159430974922294
750,11.881843667401442,11.879674509936107,11.879687364383626,12.036286707091733,11.920138265236815,11.914960861206055,11.907242877570933
751,12.132569844722516,12.1639400856071,12.162137058698198,12.03250665990134,12.063412210676624,12.068168640136719,12.162936375515365
752,11.998442302608096,12.00830365423778,12.007596325267617,11.99842466782503,11.939139536863365,12.01462459564209,11.966692578906542
753,12.200108210019343,12.197376324477231,12.197026329605995,12.209469759077026,12.24802352306196,12.280532836914062,12.303819275655668
754,12.06511373603745,12.068676315533809,12.068835697865685,12.10620068415454,12.042490193726552,12.067691802978516,12.052812397333108
755,12.138552748258036,12.140177345512736,12.140884030463413,12.184659946596357,12.075765083312989,12.098719596862793,12.102834188269737
756,11.868825866652484,11.88486540128898,11.884457011384365,11.901007137141,11.964848969265079,11.926230430603027,11.931289530365303
757,12.437647964431449,12.439684124235416,12.43962331922017,12.445066700319954,12.478990658290998,12.48796272277832,12.494921042583023
758,12.351751419252768,12.357980715940014,12.357372693489785,12.36557518000743,12.335305607911089,12.313070297241211,12.308704985230621
759,12.31693414384057,12.31326663410558,12.313439826698158,12.306709495642083,12.279063259260228,12.259493827819824,12.302030352147055
760,12.316678972161798,12.312117321205731,12.312342779524013,12.29858108932515,12.297816939640093,12.324446678161621,12.3150117115836
761,12.262173873345255,12.276481360703428,12.275458598855902,12.25838843194379,12.285102348528687,12.299196243286133,12.286629373320016
762,12.281351614485029,12.279231406638866,12.28011576763182,12.291354403180176,12.325502589158472,12.318419456481934,12.315742756241082
763,12.316410959068396,12.317620516787846,12.317545016614947,12.323016093873616,12.319522534069375,12.342714309692383,12.31153022481325
764,11.841401734156788,11.855153780123524,11.855120031148303,11.82850740459451,11.858092093596264,11.917094230651855,11.86441274193145
765,12.364715658845723,12.382345375402924,12.380349693870414,12.427887809039124,12.333275657520563,12.400471687316895,12.299516431034961
766,11.665891945214447,11.688090317176773,11.687591424246396,11.66041889421163,11.710315215540254,11.615823745727539,11.548505402238472
767,12.091101313064868,12.087319847806004,12.087425506895858,12.077451340091486,12.080892068757647,12.075479507446289,12.091014150948517
768,12.549301752261039,12.54204714156669,12.542057824069927,12.551539095997748,12.510939465876458,12.53868579864502,12.574510846232073
769,12.033909311635025,12.044222526420699,12.042511485478718,11.993330586684495,11.996416520398943,12.011231422424316,11.984743346382832
770,11.970327758940979,11.97017993592133,11.970221376227688,11.987220412553455,12.03450439416378,12.04349422454834,12.042708969317305
771,11.826265957309735,11.81373648958787,11.814795398709343,11.799386696370718,11.769331779036078,11.707073211669922,11.739333135214517
772,12.604827803040894,12.601652373842413,12.601602960399978,12.625009759580777,12.517616822336555,12.539965629577637,12.576385319872625
773,11.968430089694618,11.960205556598584,11.959961736850639,12.056508358537434,11.954534905201088,11.993310928344727,11.999786516395512
774,11.999237898869895,12.004506304261191,12.003599916751812,12.031927601809084,11.988228846035566,12.003643035888672,11.97203028681509
775,12.267969210134964,12.237501110372866,12.241861641223819,12.150246755451256,12.273937680832386,12.228008270263672,12.238862901169435
776,12.136222803606724,12.150807838204987,12.14935877298035,12.164047246610492,12.174244229140168,12.169519424438477,12.157988785600281
777,11.96031227041445,11.960379937987765,11.959764393084123,11.955328345504363,11.840433269172845,11.865425109863281,11.917909020836243
778,11.696087694363703,11.689014585409927,11.687927031668345,11.719190430949745,11.79564255595965,11.738005638122559,11.702970699807306
779,12.742625668823615,12.73878318522909,12.739065420002591,12.77807252281112,12.801535780483945,12.82752799987793,12.769091123319049
780,12.11539742873672,12.12205845013793,12.121357256139703,12.199723238991728,12.209630566925737,12.197440147399902,12.21059349686591
781,12.569316242033937,12.564376170841502,12.565098348643707,12.577549290858677,12.571054203837946,12.550152778625488,12.534361010439966
782,11.934623439973437,11.948012128659613,11.947132709900178,11.962529593079635,12.006010683179792,11.98776626586914,11.988072154622959
783,12.203599980435177,12.199711596299684,12.199711596299684,12.066309659056035,12.217842776843346,12.229681968688965,12.22150735234927
784,12.03174202020296,12.044646736084013,12.044646736084013,12.067967274616079,12.02394463503363,12.031378746032715,12.046665096417284
785,11.918941165347215,11.905296449826638,11.907415025853776,12.2144080894739,11.928092955973995,11.938082695007324,11.916329391582513
786,11.454738707541416,11.444495744141832,11.445202557618783,11.502904691878094,11.483730765679738,11.479732513427734,11.51324814444873
787,12.283890301133727,12.278753335244028,12.279016536793433,12.243025802114149,12.25079877571173,12.253539085388184,12.247379281045154
788,11.929599926279504,11.937874192283545,11.938740489986085,11.92956359498577,11.998725341075868,11.99599838256836,12.013270220720512
789,11.797967887168301,11.797341514880808,11.797331702430691,11.777194275710405,11.804206156525021,11.785219192504883,11.749124438184943
790,11.890382539485739,11.895996604097649,11.894873188374126,11.94018241094173,11.867415759806692,11.855156898498535,11.86437445924149
791,11.983169150387072,11.995028945854266,11.99295331876468,12.038702383181423,12.058288352738412,12.042425155639648,12.06295039053824
792,12.14565770801818,12.153623697124287,12.152290821040244,12.134233868803285,12.089341434542781,12.091079711914062,12.076229904694964
793,11.810977027331488,11.817963446647363,11.8177534941441,11.877728214200364,11.706581914724648,11.649775505065918,11.593544991516902
794,11.810857642860627,11.820433402327843,11.820215612966175,11.821607690283907,11.792909686477042,11.747162818908691,11.77065328187437
795,11.883914206795938,11.879077051578577,11.881551437194734,11.90804675549513,11.96198752865872,11.914030075073242,11.876860302326602
796,12.145000383308117,12.147166544476823,12.148066536514989,12.140967501156773,12.222415022885789,12.238564491271973,12.213530035186942
797,12.22169658666453,12.202671523416004,12.205442681872107,12.255711921491578,12.25902916607117,12.243130683898926,12.25576610629858
798,12.904924301174283,12.90076696246531,12.901200826544112,12.877090809144365,12.882678538039295,12.92710018157959,12.939840464632637
799,12.716035897740774,12.72520982789412,12.724712972744387,12.698008676423303,12.662779396976168,12.691174507141113,12.642305687649955
800,12.661185062415223,12.658312673468737,12.658312673468737,12.646984143669348,12.727232289063895,12.729203224182129,12.742128872926827
801,11.884800754738386,11.907114426253205,11.903085029228198,12.021979530455042,11.888169804430136,11.866643905639648,11.846869088115394
802,12.39969510182431,12.367227515662448,12.37028208124082,12.370385409341582,12.305501539075749,12.307012557983398,12.287185709524646
803,12.237589068305649,12.233605252854423,12.23375038666132,12.226687710090346,12.246211182327642,12.273353576660156,12.256978482716717
804,12.574608881376964,12.58594370994293,12.585971032535804,12.539417218829026,12.45171057355472,12.477853775024414,12.453206440859107
805,11.784081117551253,11.784724846376186,11.784743468900055,11.837121742632561,11.808798007639725,11.792057991027832,11.801443317814888
806,12.027445630140779,12.02771506888626,12.026711304135462,12.064679510479843,12.142914054597549,12.088887214660645,12.102094199120048
807,12.55856078142542,12.562593619627762,12.563116423983175,12.558037666074629,12.552878545034874,12.591926574707031,12.55133790938567
808,11.89895829374004,11.907425197758224,11.907425197758224,11.921614764750446,11.896217477503335,11.84457015991211,11.88983901674871
809,12.026649724567841,12.033605989731365,12.029949922097483,12.002706087383197,12.03103878503712,12.040872573852539,11.985972159462598
810,11.956582008612422,11.956814027873335,11.957093799157175,11.98193611431418,12.03014304193362,12.024240493774414,12.008544177250217
811,11.978916846727863,11.979170254951084,11.978571513118885,11.974811174010814,12.010342161441702,12.01614761352539,12.038842338940933
812,12.444459339152433,12.443736461860048,12.444090403602754,12.424236432393794,12.426553531919224,12.424728393554688,12.433690324644834
813,11.867294375358536,11.87319815115942,11.872791634377867,11.872032093724314,11.851209664965229,11.841217994689941,11.856015623380657
814,12.180184947445841,12.18729213014119,12.18645504100066,12.190709923380691,12.209336562821825,12.215700149536133,12.21994136789045
815,11.87957052096548,11.87512470312908,11.87512470312908,11.861492800222315,11.942543021216826,11.96635627746582,11.873110804485947
816,12.102561440933616,12.100963557778268,12.10183311151059,12.052155222557918,11.98715470141689,12.0867338180542,12.057781552848894
817,12.313440515795158,12.30587542945106,12.306343713845262,12.269160742724514,12.274596966982976,12.281547546386719,12.279198288193683
818,12.498596544536202,12.491220038265332,12.492514470663544,12.47061448138851,12.377945150963646,12.428662300109863,12.454497583803297
819,11.978753862661149,11.979979170439199,11.97987434376174,11.958118789311099,12.029349936330698,11.962610244750977,11.98016108501676
820,12.108115279101249,12.123749988473266,12.12311301676737,12.112304144211011,12.152792347768269,12.17353630065918,12.1815476310314
821,11.998171770625857,11.985693620537928,11.987181749289235,12.136742176621231,12.061627854807341,12.015419960021973,11.993089875817821
822,12.273498843100846,12.26148492238644,12.26160673014806,12.276220991809625,12.257647835741293,12.255123138427734,12.27916572288188
823,12.072865694876699,12.06978808091078,12.070646309464797,12.075667100884932,12.135499732439785,12.11486530303955,12.09551489941196
824,12.375819312144689,12.379497473637603,12.379497473637603,12.392302354911635,12.290664901512756,12.315985679626465,12.370982435917098
825,11.816266966876915,11.82698492822156,11.825651513133995,11.804465383645773,11.944124019781215,11.926713943481445,11.945163280843115
826,11.455587111618424,11.45807440161296,11.455908865090741,11.51617275159255,11.51869891930549,11.538846969604492,11.563866825782153
827,12.557305504551938,12.552402396905178,12.553059012278618,12.531737250247183,12.58165509722163,12.579266548156738,12.52020098735922
828,11.806536175253102,11.789945117681386,11.791127089677467,11.761745799860957,11.590301544370329,11.568078994750977,11.577363183716912
829,12.102777663576552,12.089848050383347,12.089848050383347,12.148006674101719,12.06688513328765,12.089754104614258,12.120087399218152
830,11.995682195982273,11.997416422563022,11.997546881066127,12.022385483262287,12.008478107919425,11.995584487915039,11.992059914336975
831,12.569466772051445,12.58304362520881,12.581889450268871,12.512925596525609,12.598085183837945,12.594430923461914,12.626656859281484
832,11.912275445974123,11.942832924395884,11.939444674274982,12.190244775920826,11.859935117919719,11.86911392211914,11.846676226889059
833,11.62194056079943,11.636279277858044,11.635114754880938,11.76852262009746,11.726317843432838,11.704571723937988,11.669004236280697
834,11.933668164002688,11.937444797002916,11.936718059504887,11.955742042631066,11.966165617228233,11.93797779083252,11.957379441493849
835,12.107303182877164,12.119937506482787,12.119477734518625,12.070646988419954,12.191191700642921,12.15312385559082,12.185497972496696
836,12.264543744897392,12.259365107116453,12.259661702727605,12.21877762424386,12.218703828801237,12.245129585266113,12.238446856672065
837,12.383503217271622,12.386391123289663,12.386501351340682,12.395578290252134,12.40597919136754,12.419145584106445,12.402189304036582
838,12.302826976987632,12.307000982113959,12.306199649064668,12.310165654316693,12.269050120545076,12.256134986877441,12.22973600917726
839,12.032915761408102,12.046197448083971,12.042929255405472,12.100803229225933,12.059755396930115,12.131839752197266,12.152006794398348
840,11.718608087241508,11.727064482008974,11.725999968931887,11.8784541256471,11.762873921601019,11.733677864074707,11.732804643379378
841,12.047489356294157,12.037147879628511,12.037973146930241,12.031896650872234,12.035199414265414,12.019303321838379,12.01576836356124
842,11.704615112775123,11.672327950906858,11.676005087554625,11.64583709615835,11.542115520176454,11.45100212097168,11.505005539639912
843,12.121947922956299,12.13498196687754,12.133747933048069,12.1341212853939,12.10543075599068,12.120357513427734,12.205018633413825
844,11.934853955427146,11.947037681667977,11.94494421227751,11.957638341773432,11.990706524210767,12.00015640258789,11.975887422110087
845,12.016650925207532,12.019909247648787,12.020129719392585,11.992752263604846,11.987363694583385,12.030693054199219,11.969074793099447
846,13.037429755908548,13.029802956738695,13.03177430659005,13.09743475146937,13.082758354113318,13.097799301147461,13.082837571492341
847,12.346851998732465,12.352613076983754,12.352613076983754,12.372884174772903,12.513353669875158,12.4039306640625,12.43170851856531
848,12.41875996668848,12.416849576292178,12.417808481772994,12.126706270845569,12.36281227516184,12.398076057434082,12.411204015538203
849,11.885337117658915,11.899518570695758,11.896962857440577,11.879073534053106,11.898390259188464,11.918648719787598,11.90200368176751
850,11.843140316218017,11.841100750778622,11.841371422500563,11.850642695846776,11.801690861609362,11.764606475830078,11.76966535159591
851,12.132518691344645,12.121608677991064,12.118244594389635,12.055761360085409,12.110102445485335,12.138957023620605,12.179396988543584
852,12.135958949912451,12.13411596055921,12.135984048081884,12.12078991373181,12.057091565828948,12.10067081451416,12.07461490925557
853,12.455983531680992,12.471308704727019,12.470276933253777,12.464281119649762,12.489628324169576,12.457330703735352,12.442208021402276
854,11.440581342590228,11.439945656626547,11.441127366603636,11.6144706365476,11.466082258463963,11.414992332458496,11.425736070717132
855,12.089384750179049,12.089034979430412,12.088819199217031,12.053372788689781,12.038140108784289,12.045127868652344,12.036017823795092
856,12.060267323861556,12.073385329881877,12.07288499915167,12.062440569318161,11.978684393300043,12.076215744018555,12.06787291476109
857,11.959357573991499,11.968170455624795,11.968485719339471,11.982898913567327,11.970050196244134,11.962542533874512,11.961611801917545
858,12.342462874785106,12.332291752672973,12.332291752672973,12.307781490387889,12.246236673606294,12.238460540771484,12.24700230367394
859,12.841131558267461,12.824473224467722,12.824473224467722,12.349152248970642,12.827439166585599,12.714259147644043,12.707144221969468
860,12.432901030614623,12.438769956716593,12.438296629764576,12.420721952057058,12.426429048357848,12.482481002807617,12.478716559757588
861,12.517335308777168,12.521669489924493,12.52161969236244,12.137132454041074,12.402262695583833,12.33505630493164,12.373985524919423
862,12.608843881941954,12.600212851046585,12.601043428758967,12.580683207116506,12.583723725954865,12.542475700378418,12.615555928836125
863,11.732518036684615,11.734674653534748,11.734674653534748,11.746729858218856,11.670400568291843,11.660179138183594,11.61772141764831
864,12.695302908978007,12.714724194868626,12.713485389321264,12.63165826772798,12.561433125849288,12.61008358001709,12.59905444008202
865,12.289212207815256,12.28301721949036,12.28301721949036,12.129381079767708,12.247558935918464,12.258930206298828,12.25412063762501
866,11.741258467611843,11.740372195958901,11.738766736958576,11.872697436332308,11.767641169580976,11.758774757385254,11.72209580815359
867,12.315983500473916,12.318202781130754,12.317965547035952,12.2965217474353,12.299078269005397,12.331853866577148,12.32618739996097
868,12.289628770388042,12.289312088339134,12.289027772928675,12.310578028959952,12.353477292016546,12.304576873779297,12.30184787686874
869,12.288931726746021,12.286265688709479,12.2865458480728,12.26097846701298,12.15410405018844,12.230602264404297,12.237619729728511
870,11.967186505571243,11.974616251235952,11.974286814215153,11.97323542876349,12.018001068742468,12.000263214111328,12.000126226855048
871,12.10586500154935,12.107028762518809,12.10724192611926,12.040800282255958,12.140931685981073,12.146705627441406,12.140488167979322
872,12.01941120409844,12.026990036951796,12.025804906071393,12.013888023195308,12.051181765723218,12.03816032409668,12.035978446989372
873,12.5672975873573,12.561450802003646,12.562468313949244,12.5392376247773,12.556007015568056,12.49830436706543,12.476684622918912
874,11.80431693906627,11.795143021957154,11.794358399652594,11.760917888698511,11.792071238051749,11.836140632629395,11.810517602029453
875,13.085806948773763,13.087460599763197,13.088318333102933,13.099192413526954,13.01708242165423,13.118021965026855,13.14471828252279
876,11.93651347175123,11.93397872940795,11.933628124061038,12.02132564858338,12.017966716416549,11.971126556396484,12.010894152554592
877,12.01153191569833,12.008412829685644,12.00867650620018,12.26073408288216,12.088047104993555,12.092241287231445,12.055149292162131
878,11.954323375258637,11.950286655851446,11.950795082015265,11.971363430141523,11.919882776560408,11.887812614440918,11.935547718561741
879,12.112939455844767,12.092470174703186,12.094797458406587,12.084545290419964,12.082598291220677,12.057995796203613,12.040650035014412
880,11.916496857056696,11.93175074529333,11.931285203212473,11.91832796951191,11.95967825824109,11.984405517578125,11.986585095867108
881,12.210199330787487,12.214165534044861,12.21374387902765,12.095304482759508,12.242015604863424,12.188477516174316,12.190953449912653
882,12.106522377419296,12.127500682786733,12.125820610887898,12.148548656272157,12.08831842076671,12.06360912322998,12.099393137922267
883,11.84721302057664,11.847522307570184,11.847202983041818,11.786029338788547,11.891330850064515,11.919485092163086,11.939059388583981
884,12.44208337525348,12.4290744625486,12.429806444183805,12.407228635639573,12.303265662006007,12.309769630432129,12.33653761128404
885,12.340331983752916,12.33479684664678,12.335419827288336,12.322799614365461,12.287563980135438,12.249369621276855,12.266552878351495
886,12.154423683062571,12.17402220235345,12.171869889762597,12.041998495494164,12.16293910526311,12.198159217834473,12.211180888916035
887,13.182571386166131,13.19729004234605,13.197175061685641,13.196709141026295,13.168341103973786,13.090699195861816,13.062181330540485
888,11.716646188480716,11.722535599793328,11.721057071173966,11.656957735220486,11.721658228372887,11.646283149719238,11.664708011982635
889,11.924437604955846,11.941689047893993,11.937827982984928,11.936132792497718,11.946667621617506,11.969642639160156,11.901024062870055
890,12.380997738308542,12.41041693081629,12.408099248339388,12.228747493086564,12.34734616517326,12.485648155212402,12.453005412144453
891,12.517622083947323,12.513800956807447,12.514900558727074,12.498805155967492,12.512706363763984,12.4993257522583,12.507111609323767
892,12.086355813605884,12.082636847272983,12.083457558595045,12.098763610725356,12.01227470044272,12.09726619720459,12.072225074537672
893,11.918334042389562,11.93233585886393,11.93233585886393,12.07706499120728,11.948168148692329,11.936822891235352,11.948599156749326
894,12.308510539804734,12.306511448639188,12.306064263839447,12.30501891024738,12.326987883716797,12.296540260314941,12.32790867484218
895,12.269215801926673,12.269249587184238,12.269231564283531,12.262414135684569,12.265527966191145,12.30065631866455,12.284960312152172
896,11.981758180219652,11.994363874413798,11.99351270070941,11.996038864068147,12.023199997117871,11.992591857910156,11.99718658577438
897,12.111368630733528,12.11924538508144,12.114876386690517,12.040282134586567,12.049543609359691,12.07806396484375,12.083427672141923
898,12.423131383275296,12.423510680609562,12.423604952932587,12.369878490129091,12.380449325238477,12.383953094482422,12.42411187234004
899,11.474610884931623,11.466685326593623,11.467006110367015,11.645292606154241,11.433075559073025,11.398698806762695,11.479203337610578
900,11.980178918268553,11.973542360360371,11.973542360360371,11.957004149209363,11.966814702623063,11.943233489990234,11.885337238770315
901,12.18421739235834,12.19512789096459,12.194920849973432,12.274635369994549,12.246930364975855,12.108786582946777,12.15328298492237
902,11.77390332172448,11.792765348537936,11.790533325480755,11.80647602471413,11.85950938107003,11.851752281188965,11.848646579172796
903,12.61328344797828,12.607526035255498,12.608267097647559,12.604575706365974,12.5599701901339,12.613242149353027,12.586072101120697
904,12.018203612166408,11.997975573124556,11.996453224963714,12.202331733390324,12.053630266066671,12.088691711425781,12.06764044756659
905,12.049690030946408,12.044776939344548,12.04527621072946,12.02835064555486,11.9801576559698,11.98386001586914,12.001471391040182
906,12.694445634184772,12.700697033912066,12.70079954737054,12.676666138342826,12.613401334824243,12.70801067352295,12.68331313150472
907,12.364583644748802,12.348164548437547,12.34812426651646,12.326984645412374,12.308212977796282,12.380207061767578,12.355608386440114
908,11.82530983680265,11.841298433774044,11.841298433774044,11.836108385096741,11.91673067051462,11.900683403015137,11.92983757206034
909,12.189824929062908,12.185610918110482,12.185936131150537,12.25331169781353,12.126547984017966,12.186887741088867,12.219663513246285
910,12.736529447458421,12.752914169167036,12.752578521696478,12.708957024116398,12.841800045035036,12.799583435058594,12.77340697470542
911,12.20009598172148,12.200462119787,12.19988039547621,12.187130724286138,12.239548349015173,12.228692054748535,12.249823195747036
912,12.266349781311474,12.26378839516213,12.263307478524046,12.202195955412622,12.188533853451982,12.185288429260254,12.171250440897321
913,12.216397939841862,12.225830335543034,12.225456492091684,12.20982642603476,12.226925802878535,12.277470588684082,12.240782500366658
914,12.151793542869134,12.143663805047941,12.144812602364762,12.200220674517645,12.129806219057825,12.07766342163086,12.085607884283359
915,11.523750743184582,11.517266565840957,11.516024875363915,11.806476969033312,11.653606047333636,11.557130813598633,11.579520697710343
916,12.76677959920234,12.760319214215075,12.760319214215075,12.793136043542708,12.7807119519859,12.78966999053955,12.830898092713168
917,11.852009027429812,11.849272997602931,11.848531038771926,11.841271056984432,11.849039383633588,11.842984199523926,11.808925215764715
918,12.346590875447392,12.359302374564821,12.35807502060404,12.307225962754982,12.305994150364995,12.339447975158691,12.33443363398823
919,13.010676248464893,13.00916050395886,13.00899740023403,12.768274987028914,12.965205901053412,12.952164649963379,12.974020940033268
920,12.313489363064418,12.318503086896902,12.318092753550632,12.32873447077619,12.340229069686009,12.327183723449707,12.328784736461387
921,12.34449819379387,12.371357044725041,12.369263632737235,12.347377149575797,12.368924020601563,12.404155731201172,12.368198548532439
922,11.975540136077521,11.978132375805611,11.977553897764176,12.11287081896748,11.872189960468484,11.886564254760742,11.875914749333031
923,12.370793425499444,12.370427484260356,12.36989662991513,12.3714364262773,12.389925250239106,12.423163414001465,12.40897401396785
924,12.113228393806734,12.125776636081685,12.124612489295599,12.066065960206682,12.108039108862446,12.101494789123535,12.13140045574928
925,12.45070346291481,12.450131373120588,12.45024777653634,12.419421979222104,12.460636643120328,12.436702728271484,12.424424427841119
926,12.107722173841589,12.096540327709272,12.097000677707774,12.055444101462234,12.098646794036972,12.133369445800781,12.137435267549668
927,12.257132015783421,12.247434588375002,12.248528286948497,12.294779847319749,12.248951242343718,12.291069984436035,12.242417789079274
928,12.474828460031487,12.473855657567473,12.473815752083418,12.442038893888842,12.457821165026134,12.469670295715332,12.48209570312112
929,12.467282170616357,12.464215136920217,12.46471953094146,12.474759819983635,12.452809944284255,12.45986270904541,12.44809214550876
930,12.41642551059712,12.413679554350619,12.414001567747528,12.42126310114703,12.380703412253995,12.359761238098145,12.402593866317696
931,12.056148357766277,12.052908084335382,12.053919470452305,12.076433937056715,11.955772957828794,12.00218391418457,11.969779953199776
932,12.045294540621827,12.041327099189612,12.0419686809803,12.054658223311648,11.976705706981177,11.966318130493164,11.972179443530813
933,11.871810445529412,11.874221256239156,11.874302682560051,11.919550520665911,11.864636793015817,11.951119422912598,11.917712707659811
934,12.49358616138503,12.490167266617672,12.490215519036832,12.459153216383463,12.475734933872559,12.478144645690918,12.47048985220949
935,11.936513421937567,11.941724562200758,11.941317462887437,11.960826863200433,12.088639612224636,12.033575057983398,12.022014338066418
936,11.71022185986928,11.709312985281816,11.710218277664561,11.669735767536569,11.764912997876067,11.754155158996582,11.773261431388486
937,12.783154740914746,12.78059864214313,12.78059864214313,12.782003140088076,12.807556280504336,12.848111152648926,12.852832664711913
938,11.38075013925325,11.361492987877776,11.361568778481086,11.382549506285883,11.276455880525736,11.321548461914062,11.397019347018729
939,12.761186577704969,12.757894367376426,12.759556248208185,12.765521716625628,12.8114132554267,12.805935859680176,12.865333715357373
940,11.879489551236496,11.903558063606209,11.902487209121524,11.906953703239507,11.839921075211672,11.880112648010254,11.88291037137547
941,12.049601456011905,12.036678812080735,12.036678812080735,12.18740350750576,11.928668048478693,11.963285446166992,11.974227657442421
942,12.052625624181696,12.0350237024778,12.03643825562326,12.137499247410638,12.018938871382392,11.985564231872559,11.934638115771715
943,12.047241366677218,12.054110046947313,12.053289372663537,12.038811304002863,12.071908299856792,12.098832130432129,12.097113886272048
944,12.1486517334721,12.143520488395357,12.143520488395357,12.161775684374685,12.129230814067048,12.113456726074219,12.167375868333917
945,11.941171477793024,11.92199107837892,11.92333077711209,11.886923228443944,11.877096220465706,11.893732070922852,11.882021603649974
946,12.081262583652556,12.067381810126644,12.068809053329051,12.094786955163825,12.052088843583629,12.081097602844238,12.094308192811752
947,12.410421214767398,12.39843138706116,12.39843138706116,12.43071894046874,12.440803514019201,12.339998245239258,12.367922605259707
948,12.138245730585043,12.161543747869509,12.16066123245193,12.182090310458706,12.121047324525042,12.108275413513184,12.168896730212188
949,11.820667446661794,11.803048981314344,11.803048981314344,11.883740338606467,11.910880815609687,11.923686981201172,11.876928935038933
950,12.288698355356678,12.295605735803745,12.294447685924935,12.184347848055326,12.16290607730864,12.203423500061035,12.185639273843684
951,12.1963586147514,12.178681077591639,12.18035253517477,12.256126889590972,12.234909187360143,12.241361618041992,12.273498468580504
952,12.34263480820852,12.332087115894165,12.332459710084713,12.37678345051132,12.328174044299079,12.384621620178223,12.347290414277794
953,11.94269159673062,11.956178313391534,11.95376128583159,12.030183579701813,11.952483443840457,11.977980613708496,11.97518508213512
954,12.07048779400738,12.073402162590487,12.073367709109466,12.0756616058179,11.995504695240776,11.9347562789917,11.934139865316599
955,11.942092248958124,11.965354422763829,11.96366239415618,11.938170032054364,11.989649587733227,11.97663688659668,12.032915079187136
956,12.00234053538056,12.017921669043435,12.017434111634302,12.053902417706158,12.048168607951556,12.055741310119629,12.050523854279845
957,12.4774341621237,12.48497258135063,12.484419738193983,12.461587488384653,12.449751178850812,12.464334487915039,12.473106907483276
958,12.144439767049551,12.144112057549323,12.144057767485934,12.149791937805638,12.08331479790506,12.11935806274414,12.09846976264804
959,11.536471877153595,11.536513075193211,11.537904294583251,11.543830508609776,11.562148850455017,11.545382499694824,11.485493359740557
960,12.605849037334474,12.616240463368035,12.617159613979265,12.489126123905457,12.559933325287622,12.55191707611084,12.556485991640486
961,12.146881545613587,12.120653879584584,12.122637098880503,12.008810436131414,12.057485033573249,12.088618278503418,12.08090771333963
962,12.204450442894771,12.193162525485508,12.19317622786884,12.363225745732777,12.243968364325356,12.220842361450195,12.233803885768065
963,12.306116875009815,12.303321421564442,12.303321421564442,12.330507278529895,12.287968657002882,12.324227333068848,12.334070530185969
964,12.30913477525792,12.28392356072069,12.286295180177682,12.254722744752817,12.420092803627067,12.349671363830566,12.43081320307199
965,12.435281366630058,12.432744143823594,12.433588912379477,12.452690292814458,12.44679966202635,12.402142524719238,12.440249828688266
966,11.821515572210402,11.820771388488733,11.822347230009406,11.348012456296134,11.917555485357038,11.908556938171387,11.888788511837914
967,11.884042077014712,11.888354074474224,11.888354074474224,11.916312696829628,11.901241814753122,11.911961555480957,11.888461979799793
968,12.2046306796097,12.19791801938378,12.19820549109352,12.224959366732495,12.205997703924403,12.21336841583252,12.192062549718404
969,12.568399232985817,12.575021622072304,12.575273170988508,12.565500107979995,12.533744411623752,12.553807258605957,12.565509523260907
970,12.550259597747084,12.555310910842714,12.555651679940672,12.561438883347988,12.498974994282197,12.486104011535645,12.540742489899975
971,12.110627419318183,12.110613941824871,12.110413026495344,12.11223628975958,12.123215982994418,12.13521671295166,12.146888627287021
972,12.082733097727335,12.08840819918937,12.087644197303387,12.084852790421184,12.087874094730541,12.084343910217285,12.055453734508212
973,11.755740224350783,11.759665785260825,11.759095678133928,11.772638393783835,11.76137716943221,11.732809066772461,11.724799555501464
974,12.009863158404645,11.993149690553903,11.995792216228606,12.003280439932919,11.983406695983009,11.957859992980957,12.016274960431927
975,11.95675359563464,11.962514258046763,11.961462178269972,12.010317385223473,11.95724982833034,11.957244873046875,11.965083647613426
976,12.532939763164986,12.526400329197116,12.526847686329466,12.543235771005055,12.520096510784592,12.496586799621582,12.535707038844162
977,11.93053513091162,11.89931566772029,11.90200258459121,11.844828831813858,11.957153739114611,11.906950950622559,11.914055536571997
978,12.682792022783971,12.682886784852087,12.68355274039364,12.680974679596506,12.683659305708051,12.657564163208008,12.629429474737869
979,12.462662480849184,12.474629190775428,12.473604707857213,12.496196040505701,12.46163114811984,12.475419044494629,12.460938509481448
980,12.345960632991794,12.322545515394657,12.322545515394657,12.333524474742772,12.24918809601211,12.307450294494629,12.332020700550162
981,12.76444735862005,12.75518232300188,12.756538263503751,12.788884738366344,12.720734505444542,12.7533597946167,12.751345060336119
982,12.193112716967558,12.186514553302247,12.186854187270292,12.145139549691171,12.098887589705095,12.125260353088379,12.146044664977916
983,11.9101197271454,11.907138343250534,11.907294800076592,12.123131902304099,11.911573855078576,11.86092758178711,11.876898022303006
984,12.914006857694705,12.908265277184421,12.909235154787368,12.83016942979652,13.084084173822065,12.990601539611816,12.953664900134882
985,12.066659342765343,12.073730370225686,12.073730370225686,11.958197732517759,12.093644893053428,12.154142379760742,12.063285698946268
986,11.959811140884383,11.93863334898003,11.939488259009694,12.129023008266488,11.966038479913855,11.95125675201416,11.941259075148198
987,12.451716291577895,12.477724804183136,12.476475168556203,12.132598822231108,12.215269167855768,12.231833457946777,12.190719652405944
988,11.888630197311928,11.890847092493306,11.890847092493306,11.888992873804032,11.85687819885966,11.887843132019043,11.892500210139653
989,12.99025850037816,12.975438874002185,12.975438874002185,12.6031203954992,12.679166478709174,12.672246932983398,12.745296538632584
990,12.439018763377655,12.445181712184672,12.444253348985304,12.421369829556749,12.424003787886134,12.451177597045898,12.445470583107161
991,11.969902604686206,11.95952774335371,11.960292896467111,11.946045923523327,11.949533824737562,11.95400333404541,11.991237967364777
992,12.112448900210241,12.12731842658074,12.127083452331583,12.23435052942185,12.104926402955323,12.150028228759766,12.117183684245283
993,12.386262867059775,12.383723002240073,12.383815692013478,12.29335141412536,12.34002701933072,12.319117546081543,12.35784384880704
994,11.886558223715824,11.901320305806193,11.89963473648234,12.037704254731578,11.888231482231587,11.868518829345703,11.914993846869264
995,12.842796811260525,12.840287476886198,12.84021054553347,12.873755105108593,12.871496128894023,12.850723266601562,12.917355066058658
996,11.93373412181466,11.931712506875423,11.931914235132412,11.927606203326393,11.966796353140415,11.974271774291992,12.003652162264292
997,12.430984699915255,12.439366024742288,12.438952347020667,12.422189877657027,12.423927040852156,12.405779838562012,12.432736970361054
998,11.992892420634387,11.980988147423862,11.98108077466899,11.994481062922823,11.99050861716408,12.01485824584961,12.018050775854956
999,11.750302995128653,11.752798063514563,11.752289637510572,11.750312841569059,11.763968657892224,11.751086235046387,11.773652737371604
1000,12.236669384422473,12.223607673548091,12.223607673548091,12.210229372900255,12.253100029586296,12.216991424560547,12.250710376154162
1001,12.323430094029122,12.327978566433831,12.327529612346137,12.295234572075003,12.301420086549056,12.318058967590332,12.319926916139327
1002,12.558262822374639,12.555108710804866,12.556215793196728,12.549900976894644,12.509830352962672,12.489127159118652,12.497402494653329
1003,12.560994699352428,12.579115844055437,12.57818130475003,12.566318824701542,12.592779095363221,12.611959457397461,12.631493772921033
1004,12.030546539631242,12.0320894216033,12.033140877683513,12.03752691928036,12.096315409152878,12.13442611694336,12.123784163963094
1005,11.90553681478497,11.908183692539685,11.906604686997602,12.13029813599704,11.982615392881565,11.923131942749023,11.916090464723444
1006,11.670295547543104,11.64772462608991,11.649986743256028,11.604535848009265,11.736570944538899,11.654703140258789,11.71131495036119
1007,11.816021429583145,11.813588532792467,11.815548156653648,11.826939901502524,11.836522080147931,11.847182273864746,11.832601245182333
1008,12.548204061034706,12.544462536432533,12.545032210308985,12.545155335105784,12.506174625538431,12.479362487792969,12.427608711901602
1009,11.869025500979859,11.876677086900875,11.875048121701514,12.264054000094603,11.865014510717707,11.900753021240234,11.857763415471213
1010,12.595606291462285,12.611775455527237,12.611421048290607,12.544974301091091,12.456567227858285,12.536831855773926,12.56991693207564
1011,11.605476476269793,11.599990111905282,11.600067990846268,11.59748491472389,11.537177768122513,11.516632080078125,11.555319368131354
1012,12.360991456048463,12.36800976140427,12.367489738074303,12.344207735012576,12.388485802149722,12.364998817443848,12.364397258445317
1013,11.899702398878413,11.90303033893127,11.902097967670473,11.966234853086256,11.967499503866188,11.969194412231445,11.991703898442339
1014,11.696806340753467,11.680196222044888,11.681577805679323,11.636740406985751,11.524286172322537,11.578251838684082,11.541927813123355
1015,12.156381130986421,12.14985366590466,12.14959093135778,12.289741578473839,12.164836160050598,12.076699256896973,12.080394396576379
1016,12.271924455127088,12.267726097466934,12.268845297963848,12.228278515316392,12.278806630378105,12.238142967224121,12.233476919616916
1017,12.378539812481336,12.374319371323994,12.374819594419758,12.363891092064428,12.365726133020988,12.351313591003418,12.356628518734004
1018,12.734109280921311,12.731451195722634,12.731457960460862,11.935280783850327,12.638839168538077,12.668315887451172,12.641439854730885
1019,12.12851159969558,12.117611889156723,12.118201332058769,12.206528440466982,12.09312035861841,12.064325332641602,12.064879576852128
1020,12.034238524876343,12.039251128298094,12.03834666581875,12.053477797861861,12.074184233303454,12.016314506530762,12.056259646747804
1021,11.650276492967834,11.626516471525534,11.628725312691493,11.722556417656028,11.604634269079602,11.642452239990234,11.549814670736879
1022,12.111356084880542,12.117625966608612,12.115960534789279,12.147633177436672,12.14657017480845,12.073633193969727,12.087540113516425
1023,12.655779417658733,12.643017015023982,12.643404957410983,12.659869287168647,12.70261376176204,12.697064399719238,12.750509141452687
1024,12.475244359618394,12.475351898070137,12.47487927341895,12.455458378865242,12.542364371116875,12.522095680236816,12.516982373326304
1025,12.051871882973668,12.056460419468383,12.056460419468383,12.065492124785127,12.161433953438252,12.124914169311523,12.191411622119618
1026,11.586677300172108,11.594061460069815,11.594529044544192,11.619505262173563,11.634903001638266,11.617616653442383,11.595364707599149
1027,12.59170887758358,12.572116620660557,12.574054020026898,12.547136160552347,12.569812428493925,12.591487884521484,12.545401463091055
1028,12.747074030074828,12.717137619611995,12.723784886370272,12.655109356928918,12.654565529051256,12.624692916870117,12.678181999431695
1029,12.477024014226346,12.480039162165362,12.480743959361465,12.457668010094059,12.463964893107303,12.41788101196289,12.431337310554865
1030,12.283915498237008,12.280177591461662,12.279931087228775,12.28332082271681,12.241242288369698,12.224966049194336,12.241902733090944
1031,12.245710076679213,12.231032990448467,12.231032990448467,12.218310271243691,12.226389576671671,12.249945640563965,12.291902623601873
1032,12.780845718722736,12.769382203355555,12.770349348382553,12.797199139663277,12.874024160837878,12.855118751525879,12.88333651679988
1033,12.748978265250875,12.74474803876405,12.74471345213712,12.772298001774764,12.80255892923201,12.803753852844238,12.869205735878525
1034,12.074536482939514,12.074228386214505,12.074824856760568,12.090043370336383,12.070461129292406,12.020225524902344,12.030122101906107
1035,11.66619256603256,11.676448111685783,11.675974115068191,11.612765223679968,11.580737234055844,11.587650299072266,11.58712425787142
1036,11.835361949392789,11.812214662109882,11.811293457841264,11.783922590764782,11.781297768353864,11.856653213500977,11.867179528736113
1037,12.397593791341649,12.398911841097219,12.39878216914087,12.402636805714273,12.41226869774155,12.480127334594727,12.456291550522197
1038,12.806323369637694,12.794246826815236,12.795495836661914,12.365144717167748,12.80166880478466,12.791757583618164,12.771679344408899
1039,12.00208499791909,12.006795706500828,12.0061244997234,12.011527391084787,11.979701432492858,11.999104499816895,12.014027016113898
1040,11.338853679308937,11.285353329526092,11.289391701051287,11.10903873697298,11.524807409965337,11.47150707244873,11.542566265066313
1041,12.284077682933368,12.291110077610677,12.290824684019036,12.283366845093312,12.25471461749205,12.264948844909668,12.254589847861924
1042,12.423282898820897,12.416734682433788,12.41764345472001,12.413763694142942,12.408006739062378,12.4277982711792,12.402759491128482
1043,11.912890986531947,11.891528897695348,11.894029094601791,11.939847891621012,11.836175445911595,11.867070198059082,11.901191890810082
1044,11.826638770391336,11.832782180722786,11.832782180722786,11.812672541929334,11.851561542486387,11.839237213134766,11.80793493510842
1045,12.486877360335983,12.493513582301334,12.493325850835593,12.536926566291068,12.489671994349722,12.495769500732422,12.467657277402537
1046,11.620745082767542,11.618541638692468,11.620626151120069,11.28455924195038,11.618725528125731,11.67646598815918,11.594187091670385
1047,12.274626697882498,12.27309363458259,12.273238928685506,12.246652771605113,12.336740866718362,12.255425453186035,12.265182592464777
1048,12.313221328634713,12.314116564469328,12.314602243385515,12.320137317324766,12.286823300987585,12.350062370300293,12.30766361555347
1049,12.026088130667738,12.030079625069012,12.029020172887025,12.157729102243499,11.961736205194843,11.970314979553223,11.984111835128761
1050,12.015644587350362,12.010807568435393,12.011029091222234,12.016816494534712,12.01016485555271,12.02152156829834,12.027125594488615
1051,11.877232908251434,11.864222754994687,11.864183456052789,11.865911138151947,11.806030725016676,11.84316635131836,11.84868196398769
1052,12.00413337570613,12.010701768294615,12.010785526084321,12.03085120558591,12.00323047491789,12.00680160522461,12.02889237219567
1053,11.8079914724063,11.828919188150364,11.828919188150364,11.982523211382464,11.848183123672495,11.882094383239746,11.863187175822047
1054,11.995881798275336,12.00150905756336,12.001697041038435,11.937848823443145,12.037737993947323,11.991971015930176,11.956312344756853
1055,11.443373483703374,11.44578850838062,11.445959560328285,11.521222954189284,11.490719169743226,11.468273162841797,11.438564978276418
1056,12.001596232414542,12.000535387213844,12.00068064827731,12.159068626290619,11.982525089776214,11.936180114746094,11.97276307334101
1057,12.36439159557705,12.366285904129777,12.366756545365494,12.860276532089085,12.364036926698564,12.319063186645508,12.348596754187954
1058,12.103520640454652,12.097851178321859,12.097707575564433,12.108162258018032,12.098524881506913,12.127421379089355,12.096778134139473
1059,12.603715298719205,12.603351887649293,12.604390853393697,12.651149166848652,12.572025912139397,12.57162857055664,12.610466555671655
1060,11.941598003840122,11.91852933782806,11.919614341696791,11.918667641948744,12.007368747935088,12.019145011901855,11.970717625981772
1061,12.767805648029224,12.740301370540772,12.741242766246698,12.7525813611384,12.688045374567661,12.786330223083496,12.722627294965761
1062,11.969946697998946,11.984736706436273,11.982684880164298,12.156593804957556,11.989714336128115,11.990221977233887,11.997146989054377
1063,12.946001354146995,12.949731457681432,12.9499489297468,12.970087186370927,12.991056977675022,12.990274429321289,12.979963033162283
1064,12.07444961589703,12.063126178785657,12.063969765441795,12.153892012390552,12.054172953843029,12.076902389526367,12.103667868731149
1065,12.968269680061855,12.964548631806785,12.965469907414084,13.019622621266414,13.084620492538882,13.029302597045898,12.93676716292442
1066,12.109060649372488,12.116007972855451,12.115995103108402,11.869619623344041,12.093182269573854,12.096126556396484,12.135358837114724
1067,12.309629061793334,12.308277607838876,12.308196706805923,12.293972927713007,12.286852620708663,12.281905174255371,12.272361853103005
1068,12.215852273528652,12.225243402573959,12.223883794523275,12.19983433909865,12.172194267077275,12.211544036865234,12.21759913698191
1069,11.956037458065936,11.999690049103181,11.996410470843472,11.784498098186683,12.003887557286982,12.179906845092773,12.288357695125592
1070,12.53005583182652,12.530188014013516,12.530509563419942,12.525794021106854,12.52065327057047,12.496200561523438,12.49422401446516
1071,12.009877818679064,12.020374149314707,12.019629138225557,12.031149144128035,12.033308506790362,12.03140640258789,12.067696865417275
1072,12.44168651615826,12.436502065300582,12.43723862501635,12.443839958607988,12.423244599019334,12.446593284606934,12.416165571086337
1073,12.651256982212363,12.65754610597351,12.657368539658753,12.62712894626601,12.659873167296293,12.709298133850098,12.747646578451487
1074,12.121311799877306,12.12466199871125,12.124716145575132,12.130753633507819,12.055165883397164,12.101455688476562,12.103766508093253
1075,12.113059549280168,12.116400703689534,12.116400703689534,12.055448049131103,12.089591544319275,12.061408042907715,12.064376340171403
1076,12.07768073811865,12.088118137886923,12.087136278763953,12.115489229928787,12.062574998552483,12.088741302490234,12.077252022631647
1077,11.969166658945094,11.982815686825617,11.982949407213004,11.868184108595571,11.948354753257428,11.984301567077637,11.976684008834145
1078,12.356558565101553,12.36119424005386,12.360850338619327,12.293288781672834,12.24760161340865,12.26013469696045,12.279562814365653
1079,12.4821810126961,12.475473446201885,12.47576501337982,12.464981856415488,12.452148846146216,12.427495002746582,12.436933563565528
1080,12.055928855182968,12.04844307102891,12.047814775125396,12.06917175152919,12.062907131415285,12.023005485534668,12.055629168626323
1081,11.862914571180927,11.863611815680107,11.863144063718016,11.914901406854877,11.96052461999191,11.9130277633667,11.89077819164827
1082,11.856277385208069,11.869695321817916,11.868607795923653,11.98445271405932,11.848056572183697,11.884049415588379,11.900883596633339
1083,12.6183902278712,12.617235420669138,12.61809440386817,12.85660130040795,12.646103798331234,12.642751693725586,12.64547662624873
1084,12.06272903130437,12.074868383683244,12.074868383683244,12.017859520514246,12.054017544217213,12.010658264160156,12.040406733061149
1085,11.668062935374321,11.672399849470022,11.67235563630771,11.764248839346122,11.6836856048158,11.698563575744629,11.655241657432802
1086,11.755645809780948,11.758140868918805,11.75774776154535,11.756141680817255,11.845915538918883,11.84170913696289,11.835989537088363
1087,12.159836038161346,12.186422073453324,12.183530837704446,12.259182813163761,12.251825016507798,12.183910369873047,12.214486607725231
1088,11.97660560023193,11.988351301556746,11.985975150816076,11.942924648320936,11.940458833489325,11.97348690032959,11.904339995694489
1089,11.906554409682773,11.916791126145464,11.91686580486309,11.887546391143285,11.934841662408184,11.924464225769043,11.918668724730948
1090,12.262129216863121,12.266505890620179,12.26667712822634,12.286852702596693,12.257375431997755,12.284178733825684,12.212191465983283
1091,12.3024033801755,12.303186959360792,12.303186959360792,12.28977476819862,12.280000299729556,12.266397476196289,12.238071305320931
1092,12.048786041780996,12.03283505665129,12.035450091194285,12.126388431387397,12.080684769431215,12.073655128479004,12.081575271011914
1093,11.857091349410027,11.868198092477652,11.868198092477652,11.77476863655653,11.785061122584688,11.87195110321045,11.854374823210058
1094,12.14416681681876,12.147190475067633,12.146665284529648,12.189777421207761,12.12101910899502,12.107294082641602,12.10327879401126
1095,11.762315674607654,11.764121153369237,11.764121153369237,11.774531257422705,11.712723950553956,11.710799217224121,11.714142779275203
1096,12.065750557414468,12.04968290084347,12.051921381447206,12.138663085456988,12.129052236617307,12.088983535766602,12.053870786491025
1097,13.084198589817518,13.090197972751541,13.090213044465502,12.163071497439313,13.03972047765333,13.030640602111816,13.008988309204227
1098,12.136703906754262,12.142213929850346,12.14247382637125,12.142584509272286,12.165391906470717,12.187931060791016,12.183277966167948
1099,12.607784482595246,12.605539826489506,12.605439333276312,12.625558901059772,12.718406205439782,12.660903930664062,12.733816292101633
1100,13.285345955692096,13.26445772926646,13.26445772926646,13.29435885187755,13.288170647276967,13.250569343566895,13.18720229261971
1101,12.00259577563702,12.017131807841428,12.016683097545524,11.966021339900255,11.989677794166557,12.05494213104248,12.079531972292422
1102,12.068863719321124,12.071175184516651,12.07109099380943,12.069173892473527,12.198572707052532,12.196420669555664,12.178225740535309
1103,12.340899340531465,12.339314636219108,12.339026068796183,12.291744627456694,12.281150522380772,12.294374465942383,12.282658541925032
1104,11.636097626408738,11.638273188819364,11.637872033073476,11.716039114031457,11.730451047811249,11.730646133422852,11.724881108320389
1105,12.804433911598169,12.807125149262893,12.808876497213596,12.898072553801496,12.667983122713848,12.729378700256348,12.71236939687589
1106,12.635033528611821,12.61979564982568,12.621873995113534,12.61902130354732,12.538603243019155,12.575833320617676,12.61706467079873
1107,12.240511347482938,12.235152101311135,12.235152101311135,12.250179204181691,12.228067797386057,12.230128288269043,12.227941610980494
1108,11.870227303532616,11.875276196618639,11.875276196618639,11.87864698487184,11.979787180716437,11.966047286987305,11.976379634510186
1109,11.805745804484975,11.873344907039234,11.866448956085009,12.126706909391617,12.03271525399843,11.996746063232422,11.967581486065052
1110,12.367211261555234,12.36023012266849,12.360927701672956,12.346087652656655,12.283414910066526,12.294107437133789,12.29595399282166
1111,11.944979621110802,11.949986311252905,11.949986311252905,12.134256448650945,12.022586317450289,12.009262084960938,12.023283649029544
1112,11.82345241526709,11.842735844937732,11.841013463259978,11.82392360815922,11.813896971447702,11.882999420166016,11.864958469248547
1113,12.347343674229641,12.338660480389791,12.339309787020609,12.359124025566999,12.354701806090256,12.34436321258545,12.366310379367606
1114,11.580578858504676,11.571514580891417,11.570898091729644,11.775124897023382,11.641265246027002,11.650043487548828,11.651947516013982
1115,12.318004955135239,12.310293076945694,12.311067389721465,12.239744619122915,12.238432580278243,12.219541549682617,12.214690572465583
1116,12.152991507794212,12.142940755238737,12.143919172425727,12.1686789545014,12.145962602290174,12.123775482177734,12.124817351528053
1117,11.898286355530185,11.902606141994738,11.902262364887308,12.035748503634146,11.925672740055298,11.912704467773438,11.934015672318994
1118,11.914027490682374,11.913953933465406,11.913955013913087,12.125129725089826,11.958951821700794,11.914055824279785,11.90445445283735
1119,11.986780526685274,11.984111303490144,11.983967765307845,12.039174205709372,11.983637945618236,12.010771751403809,11.990887207986702
1120,12.18108105013936,12.156241440065047,12.156241440065047,12.395669565037021,12.103483928731105,12.042800903320312,12.048047436996988
1121,12.214865016702065,12.218061854609436,12.218061854609436,12.22661985124402,12.213552014614741,12.198314666748047,12.202962937829604
1122,11.684113259128774,11.679099178397802,11.679372141212147,11.72638420496708,11.717884901606567,11.706090927124023,11.682220995612102
1123,12.70219853655239,12.699182605812675,12.70002534675918,12.676933834314944,12.68725913424556,12.707659721374512,12.717519147805698
1124,11.774459842771709,11.7769542486329,11.777656852939456,12.163404152623196,11.864852436232377,11.793815612792969,11.812696015515098
1125,11.97005535503216,11.972985490547792,11.971278797171443,12.033321611707679,12.03393166352723,12.0381498336792,12.023077369558589
1126,11.888700576857005,11.894432460008725,11.891974300006622,11.956396922312539,11.803824422862006,11.818854331970215,11.809372971044766
1127,12.361045288670686,12.363049587004559,12.362849121824647,12.392280595538347,12.376877718076996,12.37463665008545,12.381567828199818
1128,12.389647259675852,12.382878549131926,12.383711783047927,12.379890142551128,12.391936719620574,12.319461822509766,12.339575940410807
1129,11.59040415951949,11.584344504216054,11.583690205373248,11.619047401332105,11.569735185347966,11.582878112792969,11.567541291619547
1130,12.006363572490354,12.010377114751856,12.01049467463997,12.097227869277027,11.963562092575021,11.996389389038086,11.992547318313472
1131,12.21666266843105,12.21430827186326,12.21497834543391,12.306173705458177,12.237672351697663,12.234996795654297,12.169383872362912
1132,11.902255318242148,11.898859688761258,11.895921210322424,11.888751847229663,12.039512958741417,11.979004859924316,11.962897524598784
1133,12.003578352599032,11.991187717085692,11.991187717085692,12.145262163988892,12.031369783564166,12.013200759887695,11.993520092397004
1134,11.67771120107088,11.651938762785786,11.653593743348543,12.170136815938184,11.772951583260506,11.71900463104248,11.687032465508327
1135,12.02952457992641,12.03778838876212,12.037676722963914,12.017658321203157,12.038284874046544,12.021095275878906,12.01918779322931
1136,12.747905470744138,12.744224432102257,12.744624766851832,12.369835567085044,12.77560687083373,12.819013595581055,12.820278676228881
1137,12.174837289700164,12.178237992124439,12.178335644872787,12.157093792368523,12.19870515602944,12.185691833496094,12.180064214562782
1138,11.949561101462272,11.958450363678669,11.958539279591657,11.970726586811365,11.99223883587287,12.020939826965332,12.035350296583555
1139,12.1686537664136,12.168387069765076,12.168387069765076,12.157994793359919,12.172933567847366,12.134960174560547,12.128026486995894
1140,11.891925950452759,11.899190053549543,11.898626463045098,11.930550249928732,11.907844018017919,11.930294036865234,11.930230503249076
1141,11.775175890221215,11.768275598448797,11.76858324064776,11.678530343311534,11.637105597993147,11.730964660644531,11.713924420685768
1142,11.82849499069162,11.832634950667732,11.833266153881482,11.738101797050497,11.866467940676596,11.867034912109375,11.893731743066573
1143,12.243096114069585,12.231443229654403,12.231742955928015,12.342509878628391,12.196444136324086,12.17737102508545,12.195870976286209
1144,12.277547654069988,12.277236167433268,12.27727390585724,12.303133838189511,12.239171480284737,12.25428295135498,12.262700728453082
1145,12.0356034590983,12.04550691876784,12.04508377494597,12.016522535519817,12.002592876944796,11.993206977844238,12.036581737126197
1146,11.9797439296735,11.974617133530606,11.973869482209462,11.954148839408804,12.001337104978269,11.988419532775879,11.98388098257512
1147,11.928714039390796,11.917617642158802,11.919984458790392,11.909899739453895,11.91961935249679,11.964546203613281,11.96695549431349
1148,12.62339793564644,12.614120176912936,12.61510644160042,12.572230094828212,12.61389308040441,12.62303352355957,12.583123468328393
1149,12.09412988356292,12.091743366900472,12.091421604068683,12.112981268008253,12.120516155867014,12.087672233581543,12.074792499432569
1150,12.033821894086314,12.039415059732915,12.039275849702276,12.047782449506563,12.027467329088509,12.021085739135742,12.020719770188167
1151,11.976478318541485,11.963363748632462,11.964213522479085,12.024206182798892,11.929415770825367,11.922561645507812,11.892375704888012
1152,12.303556037260643,12.29562788602714,12.295988784791836,12.109821615231215,12.205759205753685,12.252894401550293,12.247575122148618
1153,12.295309572806932,12.32541983209093,12.323542561979098,12.192454630048156,12.316827278437314,12.310120582580566,12.326697709031546
1154,12.816513843387272,12.806160974435107,12.805872731720486,12.837661687793696,12.826379805000709,12.859972953796387,12.839767358504808
1155,12.051833969140748,12.047733053995817,12.047667420464057,12.037853569433917,12.092564193406433,12.128779411315918,12.124417921375803
1156,12.167692014821707,12.160842824978793,12.159766083396406,12.127731754792231,12.205797076521899,12.185749053955078,12.215295911021993
1157,12.858739546244177,12.851868628342043,12.85323484378015,12.82431360328022,12.855329403507975,12.84384536743164,12.85904612530463
1158,11.967244490695917,11.952317251579858,11.952870883860843,11.951143470307953,12.014829917729982,11.994569778442383,12.00903046478401
1159,11.98026849213373,11.992154954999563,11.991352625885046,12.060182714655001,11.975469468586683,11.949983596801758,11.992916276361848
1160,11.722157381054656,11.716621294382204,11.716604929273283,11.841809467257299,11.691993108241842,11.709805488586426,11.689031309227142
1161,11.349469676743489,11.352168606441374,11.35110701193284,11.392746626429844,11.340156061416906,11.323142051696777,11.342109606152555
1162,12.303211112120037,12.306783148423008,12.3064907653104,12.3044607156308,12.272569952706792,12.262417793273926,12.269625063484211
1163,11.320485305344,11.31187529813963,11.313087213654766,11.535471552552906,11.343007779927275,11.369735717773438,11.387435501151753
1164,12.349325346574284,12.347369451594524,12.347332092697359,12.31808691109094,12.309258066433095,12.304543495178223,12.31312394279367
1165,12.037032527192453,12.043352051412345,12.043661969323805,12.0433022260837,12.061504178520195,12.042512893676758,12.065144502123609
1166,12.313640533236093,12.307306139393894,12.307306139393894,12.261809569481397,12.264883980966408,12.276998519897461,12.272314544467227
1167,12.054183341854062,12.042491962954372,12.042491962954372,12.049030872614932,12.043709716002668,12.065197944641113,12.056360302546086
1168,12.538549169926554,12.53737752729239,12.537914362625822,12.510584889044468,12.536585266435864,12.486493110656738,12.502846075260798
1169,11.868529370793416,11.865350003542975,11.86602722172088,11.878847020375494,11.922070251928437,11.898871421813965,11.908511097878888
1170,12.853636877787217,12.8559704599909,12.856700965721576,12.874397347126555,12.82900421755269,12.85474967956543,12.888641554895488
1171,11.85682148402055,11.864104354521595,11.864104354521595,11.899444224908459,11.92953055345681,11.928023338317871,11.869197480184924
1172,11.733162616670187,11.72249917542765,11.724228556938986,11.735804201726651,11.813836124739936,11.729157447814941,11.703656431080846
1173,11.912913134166136,11.915878709627869,11.915878709627869,11.820834853056876,11.963027292882632,12.018620491027832,12.027216564169796
1174,13.187019014713732,13.170163055044592,13.172292374061508,13.14320477059689,13.245886413666152,13.180266380310059,13.160069538965724
1175,12.092203765556764,12.090429516106141,12.090945078028762,12.082297080318597,12.18937817429258,12.158658027648926,12.16201430297186
1176,11.981829295178033,11.994525378379691,11.991397614870834,11.794652522314397,12.060091273715841,12.0415678024292,12.026160959932799
1177,12.371133816949147,12.37617197766901,12.37571386705754,12.347910201617012,12.398150231337855,12.36414623260498,12.371723459208079
1178,12.271610530990081,12.267882763418916,12.268038339463782,12.238788061100465,12.228165551819005,12.224857330322266,12.250633165832376
1179,12.015758277354784,12.020180580915364,12.017769438656824,12.051853024603842,12.066732551116223,12.053411483764648,12.044097669452254
1180,11.986621370440647,11.989969833285675,11.989781353771889,11.828432089214571,11.986907722431534,12.009026527404785,11.997559346623968
1181,12.641520612685635,12.638072820969938,12.637767352906017,12.655132851462215,12.579011090940012,12.54489803314209,12.566756459786172
1182,12.247422236822342,12.243063105087737,12.243705156051508,12.23064735383045,12.304502833365767,12.27042293548584,12.298241062680681
1183,12.417113643129655,12.408643514529071,12.409480143379684,12.40068723214341,12.336780283182492,12.313450813293457,12.343041326707349
1184,12.032776745066583,12.039017014662303,12.038625745444353,12.06781661149884,12.037840590272257,12.015563011169434,12.002939989643583
1185,12.277773446559634,12.289813575715588,12.288477873939398,12.225073250674306,12.213893204401613,12.208044052124023,12.20726066599209
1186,12.032417019771229,12.026858253402679,12.027519353921267,12.10078027703927,12.02848218197388,12.030570983886719,12.058908817743053
1187,11.758390198195317,11.739167362293868,11.740751154048002,11.721972221603991,11.733043147456508,11.74829387664795,11.687735091115556
1188,12.064900690052388,12.051741267745417,12.051825234207453,12.078060124777549,12.205920364336915,12.164800643920898,12.209834459870722
1189,12.230234112115564,12.22760097948428,12.228362147035464,12.227850388946473,12.222829676538119,12.24798583984375,12.225284328895322
1190,12.414861172858194,12.415093109044527,12.414964940296311,12.450678640591045,12.497988575831728,12.440711975097656,12.476320597692018
1191,11.963280919957478,11.958578233747621,11.958233883817332,11.975634292963226,11.991524076842836,11.993508338928223,11.98231882530628
1192,12.19729393770851,12.193568403195716,12.193595555201645,12.191910712356574,12.224031076798855,12.217920303344727,12.227506332342266
1193,12.782442127966062,12.774651457036668,12.776078842663827,12.784905585964825,12.814750334752754,12.79049301147461,12.833067757264466
1194,12.076032847086347,12.070203831664152,12.070181893226856,12.105726149029355,12.168610247094273,12.2031831741333,12.117195921440693
1195,12.800659697618373,12.80509843899773,12.804805210760424,12.820342874681987,12.845941053213902,12.844072341918945,12.829116457583336
1196,12.334438719541266,12.327162957630138,12.32806919018199,12.325756868345994,12.318623540582639,12.276716232299805,12.313375102194952
1197,11.889374781232046,11.884157864642512,11.88456173345227,11.789528934615463,11.970146899381344,11.940281867980957,11.930147694242072
1198,12.557785323024259,12.572449468745644,12.569072010890588,12.301725098848825,12.633090601544922,12.65181827545166,12.674753491924802
1199,11.99110902629865,11.968802899598037,11.971292956857384,11.6837619558648,11.981828244040837,11.940731048583984,11.953131938187642
1200,11.646423969214155,11.655466422337419,11.653975820002122,11.738836875230028,11.793822271056207,11.84141731262207,11.815847270506957
1201,12.460848752527474,12.459106750344892,12.460305658474757,12.458429275344576,12.415404312065718,12.4097261428833,12.382093340517025
1202,11.91094147947741,11.920368514888809,11.92040615015797,11.953534886219892,11.93236571157777,11.910027503967285,11.928014787792995
1203,12.223340734465818,12.235724460240181,12.235195570255838,12.171207836907236,12.363073050420104,12.387808799743652,12.372922901834427
1204,12.328954448999525,12.329205354367813,12.329328996771043,12.34371521073991,12.344459308654324,12.336173057556152,12.330235959710711
1205,12.479534629318085,12.479537942551787,12.479537942551787,12.472186359418478,12.42891004737466,12.488502502441406,12.49342989584754
1206,11.920207195513088,11.928462226624454,11.92823022374622,11.908888886493314,11.941143609635285,11.934830665588379,11.991187754525601
1207,11.963625732570168,11.966466908880665,11.966142397216704,12.017709848449503,11.981818758007803,11.99826431274414,11.987809596717373
1208,12.599961081855671,12.605494724942638,12.605441328395926,12.129488063411914,12.597606473820429,12.579837799072266,12.588398656009476
1209,12.610507256975634,12.604989696595469,12.605673969092024,12.641315533939142,12.647209514567637,12.675893783569336,12.687039527619657
1210,12.108350876205074,12.098740597307698,12.099396109145154,12.121595351315953,12.107633957280012,12.135425567626953,12.117019287277593
1211,11.867231037445649,11.862351736380653,11.862112113943724,12.002227757349468,11.885883846392758,11.865592956542969,11.876262706647626
1212,12.179258028427776,12.178033840064654,12.17819558955667,12.179284792822415,12.210472567140513,12.177790641784668,12.23284301504538
1213,11.819904371434237,11.811064156563429,11.81194122258272,11.814341297847118,11.819133621585753,11.856700897216797,11.829432482880996
1214,11.843807081568073,11.853406278515287,11.852647567585995,11.897113379112808,11.906211645631252,11.881842613220215,11.85628728208651
1215,11.83045032891414,11.83995598227833,11.839584388859066,12.005575070900326,11.837915516801637,11.799668312072754,11.77187610178831
1216,12.683487030917096,12.671600104136278,12.67297155307483,12.687216023972725,12.685012309522788,12.744771003723145,12.765556022932786
1217,12.032882076602723,12.034019592154262,12.033765068444039,12.041734931570984,12.07706029253405,12.048030853271484,12.026672777669244
1218,11.935119705535099,11.91324868963819,11.914517725627086,11.953873768811643,11.89861144427351,11.908344268798828,11.864684685315357
1219,11.683602912941648,11.680390999090596,11.679608459547158,11.712576073038727,11.656677531202538,11.623957633972168,11.628909220792952
1220,12.158659169923203,12.15363170613961,12.153457162794643,12.146850950860948,12.140925258711416,12.14205551147461,12.110554285143223
1221,11.868437685501007,11.881369224686017,11.880989697860416,11.900009938661942,11.893565377553765,11.907898902893066,11.891474932530102
1222,12.252798176131554,12.245780119757564,12.246439519441696,12.23890030429921,12.217922454253014,12.2197265625,12.22059224018283
1223,12.478801411843895,12.478155392785393,12.478356474306095,12.215438255961867,12.500665143441626,12.458165168762207,12.447543962693631
1224,12.801931960927117,12.80941343626761,12.809068835165872,12.793691086836212,12.7833273333671,12.832359313964844,12.87791483228688
1225,11.410144367670764,11.384678513831352,11.385664059404073,11.497608171520694,11.269057126733257,11.27659797668457,11.414520068382952
1226,12.269139971553788,12.268207075961552,12.268185325883849,12.298761825418055,12.233986025219442,12.151458740234375,12.204099692384752
1228,11.9959632615402,11.973793778378989,11.97486925926624,11.94693948650828,12.014559187165297,12.01335620880127,12.007228547513488
1229,11.61167904859258,11.603040595576482,11.60330938671191,11.707890693581435,11.548881691947113,11.455992698669434,11.464794519920616
1230,12.151114852733835,12.15172122533813,12.151813689945687,12.188833249047631,12.134510864712597,12.173906326293945,12.180621418164977
1231,12.031366260837764,12.026419210394348,12.027167095861152,12.163988911423647,12.056753834197325,12.042298316955566,12.084602161169666
1232,12.122874786536022,12.124418700157914,12.123355486361026,12.19061027436546,12.253841719079812,12.234556198120117,12.262532354689911
1233,11.994702909151718,11.979758106190172,11.980238026968467,11.950742204503422,12.050650477000667,12.046364784240723,12.000217900535894
1234,11.743407805177226,11.756988960371341,11.755719914937528,11.783917076509546,11.725263858193742,11.696593284606934,11.68248465361805
1235,11.785185682936591,11.78432322249599,11.784060713549666,11.81561554036154,11.837703687843947,11.832137107849121,11.81938679973879
1236,12.48741253653176,12.496801526270538,12.495385744906814,12.500419355225173,12.453779168065674,12.490344047546387,12.458869765459733
1237,12.194619566855485,12.202292141070659,12.201657415638973,12.174701233345726,12.186020936782242,12.197763442993164,12.193591393605573
1238,13.181137123747025,13.175670236369305,13.179065162402713,12.470880393421513,12.837257142760606,12.757674217224121,12.815772361937118
1239,12.393079385799632,12.38337823984907,12.384556639480548,12.387586238969604,12.25497220451433,12.246476173400879,12.28548800532998
1240,11.869024341050086,11.877672585194134,11.876997736231345,12.032293784037687,11.827440338288332,11.868392944335938,11.830521273701038
1241,12.291876659362947,12.282338946254448,12.282338946254448,12.229848057090512,12.23657989818113,12.248785972595215,12.265949394069976
1242,12.498062838570831,12.505234891854688,12.504818961142062,12.541398891783,12.51188387439771,12.536895751953125,12.533780725222462
1243,12.122811555314303,12.115795662764162,12.116386012428595,12.123043312446182,12.143068072505756,12.104453086853027,12.097508242543409
1244,12.013716933875173,12.023572273399827,12.023060860568176,12.002213898192037,12.075223736244645,12.063248634338379,12.074532236189148
1245,12.07813082142243,12.098725029632284,12.098143330302051,12.041307836727972,12.096545097129125,12.139774322509766,12.148153680362258
1246,12.188276091412083,12.198094661501905,12.197041334769086,12.236438149263893,12.215220244911146,12.221723556518555,12.223365413302451
1247,12.523926664009776,12.536313752932445,12.536313752932445,12.487633433168645,12.489097698085194,12.554129600524902,12.544371572393342
1248,12.63646745607919,12.629995819218223,12.630762343122555,12.642940202096746,12.567780008004952,12.57636547088623,12.581480816939017
1249,11.91172737528833,11.907331800869931,11.90742672091985,11.962025475317793,11.950470984498098,11.929948806762695,11.927074070901302
1250,12.288401864094181,12.27750215235611,12.277428711729376,12.308905415272523,12.321541861915303,12.303543090820312,12.316996943993122
1251,11.791448278757683,11.764813925332668,11.764813925332668,11.768337232571017,11.756725739883507,11.75589656829834,11.760855562533893
1252,12.118160841287951,12.11172775766696,12.11172775766696,12.081332393900954,12.145483437582874,12.139006614685059,12.187593988769283
1253,12.082019082399135,12.089838687584265,12.089781126451536,12.097723203755244,12.027649233386839,12.057354927062988,12.061520150039934
1254,12.076739661428475,12.0849765680841,12.083967350940961,12.052282199873655,12.01738583624035,12.033536911010742,12.029180415524873
1255,12.734155315128671,12.736838974578056,12.736838974578056,12.707355356930936,12.692571822250493,12.708081245422363,12.697857233639384
1256,12.61206294113718,12.59536253134673,12.597878596654702,12.607823548699173,12.588276782893706,12.57394027709961,12.609848081656523
1257,12.28850745628617,12.28476067401639,12.284460743343175,12.145388226584133,12.215238904769382,12.159442901611328,12.15428758284896
1258,12.46045809110373,12.457820854438403,12.458152950567703,12.473022611260092,12.456388656147613,12.42530345916748,12.462836087006961
1259,12.681483615527647,12.6609429200944,12.663836677564017,12.703066401478473,12.725928941266607,12.774972915649414,12.776753616200113
1260,11.838488292257981,11.809910913193825,11.812371974709512,11.72852441618641,11.862161241557054,11.76429557800293,11.791373100389748
1261,11.83903833891729,11.8372505993125,11.837325236376191,11.885690485873331,11.891071728305155,11.93587589263916,11.972135648021005
1262,13.427390820396342,13.415618287871338,13.41781922412157,12.12729118784458,13.215892939265329,13.20124626159668,13.174475059766323
1263,12.380928285324032,12.383910898910624,12.383614462243576,12.409942838635025,12.476335607064913,12.487283706665039,12.49435355470374
1264,11.950802844477568,11.952816760855386,11.952484434755629,11.978439099848384,11.907788200045111,11.960777282714844,11.975732551812392
1265,11.824238352606327,11.817926243386678,11.819155427160492,11.927542654732452,11.838078580114958,11.837627410888672,11.846498471709003
1266,12.39982642826224,12.351961217016143,12.356492118702675,12.343538953076775,12.465087458796509,12.492803573608398,12.497299753176174
1267,11.828210109810959,11.801176460824694,11.804950096132142,11.808419573606532,11.790096421129814,11.75124454498291,11.783139597010203
1268,12.494530829870488,12.491959486518603,12.49307060953454,12.484989876878583,12.558588549318639,12.484342575073242,12.514816948848013
1269,12.197289636945065,12.1954642770244,12.19628256537657,12.18525084865691,12.235098427068019,12.230377197265625,12.240851330022798
1270,11.975923557107693,11.976412812255742,11.976412812255742,11.987308657051752,12.030192252394595,12.012721061706543,12.013505264531563
1271,12.082673017276763,12.09305881446123,12.091929014672722,12.070968253347784,12.045817186722452,12.107406616210938,12.11861507388198
1272,12.34860962836511,12.35790182070342,12.357375702500368,12.249802584201419,12.313281787680976,12.25225830078125,12.321166940296676
1273,12.51063916652163,12.499715775724873,12.501290527216593,12.50277243572656,12.417867942838587,12.440473556518555,12.493503902287092
1274,11.96460601891217,11.966994997634398,11.966994997634398,11.94783675180101,12.027347759067542,11.995772361755371,12.036138140742635
1275,11.793453002832228,11.80275844163705,11.80275844163705,11.794007064925873,11.84801913701491,11.892314910888672,11.88951940801575
1276,12.251997135170585,12.24420397238526,12.244423242743517,12.229555655766505,12.2668796412328,12.259750366210938,12.264885884358868
1277,12.537043876199906,12.540637131167502,12.539923941048967,12.534583777524809,12.547782435190626,12.542884826660156,12.530044963357156
1278,11.407189535247888,11.407483404271446,11.407483404271446,11.393544484263117,11.332680522537736,11.391739845275879,11.467738524948652
1279,12.110511342450879,12.104156390424064,12.104145899431579,12.056446552475213,12.08702859334268,12.124159812927246,12.13142604052767
1280,12.304730766915842,12.302718380583258,12.303107801844464,12.31919793717631,12.327853831906772,12.315467834472656,12.304525331444212
1281,12.070919610634201,12.085458128124143,12.083525617642556,12.677149466054521,12.01510972417644,12.05108642578125,12.038427454162967
1282,11.64974237888336,11.67859470556958,11.674006496682493,11.817854183848127,11.659996212670231,11.638684272766113,11.69267514290014
1283,11.461682518884945,11.488268896682726,11.482038899637722,11.615423834191597,11.597750830689428,11.5703763961792,11.664488910100628
1284,12.382902128640294,12.378003537821979,12.378818294193124,12.356108768163711,12.322749175739009,12.354230880737305,12.337537308252063
1285,12.994403194756648,12.98480295607067,12.984816108848833,12.820597363583623,13.098580556110127,13.047697067260742,13.057387008013569
1286,12.298479347283525,12.284918784967152,12.286002033521891,12.277448073640585,12.269493136556592,12.267332077026367,12.292792351168199
1287,12.22557599307773,12.228626275144707,12.227973464547771,12.191158304988631,12.183962806314963,12.208366394042969,12.207557937922509
1288,12.292728465515617,12.285345426883024,12.286323098045447,12.284210373356064,12.313886725827835,12.333030700683594,12.328653659126617
1289,11.895883689677934,11.89417409605735,11.893640928872564,12.143241310157673,11.866903836765406,11.97652530670166,11.970289502179533
1290,11.309646928312047,11.334267747582876,11.334018086020754,11.51522119168527,11.380214397459403,11.41630744934082,11.430633658554415
1291,12.211722174600121,12.198253601697353,12.198779442713075,12.172314200463623,12.228821166377383,12.222475051879883,12.187914854419555
1292,12.159550133662917,12.163666129194993,12.163666129194993,12.24578008564838,12.179842561633238,12.169069290161133,12.165526513364807
1293,11.926257851399315,11.926242164035983,11.925991024425242,11.901917193986671,11.92321401513221,11.910497665405273,11.904994778601868
1294,12.290912765255587,12.29501570986522,12.294290557274177,12.259393485968275,12.240835222318559,12.238386154174805,12.262165873472474
1295,11.61586664557911,11.650392917095402,11.646316602173867,11.458264061386425,11.554042780555077,11.54313850402832,11.490470092414546
1296,12.873920105564638,12.87735058925371,12.876735760306595,12.897620855501692,12.984362405717926,12.963553428649902,12.957410960178313
1297,12.275252777232565,12.270718147435973,12.27072707157272,12.243976707660655,12.210803178705566,12.237317085266113,12.215779349325615
1298,11.694160314617417,11.711793827859974,11.711779104646666,11.987467152938144,11.65721041248657,11.639883041381836,11.630174408427866
1299,12.5471598316839,12.537477977161974,12.538634590012743,12.52509989377634,12.533856010087293,12.539183616638184,12.528607569866354
1300,12.518295460125819,12.526582563035209,12.526080450484208,12.548622779020786,12.546590654870897,12.46578311920166,12.518319775577512
1301,11.92782709269005,11.931602009312153,11.93178874633303,11.946598813800295,11.936552268746532,11.950553894042969,11.986949603486467
1302,11.924383119985755,11.916360133143886,11.916816468758944,12.054701584684258,11.904841901187615,11.923030853271484,11.911538603803676
1303,11.846030983187623,11.850760396811365,11.85046572377219,11.891528192653805,11.877361908414796,11.853653907775879,11.863659661771251
1304,11.763774237897868,11.761081475744522,11.761073107594337,11.786891272310367,11.7048281130687,11.701483726501465,11.693159031173156
1305,12.021152043379074,12.007285467235436,12.008226319660212,12.034268856760733,12.052980518007649,12.048391342163086,12.064328469024764
1306,11.84011422855183,11.84643542362544,11.8473054169423,11.841415218010738,11.824902884548733,11.810623168945312,11.825922623937666
1307,12.576055661459723,12.585705714405423,12.58483725485111,12.552263223388405,12.540780974981056,12.582870483398438,12.491366930608418
1308,11.688288994900807,11.711984052273502,11.710916079019386,11.77051611733488,11.749566381034056,11.805963516235352,11.856961833143487
1309,12.196498817329386,12.19803678174642,12.19850080718923,12.313895168387461,12.140335525926835,12.115753173828125,12.124081199816693
1310,12.366741716387628,12.340156720289524,12.344190691127052,12.12194513974156,12.355051096628285,12.347864151000977,12.354734334458211
1311,12.86013751537444,12.861159361983708,12.860110401615794,12.72766557921143,12.802855792920436,12.826025009155273,12.79962107770978
1312,11.923299200829273,11.909284129137497,11.909717692091707,11.93234617282343,11.904063634912472,11.901434898376465,11.912510339492988
1313,12.157080433737036,12.159864331284272,12.159743014042931,12.136545321118504,12.10336501908123,12.129631996154785,12.077694542205435
1314,12.413932957565038,12.420525061574264,12.420824080065167,12.418185699776911,12.431874107660846,12.390640258789062,12.363583565660125
1315,11.6988426080316,11.725480287494232,11.725480287494232,11.797642518785423,11.753947444293432,11.815510749816895,11.824104050975915
1316,12.12713050038516,12.11641000766557,12.117328750860395,12.137306305812551,12.130175244995655,12.120981216430664,12.097638205665634
1317,12.6883342439922,12.694489346821547,12.691881052694315,12.696046599423331,12.60508848084198,12.635605812072754,12.652233602172116
1318,11.939801496491073,11.951868099728868,11.950731464711351,12.138901810666091,11.945663229131128,11.94761848449707,11.967449181942518
1319,12.106084507525924,12.116633094491633,12.115569486339037,12.162796785158498,12.148307826913804,12.14553451538086,12.172744260297987
1320,11.95660224018689,11.948380102507317,11.948104039761988,11.964768832236686,11.984430208459566,11.994054794311523,11.997994263818498
1321,12.400049360056812,12.399375305022154,12.399036421514012,12.161417316847421,12.421213622331727,12.455575942993164,12.431133448848545
1322,12.141270699091262,12.14142286752103,12.141867018734615,12.016577196356799,12.1083927982808,12.093782424926758,12.118075569673938
1323,11.88973852215514,11.882273846851412,11.881896091628334,11.83570045455111,11.912550677340455,11.928141593933105,11.855048418331885
1324,12.324369858528668,12.327790123869445,12.327268153293533,12.314328738733025,12.293257667632453,12.326468467712402,12.292830878293357
1325,11.835371269622438,11.84332976946984,11.842285764531521,11.832976083771872,11.795296878196668,11.780559539794922,11.817529720992777
1326,12.480379078043882,12.473513012119986,12.474020351320256,12.446778592899957,12.456058196135299,12.464308738708496,12.430630746031854
1327,12.3028433876188,12.319161443280485,12.31781056477242,12.303456658146308,12.364441728312201,12.338598251342773,12.347877162231013
1328,12.436935382532724,12.44075913034054,12.440129470581722,12.426328080620003,12.488917106470486,12.5040283203125,12.492718148635932
1329,11.845309881979484,11.826627963136817,11.829291965164604,11.874187004090095,11.876627656422215,11.858136177062988,11.82328310932923
1330,12.091997765573177,12.088820432101393,12.089408006420921,12.038040416409977,12.053853216774995,12.091453552246094,12.077614673461804
1331,12.461782594980088,12.444068605406397,12.445641336458461,12.534413101050735,12.457014393236877,12.422006607055664,12.424626146585627
1332,13.076869887660067,13.060144882366405,13.061948123827527,13.0680172552375,13.120391540977723,13.067815780639648,13.023709265641033
1333,12.752220001733276,12.738224679811282,12.739521950121393,12.753292648087244,12.826826324354323,12.84095573425293,12.827361306728513
1334,12.014749093018077,12.02357963673708,12.022910397367019,12.054275207234866,12.062130644246656,12.06240177154541,12.076736095750173
1335,12.602276320367666,12.597217112427064,12.597744706902738,12.62264707436165,12.6895955750067,12.648065567016602,12.712387638773277
1336,12.037999068380477,12.043881650507444,12.043521778997288,11.98917322924045,12.071108183141794,12.038814544677734,12.056326992950062
1337,13.061647673244023,13.055267103602564,13.055267103602564,13.058781005791511,13.009504625976268,13.037443161010742,13.075042823723525
1338,11.919490470642812,11.915243314405643,11.9151597886611,11.918021513639504,11.77929728617805,11.707756042480469,11.701094457035126
1339,12.601408265026883,12.597105876490133,12.598147743395531,12.58797856031097,12.520642987404155,12.519865036010742,12.518891949829506
1340,12.43577604237712,12.434279918459257,12.434392053501202,12.413106186572797,12.429604532866062,12.427176475524902,12.424254262778662
1341,12.314761538554427,12.302883361398175,12.305197265971215,12.327480282507725,12.324030638849989,12.318747520446777,12.29273038355243
1342,12.701137020348874,12.69165964188652,12.69141971855104,12.548133632408739,12.810471476740505,12.745563507080078,12.75579739195954
1343,12.0346686731721,12.033764571783351,12.033424557349749,12.068581710332252,12.030165524658488,12.020652770996094,12.019848724250185
1344,12.568344785912661,12.564106480133129,12.564667345642805,12.5377188083472,12.505374284677176,12.56352710723877,12.500812197588294
1345,12.020374267947766,12.020746199644652,12.021008178152456,12.032138054248946,12.070581484663835,12.088610649108887,12.092386257803609
1346,11.80700957232233,11.802884964661432,11.80308793534695,11.802695606819128,11.869256251935605,11.866310119628906,11.8918496039905
1347,11.808209971369596,11.815496025949578,11.814258488930065,11.828836559001266,11.895358734709033,11.881804466247559,11.897883611434088
1348,12.34510782790926,12.338649375754482,12.338211805008045,12.386607840168011,12.250491034900643,12.260186195373535,12.287860610697559
1349,11.764623507430738,11.788282449192328,11.787189808008092,11.702306675764484,11.814958920874876,11.765287399291992,11.725167190812385
1350,12.328916556496244,12.335765507091352,12.334688140852549,12.317783997241225,12.346287531248766,12.37479305267334,12.3656125072958
1351,12.135930023408747,12.136232717733572,12.136232717733572,12.143967540125198,12.184288265827133,12.11001968383789,12.133355633116722
1352,12.486207766198884,12.502647839036449,12.501777106539661,12.474919176074554,12.455112243164349,12.4910306930542,12.481305526975135
1353,12.144630517184302,12.144021464363663,12.144853567824132,12.171790495987812,12.171186002987188,12.178558349609375,12.179017348542212
1354,12.254028922878646,12.252674231885704,12.252674231885704,12.098010194609813,12.222117330093605,12.30551815032959,12.29482640752895
1355,12.24393295306413,12.248392349208588,12.248375359757569,12.249334696406608,12.280168730417897,12.280224800109863,12.255039720192443
1356,12.36159523175782,12.36545915630929,12.363808265785337,12.404767899099177,12.380173429383728,12.401223182678223,12.48065877325545
1357,12.394671008586561,12.395801784939799,12.39511922146643,12.395218268548682,12.447801119783952,12.382793426513672,12.380704752098236
1358,11.54373024844807,11.541042968256802,11.540786402269465,11.770667102825453,11.631563443906073,11.690787315368652,11.690783065105117
1359,12.107900896911994,12.095795186943844,12.097102586667809,12.116682772129668,12.088482222800293,12.080788612365723,12.071221818113827
1360,12.01109530453084,12.020344876724774,12.019463706326983,12.036710547015627,12.066022899741917,12.013993263244629,12.013995740336538
1361,11.626169603503413,11.623324408826091,11.623799129395909,11.65340595887671,11.606897822521875,11.601840019226074,11.636814961874116
1362,12.95419639762611,12.96895817902156,12.969256609745553,12.981976094113417,12.991217310720339,12.949231147766113,13.007120590648274
1363,11.68229287599525,11.680715822170685,11.681398459287092,11.670590276294423,11.58949631515904,11.661930084228516,11.630762797486366
1364,12.625514389014151,12.614595550076105,12.615773260330634,12.200888350500811,12.617718520866942,12.59622573852539,12.634753365042833
1365,11.905108352623008,11.893404653014617,11.894438901358697,12.137131556352873,11.915372854725446,11.950772285461426,11.922867057715747
1366,12.030826436838288,12.028610063568665,12.028677146119854,12.086607720743329,12.107310983264169,12.0794677734375,12.051996700322318
1367,12.078750609289042,12.07270370511888,12.07270370511888,11.97590248001657,12.163586181826448,12.195619583129883,12.203955823728046
1368,11.768645397672447,11.778925719514639,11.778761142334757,11.664602284279864,11.834947910871323,11.831124305725098,11.887559599113137
1369,12.666117494403837,12.666548750207257,12.666702223543718,12.663390291113123,12.690902736304015,12.744996070861816,12.717624647878704
1370,11.628940268429238,11.61778528877387,11.617382354048356,11.627997689091162,11.543607801196082,11.547713279724121,11.492989476840082
1371,12.304636702276373,12.313399459939104,12.312930263795387,12.289643480004592,12.295713833675245,12.3021240234375,12.296481589721632
1372,12.405780966856357,12.416008872831451,12.415188255106424,12.230986010672142,12.324578466794138,12.365584373474121,12.379604323978008
1373,12.09060475977544,12.095880165404907,12.093612168900476,12.088020781841381,12.057852587994555,12.053892135620117,12.032008491646698
1374,12.509490922257855,12.541258457672981,12.541395965643396,12.5657095634966,12.508370653670807,12.494827270507812,12.523808236864657
1375,11.82086227981456,11.828358453988722,11.827081325382586,11.83943958921324,11.789845628815856,11.794861793518066,11.78676401269435
1376,11.888122431535459,11.87703040238397,11.878785636685372,11.856831080035352,11.937011525690775,11.892684936523438,11.885835807998314
1377,12.465801955310354,12.460248894421866,12.460413480728317,12.458296779568798,12.453086150793649,12.408926010131836,12.390554829236596
1378,11.874501131433364,11.884028116342892,11.882968699172354,12.312752122543879,11.931693128821035,11.879697799682617,11.873718884488822
1379,12.701377876844003,12.709041397955723,12.708944403603468,12.714765481273217,12.735615961164958,12.772757530212402,12.769429078110237
1380,12.589019429090785,12.57336473274728,12.574943813174817,12.60711000661725,12.574818539365944,12.56454849243164,12.534466591573082
1381,12.346675365232294,12.359876141467677,12.358827249875766,12.348514210679967,12.368113711684812,12.343138694763184,12.387701568209856
1382,12.614173680371929,12.617388092843383,12.617191661111919,12.592083051689388,12.60022605235572,12.659605979919434,12.616740012732768
1383,12.049730517787753,12.048140375107598,12.048231098310447,12.0398720135397,12.016321473363437,12.072351455688477,12.020533718378994
1384,12.007752788296195,12.017989168770026,12.017989168770026,12.066111618751536,11.991360350913759,12.004900932312012,11.998322013011956
1385,11.971988846984326,11.969448411400593,11.969394767447573,11.98396108176202,12.02047868415214,12.030808448791504,12.052000637085404
1386,12.354234238142931,12.360537718159948,12.360353139123825,12.348353784809703,12.39633965814628,12.419015884399414,12.409591813303646
1387,12.905638747483856,12.903342006119097,12.90358259636063,12.935401877215291,12.981401599013063,13.023310661315918,13.011643648000529
1388,12.182978728336602,12.191352116643479,12.191352116643479,12.134255769678424,12.218247454314994,12.187677383422852,12.16992355517077
1389,12.45513051027417,12.453270733917233,12.454877967291491,12.466539778517049,12.382596707261223,12.386298179626465,12.40246652292451
1390,11.812957408655523,11.781062720659742,11.784004885608146,12.028256053228283,11.82975591306376,11.802228927612305,11.804190561122324
1391,11.852467337928461,11.864913036461479,11.864224594483007,11.893097200398559,11.90080448462251,11.873507499694824,11.88167023362444
1392,12.221820868927455,12.226256309548123,12.226112531190727,12.252962488467706,12.188394495765117,12.174895286560059,12.209681486761363
1393,12.688063589230046,12.69120640418648,12.691356754781015,12.683822341017072,12.651825429952458,12.730488777160645,12.768948132182627
1394,11.886453647143682,11.89796881122271,11.89694458173819,12.05937330354682,11.929110987772338,11.939763069152832,11.916457999083477
1395,11.749714966182477,11.75956013717651,11.757761459401063,11.757121094373236,11.693181308580169,11.629124641418457,11.615920993440078
1396,11.68208592247949,11.692295656947067,11.69209544258399,11.637944255783028,11.636594704605804,11.684325218200684,11.686088564460096
1397,12.142312518623754,12.15335558950031,12.151917763376023,11.947235918576533,12.077936870740317,12.076663970947266,12.063999400097995
1398,12.064443789135776,12.061665311701136,12.06277898506807,12.109600825032878,12.033303073407374,12.039198875427246,12.068596512898468
1399,12.280465176209104,12.286440030277634,12.28617028613536,12.276003212250355,12.271037421562271,12.279561042785645,12.26760530716443
1400,11.872401049452398,11.887327240536317,11.884544969285239,11.953685906041365,11.85792047119246,11.869393348693848,11.837444139722116
1401,12.035729497657487,12.044984074583303,12.043564558047969,12.030855490770648,11.96207364694225,12.076650619506836,12.102974480106228
1402,12.111291294921584,12.12377444204309,12.122547753216244,12.119267758021357,12.151164779450061,12.142444610595703,12.129580836445568
1403,11.812507864293236,11.81532306136829,11.816334718804503,11.824849428826763,11.859005426160179,11.81124210357666,11.829223892464768
1404,12.36895087971594,12.365220183879956,12.365220183879956,12.411628981479069,12.393304415594454,12.378459930419922,12.382464307722763
1405,12.234142674509355,12.225649878881088,12.226957909968919,12.144333718297798,12.276676081389072,12.238874435424805,12.223155466094129
1406,12.472360884795574,12.475617131145597,12.475892036404975,12.448402455946436,12.473209472954602,12.418174743652344,12.453973097377922
1407,12.067280232400815,12.063465598766996,12.0636016114217,12.068277253468441,12.006090227219435,11.984471321105957,11.966727593460558
1408,12.271996554617548,12.27199731237043,12.273364631285538,12.1849558886584,12.180908854863691,12.214262962341309,12.248162083893208
1409,12.463083528761604,12.458560646796377,12.458049413102467,12.455664696312155,12.443209863142725,12.466334342956543,12.476431693681748
1410,12.373184061702862,12.380804699984855,12.379034872617042,12.445031797192412,12.409301081731511,12.394466400146484,12.347990624156848
1411,11.866238548342192,11.875472364355579,11.875472364355579,11.88213318020271,11.919890944218094,11.954610824584961,11.950670603067294
1412,12.337478700513282,12.330605705322009,12.33123954124254,12.30565229635054,12.285836644560183,12.288244247436523,12.292531972452435
1413,12.271003538176423,12.283276278537205,12.283276278537205,12.242813323151402,12.306089801960281,12.342381477355957,12.382344921342945
1414,12.313634012692193,12.32999932121417,12.329312834322545,12.2998478806847,12.320667870690082,12.36001968383789,12.269813702522418
1415,11.838268972566256,11.844609638623988,11.843980788569201,11.830560071607318,11.835238129790776,11.866065979003906,11.843328046655804
1416,11.749387329833283,11.750401448120124,11.749730399829337,11.83296265250341,11.882143400373225,11.812972068786621,11.82949983946052
1417,11.946697016966324,11.918937915199356,11.918937915199356,12.145323958861804,11.907117148131052,11.90567684173584,11.913723082041955
1418,12.140253291628698,12.143905321395184,12.144762826857882,12.137641929961344,12.15828047718575,12.133808135986328,12.121697289395666
1419,12.058497848288445,12.059226413415033,12.057999787833834,11.950446750835233,12.134068672228743,12.084460258483887,12.06111938165124
1420,12.776574795622757,12.768189047603855,12.768919730258274,12.792307628258424,12.776580420858865,12.76754379272461,12.8058772237054
1421,12.41865538038886,12.425093246333503,12.424240952473276,12.415087338471483,12.42798875872634,12.459625244140625,12.38236509617996
1422,12.385943728748861,12.368159665812481,12.370954649930638,12.162645787598663,12.396773566480551,12.353487968444824,12.35737145182011
1423,11.985002583770182,11.985344628246466,11.985344628246466,12.062482311930347,11.993670587848047,12.003935813903809,11.988872299317672
1424,12.276068840060638,12.259797711834068,12.262209962103015,12.244148658428063,12.230754660798812,12.231043815612793,12.215002442471057
1425,12.053273131535027,12.045855042238943,12.047500854766927,12.04788417560189,12.034914789967571,12.063478469848633,12.083578595421624
1426,11.769521090107627,11.768058737423829,11.765839771226393,11.811480318235063,11.865852950855151,11.866630554199219,11.892586401099603
1427,12.791998946164153,12.811409513061966,12.812231374365078,12.790371202692732,12.735670910659609,12.803982734680176,12.701939101178436
1428,12.494752515021089,12.492963101649933,12.493161889220255,12.46927591047939,12.377003148797648,12.432023048400879,12.440637017507852
1429,11.803917501485081,11.810904226229503,11.809666590628158,11.797954987671297,11.871048440340777,11.862934112548828,11.889693215196536
1430,11.907555222581905,11.90652900977555,11.907837381201038,11.932122871705571,11.965120776072755,11.957295417785645,11.931268138626963
1431,12.31650203338711,12.312958054881788,12.312918410064404,12.167348938142068,12.204620433785072,12.274243354797363,12.23145631706372
1432,12.043707287283457,12.033212359294115,12.034236577080161,12.153945346897917,12.083064641356165,12.081197738647461,12.100405305014023
1433,11.791409462802218,11.790710180713132,11.791161700365977,11.784137587946176,11.796568457255479,11.798123359680176,11.785831017175893
1434,11.407100642655628,11.436857174910326,11.432512628845238,11.43585619108806,11.577386612884963,11.623482704162598,11.652672982074353
1435,11.458342766903389,11.447878577079932,11.447159898084792,12.138330451031608,11.534193880927589,11.463720321655273,11.398918956233036
1436,12.312472534182765,12.314623786665349,12.314019342128349,12.313314515714495,12.291431808662768,12.269373893737793,12.253022505937222
1437,12.798288165332,12.791830247688262,12.792807108446665,12.830196047079234,12.851498266465692,12.889870643615723,12.903423151330696
1438,12.383967843676727,12.390058956371313,12.38973600266856,12.37613858733305,12.387576294861288,12.342110633850098,12.35488319554062
1439,12.18225636490548,12.191599145287705,12.18943832258804,12.218571338400446,12.150344001907333,12.158492088317871,12.184090209573604
1440,11.88149421801748,11.879618919021036,11.87937456007825,11.947246908122471,12.00789650963653,11.979754447937012,11.974491943010593
1441,12.331390046703003,12.32448532068539,12.324445305353477,12.316850205489207,12.241962287071523,12.25022029876709,12.244697532577847
1442,12.209380328435305,12.20184930286735,12.202241198984341,12.279008562975575,12.264045122779569,12.231338500976562,12.233020227315237
1443,12.264435400280927,12.27770778607483,12.275983799979173,12.305346245592267,12.17074733482565,12.171759605407715,12.151118162027311
1444,12.505600193656406,12.49992810298201,12.500501051275577,12.490687680168335,12.523167579620615,12.461785316467285,12.49053439650134
1445,12.663468331049144,12.647532153866509,12.649828560146709,12.670732580680115,12.736179184196832,12.787991523742676,12.790837375163296
1446,12.263766054668027,12.27253565959293,12.272179323184728,12.286171081437551,12.361358011182938,12.343520164489746,12.370147185753657
1447,12.106362506482565,12.108968058212358,12.108280431047806,12.103068580808477,12.102274786546799,12.147234916687012,12.118782812235095
1448,11.813346397306109,11.810013707172054,11.809552257274595,11.808109020042691,11.954751771607173,11.986156463623047,12.009099112203781
1449,13.638851208360077,13.672204903388176,13.670541613890597,13.540236379402304,13.327855888190953,13.196321487426758,13.175559124270826
1450,12.191509265579011,12.174908589090808,12.176440029770548,12.181548196726375,12.174683242411673,12.111127853393555,12.10440409158688
1451,12.09751780872233,12.084061595021968,12.085214144701197,12.09131748831698,12.126864676169784,12.118308067321777,12.10376609204241
1452,12.512789803238988,12.508212551917444,12.50942467242983,12.501140857983897,12.505143414651382,12.413064002990723,12.479535448316721
1453,11.943505862084917,11.94517394340063,11.943832079320881,12.380657812651368,12.012795600198325,12.011260986328125,11.989814365658885
1454,11.704034260724821,11.694144964804174,11.695252162334304,11.762537748941538,11.742697262481006,11.650114059448242,11.56700920968524
1455,11.896796741837303,11.893583214072711,11.892249500001723,11.939878214240046,11.97776369620687,11.845454216003418,11.895227061185878
1456,12.212867348834642,12.211945034545426,12.211763232367463,12.179059842758207,12.237207991242574,12.20974063873291,12.20697463342326
1457,11.826061341412506,11.830299358545886,11.82899095702765,12.090850973431024,11.85149008853221,11.852291107177734,11.822209860151007
1458,12.360477043372212,12.362042242286712,12.362042242286712,12.317276702862657,12.292554481338552,12.23265552520752,12.301912721662799
1459,12.337994327157684,12.328474390319531,12.328687317559405,12.325132568840257,12.372550532585542,12.316349983215332,12.36931293843178
1460,12.055850827931966,12.059984620650326,12.060091430388056,12.032428997319604,12.080285054740411,12.106307029724121,12.126595051509998
1461,12.12756371887764,12.107327274030402,12.110116548962115,11.595281240398913,12.119056130373501,12.100656509399414,12.072465652569255
1462,11.909587091114984,11.910852047160146,11.910213618007942,11.939752787684553,11.941624310944656,11.952129364013672,11.942939648020069
1463,12.09046962417282,12.07532872976299,12.077573193683515,11.910967313550517,12.105462407730768,12.090676307678223,12.075297254189657
1464,12.272824172059986,12.287452198348575,12.286166477375307,12.296489092921666,12.263545429679727,12.266708374023438,12.223823027200341
1465,12.386614557159273,12.387459436849936,12.387344863478129,12.403791924450518,12.353851736240772,12.370243072509766,12.361411937480748
