Id,ridge,lasso,elasticnet,svr,gbr,xgboost,lightgbm
1,11.907787446989751,11.909364860271827,11.909177540758165,12.004503150561629,11.97413201887048,12.009734153747559,12.019598063454081
2,12.072154982249764,12.06560002998871,12.065929106287054,12.081251806069206,12.083214054374672,12.000832557678223,11.975422491074454
3,11.79019792340174,11.785491633005003,11.785721203628494,12.100165582315455,11.780816429510692,11.756559371948242,11.76965485462338
4,11.884530613194112,11.884937617811127,11.884360231827149,11.928356548991328,11.942470853305217,11.935335159301758,11.932170872982315
5,11.949299452780005,11.964265511784207,11.962542385984799,11.926131738251744,11.877923808290799,11.820453643798828,11.82221565571878
6,12.328984413432266,12.337566483337634,12.337455275124,12.347277105699924,12.345791737740972,12.316206932067871,12.320850740670092
7,12.211623151598975,12.21262145793213,12.211766060049907,12.081445015660451,12.189511273493284,12.166589736938477,12.176428803718228
8,11.90287057715886,11.911821499524548,11.91165649996934,11.915266724652332,11.936049994969947,11.959504127502441,11.948737156995287
9,12.0271554586105,12.035526365898765,12.0340131450539,12.054054885250078,12.048641026164642,12.051350593566895,12.043101781061777
10,11.967530476427761,11.97334285932187,11.973076610029551,11.991990746380774,12.160788927813888,12.053755760192871,12.041713169221255
11,12.043586968356166,12.065898054541297,12.061667279405476,12.02254651373655,12.016656132595898,11.940559387207031,11.980458993118056
12,12.10683352862333,12.095051129833127,12.09590737688692,12.844827218782333,12.142370464455144,12.10045337677002,12.08324544120823
13,11.868041098252897,11.888905794699777,11.88650373020308,11.95772683490452,11.964069978003696,11.89530086517334,11.832531177334063
14,11.95869021563922,11.955581941529168,11.955387929515789,11.980962155757142,12.01908262865946,11.979988098144531,12.015904731461202
15,11.772787671533694,11.777891714311393,11.77751194057036,12.0342446758034,11.804735197203284,11.78947925567627,11.766315836161152
16,12.240305476567812,12.236499084104327,12.237847209618751,12.199697113789771,12.24309871081312,12.183399200439453,12.19246984851687
17,12.149850705662578,12.156646712264964,12.154699044569147,12.105306925696622,12.084497560858068,12.071053504943848,12.104491563108086
18,12.09650788364046,12.092803731203574,12.094459562188948,12.108149768253325,12.082924561612236,12.043766021728516,12.051265588580987
19,12.265251656383958,12.27846009884376,12.276732187484878,12.236873271951845,12.311099302252527,12.27122974395752,12.274638819546276
20,12.638008707890773,12.633928380100787,12.634218429806099,11.957759317793133,12.634746083935704,12.636488914489746,12.635863789485443
21,12.208309657489236,12.205251712691386,12.204985529212756,12.253269686651473,12.187050476644362,12.173113822937012,12.154438193324367
22,12.10666988586199,12.113105655464356,12.113373766553613,12.308106172979773,12.131202563071282,12.123475074768066,12.149135660839498
23,12.219273661708932,12.21143590710332,12.21161850973145,12.103604525762732,12.20704951875695,12.20964527130127,12.18475584476787
24,12.471169265724443,12.469735911147792,12.469713714046797,12.480710674738898,12.483316562320761,12.518021583557129,12.496937943098137
25,12.33483719503231,12.352771737494148,12.35159277181479,12.074759152008278,12.254470768914382,12.295465469360352,12.243465787716781
26,12.116000792461133,12.126841883680461,12.126517637200891,12.112188373048562,11.971927979214295,11.993697166442871,11.97368108326449
27,12.101649044781562,12.112974216976395,12.110083714804135,12.175900518553618,12.133145085410396,12.215376853942871,12.10360560182534
28,12.613718843769021,12.608845070942602,12.608943145805723,12.591321680753609,12.61408143946968,12.6124906539917,12.578133430676461
29,12.717960121728872,12.706511300703912,12.708699684641608,12.74654756666969,12.593759896957364,12.542706489562988,12.53189202755464
30,12.676761726458807,12.678827259907363,12.67919355416941,12.627141119320065,12.623093468088165,12.583740234375,12.556208788322026
31,11.979826512975302,12.030770414059543,12.029353473505415,11.977416726364115,11.985302469213009,11.960830688476562,12.002606398436125
32,12.653912938570434,12.666404498825042,12.665500396254275,12.66469436189027,12.606100867508344,12.587421417236328,12.635554572422803
33,12.88125786592573,12.890117553555154,12.890043179837665,12.908602037049684,13.02547262148215,12.985304832458496,13.021946177152948
34,12.148149607396842,12.152653435241938,12.151933840555067,12.089249825983453,12.068657532218992,12.22525405883789,12.240167457110115
35,12.376688966013251,12.38463053253562,12.38415125086878,12.402068297253555,12.433668414931441,12.434353828430176,12.449758234270186
36,12.136156129632468,12.13750092828058,12.137630399611053,12.30923681098755,12.111373233072301,12.155028343200684,12.16835206592159
37,12.148110304798585,12.175325168540256,12.17767553456528,12.147363703627072,12.094194879823535,12.127973556518555,12.147684632128065
38,12.907047008512194,12.905934442854205,12.90637260005877,12.912559693260636,13.029267032303265,13.001648902893066,13.031745723074966
39,12.476879675377543,12.485985810974471,12.485025938924258,12.461541189961274,12.531799696636545,12.523460388183594,12.490542729009393
40,12.18617415307393,12.18060226521498,12.180780513273355,12.12090157816223,12.183978512138038,12.274694442749023,12.275747164726067
41,12.083640480330342,12.093109628867234,12.090575382170885,12.083898206965483,12.144174766777812,12.123672485351562,12.077437625657879
42,12.062295989995786,12.065389632892543,12.06242156650138,12.256417251656956,12.13235120343595,12.022401809692383,12.10262265391026
43,11.959567946641808,11.943568032533445,11.943997604407743,12.072088882218432,11.959547858993899,11.96018123626709,11.976170569103884
44,12.110707853356091,12.11716720953169,12.117827040040385,12.12857671537203,12.129872755486677,12.161447525024414,12.158608045741191
45,12.391696253226717,12.390525966357231,12.39018465500398,12.385377825935887,12.395346753227962,12.439608573913574,12.41778943869835
46,12.76318404044226,12.76042250591114,12.76147457773682,12.779232305901456,12.570483021684577,12.665223121643066,12.714172384438973
47,11.85267105234835,11.86105963255544,11.859625916111892,11.826859119389646,11.750680319738166,11.742220878601074,11.740200539689946
48,11.984579234823784,11.978282472000702,11.979008787393203,11.982670980548665,11.928166027011672,11.89445686340332,11.916374082528986
49,12.008134709811946,12.011900056848662,12.010940492338518,11.915919780857296,12.034430791382581,12.049895286560059,12.051511232568359
50,12.169658298120718,12.178669763760258,12.178130578246002,12.052387838688922,12.058264511355668,12.156105995178223,12.166311931248087
51,12.94762674184339,12.940643164446678,12.94138373881088,12.943262978862684,12.971066486053317,12.912674903869629,12.890487131933096
52,12.344336709572907,12.336152287236665,12.337103706363175,12.37012991684818,12.292041176060215,12.342487335205078,12.288340599447602
53,11.513391520313403,11.505147815848623,11.50687129059382,11.514475614088868,11.58529810243166,11.607556343078613,11.603941242411548
54,12.008073106102561,11.990152507129435,11.989503601545204,12.098510954795,12.03835846926694,12.030923843383789,12.04956319057145
55,12.08407614797926,12.101687723905933,12.099630840718895,12.059361637700178,12.149242656309697,12.178688049316406,12.129272362681977
56,12.2381051108058,12.23448315880902,12.234728900824098,12.059802845539927,12.216967031454168,12.220856666564941,12.193283699730951
57,12.25274909360272,12.248051521549222,12.248620344475118,12.25283794619981,12.245770514668564,12.252058982849121,12.262523814427885
58,12.503047555959991,12.49706299540518,12.497112530104976,12.503149076215847,12.554246151380337,12.491439819335938,12.515644107627864
59,12.137795523104689,12.148096663171817,12.147859198894997,12.361175267847255,12.200478226759877,12.184003829956055,12.182582056807679
60,12.145427145937086,12.138047640751273,12.139065298930205,12.153443026766674,12.232977711887191,12.233124732971191,12.25232376552736
61,12.088286343420359,12.09965575290151,12.098293262364018,12.048307601622154,11.979629736596442,12.022890090942383,12.016765355268541
62,11.627018816116273,11.654051557252918,11.651496355856697,11.678614377075327,11.702505041692534,11.664698600769043,11.654344402822943
63,12.78286548873104,12.777560374827381,12.77765933680445,12.780029200234589,12.879587400117206,12.87421703338623,12.900789784620294
64,11.953928313459846,11.953703398726205,11.953635639091402,12.000622807833643,12.037788688225156,12.017541885375977,12.001681658404818
65,12.269760661982765,12.287496502880524,12.286117102403663,12.149077617795896,12.319566017849404,12.283318519592285,12.292013443145883
66,12.042969978101969,12.038571608107528,12.03912856160909,12.02654691153956,12.032187612932296,12.004094123840332,11.977290581230621
67,12.777665169977265,12.782935683978492,12.782602764804091,12.39070833245024,12.705747301684454,12.729665756225586,12.738646836917475
68,11.915404512300764,11.92120295957819,11.920630587017511,11.934443462073098,12.00454802388308,11.979117393493652,12.01180160383048
69,12.075328069534718,12.090419612912843,12.089238017607325,12.094625982537991,12.053307402157444,12.08949089050293,12.068032321333604
70,12.20642547638816,12.18611789866833,12.187780788699023,12.161501394016353,12.190869771089579,12.201312065124512,12.1935116654493
71,12.857618244326204,12.848271274966569,12.849902661912605,12.843430668963698,12.880949546197659,12.84539794921875,12.82247966024877
72,12.2765869566254,12.2844257999763,12.284203886841341,12.253433238702847,12.26145280646315,12.237913131713867,12.230742715531164
73,12.459276517828945,12.458251512024212,12.458598818668218,12.105188337261202,12.487699273746943,12.488565444946289,12.554429847304771
74,12.577120369307513,12.560417331911765,12.56286476453053,12.074759152008278,12.592739945745727,12.495513916015625,12.562823974356176
75,12.40143518094098,12.4045864376886,12.404042875515977,12.386015794983766,12.38037196551377,12.42955493927002,12.417996595098606
76,11.896943250019895,11.914704260852409,11.913889153219342,11.926005585500459,11.965944314436697,11.838452339172363,11.882090614049746
77,11.793248822187554,11.793646002971588,11.794323745790734,11.769284821256583,11.71180018770349,11.714417457580566,11.699354593123884
78,12.347078167719488,12.352585519650646,12.352460000668444,12.312847919539783,12.316548852120551,12.338334083557129,12.316908882890344
79,11.945791415978233,11.958460644048028,11.957477832791827,11.981918781047554,11.898945492673757,11.938485145568848,11.9413332684985
80,12.030252381883997,12.027415451887496,12.027270509104193,12.00690359159188,12.006594674086587,12.016676902770996,12.087822918905458
81,12.646519994510477,12.632186224998682,12.633335630669558,12.668963914083317,12.647669990520587,12.64576530456543,12.653597869102034
82,12.344062808478146,12.3531327541906,12.352496258474302,12.341941207951965,12.33859361393031,12.361449241638184,12.346318835889516
83,12.19705925165836,12.21549614066346,12.214600504857897,12.282597667799356,12.371757489444688,12.339872360229492,12.384099633937902
84,12.020370623084341,12.031119133780242,12.028556614873464,12.167021067790065,12.030634641578732,12.084129333496094,12.077934419672044
85,12.25862720048397,12.249735621589627,12.250013550570129,12.246077793113157,12.209324750156297,12.186917304992676,12.192574622732337
86,11.619271550033579,11.62251664369835,11.622966790891697,11.579408058816396,11.515086458524463,11.543508529663086,11.5244072672507
87,12.309267020968695,12.305639553766527,12.305722337317698,12.266868199164566,12.295858130002246,12.317870140075684,12.325907644417796
88,11.714615267266975,11.71820625720792,11.71834440104923,11.721927343139003,11.745634932319154,11.78538703918457,11.737916937350727
89,11.786459179745826,11.757186192709291,11.76111518739853,11.915686936886729,11.846900495636444,11.84493350982666,11.819516195818267
90,11.901781866317428,11.90145187452474,11.901674378616427,12.005291213842627,11.935845055913665,11.923110961914062,11.944188025182894
91,12.451109162517188,12.45345605483674,12.453448788643412,12.44355042261335,12.491894365923052,12.514754295349121,12.48011244368004
92,12.139375368628873,12.146435955315049,12.14656379360915,12.155261296473762,12.063786599702633,12.102495193481445,12.146842098580057
93,12.451403394719152,12.444601166370848,12.445442386578847,12.38873813805937,12.422640843169276,12.381210327148438,12.384017101252995
94,12.421787454616922,12.425470646778463,12.426068414532029,12.465427084486192,12.580148828767463,12.517757415771484,12.60453994756736
95,12.329804498038929,12.330253361905847,12.330237887695244,12.32870044448641,12.308864602495579,12.330780982971191,12.28704557614156
96,12.140990507641517,12.129219897939675,12.130120074225164,12.154484235020709,12.12183473235382,12.049226760864258,12.13545774199808
97,12.462404937916624,12.455085206884013,12.455883597512889,12.424994339106394,12.409064987340013,12.441706657409668,12.422393847582992
98,12.746662695556351,12.73103996239635,12.73229792206908,12.817416997676855,12.667690605911705,12.518122673034668,12.580218308778699
99,12.311371702946214,12.31060006250385,12.311183603104752,12.315864580845915,12.269456887138368,12.271561622619629,12.282088085501229
100,12.624446469997508,12.635242015321355,12.634473373347355,12.620729876274648,12.58378641841773,12.574295043945312,12.515628515539891
101,11.947349487924038,11.9372301221379,11.937372982328744,12.428690092607203,11.974546082768658,11.975709915161133,12.02463196031965
102,12.181927860036085,12.184946906204367,12.184666889269447,12.164513763155966,12.167517423833953,12.176840782165527,12.159069522046728
103,11.914424261957452,11.90221202031343,11.902807341658416,11.882151819116483,11.86333418626321,11.87214469909668,11.829063793047748
104,12.019934652015957,12.030282580146531,12.029800142927469,12.044949756430803,12.01649199329162,12.016634941101074,12.034289474910572
105,12.487494735608767,12.482390236914412,12.482270617390133,12.504458577868585,12.375174378324925,12.28424072265625,12.284720720122376
106,12.195566953346855,12.17725959477896,12.179636463505146,11.896745217378074,12.185972073731842,12.1465425491333,12.185640631913282
107,12.41979206228946,12.40620236363055,12.407577914886726,12.42397098514474,12.454800299761077,12.436202049255371,12.443273863793452
108,11.768598863237708,11.775160499720734,11.77436314039073,11.75601033749675,11.79877518914454,11.751008987426758,11.789616197747742
109,11.867071570000059,11.857068664590516,11.857419733880022,11.884269039234908,11.89608422207039,11.868168830871582,11.858476049982926
110,12.3530376829253,12.35744007431122,12.357043797636921,12.406397944693605,12.374347716311132,12.322534561157227,12.308129496800563
111,12.799586840288992,12.790024984887069,12.790689296340961,12.807714742813841,12.928336702167082,12.908902168273926,12.916302940600753
112,13.014211034642685,13.013117060077857,13.013664562000242,13.0360552822861,13.024970240567914,13.079909324645996,13.097375928792816
113,12.308429207499836,12.308484322544734,12.309345560622619,12.364483421748329,12.264834864184007,12.27953052520752,12.259761500450443
114,12.400617017417773,12.400070511412567,12.400062291691802,12.412305396030344,12.43074619839291,12.410759925842285,12.429933690307251
115,12.085456368310393,12.103492431888412,12.100764196813332,12.074759150954026,12.138265756573894,12.0659761428833,12.11964635865093
116,11.70307089573987,11.696511543585617,11.698033181219754,11.685429389422644,11.657385405959456,11.632184982299805,11.674782771363338
117,12.08997902444266,12.084783237218158,12.085381377936253,12.089154589628803,12.056936434088415,12.024025917053223,12.039992253338427
118,12.583406028279375,12.568035919210303,12.570250859965823,12.096171270216045,12.5079594608867,12.471064567565918,12.454843718192507
119,11.534385808237218,11.530688631036584,11.531577588310537,11.442300366381623,11.347153732256738,11.392155647277832,11.406366481056212
120,12.5019012322716,12.495713475365227,12.497206370708065,12.517616690103864,12.468206756070702,12.519330978393555,12.464151681751098
121,12.529130915403778,12.525879714901793,12.52763153557418,12.454733377630344,12.358533352593811,12.455205917358398,12.429763144112874
122,11.472962845527523,11.501299947036204,11.493901090249732,11.612351708954566,11.510380622004867,11.550674438476562,11.579412351176416
123,12.275023662327998,12.269035676620868,12.269281283591294,12.30169748970961,12.223910620566052,12.233657836914062,12.242883848007125
124,11.659457563859759,11.635591876998541,11.639575884956372,11.464628351695872,11.665070059890905,11.65591049194336,11.754839529497513
125,11.757860041102553,11.760197493709262,11.75856511232839,11.847659134181939,11.96707213111898,11.884519577026367,11.772876099450386
126,12.916441110436612,12.917178564434531,12.91701525529194,13.094609661560204,13.002013730879431,12.979138374328613,12.96757625185364
127,11.766615223990176,11.765777059023101,11.765026662932886,11.804997588379761,11.783537418102572,11.741479873657227,11.738794993908991
128,12.337095734598035,12.327525936255244,12.328898900993181,12.349414629961704,12.351790554506316,12.341547966003418,12.375374795955786
129,12.352349704393818,12.33174747218481,12.33509074832134,12.348882041482083,12.350685006183996,12.360152244567871,12.341492063244548
130,12.345846250071995,12.378510037605585,12.376654266526991,12.391073633267423,12.327457485901691,12.373468399047852,12.40528024026582
131,11.961604188679495,11.96233638863835,11.962214151934326,11.963133421504113,12.001799381953791,11.977291107177734,11.99574965480622
132,11.842754190996864,11.837535857389113,11.837680740709633,11.829174588139825,11.812712213180038,11.81701374053955,11.743311953346387
133,12.76098278804184,12.757780214147495,12.758689938434427,12.760936111453347,12.704028006458055,12.697505950927734,12.71572384878679
134,12.27982631808949,12.275710007024239,12.275848979650672,12.278570360517758,12.29998030194354,12.256865501403809,12.24507840534717
135,11.954092469576567,11.960060558777116,11.960020848970684,12.033422247917063,12.042381286196106,12.06198501586914,12.022998311741192
136,12.165223208674991,12.16578870992537,12.166193964166913,12.19650509632603,12.074290089648562,12.099381446838379,12.022950293559303
137,11.526433000882902,11.531295228941916,11.530269515981711,11.57779680016147,11.479694697713752,11.531620025634766,11.556933983238892
138,12.04735514931348,12.056073368814841,12.054949204298843,12.034340080857294,12.068966226996105,12.05629825592041,12.054945300068466
139,12.166954745270514,12.17347805950289,12.173587817381874,12.096673537499766,12.091567701729737,12.112398147583008,12.119044123207935
140,11.91663283483098,11.91250005423846,11.911946447086846,12.083254787081009,12.026547094293516,12.005657196044922,11.945709062830245
141,12.4377780351982,12.437558819696033,12.438181121579769,12.109261725534175,12.425090763581105,12.413926124572754,12.396106767726932
142,11.561919805734249,11.565125083674218,11.565496345901138,11.451289211778446,11.417333535823225,11.46749496459961,11.478194692172556
143,13.132823617899328,13.13727826213035,13.137140764833175,13.121182085719207,13.113849418386764,13.136149406433105,13.129528840064843
144,11.757857262592022,11.74639646667747,11.74821765776601,11.861596392142594,11.765123950940923,11.78944206237793,11.754719431438813
145,12.183692319983267,12.179982124344347,12.179986933723175,12.089478764476775,12.222059995201551,12.170750617980957,12.193666731050413
146,12.388973133101617,12.391759730072188,12.39151090355996,11.917696206583816,12.37386579758082,12.373930931091309,12.37664423320443
147,11.509801248161189,11.477755062032479,11.477710880466933,11.502895462039334,11.464832056078977,11.484173774719238,11.556050672783213
148,12.498929080176913,12.510982986296247,12.510425922163755,12.377915621001057,12.49337017059217,12.487754821777344,12.458750226501667
149,12.510532001671365,12.504820992711377,12.504877054052749,12.510738616314102,12.537989850008994,12.544615745544434,12.524126372664092
150,12.257588150275357,12.251987742314611,12.252099120077627,12.223792424628575,12.229485218576398,12.241694450378418,12.234912114904365
151,11.820672759478313,11.813706900052974,11.81402796131016,11.94031587394234,11.901973715100569,11.848753929138184,11.899653982414652
152,12.09132856084928,12.081602687263292,12.081664256969418,12.073202430805962,12.169045865504545,12.132171630859375,12.146826087728243
153,12.500443458734198,12.504557581417014,12.503834454133237,12.499840135723064,12.535807646059215,12.551817893981934,12.571741601960307
154,11.852992332333487,11.856133943337744,11.855791368676675,11.877721040422015,11.789257955380213,11.860188484191895,11.761467771140872
155,12.865275695421767,12.853339657927494,12.855213699376966,12.843570554954153,12.89986175420285,12.926138877868652,12.909156430528203
156,11.994840429334987,11.999867943830514,11.99826088124557,11.98888222079367,12.019999144156627,12.021503448486328,12.047138850341822
157,12.658951397851737,12.66648228242426,12.666586775897168,12.6257288489046,12.657151062227207,12.75611686706543,12.745396890592238
158,12.573571779638169,12.574863989070284,12.574560527123754,12.563838142720169,12.645504524232434,12.60781478881836,12.6250059842358
159,12.678578689189386,12.669709457905622,12.670909248804637,12.698777128608246,12.586825010016451,12.581184387207031,12.627058899864824
160,12.415361479492832,12.411978786479978,12.412149626591312,12.416777028892975,12.33882402575697,12.316954612731934,12.340050934153377
161,11.670346734875382,11.647766012880044,11.648246029363653,11.596829392605208,11.682553070932757,11.70030689239502,11.580825373178657
162,12.770400185048898,12.77114030014439,12.771234339892992,12.766442042636335,12.753803225722027,12.713149070739746,12.694973874353057
163,11.705530072474575,11.700103370716429,11.699956883441564,11.71203942270342,11.665530409174936,11.653362274169922,11.656621332329303
164,12.596974612131568,12.60004277093469,12.599190666622832,12.567134906640604,12.59924138391267,12.612709999084473,12.619825983585747
165,11.961692781136803,11.968006714066398,11.967519734602593,11.968663233846307,12.032998467150033,12.069279670715332,12.076291227281459
166,11.506209818095972,11.49029273339264,11.490346316216652,11.87934870612775,11.439036148918108,11.494658470153809,11.548124130557458
167,12.317743185270814,12.31376497183079,12.313937051190667,12.320078080389878,12.317113764931985,12.297098159790039,12.31211624226516
168,11.881902070480074,11.853746170495668,11.856370311821294,12.296081735674663,11.873822413966275,11.840055465698242,11.854375733116303
169,12.013767033250051,12.024650865974165,12.023480641655894,12.0757707953947,12.000655738185198,11.986954689025879,11.987230554123308
170,12.206356974269733,12.200280196595289,12.200668519386511,12.271336129127478,12.190395238014343,12.20942497253418,12.231800877222225
171,11.662018850539404,11.657526733422696,11.657133602916772,11.903056049712776,11.57174754916504,11.590907096862793,11.600424296160687
172,13.051320190027889,13.056798271715984,13.056726308965597,13.023538537054696,13.047828166390312,13.050726890563965,13.043436770304442
173,12.367639355324552,12.374568537435966,12.37415454900877,12.1212683381954,12.471356354407027,12.484940528869629,12.536700749167242
174,11.981693481154124,12.001695611177313,12.00147828226364,11.893199514801251,11.952324155852898,11.994585990905762,11.941308345130984
175,12.572073173572097,12.573547466064424,12.573561088355872,12.7307671455897,12.575465155438861,12.518987655639648,12.501039571040804
176,12.601718307388195,12.601197513534862,12.601139845553847,12.595735028024787,12.573675491427979,12.610576629638672,12.579349388607605
177,11.920242611712412,11.932903763007188,11.931483414513485,12.134204204586263,11.93541810129026,11.944587707519531,11.904718200083114
178,12.413475661199804,12.411090419094117,12.411271715094852,12.40919055708557,12.362656085956427,12.399641990661621,12.361329563575117
179,11.72857146437488,11.7410637201706,11.74000075145591,11.644075990083138,11.699735340967438,11.713197708129883,11.69854830711721
180,12.207354049357816,12.199209875022142,12.200630529236662,12.241391285900772,12.187941325660844,12.178251266479492,12.17316451334735
181,12.827077019423761,12.820649269382066,12.822303216993868,12.681366095231434,12.788605340746104,12.829116821289062,12.766517330027119
182,12.632808597314924,12.621043071503092,12.623031282014706,12.598615849091086,12.558126590710884,12.643000602722168,12.63189751329052
183,12.352152841279777,12.356213386081583,12.355558432730662,12.328250269467468,12.366720186748656,12.366065979003906,12.43617814112665
184,11.935268679742336,11.942733372127197,11.941519214410045,11.938817178296626,11.890421573841643,11.891878128051758,11.88458499148954
185,12.007132961023444,12.00711456417544,12.007833234622609,11.95254726734184,11.983828261842934,12.037055969238281,12.007147095843235
186,12.162692450057023,12.141915769607639,12.14267633750491,12.17344968228355,12.068231262343557,12.109724044799805,12.117938395217582
187,12.201008479816188,12.18895536769798,12.190206897718646,12.072090265732156,12.301781530802893,12.227867126464844,12.19535667296494
188,12.62982577376185,12.62664397313443,12.627077409778815,12.612988774191127,12.675174326251557,12.64980697631836,12.64716212355556
189,12.201048934314892,12.196384204080974,12.197055195551107,12.056614700341672,12.162049546312707,12.1507568359375,12.18135702995495
190,12.590663924652102,12.5905802084407,12.590703353508841,12.591139916034749,12.56106520199656,12.592473030090332,12.564378838863423
191,12.173579018549809,12.184975233640163,12.18434677324455,12.099826621468754,12.019280938785242,12.085137367248535,12.096754827711928
192,11.66273505657855,11.658369953023305,11.659170268097556,11.625775994633273,11.701636010417495,11.625751495361328,11.640623058857924
193,11.917275582247596,11.914560333795801,11.91363940281201,11.839454353986238,11.889336002165752,11.954282760620117,11.902401324295539
194,11.71087866786092,11.705610675785541,11.705417851836192,11.660363148490857,11.713390159496646,11.676277160644531,11.69032329346239
195,12.583976417827616,12.573218906689476,12.574095491675152,12.564764465810264,12.577420741528659,12.551793098449707,12.506156315124922
196,11.802778285629493,11.802809418231808,11.802628073233736,11.99874574717651,11.841038192352267,11.799114227294922,11.79749611653818
197,12.506447065836541,12.484279291655918,12.48617567403213,12.477939688004405,12.537090015643287,12.391631126403809,12.454317456803718
198,11.730354344632698,11.738996327209739,11.738067408346895,11.754910851000655,11.79369503562529,11.734101295471191,11.745739732712217
199,13.147116657608015,13.130670299596533,13.132277733553789,13.150096488289371,13.18905256113651,13.143940925598145,13.099253461363455
200,12.148225245577372,12.14805176869015,12.148429078429443,12.186305700074806,12.23279188600238,12.217836380004883,12.212518943216978
201,12.04278221573951,12.072209399075483,12.0692270191085,12.102198313289236,12.0912224141625,12.08187198638916,12.13182098290844
202,12.100807247142217,12.113915862405827,12.113004049461264,12.150146717592811,12.136487451059203,12.121806144714355,12.042333433240376
203,11.543118531248775,11.524899368525569,11.525331915905667,11.336435762832851,11.347898354523533,11.396382331848145,11.440158288372075
204,12.9194599124602,12.916752377698351,12.918074179939536,13.030361011828369,12.853029000926878,12.80558967590332,12.858753320172172
205,12.803112005197224,12.795078543832865,12.796237875594354,12.864570962555245,12.824697416169158,12.809671401977539,12.833022821261363
206,12.999673793828764,12.99948978633141,13.000433481391484,12.968832252387271,13.07625736663898,13.035847663879395,13.036436964705544
207,12.14015171405406,12.138004211696362,12.137425970991817,12.122327642022354,12.11355267634958,12.137127876281738,12.152041092286016
208,12.536336396732336,12.521093242987346,12.520896440596005,12.697698837036699,12.55666040978025,12.439474105834961,12.472614125409038
209,11.592244487923477,11.581410031058578,11.581582529460016,12.074816727761087,11.659664708698227,11.65357780456543,11.558672804403784
210,12.476037201431788,12.467287094399358,12.467575210912486,12.500089756982067,12.655194882221677,12.58871841430664,12.633066584534069
211,12.158727029245453,12.158294292932029,12.157873245004133,12.274905122541211,12.09386546309812,12.0881929397583,12.103905796352016
212,12.647893251434088,12.640609330363091,12.64134474683805,12.668120617509878,12.737701503317313,12.706226348876953,12.710330650298314
213,11.898733395373673,11.89578366429767,11.895951981531041,11.88471902496094,11.870097752885568,11.856919288635254,11.877647629683299
214,11.658096525142646,11.675427725976212,11.675315652479574,11.597127586572798,11.716301474276996,11.716683387756348,11.731238569023203
215,11.80552088213906,11.797961469127866,11.798785720147372,11.73285052727334,11.932731723350502,11.874471664428711,11.865825711658063
216,11.873491099428072,11.87556452971042,11.874984030942095,12.10047555808776,11.887625524911112,11.943941116333008,11.924019461752705
217,11.791639265779061,11.801298721432731,11.799582186961254,11.801640859032208,11.874649952773321,11.876325607299805,11.792539413726189
218,11.854507764504723,11.856868775172646,11.855716447826353,11.846476468095304,11.855572890177237,11.86000919342041,11.827936788014025
219,12.492195426968772,12.501080229483739,12.499990205146938,12.476189055053533,12.503037887198401,12.486876487731934,12.504086972685672
220,12.021818651210223,12.018087158289273,12.018524815279038,12.021060807818984,12.009688199520372,11.922155380249023,11.951986839674205
221,12.788028323325,12.770539120760805,12.771670188452667,12.50581845719046,12.864860380896092,12.792756080627441,12.808789104429339
222,12.071978215092589,12.082987933021888,12.08130880767935,12.067881371778615,12.04666750567763,12.088081359863281,12.094288356805892
223,12.240380987372246,12.240262818302176,12.239994981792607,12.267378467609246,12.26775421154188,12.269246101379395,12.257097680412517
224,12.172607449831427,12.17254589640751,12.172640513047808,12.179057601389529,12.134691756477398,12.095580101013184,12.130801931764818
225,12.55517738157776,12.567457594340262,12.56686283287139,12.541900178363255,12.541088892640397,12.57037353515625,12.55306395119879
226,12.887960498552351,12.894309405045284,12.895638040193758,12.93788619855314,12.932397591868844,12.896178245544434,12.912605720788392
227,12.72059889453656,12.721194788363636,12.72119372735662,12.674468823719419,12.795784602330034,12.791043281555176,12.769405276819834
228,13.355963621040736,13.361504299732912,13.362093717290305,13.323425250694996,13.235558603625377,13.183784484863281,13.15797933321391
229,12.24275158306111,12.239974322134694,12.240110474809027,12.299098846806356,12.278328862589756,12.255427360534668,12.283736243077692
230,11.996965643124614,11.990997375481975,11.991570900964765,12.204967069101972,12.016454313508582,11.971426963806152,11.990137314129324
231,12.076091233142416,12.087602219664626,12.084881268409923,12.05771435224224,12.098669671189246,12.081110954284668,12.120476556747551
232,12.340166684302318,12.329951277578791,12.329956828412248,12.332829724714449,12.339146183105292,12.329734802246094,12.318559115632656
233,12.249006608541327,12.248585143260332,12.248708751037334,12.267620907835086,12.262789481623397,12.269347190856934,12.278927979170495
234,11.96256688685544,11.965480268531433,11.963882080723481,12.0652293242438,12.022673639178041,12.047931671142578,12.002940085479556
235,11.833972981587525,11.853068551639023,11.851267277534275,11.832506192147685,11.811551952663049,11.779393196105957,11.706682441132703
236,12.218055851909462,12.23002349348404,12.229295751790774,12.025662336763306,12.231911078970773,12.25403118133545,12.229193403833733
237,12.227031139724968,12.20946844387187,12.210976642680025,12.209456028828718,12.242443892255851,12.231916427612305,12.219507458080702
238,12.744497811932174,12.75100036858683,12.751533178524443,12.724163634884482,12.575428095418216,12.720691680908203,12.778842921234913
239,12.39731243907082,12.394793919788231,12.395023562657832,12.383331480393743,12.35070234911702,12.354723930358887,12.331224644112574
240,11.901790609947923,11.91478103951261,11.913660131246628,11.897753787247549,11.957433724442087,11.93770694732666,11.933738284660093
241,11.951413666981422,11.947484243755062,11.946726989571284,12.084457908053585,11.93771268083713,11.862622261047363,11.871438716198508
242,12.127740880288247,12.123302161460302,12.123050609640956,12.197681811671302,12.080357351949177,12.158900260925293,12.081697257672358
243,12.468997401875233,12.473921853701182,12.473994831143294,12.449658830469517,12.433433361721903,12.497246742248535,12.451710874763032
244,12.617071026947121,12.605456447093754,12.60684255464191,12.643959406680512,12.716925221574158,12.71259593963623,12.65604295572976
245,13.010793241844759,13.009436161799002,13.010074242616707,13.040465077657156,13.028698685402514,13.01372241973877,13.0221842066203
246,11.874041316372926,11.878546633013922,11.877290367423576,11.879865246681678,11.888870161196387,11.906098365783691,11.896543485709902
247,12.25519001866952,12.219940532743799,12.22119293657529,12.21646118635002,12.284101024626224,12.36336898803711,12.234525745237189
248,12.182924117296078,12.166491899811005,12.168707342278827,12.114034759931567,12.155959881417086,12.140583992004395,12.12959389718161
249,12.281822422135935,12.280074583294088,12.281375947732212,11.945769505386874,12.278745328043316,12.2484130859375,12.266558125629652
250,12.911394792168863,12.912516366449273,12.91282870721128,12.904745688181332,12.772920832474515,12.818796157836914,12.840217008226166
251,12.851320192865447,12.849494558780712,12.849620654701567,12.827902779027019,12.823607456865638,12.842733383178711,12.828106604211383
252,12.30079258818578,12.30299457100646,12.302556875085173,12.410791124945694,12.274147126241168,12.273719787597656,12.276666088997377
253,13.134600327062799,13.128622391315888,13.130285387353652,13.095203680182662,13.108855942115342,13.111311912536621,13.044735660873359
254,12.055690058092788,12.04924082453216,12.049794837434447,12.06186717089148,12.034804795913027,12.08741569519043,12.08631232083113
255,12.108001777325969,12.107588967676863,12.107567005468455,12.151111048767785,12.174531181196055,12.140408515930176,12.15023964759199
256,12.349757212286448,12.342475728095273,12.342656030473025,12.37123368655996,12.405143471682297,12.439655303955078,12.377267215391592
257,11.787518388589973,11.809627351896875,11.806728343134944,11.795649684740049,11.910414702597969,11.904631614685059,11.882601453504341
258,12.476277945563602,12.47614675165099,12.475831565929996,12.477489965574081,12.657105670937524,12.59399700164795,12.577949860539713
259,12.391767228260466,12.391899768477348,12.391925236911101,12.380908288205744,12.414541365631006,12.365999221801758,12.404628131364404
260,12.276492638038103,12.276885451613579,12.278027604082585,12.251585709330094,12.26867178974955,12.229531288146973,12.231197659537585
261,11.946527547917444,11.953566969056693,11.952762215274197,11.960081642365008,12.142097790045092,12.01723575592041,11.925747807242171
262,12.321193175306835,12.321632778905617,12.32113705499533,12.316192127188192,12.299032972609055,12.324578285217285,12.29551709095921
263,11.772183610709256,11.764002823632955,11.764168468536337,11.821295085029417,11.887383152970786,11.842911720275879,11.85890531778488
264,12.45344748253061,12.4403606317057,12.440057191750855,12.476447339633339,12.425698683614423,12.443678855895996,12.4594660246862
265,12.05537519714256,12.059726349473125,12.059436916628641,12.083335578068247,12.212887294123236,12.194351196289062,12.189660402126467
266,12.05182087734404,12.038480968134508,12.039646221122172,12.060553142857689,12.114458275640235,12.095813751220703,12.079754385436205
267,12.592412886274992,12.592794400185195,12.593317648974573,12.57533973078866,12.500986612715224,12.53995418548584,12.633559858577648
268,12.140328468961277,12.147949513645909,12.147348384344726,12.15571148269938,12.172551547898255,12.165969848632812,12.145494703665744
269,11.848543645090782,11.883373035279277,11.879318763638288,11.868292110125143,11.808343496013977,11.978889465332031,11.915532929769173
270,11.931252687997548,11.925882892281367,11.926169154189646,12.086821174241596,11.813558661908434,11.833341598510742,11.791709000453292
271,13.001193650409913,13.003244194533274,13.003733432606708,12.991649571560464,13.009335429588294,13.060905456542969,13.000398465703169
272,11.801788024803027,11.800927524832327,11.801519786110134,11.879439241237424,11.707400630492023,11.728814125061035,11.676314340333436
273,11.466213898250313,11.464747157986427,11.462789947872661,11.438460186155673,11.415985764162992,11.422356605529785,11.493677025229935
274,12.476344641929083,12.47050464388652,12.47193959326172,12.214571135682045,12.4159837915739,12.421173095703125,12.414940389030612
275,12.096028083260784,12.104032047597848,12.101759171256798,12.032422992923433,12.03002394191007,12.062397003173828,12.056639933797586
276,11.866408902543004,11.872143129729071,11.871787203534575,11.845546680994971,11.777241461398232,11.758686065673828,11.763762124564291
277,11.888377502597962,11.881599163799327,11.88315300181359,11.917185007490488,11.917543586025467,11.876376152038574,11.866484830856761
278,12.672488764627461,12.676575941504531,12.678126555114499,12.693307064552418,12.600578187884631,12.622543334960938,12.622403086570957
279,11.61157492841229,11.609467294086844,11.609954802224792,11.611285379423373,11.563120508870448,11.546879768371582,11.527281108240722
280,12.266277318919869,12.267073235103021,12.26729754332147,12.279236458755822,12.239794242774824,12.221795082092285,12.197343269015114
281,11.825396168571954,11.836845763322845,11.836223494036684,11.68273936028514,11.79658124946492,11.825472831726074,11.810754412939831
282,11.70870121232175,11.702103960034522,11.702160571102079,12.174113516289973,11.927953008544796,11.819422721862793,11.791426906524256
283,12.464905833984707,12.466647427841341,12.46734657111528,12.476053330406328,12.485090730408634,12.523040771484375,12.52955430860307
284,12.457284430191715,12.459672254192707,12.459676716673583,12.425907829913518,12.465809615098921,12.419853210449219,12.426827329881373
285,12.17709849713014,12.171914066060184,12.172210337859022,12.230533544059117,12.23743319844001,12.217291831970215,12.213771064673834
286,12.062927619870644,12.072799183437722,12.072131230328258,12.155973766163603,12.14555140114817,12.109659194946289,12.136672360892163
287,12.681002101245022,12.690976452097127,12.690934555047253,12.730951506070808,12.538582281898526,12.770527839660645,12.753320260360988
288,12.032457711852993,12.048232465064952,12.04539162861348,12.204280448876162,12.088457017172013,12.06883716583252,12.038188130392287
289,11.707778728535077,11.714566191022273,11.713086324899859,11.69722017465915,11.70654877097966,11.708541870117188,11.691319073166834
290,12.28289370415174,12.2824048027542,12.282581360995083,12.00170520250305,12.219357384045365,12.248279571533203,12.24964627899162
291,11.940202004870013,11.934344853543253,11.935211435780095,11.958352851850474,12.026517805033789,11.973377227783203,12.012503675504613
292,12.011672927013787,12.007190714066535,12.007354332158362,12.051554623309189,12.042748919495306,12.065938949584961,12.058128494790688
293,11.83794877614368,11.84364335606271,11.84242501096746,11.907279081458022,11.820908543187391,11.854207038879395,11.809943970221154
294,11.814823860476121,11.818013488739496,11.816914713474901,11.860420224569248,11.855034839185068,11.871739387512207,11.832541091336086
295,13.060499067502167,13.060828764507898,13.061812847495723,12.268393187135793,13.136308451581165,13.110006332397461,13.123963727202403
296,11.884552213927424,11.869604511869522,11.870841582513822,11.943282136517421,11.9614049373991,11.937116622924805,11.95138286198959
297,12.241367497971993,12.267317432191323,12.26322857318062,12.131334890301828,12.16320438199783,12.237135887145996,12.240530249545104
298,12.339567803986885,12.338156729004819,12.338263143147353,12.323292641085558,12.274033473455754,12.323939323425293,12.328063189794712
299,11.952768252073566,11.957153882446221,11.956216073293893,11.947713541764536,11.981130542121726,11.9945707321167,11.971299100713603
300,12.023049359178827,12.02310873214393,12.022892736274333,11.987201936400957,11.972260046440093,12.015379905700684,12.024870755698757
301,12.32113121827158,12.313206258092366,12.313563553289995,12.24571305228492,12.199456828433506,12.233244895935059,12.218354980068073
302,12.188773428079648,12.155050835431314,12.161867692867633,12.099840031622502,12.241990200645454,12.191177368164062,12.246277111049366
303,12.690930927928978,12.669044111053958,12.6716740876651,12.6782748843564,12.77105363721556,12.771531105041504,12.744977057885631
304,12.2742117104199,12.277564680617113,12.277429072175558,12.265381451746972,12.317311197968555,12.265349388122559,12.265150188284984
305,12.039644531185225,12.03402526622873,12.03568835314636,12.165648402609541,11.952152022740155,12.027164459228516,11.983232216817159
306,11.888645034418712,11.896931756545378,11.895879667964383,11.920568585218998,11.923362090713875,11.938799858093262,11.929213640749726
307,12.255224455977565,12.250134941096782,12.2500135691621,12.196281234829902,12.21828904335478,12.229350090026855,12.210497217032946
308,12.12386498562364,12.121490877030352,12.122100797134525,12.142214537937893,12.13299953526951,12.125353813171387,12.116345036956067
309,11.989431959935942,11.99794132453046,11.996961856711597,12.02137516502826,12.061635727186843,12.008930206298828,12.003063361031629
310,12.040078858278225,12.067836929618084,12.065333334690637,12.156558674343469,12.029911279499927,12.004714965820312,12.011999722429346
311,11.579914807628809,11.597653651503295,11.593237243666145,11.71339118262045,11.734219392430985,11.692983627319336,11.57499014393805
312,12.147430974522587,12.144880955985794,12.144618211328561,12.178429663648215,12.081403410351799,12.084586143493652,12.093912372791133
313,12.421700077918503,12.427341227554122,12.427225181093878,12.393590441745893,12.427024158604176,12.432430267333984,12.446807262540442
314,12.175998089895979,12.17370948729488,12.174033809373586,12.194776420274959,12.124697204393023,12.141335487365723,12.173373215101007
315,12.149603174361838,12.149066461824829,12.149189059416035,12.199920216696391,12.237712614089865,12.19420051574707,12.212300385406252
316,12.692236960561585,12.706898841659582,12.705621510712753,12.684581437411506,12.760397718125342,12.812895774841309,12.813006561955618
317,11.801156472137926,11.789682146239999,11.790456773100157,12.067480130006802,11.774301476474006,11.733478546142578,11.742658722470768
318,11.7861172749275,11.790338936374315,11.788733469349353,12.027514109580588,11.885763797285676,11.793054580688477,11.840366027356138
319,12.116648801746539,12.10684880690883,12.108381916939596,12.178927271104437,12.272275997984801,12.197625160217285,12.194283435300424
320,12.60916485309434,12.608097793086953,12.608034802869918,12.634842450344152,12.6082934811875,12.550521850585938,12.574594769260857
321,11.583822113837758,11.592519776054656,11.591166795597758,11.601644069384449,11.559950707453572,11.540594100952148,11.56263957830032
322,12.093734608794705,12.089389093038102,12.089765505172922,12.024808458121202,12.086124930301155,12.10949993133545,12.132422146579708
323,12.00763359489323,12.029147133811689,12.027479962066968,12.076458885492293,12.055220900625955,12.000998497009277,12.03045153977346
324,12.451975493769703,12.468889881296555,12.467265566733685,12.172716089322968,12.346720711223886,12.364897727966309,12.368148749498381
325,11.627980289574865,11.661441006852074,11.659281084711797,11.491699800639552,11.650433836339092,11.618759155273438,11.577917319725099
326,12.374785601521097,12.370232535971521,12.37125622263451,12.34192167519415,12.392771791570265,12.362561225891113,12.36822771266135
327,12.658814016925703,12.66823605026514,12.668333277561727,12.397271670366509,12.609696051846548,12.667169570922852,12.650232878434855
328,11.909003089908511,11.907124063583213,11.907229282053859,11.873098219842987,11.946295958039629,11.999265670776367,12.010023268484657
329,12.198203240024375,12.195681005960964,12.19548433658865,12.193746292485987,12.218071244274965,12.193443298339844,12.228085145287812
330,12.706247914339182,12.7071674359307,12.707221825218966,12.707186783620845,12.67557625699022,12.719667434692383,12.714286710010114
331,12.062158245885357,12.048271479533446,12.049715813839468,12.000531088181667,12.077422801088181,12.071008682250977,12.031544767201266
332,12.368893452714453,12.366540386624262,12.36733355857672,12.289431033767618,12.384486912568532,12.464160919189453,12.41734273232136
333,11.997230579968178,11.979773823596105,11.982066425847123,11.998916294912302,12.004992366377413,11.990057945251465,11.998669882277147
334,12.044930903798422,12.047530375696853,12.046952375558723,12.035135508738538,12.009026754777848,12.016098976135254,12.025807451758864
335,12.628536460367172,12.62400844132608,12.624229605139758,12.66552254862332,12.723339125866234,12.684688568115234,12.782844362402797
336,11.795821759979557,11.79799538007172,11.796840815856406,11.774450389271868,11.801108471255223,11.764261245727539,11.750814417535194
337,11.987203792830735,11.992265612901576,11.991115607984762,11.95789618545776,11.947862636524855,11.975488662719727,12.00781232650861
338,11.830615497689413,11.822400668467942,11.823396120755971,12.427491651323177,11.801048539930811,11.77273178100586,11.830671585955823
339,12.372428661444568,12.380672912026002,12.379567664795111,12.349681795072627,12.42661325145033,12.391087532043457,12.403700335109477
340,12.738157078127712,12.736179850393853,12.735513170062834,12.7989126898727,12.817937158018028,12.758903503417969,12.827171481508488
341,12.444026694459634,12.452363028214274,12.451035490656984,12.410826559301409,12.431195049499784,12.448952674865723,12.447054327481737
342,12.016100626964406,12.014747814994069,12.014710351127368,12.199587193797814,12.023399647249413,12.02899169921875,12.064980341434831
343,12.360534077371417,12.36545577259958,12.365371079170274,12.363109452021245,12.40168963628438,12.309328079223633,12.326828297498444
344,11.939402432312574,11.935573109836293,11.936085222226293,12.037805794821931,12.009923343135583,11.97536563873291,11.979165881382631
345,11.933010447520525,11.921533137295755,11.922546972973903,12.034208940950814,11.942620402020065,11.963330268859863,11.990621058582263
346,11.68447421815137,11.701247950719798,11.700055515533904,11.687760021965458,11.755166498003364,11.702463150024414,11.661094172407068
347,11.920830138477305,11.891478516130798,11.892105794772535,12.06747370044013,11.931385732270195,11.968585968017578,11.865734206046808
348,12.540276370815901,12.541311579715073,12.541232076938892,12.116445524427265,12.523935396810685,12.479835510253906,12.526090492686512
349,12.161469423066835,12.161439095268106,12.162497898268576,12.182579123264606,12.202145431129294,12.196703910827637,12.185505467565395
350,12.084997266727255,12.09902196130636,12.096710117465099,12.060976196967163,12.044719369354231,12.030098915100098,12.076128106306257
351,11.731793987326379,11.726643924435516,11.723831693160596,11.939828459098596,11.775541201380653,11.692654609680176,11.792773293962135
352,12.54472309376317,12.541315590514177,12.541489279832753,12.516887090462543,12.520905392667682,12.507184982299805,12.523268475677002
353,12.518843570916856,12.526910846410123,12.526666107715299,12.599935482134539,12.68556808812191,12.639880180358887,12.66160140419206
354,12.812735428219424,12.810981609812238,12.811752257000759,12.836459499401293,12.813332198371585,12.824138641357422,12.831738424873532
355,12.315229211103203,12.310238985674868,12.310030116035605,12.288233108920611,12.273337149684572,12.307032585144043,12.314276859187887
356,12.006085012595642,12.013610015810997,12.013787238562537,12.01978347112415,11.941061457901569,11.96803092956543,11.937852656047118
357,13.11900911723654,13.110836290814637,13.11273307906373,13.145973991147951,13.140594213963517,13.098136901855469,13.062104066278364
358,12.899188605009257,12.900739865430165,12.900828292072491,12.899324683187686,12.93418505027545,12.963927268981934,12.953075321058778
359,12.37395599277388,12.364596380195307,12.365148447128684,12.38373606163563,12.194027422684313,12.161120414733887,12.183595512391847
360,12.218600113316073,12.193599905663481,12.195124542022969,12.216852265641279,12.310959254372221,12.245416641235352,12.258886653065737
361,12.693523418174946,12.685638525621266,12.686382245557832,12.70704999311759,12.674624934249474,12.695964813232422,12.659654604103947
362,12.791612837270652,12.792184419503895,12.791882246332701,12.820849486936481,12.826591069314718,12.819136619567871,12.850617629431254
363,11.904832253421036,11.903937308018465,11.904496439663928,11.893338837447457,12.04057860005402,12.037007331848145,12.036094692872695
364,12.808699883526957,12.808850050811836,12.809726330862013,12.789212187537398,12.817833909486486,12.809608459472656,12.822524790571782
365,11.75619577365807,11.763984293756474,11.76310017424452,11.5777104237801,11.702583162553827,11.68606185913086,11.63594804111039
366,11.96646059077723,11.93902060823451,11.942061602832034,11.968752812654747,12.009977426190595,12.017285346984863,11.901732586565975
367,12.01579955636016,12.02269751564665,12.021845323391524,12.063296438858114,12.027370735326633,12.011146545410156,12.035821061140117
368,11.5942111503492,11.610141145404487,11.608242245640684,11.59152166349745,11.524668215823992,11.538503646850586,11.573713368023693
369,12.294296602394931,12.289917138350619,12.28960258493985,12.301491998318575,12.279460264669076,12.253918647766113,12.265789065819177
370,11.948060166943723,11.97008342127567,11.968360411888334,11.802623296338382,11.82897219317462,11.80886173248291,11.84006067069859
371,12.244674200376142,12.265452221696513,12.263655230797058,12.262119904941,12.235661400473063,12.314657211303711,12.269364463144974
372,11.916602826632566,11.927647033075987,11.926740311920053,11.967899317968222,11.961750378989612,11.970129013061523,11.961546958269484
373,11.930175314259793,11.928821515812428,11.929142071675392,11.925030956369572,11.916244680302476,11.854366302490234,11.903886336915216
374,11.680958663294486,11.681639235878125,11.681587770377982,11.716373372609272,11.780276624799857,11.721540451049805,11.704915083284002
375,11.77110310917,11.774673897176243,11.77396271267705,11.67664277250878,11.8719087075773,11.80712604522705,11.845480935989478
376,11.989602781297744,11.984394264604216,11.98564095447752,11.784593755790564,11.991464427925967,11.98812484741211,12.073509498602043
377,13.095364682567908,13.081138021529988,13.083550324324115,13.104631790734425,13.134891300270114,13.11862564086914,13.066765448422972
378,12.090597334928315,12.096765242697714,12.09686403025271,12.116015575877817,12.082530102374776,12.043683052062988,12.079301218587286
379,12.040895050429603,12.046478659443803,12.046506215346467,12.055955070992244,12.099160729957163,12.089618682861328,12.07299047765205
380,12.34707217480792,12.34909443643702,12.348852508609644,12.317769178252881,12.27900963881686,12.301321983337402,12.300440501249444
381,11.781878203567086,11.797811087818612,11.796583877972775,11.800528144844193,11.86978700734099,11.871562004089355,11.777655587563421
382,12.044972902334445,12.044104824324112,12.043366064698537,12.130196562678744,12.121536353718849,12.082758903503418,12.050519087793973
383,12.013464724725964,12.021033525800679,12.020203185594747,12.086065077280601,12.046422834757484,12.06132984161377,12.04219416597942
384,12.575808180422323,12.577802764722346,12.577296324211133,12.565622927259327,12.571583084058085,12.546698570251465,12.554942275797963
385,12.117113270961163,12.115861316398119,12.11634529152,12.172562596768074,12.173038524880686,12.186352729797363,12.15738310473609
386,12.001480121608514,12.015265371934573,12.014913932088305,12.015852099014804,12.014625019259539,11.972589492797852,12.00149790140685
387,12.447991192636385,12.447451010401842,12.447452712219524,12.398484838887537,12.43318749866099,12.4546537399292,12.452711394029103
388,11.612965684561626,11.617240741024107,11.615403921716625,11.571441253510093,11.611106851632949,11.550056457519531,11.547703835838183
389,12.014324188911937,12.0250011378042,12.02325070262652,12.022348580065492,12.083258778803135,12.063009262084961,12.058145809046037
390,12.046436539732705,12.050960486499957,12.050600464372067,12.082455565257003,12.08462217440087,12.07328987121582,12.08277787420969
391,12.179513273601126,12.178616179284932,12.178483843735316,12.170096053942546,12.168068857969805,12.19620132446289,12.178010811042332
392,12.259699657752329,12.254415536849855,12.254110940730186,12.278615735570718,12.22694074895516,12.239457130432129,12.24254151328278
393,12.096442384652391,12.103478173058047,12.10117753814375,12.085721831436139,11.988318624007011,12.047307968139648,12.059330393177031
394,12.89392330266911,12.889659352181068,12.890455307244157,12.885043345704744,12.891176126103803,12.93336009979248,12.902401455331866
395,12.398707361100287,12.39735946858639,12.397092293761625,12.38075366559252,12.374899689965005,12.35986042022705,12.377638310280274
396,12.858778871402126,12.860420757835707,12.861412666664803,12.858907378474822,12.901383001542445,12.9292573928833,12.95247414759152
397,12.05848211049656,12.069213605695335,12.068117182520208,12.031248198333783,12.038921426081126,12.031213760375977,12.046587603916581
398,12.144416793613559,12.146739344691095,12.146959908991274,12.18465648221074,12.186667587698706,12.188935279846191,12.195754775084712
399,12.34982062402185,12.346292868655393,12.34647129850057,12.326326075731178,12.343146318198391,12.315937042236328,12.301714073511851
400,11.916355485763267,11.922011273843438,11.920570847277986,11.921488708866141,11.83642229660792,11.899343490600586,11.842849518001037
401,12.102054657179037,12.10295899531707,12.102128652772388,12.116542784901371,12.137208314491826,12.106513977050781,12.064356034868643
402,12.627478478111431,12.616605330890998,12.618124605497067,12.61802070502868,12.530992349460169,12.585593223571777,12.563817847499818
403,12.882554463116604,12.880099116761638,12.880630316710056,12.861855333206746,12.891682483401224,12.906862258911133,12.873915488061224
404,12.090623650365247,12.052722340985401,12.057421658191258,12.123211920118507,12.078225982808355,12.06853199005127,12.092411321902318
405,12.024605549861061,12.025718064797609,12.025686363898606,12.232559084691255,12.05445234519363,12.045230865478516,12.063171170514448
406,11.928868080693135,11.943985659669188,11.94320191236585,11.939283367426148,11.920616137467645,11.941603660583496,11.93406427687282
407,12.513487503373986,12.50971267244928,12.510315780337983,12.511619531603415,12.532461337695004,12.541008949279785,12.530312129567044
408,12.591497219869666,12.598975580493946,12.59895653665979,12.59074363207451,12.59738857635632,12.541948318481445,12.587303967328634
409,12.381916140532159,12.380731581964328,12.380680474275533,12.358037387265888,12.377945204889063,12.346004486083984,12.335093390692132
410,12.313874816323912,12.314239105314684,12.314327486363405,12.32164602041781,12.27486425321515,12.308594703674316,12.289706683435034
411,12.627743484601204,12.624054088985275,12.62459013401942,12.619110033872136,12.580929528117993,12.596110343933105,12.60084089382946
412,12.014107661931984,12.031205836903542,12.029211617186949,11.939499667079193,11.874046555335365,11.942502975463867,11.92957478056078
413,13.086887631345443,13.095353975279146,13.094349609453396,12.965602448853438,13.148120713814677,13.127218246459961,13.126293899736154
414,11.7487725280699,11.763764111561738,11.76194728998791,11.716659243929824,11.748463398615172,11.722283363342285,11.686060757861625
415,12.235139394121978,12.234135676794482,12.234115373331974,12.231764691118725,12.236491692112478,12.25841236114502,12.280861137099627
416,11.960554104082627,11.960098971701031,11.960958957171574,11.998641113575175,11.997246858696311,12.041376113891602,12.040704099903268
417,12.787601441836664,12.801324869093527,12.801071019265244,12.786485455804472,12.843499011323955,12.854458808898926,12.870240667208074
418,11.957419117963573,11.975968109030845,11.975915399545867,11.969290628757467,11.976426242936675,11.970270156860352,11.964550825539432
419,12.30605068611485,12.302662500664104,12.302866432285429,12.320958632194332,12.385955631387159,12.346671104431152,12.363958705376799
420,11.956845435436293,11.937720130892451,11.939250600683863,11.751153259718167,11.987940423972672,11.929936408996582,11.943341704669695
421,11.68421276397605,11.68449639848599,11.68411699759198,11.664603696473186,11.735129847449613,11.722185134887695,11.675826248960204
422,12.328330448217814,12.327077636627148,12.327054488329754,12.296400954253414,12.286161419171158,12.28187084197998,12.284648807697062
423,12.120389447188725,12.122547441329926,12.12177999637478,12.098807766022576,12.168378891913589,12.137038230895996,12.115362267580181
424,12.909236959179252,12.910999811780345,12.912593766089929,12.854820834660718,12.500777850561844,12.42696762084961,12.376833145725124
425,12.281959714999905,12.273506227480333,12.274957791244058,12.3348435860582,12.280796141521957,12.267679214477539,12.32306216940416
426,12.05743560476045,12.053305010418354,12.05393239360254,12.106829345370283,11.893488502864761,11.955910682678223,11.915389509197368
427,12.388139534848452,12.378511990231106,12.379392975177888,12.333423902527514,12.330605940910718,12.325572967529297,12.31844856613737
428,11.886426742265536,11.899874422029775,11.898960987600546,11.973626512731066,11.978890319216172,11.955270767211914,11.980188899028636
429,12.598489417174326,12.58634420953927,12.58783481456442,12.496383323333975,12.627576526497531,12.5936918258667,12.68872401123033
430,12.128791214026744,12.15634785395573,12.153581907330842,11.980466215951417,12.127522790766687,12.233121871948242,12.140790054692486
431,11.985683279598657,11.982968118955734,11.982875988463231,12.00739758251326,11.99358303645373,12.0306396484375,12.029537025387725
432,12.575980261356019,12.564509158031234,12.565054167467535,12.830514368301738,12.528360307891072,12.430928230285645,12.448620982384409
433,12.470140807275852,12.47676885795789,12.47684784548665,12.349900032458478,12.290365233898049,12.316792488098145,12.353731449994918
434,12.558179886570466,12.572336517768449,12.57073384957421,12.082676595539283,12.582449504227888,12.640437126159668,12.616637913098081
435,12.03857222562416,12.04572740910585,12.044723549170628,12.023206259601285,12.006628100840258,12.021281242370605,12.02316629857105
436,12.251500791963114,12.25006623582009,12.250323499370378,12.25811636270551,12.301373321747008,12.289410591125488,12.334085819310095
437,11.92854784545471,11.925486120138416,11.925539201603424,11.905819940788689,11.978575352826741,11.980483055114746,11.976798512423791
438,12.041708921791024,12.039410800743658,12.039327882963335,12.018836674773718,12.06736489749913,12.062917709350586,12.037192049778259
439,11.741168120417742,11.712096871834879,11.714279649410054,11.753328293206538,11.611842724070309,11.622535705566406,11.617657877449679
440,12.140201978485825,12.119642914865238,12.120881863070524,12.178064376606994,12.12571529780394,12.156943321228027,12.145069975768616
441,11.532102160646414,11.527328510800686,11.527290711188366,11.83140734870723,11.536737431358642,11.606866836547852,11.683690951682005
442,11.686697986846198,11.680397306157769,11.678748492871456,11.60607192803741,11.757444535015289,11.718852996826172,11.697799489600868
443,12.388486954450205,12.3761369293248,12.377436516695688,12.387699798203585,12.396553275498917,12.336691856384277,12.33877162609192
444,11.833603879972971,11.842472139886988,11.842502708025776,12.058809030450497,11.922305021169215,11.908615112304688,11.926918272248692
445,11.511779766629544,11.49346038705589,11.494555232366478,11.574856706534522,11.341231187050479,11.294391632080078,11.36404831964707
446,11.886189332863554,11.88740638024981,11.887165878596278,11.920349458430078,11.973879324238997,12.00287914276123,11.960340810649917
447,12.153521582953669,12.150427055624883,12.149959814797565,12.220348230654093,12.123296061338456,12.160687446594238,12.164102311480747
448,12.309248627016004,12.317118999921753,12.315911985923297,12.302551308203112,12.283700930548376,12.29806137084961,12.300374706155434
449,11.854220537953347,11.833531285329617,11.834250482816275,11.773905572335831,12.0146552852799,11.993361473083496,11.97821542506943
450,12.506057794255028,12.496863233325165,12.497367905991654,12.516490252210666,12.512638207690292,12.47838020324707,12.467503778415841
451,12.24464899540679,12.24477337651741,12.24470493573684,12.212918311877448,12.204299083051472,12.232315063476562,12.208923739675834
452,12.212683825212208,12.20921469715023,12.209145221697668,12.16642152327191,12.207677309344108,12.20406723022461,12.209047214263832
453,11.94917618351243,11.949266639069025,11.950025420589865,11.979372550972798,11.993997751685882,11.993788719177246,11.952841578877496
454,12.064949375616246,12.062728553983511,12.062842464420592,12.125692663307383,12.079882073086491,12.0515775680542,12.08517966986126
455,12.721791607035408,12.721124511307803,12.721477061978836,12.708672677995388,12.705896578548826,12.738617897033691,12.765403101406752
456,12.231265640960958,12.230080049496967,12.230601278506509,12.09312387075277,12.198192055909928,12.199973106384277,12.153811463663185
457,12.156087785528417,12.167746227792659,12.166109605721095,12.184949188649586,12.16348663457368,12.157958984375,12.128488122069578
458,12.394460248560156,12.39845897336456,12.398388338931241,12.37624442374392,12.385497325703055,12.403678894042969,12.413016653294823
459,12.428313571389133,12.424927621684716,12.423344514964494,12.606163491889738,12.29412255968827,12.343890190124512,12.42786002295385
460,12.790444769596014,12.802637021716201,12.80231488487664,12.757217934102382,12.7939772471802,12.789508819580078,12.78228584951854
461,11.873262744102624,11.87417424644675,11.874371766780978,12.055043477331031,11.945051542788761,11.923579216003418,11.896123436438033
462,12.780806260779304,12.774393415244756,12.77579992781035,12.726832436602855,12.800829598129003,12.800246238708496,12.800710735408567
463,12.314565265203985,12.319476251018786,12.318969095977023,12.28265150633105,12.313903157082333,12.338773727416992,12.326956285905032
464,11.790884415790117,11.773182622540329,11.773114522819652,11.78373314501982,11.820856167614155,11.858902931213379,11.807819029247781
465,12.475128533130565,12.480352163984719,12.480482394108884,12.486715842241393,12.458729298607032,12.482985496520996,12.439623050436905
466,12.132164509072693,12.145135565251172,12.143810904229325,12.06502873635847,12.016913680787377,12.111852645874023,12.151278005008361
467,11.941558645206301,11.936311825352542,11.937050115820917,11.936601771736319,11.942926817998652,11.936776161193848,11.932323692156233
468,11.764479434900291,11.760400164376758,11.760973273671262,11.991706306488267,11.764590608017034,11.713894844055176,11.692985954556269
469,12.773736443455919,12.777486204598722,12.777705848805345,12.765967646703622,12.704039723265195,12.726583480834961,12.74911145190391
470,12.199799572078007,12.194764896837153,12.195572263041846,12.180877292042423,12.224856745770053,12.221343994140625,12.207918625228052
471,12.868616182632005,12.863637238012986,12.864812521894477,12.796305459754622,12.777792771848942,12.72537899017334,12.76654229282021
472,12.176354040659648,12.17483936674938,12.174559239364605,12.17484089046857,12.251825944680315,12.211339950561523,12.197199379099615
473,12.200028111583828,12.19922877464267,12.19886757307423,12.173031561162315,12.147483236108268,12.164691925048828,12.17585151609815
474,12.403848180087683,12.40175200461064,12.402466568069885,12.463053427930674,12.462362800229565,12.423771858215332,12.450721670288814
475,12.544483944831374,12.555311648916625,12.554260004455159,12.536831896102342,12.582157386919752,12.553569793701172,12.617601161260533
476,12.134852385776274,12.13803519864957,12.137956795042301,12.008424837411189,12.176079964168952,12.164752006530762,12.207457702802005
477,12.76357506188984,12.767681735514854,12.768811768843182,12.753279909166402,12.704372313820567,12.75838851928711,12.792205057408536
478,12.132203221246412,12.128805453280208,12.129204554219474,12.024530081236549,12.093787487760801,12.104233741760254,12.111352577200838
479,12.015805064421786,12.015069816596364,12.014590362169823,11.98953215003706,12.04136350932359,12.029653549194336,12.05513615366551
480,13.039828291561548,13.042911738626236,13.042570370950914,13.087607505934734,13.059757721345406,13.048742294311523,13.039901949529826
481,12.608195335986034,12.607844267512563,12.607809086556786,12.607700249404528,12.598958220910495,12.561005592346191,12.56945230355625
482,11.971895739103257,11.987902368253865,11.987252445118672,12.047790292319403,11.980067557498916,11.958537101745605,11.962275390379714
483,11.971639160925918,11.971255965311153,11.971957900723137,11.941903114341033,11.943625722484166,11.958134651184082,12.001562809404366
484,11.91689538041136,11.912925957432467,11.913774046778228,11.931316734176779,11.973811067048421,11.929913520812988,11.953791223986048
485,12.963097563963435,12.971191127815965,12.972111829374004,13.12651293284702,12.936952118423946,12.916539192199707,12.874810051453247
486,12.296615104445436,12.29695856908844,12.295800216412532,12.088977661792814,12.150354938690954,12.192543029785156,12.247480363120056
487,12.007731795960458,12.009148737209564,12.007152561110587,11.962925788922899,11.941991751332282,11.964493751525879,11.954036036072143
488,12.356197567752215,12.354182402540033,12.35417726194134,12.327946216596509,12.27069170658014,12.279196739196777,12.288607093779591
489,11.981954964891786,11.984491063275305,11.983865384859598,11.988969471281345,11.989839901701298,12.032145500183105,11.975092749845679
490,12.39881922389476,12.397034512811024,12.397239551087143,12.43304022179615,12.444677795594865,12.409390449523926,12.389181054474317
491,11.762514260359943,11.76442596782265,11.76315049243665,11.834860137959856,11.812038859646838,11.741304397583008,11.76694903370142
492,11.853062376209973,11.833446577093538,11.836079467268247,12.059958947897908,11.844559813724972,11.858991622924805,11.815310652962012
493,11.895566957966986,11.907751135054394,11.90699637773714,11.951615943836218,11.885987072941854,11.939210891723633,11.87634676693903
494,11.957714560557315,11.954028147196546,11.954043430557212,11.922559014794242,11.908713381015247,11.95565128326416,11.948747114970198
495,12.659731991460568,12.66643476473991,12.66589349585987,12.52177538783479,12.619493432280777,12.60631275177002,12.622276931592264
496,11.40076432220921,11.378199184861444,11.379484670984876,11.548336880449666,11.3332781340525,11.348888397216797,11.425988491095211
497,12.037170461016126,12.040957621300404,12.03976943309679,12.030845084905717,12.076924405686867,12.051856994628906,12.111101089421007
498,12.35718289793309,12.352027697642422,12.352668981627376,12.370652567258134,12.358160443665389,12.360915184020996,12.3615674373055
499,12.224348896181734,12.224065871536107,12.225920677838207,12.221635029251416,12.178816950277339,12.215933799743652,12.225726634589948
500,12.375497919719649,12.37510084098509,12.374796236339385,12.385661393493073,12.485974050274939,12.462250709533691,12.41401823334594
501,12.196298055752973,12.193502576916535,12.193639842144439,12.206582106789638,12.112635107264044,12.16553783416748,12.190671131952046
502,12.735021614432952,12.744023597453634,12.743502688551985,12.448366387706553,12.685292928374531,12.747274398803711,12.76613702875862
503,12.561734012833657,12.558033745255305,12.558810546784956,12.540600325540634,12.502258331375849,12.52070140838623,12.559515309892877
504,11.898077305958697,11.899012641511998,11.899381268660543,11.793394603777358,11.897114086472737,11.929826736450195,11.963611495099215
505,12.098235709220303,12.106619677564304,12.106667791507453,12.122022895504081,12.127057286679134,12.069413185119629,12.087061784449256
506,12.603321833683754,12.59095031740636,12.59346659348092,12.550288297517035,12.49622540446858,12.504332542419434,12.565373235185492
507,12.092583924969803,12.11192787890952,12.10975113723099,12.036606849491886,12.156492760753247,12.131528854370117,12.129098564516731
508,12.02647109016162,12.08736405459017,12.087807594657454,12.21516056467813,12.063007789489582,12.015361785888672,11.980792975201998
509,12.91950366325256,12.900549633532211,12.901444084899808,12.873282322090681,12.920686372903372,12.912864685058594,12.877725895600175
510,12.114844867543864,12.110124084545438,12.11055216393364,12.112180067172627,12.179155083288583,12.147603034973145,12.06574595565266
511,12.476973484831191,12.469835523310811,12.470151945138197,12.093123870752757,12.292763966450831,12.34928035736084,12.349900431383276
512,12.270760231362127,12.273209725080902,12.272639638107353,12.254793655176977,12.248475919303038,12.219934463500977,12.247449306404414
513,11.898691125380777,11.915672456885883,11.912769952605455,11.821511550446905,11.852150079135553,11.906417846679688,11.884703523803232
514,11.971437512111253,11.971088754605082,11.970450362364947,11.995072351410538,11.973609244661077,11.973748207092285,11.91691953065411
515,12.018449072095052,12.02024805784568,12.020075388223026,12.043137236983755,11.990915360940757,12.007251739501953,12.002505022351293
516,12.837955637929749,12.835321499296828,12.835356584660378,12.826401415013951,12.818410581071404,12.857916831970215,12.866430322405897
517,12.13405588145698,12.106576419329967,12.107118242166132,12.160666803284544,12.191573583606825,12.148638725280762,12.17104270777144
518,11.8611913591817,11.873860934204389,11.872828190416012,11.930132050490899,11.803156702496537,11.731239318847656,11.753815293919635
519,11.994154440227655,11.995763608569927,11.995420697605283,12.050302178590616,12.030830954393599,12.019984245300293,11.975788322248002
520,11.862421218936474,11.8804605669334,11.880054498584478,11.981298714845337,11.929819412984159,11.936723709106445,11.945655444329367
521,11.87974309564342,11.86127423326156,11.86332065443905,11.908571974482587,11.897917604218565,11.842551231384277,11.726303841795819
522,12.120290955223728,12.10920309884234,12.110839029290224,12.229288069515993,12.160756290036547,12.106690406799316,12.178091352492764
523,12.011801519210838,12.020238398615605,12.018547101961476,12.019537070992646,12.029499964873986,12.056411743164062,12.043645321163119
524,11.99372904118648,11.988693139934096,11.988391823648316,12.050022969786882,11.897631345954942,11.878670692443848,11.955797261500045
525,12.741220349885474,12.740079579645197,12.740038619833896,12.748441037311355,12.798286395298145,12.808754920959473,12.855564292302846
526,11.912770270217742,11.92627193037603,11.9260094772489,11.891461945606336,11.87902786109628,11.875123023986816,11.896985272894218
527,12.486609502879611,12.487806956462855,12.488261565733442,12.45588985685723,12.442404823397572,12.416367530822754,12.474755128600847
528,11.893195414991094,11.85553841939625,11.857635867048746,11.814110291162233,11.984878483627371,11.89371395111084,11.951330573349109
529,11.374240548372018,11.353221446494526,11.354481849031854,11.440941103504876,11.324746509873817,11.4940824508667,11.550147810039446
530,11.812360061104593,11.823806892147273,11.822906837495095,11.852995624083785,11.767469558613113,11.739229202270508,11.741841527029848
531,12.456213542833968,12.458225287195104,12.458058320389627,12.45508593115282,12.42129675410284,12.415321350097656,12.392773224571052
532,11.979398258524052,11.97805633073441,11.978067046435775,11.999471905359322,12.003306633067563,11.992083549499512,12.028303383189826
533,12.063973547018703,12.054742106850203,12.056111349183098,12.044437802777164,12.039577206470227,12.05104923248291,12.047337873647598
534,12.055653873645023,12.050332394513841,12.05022236935808,12.09748296966088,12.140518223697137,12.104750633239746,12.140171844282543
535,12.199723558684305,12.20315446266369,12.204928448325065,12.187152813093089,12.245041239354153,12.27313232421875,12.235401852358004
536,12.400744082755214,12.386118422490588,12.387643590001836,12.411812638474558,12.412016350559714,12.415739059448242,12.392290080226747
537,11.497340780153054,11.477457249898778,11.478789856635128,11.518404464385782,11.352210077379587,11.393442153930664,11.462534461206657
538,12.37960640677615,12.364824212497332,12.36661383883361,12.349374261207577,12.36555710884189,12.296893119812012,12.324989689167833
539,12.123964621275654,12.13207956033653,12.13017498099125,12.126720392958324,12.12001737316727,12.09021282196045,12.042340390966968
540,12.313384797027883,12.31058534560599,12.310327867299677,12.503809077991283,12.240579948827476,12.164888381958008,12.167383745602853
541,11.733792256162884,11.72525294151143,11.72516312052261,11.913931828007936,11.698607844073067,11.607011795043945,11.557575812437934
542,11.626025287697638,11.612269649788752,11.614398445628376,11.582056472679485,11.519269201893513,11.545178413391113,11.521037564359208
543,12.109324713646387,12.109269829203528,12.110621626664534,12.030759292205424,12.078516637095886,12.070609092712402,12.088966803379611
544,12.251802793564478,12.249610958402558,12.249858204959507,12.259345545235291,12.273312152691936,12.27696418762207,12.29304467910621
545,12.755572790229692,12.749813813656214,12.751687795945138,12.684412935565824,12.774141429043087,12.66779613494873,12.73715368635258
546,12.420663635582368,12.416805130933144,12.416995937349656,12.400618584865384,12.410978816471141,12.394353866577148,12.384609538911507
547,12.367144493647585,12.36990123086649,12.36918956630195,12.359076001355287,12.366290139666322,12.359758377075195,12.373688643361552
548,11.791574933671628,11.795408102952692,11.794723624208832,11.822888470247523,11.8785701273494,11.833626747131348,11.839111580385115
549,11.907602428559308,11.912598724047589,11.911755683704921,11.948609188858814,11.937753746964932,11.909537315368652,11.932210988766025
550,13.20817857389884,13.208779371853597,13.208697760822478,13.248992323069164,13.196278633696648,13.19106388092041,13.134697755858117
551,12.437439209819534,12.435849206927697,12.435823103546442,12.4242290317967,12.444857651904817,12.433456420898438,12.440023440167954
552,12.343774285522853,12.340043824373149,12.34071764782965,12.315799811741751,12.375546544818983,12.397910118103027,12.35710563843768
553,12.807164653149028,12.821664622728244,12.821548148263266,12.794476492274015,12.758400210821817,12.781816482543945,12.815296272484566
554,12.11113863070404,12.120635657697147,12.120703830868917,12.017427550977484,12.049400489694895,12.024432182312012,12.038153399391094
555,12.123926787940698,12.11644405120665,12.116665331187715,12.125778825567894,12.151726341788978,12.153881072998047,12.159754130772134
556,12.355490681045087,12.377153378737031,12.377538618840811,12.361061151678467,12.380442138198443,12.319687843322754,12.390212329450753
557,12.04481830661465,12.035902329448584,12.034594628451813,11.943909103818239,12.0501619478089,12.056608200073242,12.074526876152335
558,11.82257756988955,11.819432873333874,11.819530353920326,11.824777958941716,11.932798653442415,11.978483200073242,11.93851909875034
559,12.8488364616946,12.854887024494857,12.85516739860971,12.860274726031317,12.870819585785123,12.858570098876953,12.868761843039417
560,11.936419035693758,11.926883934559138,11.927272600052984,12.105993928855554,11.93735350540134,11.943880081176758,11.93170535882205
561,11.766775562644076,11.7437253392137,11.746263821000987,11.763387376865053,11.825039710568763,11.81355094909668,11.829151015461933
562,12.589532639502043,12.581590182073832,12.582354159453555,12.55509801861452,12.55379547193247,12.521668434143066,12.52215427486252
563,12.184338767797977,12.194738628180602,12.192623096527932,12.066223897509511,12.212863918805146,12.20800495147705,12.184594817818462
564,11.95958373388929,11.96521973412805,11.964346411543016,12.070546080831102,12.073573423241003,12.07804012298584,12.064974223184244
565,11.564559680015705,11.564178691341802,11.564410843889204,11.560704128626472,11.656001274547839,11.540911674499512,11.601411924944012
566,11.930927601988017,11.924126720370033,11.923328799173646,12.041046722836667,11.997367718174308,12.00492000579834,11.979447240427866
567,12.46187844756982,12.44051139265748,12.44317028905722,12.114606491687388,12.470726113981376,12.380404472351074,12.429388475893258
568,11.517211670899064,11.498809241245135,11.50004895536341,11.485177759460042,11.344992095694707,11.43272590637207,11.504643241251745
569,12.536777535661912,12.541567573718769,12.541565439648775,12.550762238109431,12.636042120880475,12.67249870300293,12.68734255158464
570,12.0759966670599,12.08514836707612,12.084617616509226,12.084225441960596,12.019864663824567,11.983480453491211,11.957554434101201
571,12.718915468566546,12.721187991601216,12.721813031972049,12.723594090457327,12.738539028235097,12.768804550170898,12.794595316110934
572,11.915769873574092,11.912990947555684,11.913319342373732,11.91724795441618,11.94625921176117,11.941596031188965,11.923867866294701
573,12.04774021327834,12.030873892905214,12.032528573674941,12.0295528295828,12.136967540857132,12.097945213317871,12.106619351734732
574,12.543911507453593,12.532301577340089,12.533410640082401,12.582713059309697,12.655354084911142,12.545553207397461,12.542788355460747
575,12.839476163996101,12.849657051716374,12.849641457934235,12.840667868035819,12.839819220074547,12.87859058380127,12.923703294139171
576,12.088238558589318,12.093494808095079,12.092560163908788,12.107088499397038,12.106393128716048,12.094072341918945,12.097096427413273
577,12.391882444390038,12.408593274109572,12.407380769079255,12.104452827902422,12.431281812750264,12.45016098022461,12.467042663075146
578,11.855877783381928,11.85311850692031,11.850982511022952,11.82785293615376,11.91041017259275,11.891563415527344,11.863974329214553
579,12.545213374027137,12.549781791672501,12.549829917426942,12.524661972365589,12.555347280857038,12.553099632263184,12.541053472263364
580,12.142123687717259,12.142101026675794,12.142494824217277,12.14245057125656,12.105167549413304,12.14587688446045,12.168230526177057
581,11.742929384034618,11.747875244704465,11.747398959884588,11.789724011627763,11.727142209186221,11.735107421875,11.746302615803122
582,12.399491918010778,12.394283729000588,12.395424011388446,12.231071165661756,12.382025710693116,12.390521049499512,12.333605332398342
583,12.480960811946414,12.487562109683257,12.487428124813283,12.498504645696467,12.572208181000144,12.596073150634766,12.675459084075888
584,12.071100389096985,12.08163216740565,12.07862019026743,12.07769449697463,12.077260745944502,12.058175086975098,12.052524319542588
585,12.09158181935551,12.101144177906367,12.10013216627429,12.13899489557802,12.084199010107726,12.090478897094727,12.072398089558527
586,12.57305970424739,12.570780667568828,12.572290364692254,12.62753599831441,12.603216247427365,12.569082260131836,12.582912493860782
587,12.511788447579073,12.50238010257004,12.503114872948728,12.45569015311111,12.51467348464633,12.555461883544922,12.56289925894677
588,11.66910907589101,11.670120026932105,11.669692979780326,11.677340835344715,11.810111951636822,11.770679473876953,11.772671454549469
589,11.90406132239559,11.920502112961854,11.916769280167978,11.828863418163888,11.936190071025598,11.929218292236328,11.923939250840963
590,11.820050991090813,11.810943719855471,11.8111404613198,11.769162122631867,11.854700507323114,11.880279541015625,11.87133467367688
591,12.176945770600108,12.156856941997237,12.15827451680254,12.097002195763679,12.16804822463988,12.104936599731445,12.073773737212951
592,12.678087231197903,12.671753009324611,12.672750902331376,12.671874746778627,12.63951219055926,12.581974029541016,12.623208309998459
593,12.489571728277454,12.484123875565436,12.484723171767136,12.481088530070354,12.474048329258736,12.474451065063477,12.43065643174853
594,12.049939666037746,12.04556537939129,12.04570457621162,12.037989992300375,12.11469995127128,12.103090286254883,12.073494706494895
595,11.531478085435673,11.529552689953903,11.52876720008346,11.69910040745826,11.63045021771457,11.60218334197998,11.651486962575813
596,12.049408533806675,12.077006555270435,12.076730232309009,11.991740548280939,12.145707657316123,12.087467193603516,12.061385691107452
597,11.925261106908575,11.939358289916665,11.937434262719078,11.89385087794093,11.858602373636643,11.929731369018555,11.910087613943501
598,12.054138417706083,12.057790080366077,12.05628355828274,12.096304277123394,12.04967180807516,12.0256929397583,12.038538360145655
599,11.997619536655488,11.994802553900493,11.993943880288125,12.01156813560192,12.088034581739484,12.066574096679688,12.005815262767262
600,11.84378197345238,11.843165532417174,11.842831974029039,12.101061539786329,11.889931434334489,11.851286888122559,11.84692979861812
601,11.912794035960266,11.919529786245722,11.91819111741196,11.883151666925851,11.928907562434953,11.959814071655273,11.931069800649798
602,12.24563836879265,12.26472460675115,12.263359381696176,12.268590534988554,12.272839347180597,12.268689155578613,12.260715613317474
603,12.473933604198823,12.477048482217816,12.477108800746697,12.459704547619905,12.427890548570874,12.47520637512207,12.499150846376011
604,12.15863743417807,12.152226403210742,12.152571561113698,12.182368997004522,12.172858624929443,12.140532493591309,12.149899327087619
605,11.861739341855547,11.856290874261445,11.855505894740373,11.86951209568806,11.958573200501302,11.950143814086914,11.921491095988214
606,12.56896659013408,12.567993031509747,12.567725007250436,12.591428558969987,12.529253775174393,12.568865776062012,12.63427530001329
607,12.33632552787957,12.335056879909095,12.335388297840945,12.358791604483113,12.269080746135991,12.260628700256348,12.273639335867045
608,12.73308122823549,12.72987636738857,12.730542589016004,12.705977219376965,12.689063750728382,12.697718620300293,12.578332576751736
609,12.169185800224897,12.170620183426985,12.170615278348599,12.129115959373543,12.084161438777873,12.17965316772461,12.185727120133233
610,12.327481225409677,12.3288094947422,12.328894876502414,12.34765389241421,12.375387367122448,12.331267356872559,12.332172618406753
611,12.322925979257978,12.324351329529634,12.324052517602622,12.291029288150021,12.32487905098256,12.342569351196289,12.358073910968086
612,12.306126597274005,12.326677957191329,12.324861798104378,12.074759152008278,12.23081471011337,12.162281036376953,12.164026640166856
613,12.207352539042049,12.221016935603005,12.219813543408579,12.157642963647286,12.19894677757355,12.205072402954102,12.185276922351692
614,12.559909424947232,12.560308943168222,12.56107483378017,12.557943814550438,12.586339419666897,12.595973014831543,12.563881491799167
615,12.198196674864402,12.17058540644915,12.174357924460004,12.188702022780408,12.324064429828947,12.35400104522705,12.406846519969239
616,11.943014429980389,11.945734861472264,11.945982650549865,12.15491613887425,11.913724838785017,11.928621292114258,11.929141798968816
617,12.670490613966821,12.668294174706194,12.668881205116657,12.318904530814686,12.730268185300165,12.750069618225098,12.753776846344556
618,12.065937569416427,12.083240852627412,12.082612734578841,12.025551771007049,12.048040488240696,12.091631889343262,12.080082489297562
619,12.332015211760154,12.328405720174956,12.328894305942123,12.309067798563568,12.331003929963234,12.350602149963379,12.319049511864556
620,12.831409609029906,12.83263465676114,12.834043816011818,12.630461225025732,12.881485556336868,12.839056015014648,12.81460980517283
621,11.956298546999319,11.976932127952232,11.978437760982143,11.942636109701175,11.99534364973366,11.928481101989746,11.938408574279018
622,12.121831871626146,12.122112953352936,12.122425202659777,12.129595610234295,12.082053865050709,12.101612091064453,12.112054486285608
623,11.883126589513166,11.89337250513165,11.892245381120981,11.91925529108314,11.890255103303968,11.89651870727539,11.91513710794563
624,11.832794641284046,11.838101329083088,11.835785168936631,11.79657384522083,11.839686958112166,11.900038719177246,11.851832239562555
625,12.511336479108767,12.506185872368704,12.506279520969544,12.499765532945087,12.536097682869348,12.51629638671875,12.497122716540561
626,12.037907166837016,12.037565371509302,12.038478096795695,12.064253539240118,11.989161242554927,12.112868309020996,12.053551085314206
627,12.24772059858738,12.251239549679505,12.251317357866872,12.104515712508753,12.27762565984828,12.235238075256348,12.27452337048623
628,12.051254143899467,12.061232105295428,12.06071498055491,12.016718001340502,12.019277588721742,12.044434547424316,12.059071498268768
629,12.767200810874153,12.776880879279627,12.77543769104701,12.758567898244564,12.857515954678645,12.856462478637695,12.849830098035968
630,12.304904657071736,12.309764231143323,12.308805551994123,12.32282010518555,12.25011519091568,12.262384414672852,12.24534508668289
631,12.199127404413991,12.20641391373146,12.206287992686173,12.197537807692658,12.25078233571732,12.194923400878906,12.213002811020896
632,12.233338049907113,12.23566232491288,12.235615000566114,12.242962718416013,12.315519588186673,12.298805236816406,12.313464477647246
633,11.95345561091265,11.96802246149309,11.967284265011559,11.971361533725581,11.933457192062816,11.915698051452637,11.938313813870007
634,12.380814659027731,12.386093917600007,12.38670824333341,12.410793403884172,12.429748950918826,12.335612297058105,12.349668106073864
635,12.385375312027884,12.379767597797592,12.380403004683842,12.337296867419404,12.334194819017336,12.385255813598633,12.32171524286189
636,12.225480487594101,12.225317831683025,12.226368897779688,12.04465988799008,12.15867521214381,12.154812812805176,12.231341561590416
637,12.747863896419316,12.743891237625203,12.744320011730707,12.80014183472492,12.878328637699838,12.850770950317383,12.796038338328849
638,12.322120226530563,12.322461840427351,12.322640400578091,12.350059990409973,12.402442355264112,12.357001304626465,12.370513611916046
639,11.877239090920787,11.90085819586226,11.900177307164725,11.664622475657357,11.705728467507278,11.788273811340332,11.877538589991708
640,12.36809307177643,12.368117269868048,12.36854512857746,12.384426800428038,12.355294581961912,12.347369194030762,12.367214557168595
641,11.8997390935935,11.864345565183422,11.867583153666342,11.957796763122985,11.926081038635651,11.932092666625977,11.876797028268255
642,11.974402149660488,11.973769384493876,11.973118477319922,11.955239322318844,12.06623860292572,12.036081314086914,12.039472637553935
643,12.472935477627438,12.482068932577409,12.480409418650483,12.43958767960986,12.491066936676068,12.475207328796387,12.482065947722045
644,11.925720860663342,11.926712651947895,11.927150262001128,12.051342000814325,11.985981689439202,11.984879493713379,11.969061419676509
645,12.4209545283551,12.425803737973173,12.425850240724403,12.441687850837834,12.268933618235772,12.301926612854004,12.34641666749432
646,12.320861814478713,12.318684895328069,12.318761276094286,12.303109065364298,12.31142824571895,12.308965682983398,12.304972177262442
647,11.750794024604811,11.766522590578333,11.767287707309912,11.781330740783707,11.775805087853682,11.750701904296875,11.737293789752133
648,12.315402187214216,12.310252337994482,12.310384560090114,12.17385658966235,12.336451866181777,12.321446418762207,12.327182019155646
649,11.96915840450596,11.972436673039809,11.971406517474685,12.054025979860883,11.959408496101023,11.964898109436035,11.92729435498838
650,11.662013531290436,11.654194117500303,11.655013600151177,11.755418154786348,11.593055453017062,11.656885147094727,11.691512671485283
651,12.297862909180466,12.309959176392958,12.309708093570835,12.244450070370764,12.45049381489656,12.377674102783203,12.366822899864259
652,12.754942653478434,12.740771961725734,12.742524585670028,12.803486585062648,12.82079582956104,12.824950218200684,12.764940196211032
653,11.930798897754459,11.922099817074294,11.921929999228961,12.116976133224767,11.890865063173909,11.95802116394043,11.909576227934664
654,12.429309043413937,12.423794850919604,12.422803172236732,12.346015416305272,12.449737480085718,12.381640434265137,12.449623126133993
655,12.247305855308301,12.23798888219495,12.239056614510053,12.214263140463794,12.265719399709152,12.269265174865723,12.249436962640896
656,12.363731974008322,12.37627052990403,12.375785399055227,12.113438913066142,12.303095021009037,12.294431686401367,12.263587547789912
657,11.989783668617509,12.00213107402639,11.998200901983644,12.00066174243435,12.105652234267444,12.05668830871582,12.110775787770049
658,12.219595652832256,12.227102878308115,12.225288231805736,12.28572709783968,12.325164993843702,12.290884971618652,12.296814450158656
659,12.281337793636359,12.274123481526624,12.274650776581051,12.296513637949314,12.39096277881648,12.33288860321045,12.295708947264151
660,12.910394426593028,12.904010922841298,12.905288561360326,12.888739275769616,12.846154523986609,12.825852394104004,12.82400428822727
661,12.037995813754488,12.024144796737424,12.024562441926944,11.995207212262747,12.07850385565198,12.052569389343262,12.025936125036571
662,12.18051903563238,12.176625818716833,12.176605681760188,12.222606945363824,12.221965343151018,12.221580505371094,12.227401202231505
663,12.303174375349007,12.28428517218133,12.285717635932906,12.262424136363494,12.263723019821898,12.24324893951416,12.192649591807395
664,12.30690696909445,12.30968453361084,12.30982703503874,12.272669601589955,12.259324985411503,12.250123977661133,12.220565154098734
665,12.33433813217917,12.333907949765857,12.33399120430008,12.29624725030437,12.322232774566922,12.281543731689453,12.314479697766116
666,12.486193979180577,12.495598187352003,12.495190582860953,12.480620601582189,12.455905269496546,12.469876289367676,12.471813841514143
667,11.880195739706725,11.881331919856143,11.881703106975808,11.970520403233621,11.965798304964862,11.903950691223145,11.925828707845948
668,12.513054723113987,12.511368771479122,12.511470881684229,12.817127018896562,12.419844261927407,12.46682071685791,12.51802123324458
669,12.031016081467016,12.029154464317235,12.029058092055017,12.041228487099005,12.11332469938339,12.083276748657227,12.08802880294653
670,12.410767868215848,12.407861797294922,12.40872404762718,12.384512608087995,12.365600813599574,12.391770362854004,12.378728521117562
671,11.635644495014079,11.650004684832544,11.645022792539853,11.706246716497104,11.789848812668419,11.693513870239258,11.684140477202217
672,12.00803600645604,12.00424285564539,12.004250417518442,12.221794193822182,12.074318375843463,12.07503604888916,12.062207284127535
673,11.808139678499794,11.796490269595417,11.796499876778784,11.821666985363057,11.707144477716598,11.649486541748047,11.662194821714934
674,12.041778206856852,12.028792390686078,12.028084369625457,12.08118089583667,12.155695444641289,12.124412536621094,12.131069311997283
675,12.00097604587784,12.029733941107034,12.026363097213046,12.057774924895828,11.99490833213045,12.07107162475586,12.03404724813306
676,12.57286228540198,12.56265629434284,12.563568465007789,12.558838681453897,12.589070537659646,12.559504508972168,12.58240004204155
677,12.826595137463308,12.828118784859372,12.827927974167256,12.82579816689595,12.95430313586286,12.953845977783203,12.951511281734362
678,12.341547054191384,12.354450604379508,12.354337376119597,12.378053063124401,12.374164909745298,12.385761260986328,12.415170607386974
679,12.007658867163435,11.996951590896138,11.996994758897866,12.014403769581715,11.943979443192699,11.994922637939453,11.975561026105101
680,12.445809842948348,12.451333706742954,12.45152646759947,12.421930681969394,12.430146991719006,12.45911979675293,12.449201714548758
681,12.838824686858578,12.841093624147419,12.841328891064151,12.840685103656115,12.8384203522134,12.821232795715332,12.83954909653428
682,12.504277015830018,12.515670771333344,12.515693593409596,12.383369196267166,12.492073710270631,12.4915189743042,12.495303467869856
683,11.978108461530857,11.960824696126018,11.961352876863375,11.92291779627667,12.053433246397644,11.982619285583496,11.947753013041797
684,12.29206171848127,12.293528849300479,12.29332097852827,12.267302420067892,12.2863640511079,12.276191711425781,12.277358176739027
685,12.581471720545382,12.588718433524976,12.588851239911362,12.340829751129412,12.496654511000036,12.49135971069336,12.51869700735555
686,11.933067954542445,11.936785295012747,11.935745682294398,11.922646142045794,11.916455170820559,11.95981216430664,11.94221194181838
687,12.414199071375338,12.410542643736862,12.411678215257618,12.402400778893103,12.353486313789789,12.36625862121582,12.336230650207286
688,11.824405412308195,11.821875126341633,11.82215642628682,11.851494179827721,11.774196628674872,11.751952171325684,11.706289005142686
689,12.595930796900983,12.614419039235376,12.612643170697897,12.574845758108102,12.590754160122247,12.613168716430664,12.642411955266518
690,12.588772793728886,12.584913839530923,12.585562723009708,12.605562367441747,12.626797966150695,12.58026123046875,12.561647837099734
691,12.091533486695498,12.094633292951817,12.094173633158514,12.029583482241469,12.078033132555952,12.09139347076416,12.1144375215269
692,12.33500485039243,12.341865111268751,12.340738065681801,12.304905804327303,12.3254289510718,12.360034942626953,12.429652035680556
693,12.419202259324287,12.413943504263994,12.41473885088764,12.424774560334889,12.437172514190953,12.443487167358398,12.424660772594928
694,11.87688473301563,11.882816239000343,11.88291681519832,11.885101965295146,11.904569523411181,11.867713928222656,11.882762336741095
695,12.61690624989215,12.604874081365477,12.606182855670912,12.588244809795297,12.689898783646518,12.690455436706543,12.69494453141582
696,12.038996218634749,12.04114323895759,12.040558643948739,12.040856208688613,12.04480891154654,12.03504467010498,12.01829211538608
697,12.502529032327253,12.510358926928982,12.50958658127109,12.493514568186377,12.457590461870874,12.456220626831055,12.46511543356579
698,12.825136311938554,12.819434663946543,12.819483352748964,12.796012541893614,12.956441164277052,12.937556266784668,12.921181457371508
699,11.99821407229381,11.987885888712757,11.988142187349862,11.859128978976075,11.982698538970116,12.067191123962402,12.044991905719744
700,12.553946930393872,12.549257947921047,12.550085023668665,12.557219649405253,12.528992793223932,12.498275756835938,12.46898058983447
701,11.898767051868429,11.88923061935164,11.889080186845176,11.87084137959182,11.916014480697742,11.898273468017578,11.917924852040807
702,12.112044081528003,12.108471857955834,12.108722724705727,12.109532092253886,12.0536448984902,12.096288681030273,12.09839670146025
703,12.291178834515229,12.28889881445956,12.289082093108961,12.234564380906363,12.218145977050881,12.279027938842773,12.275616620534578
704,12.477383911241688,12.4705780686081,12.470711343781815,12.498036552199618,12.401435501817248,12.488865852355957,12.415970035001516
705,12.187445789258824,12.18923241346867,12.18888440574679,12.197103924503171,12.187743030409766,12.18493366241455,12.180343808526676
706,12.1607578623334,12.167547906056972,12.166777249768291,12.139182460382886,12.202189226565933,12.19455623626709,12.191773362647409
707,12.069870789866068,12.072988115205122,12.072996336238422,12.05108975281147,12.047153492297205,12.02739143371582,12.026124643698259
708,12.720427941554112,12.726370564598925,12.726343856869782,12.73988741165779,12.814507506512356,12.780349731445312,12.85806466467225
709,12.168864201036703,12.169168738048056,12.16901491245315,12.147127988232919,12.172167729519442,12.13994026184082,12.142107206449605
710,11.94573791765855,11.931493407847034,11.932413768347702,11.800175460280473,11.88776917666574,11.910904884338379,11.966070471814456
711,12.279853576178121,12.27776217460927,12.278776627426963,12.241738351923003,12.253053357264259,12.132339477539062,12.156591773291149
712,12.55368244113543,12.544771892051036,12.545241096605137,12.539676991084583,12.530145706842543,12.526646614074707,12.532732674947338
713,12.434172015711967,12.419019613075182,12.419561527849085,12.423786548625857,12.431888845802582,12.373507499694824,12.394840381756818
714,11.850095014913862,11.900639495058888,11.900168325659237,11.8622300404019,11.974829002906045,11.929427146911621,11.945020231763154
715,12.155257163041194,12.165353504614384,12.164843019976743,12.124350925321652,12.15197310575468,12.137619018554688,12.163200559078836
716,12.022974022676065,12.009688855570827,12.01013296869462,11.988584156550708,12.071504579597871,12.054495811462402,12.116557195734837
717,12.306872150711394,12.316222629314934,12.315861550865177,12.325442892529306,12.259705585586536,12.312089920043945,12.331833794228073
718,12.031638564318209,12.053874355293845,12.05112651707502,11.99605705421536,12.004878948696838,12.079068183898926,12.051435645580865
719,12.65619085341142,12.656919880521944,12.656612994960012,12.683630820326243,12.690635273977863,12.699165344238281,12.706726905166592
720,12.344144402379536,12.346368447375916,12.34647189660172,12.31578631727358,12.313119576530452,12.334092140197754,12.332764079973238
721,11.782190619086208,11.782670438244295,11.782923247363867,11.7976810934849,11.801099031729787,11.814221382141113,11.779905460539368
722,11.951214954497857,11.949700658741866,11.949563124194912,11.981379204353402,12.033844433609659,12.006824493408203,12.049164514875942
723,12.410016852105134,12.414644353115188,12.414694433510158,12.365887634626398,12.375072663775958,12.34040641784668,12.363816159517203
724,11.9913596138712,12.00781397926885,12.007382570484259,12.004665247808596,12.0238030651928,12.03320598602295,12.058995144007309
725,11.912198433400713,11.924264601835784,11.922882874441585,11.942026299563011,11.97927796182033,12.024273872375488,11.991829288986356
726,12.077537265510728,12.089248101193238,12.087949505271956,12.101809075446534,12.092660887217015,12.108224868774414,12.143602714999016
727,11.977085479306982,11.978166413790031,11.977652852682255,12.014387530780272,12.0378283037926,12.043033599853516,11.969103255905596
728,11.907842393687165,11.898837614023027,11.899516185114004,11.867493890092181,11.892416035208074,11.898727416992188,11.883526118134265
729,12.726880975862374,12.725120589951413,12.72552020346068,12.710830852998845,12.801031352906783,12.778182029724121,12.773448131188454
730,11.931254172515514,11.936968129616714,11.936343074016909,11.963626721647692,11.966257139944409,11.983357429504395,11.960340630182847
731,12.405886801821861,12.405446701207085,12.405269418463968,12.42527887230084,12.321951294875348,12.303955078125,12.347748702256954
732,11.665894855655825,11.660411576722865,11.66049541152272,11.662343281940132,11.666022235257747,11.600440979003906,11.604458077603026
733,12.36243846299905,12.367995011597586,12.367581714365501,12.343745908860953,12.359519818889233,12.383572578430176,12.40070552829187
734,12.431787205889494,12.444192643910242,12.44315059819705,12.503012986399883,12.386993349843694,12.390225410461426,12.345422525390989
735,12.044651903272142,12.052805184327967,12.051565798682418,12.041458198600543,12.002923661746328,12.022185325622559,12.026879030247251
736,12.05239489946274,12.054452143546289,12.053743930042684,12.11673053351965,12.052896043625566,12.093742370605469,12.067614158361634
737,11.591931211511803,11.610697742082328,11.608341964898823,11.676721142800124,11.57234499655879,11.653266906738281,11.634705171987278
738,12.687460997864902,12.679164998243897,12.679573613273128,12.721655327989655,12.698047766786548,12.70665168762207,12.68651580053486
739,12.285202268265705,12.286475576723156,12.286744043715167,12.279592135997689,12.252454165954507,12.32763385772705,12.25197305624284
740,12.039274706819837,12.045335952605555,12.045278454875797,12.000806217889266,12.09138879751231,12.09099006652832,12.079540372718814
741,12.48734990215017,12.489299129643433,12.48921174264745,12.508553716969356,12.44644747338051,12.434890747070312,12.423402820023124
742,12.535646362229308,12.532823287453281,12.533029412668466,12.407067207082244,12.582882124742738,12.437468528747559,12.499443253951695
743,12.06770209590079,12.067936105151663,12.066854865503696,12.091018320014197,12.241225540970378,12.231341361999512,12.24601148419264
744,12.23782676086809,12.246998873809527,12.246393240858282,12.233057261945747,12.19011475144558,12.199630737304688,12.237299304851078
745,12.528813499021583,12.525371262848557,12.525727499657762,12.542248725729117,12.500810510267323,12.518017768859863,12.50799104866932
746,12.865388348897548,12.859208631737406,12.8604957305648,12.851375118462217,12.893713067823679,12.889189720153809,12.8753522501296
747,12.034578749440993,12.039018047070948,12.038988185395059,12.010371551734117,12.020854492004652,12.058725357055664,12.061886632429191
748,12.27358891699984,12.268633171269784,12.269142536912948,12.259886210962783,12.224524946091124,12.262738227844238,12.24949491939047
749,12.20819043158379,12.206915809332722,12.206860541557159,12.201347560668413,12.204150248185046,12.220030784606934,12.16920526626468
750,11.87392213237339,11.874977575033894,11.875116771243684,11.951175132338157,11.933973034797035,11.911187171936035,11.923425788486625
751,12.160024522285633,12.178629473454212,12.176943697461313,12.02750060475021,12.1598556362221,12.087549209594727,12.168398827205683
752,12.013951627808126,12.01951439498336,12.019842626546444,12.000614145116218,11.913091966331741,12.011263847351074,12.007285398507179
753,12.208576058218048,12.207076956688814,12.206823781836878,12.21305559203305,12.253587927762492,12.284429550170898,12.296367592509267
754,12.057830189087358,12.05623384089932,12.057112667956044,12.101820881584414,12.011751900003812,12.0547456741333,12.07153860168412
755,12.164137566083019,12.158460045827946,12.16009979013001,12.207936006753965,12.009785699314136,12.121915817260742,12.103296449423834
756,11.857323370179127,11.87575230642767,11.873754537507242,11.89560393228279,11.96011650326845,11.938409805297852,11.926711716464444
757,12.443665900120035,12.444810685032651,12.445057489438609,12.443027384876236,12.528636198674642,12.46669864654541,12.481798067067986
758,12.36567629285983,12.36647324499649,12.366685530292347,12.370595799212332,12.346641397161935,12.321295738220215,12.310178447252937
759,12.327091078556567,12.321344690835339,12.32167814389716,12.309177991409225,12.274256267328038,12.280388832092285,12.29191493499698
760,12.310098694488003,12.307050893249166,12.307830414215475,12.297238992422153,12.284141842474295,12.309422492980957,12.30736015178703
761,12.274811464717517,12.286251826900802,12.285488719946986,12.267868462809188,12.27082977817986,12.286036491394043,12.305280691810626
762,12.300046646644185,12.289655057074144,12.291258594933705,12.298772009475808,12.296380488494949,12.327601432800293,12.312614312129952
763,12.326801085085293,12.327114460847238,12.32717118504465,12.318960040568195,12.323222478412955,12.315018653869629,12.321883766689755
764,11.834593836082062,11.849854749098355,11.84914609999711,11.796784265337589,11.90842280064438,11.889052391052246,11.873670088990695
765,12.373257968499766,12.386621941946103,12.385089194659736,12.432786899077996,12.362739786199201,12.375029563903809,12.329072049958237
766,11.64744392624152,11.672886793580103,11.671930638167014,11.62173353608363,11.700816025644684,11.59438705444336,11.575103780335388
767,12.104504121433319,12.099027490228286,12.099679833773806,12.101941993433595,12.105582038692042,12.07645320892334,12.066929103414815
768,12.537038865729372,12.535357552105069,12.535056102530433,12.550871707760242,12.563145643389277,12.54100227355957,12.56100999888862
769,12.000933677843907,12.008158389838368,12.006842770296934,11.982572498381346,11.938782745970732,11.992622375488281,12.004920673414002
770,11.963819407818484,11.963564554861666,11.963794898177031,11.993755846165556,12.031279132173387,12.040200233459473,12.040485132081223
771,11.810440115260874,11.800073615998535,11.80185067218606,11.800720926007957,11.782667145414127,11.730049133300781,11.708099644025895
772,12.629752335547225,12.618994366357848,12.620022168236522,12.630825069072127,12.530862125007257,12.533997535705566,12.591293622464342
773,11.985033996298984,11.983955764236066,11.98355852881387,12.071945088090981,11.953251757807779,11.989212989807129,11.977449838672461
774,11.98777018653378,11.993066072107986,11.992002135858476,12.03880321733514,11.991201346655018,12.012506484985352,11.967644094271368
775,12.242234526947332,12.22710447703509,12.229248396629906,12.10691778146275,12.240012739813723,12.234420776367188,12.243378468823776
776,12.134045535257584,12.14545840893233,12.14469463901886,12.167164913266875,12.144978343422993,12.169217109680176,12.173341811820142
777,11.9756797105844,11.974995925566024,11.975140377980102,11.94986829475274,11.914448123764371,11.894290924072266,11.94600707810204
778,11.681177753682762,11.672452442427655,11.671162235563047,11.708060936214721,11.79441938443484,11.710245132446289,11.687259515202422
779,12.747545368571005,12.743412241432306,12.74383504445338,12.774075746529729,12.80992954571806,12.828547477722168,12.759986159856608
780,12.163980227499746,12.172176373447373,12.172135112042056,12.1991074179248,12.240410110216875,12.201937675476074,12.197695160914785
781,12.56936068168412,12.567692485885603,12.567930161364934,12.576075107748368,12.524594255745042,12.53985595703125,12.507656871110454
782,11.93108247418489,11.941060677151006,11.939994097950796,11.957948612848035,11.99484474814231,11.99352741241455,11.995401387561143
783,12.203142709966505,12.199973198653282,12.200164222551772,12.060690512896556,12.189407575557265,12.215448379516602,12.217615026595034
784,12.016514790752918,12.027704182088284,12.027077051282472,12.061155106921134,12.032340786050483,12.042379379272461,12.051263364977553
785,11.887324733872369,11.882808936699934,11.882069833349009,12.22284623858481,11.900276356858297,11.929733276367188,11.91055039240494
786,11.451640719895188,11.44111146889393,11.441555427820559,11.464558655428686,11.506918179548313,11.457147598266602,11.551169029519617
787,12.276784049361204,12.276010278756075,12.275932930419843,12.231738971840349,12.240685854469008,12.273276329040527,12.251063465738044
788,11.910622610862493,11.923468165674203,11.92377763435286,11.910337366485784,12.003084837058342,11.995024681091309,11.975427164786591
789,11.783901147995445,11.78595905658405,11.785659232180492,11.760383817029922,11.802100765761812,11.791168212890625,11.74341756124257
790,11.936991744581812,11.936155727808973,11.935644824511364,11.939009730661478,11.866598140548692,11.832148551940918,11.843248041986916
791,12.012658746181211,12.025783054899765,12.023288477486979,12.04491237035451,12.05802875373417,12.030292510986328,12.067826866814551
792,12.148515205817883,12.154417985257728,12.154102451177518,12.136073421111742,12.145836642058997,12.107563018798828,12.095318616795439
793,11.819515675911523,11.822743202799911,11.82299397182766,11.887677218065866,11.732130142113474,11.657358169555664,11.622757981528002
794,11.805148595332021,11.810953248494362,11.810101736445642,11.869115214955153,11.803078061532487,11.764191627502441,11.762949976149153
795,11.848272446994311,11.835654815406224,11.835587836344892,11.915430927753356,11.9310413294173,11.901822090148926,11.878272892647013
796,12.127762586965762,12.117419176696044,12.117479796306622,12.128328814127372,12.210371561401324,12.22671127319336,12.226097118986488
797,12.210830713790486,12.187990897005092,12.190547718344423,12.246274456798673,12.237275504330011,12.251523971557617,12.249891474120751
798,12.924033544674593,12.92110953683837,12.92176132605941,12.882336498168888,12.91882252857841,12.927191734313965,12.955627810689968
799,12.701689715684537,12.716719669533264,12.715648880992713,12.699904468769219,12.650403564037205,12.69086742401123,12.645350166761911
800,12.660210230002331,12.659282443102086,12.65930883910972,12.644384594531479,12.72738998514517,12.73609733581543,12.75317479566718
801,11.899936353995354,11.913368302887426,11.911029745082212,12.052458018993585,11.957132752105421,11.849870681762695,11.846812153337039
802,12.406742360937994,12.377297293925757,12.379524721655025,12.375572377845922,12.320537554148245,12.314952850341797,12.306277793152356
803,12.235560213732246,12.232608089986615,12.232947794829277,12.228351930692606,12.268493201367802,12.275798797607422,12.25608486220665
804,12.5715913003081,12.580206218756329,12.58019354387619,12.524320435124007,12.45930387866196,12.452322959899902,12.479935669099545
805,11.776851846150292,11.776775865890116,11.777211305708216,11.80733699084172,11.74627426720609,11.743480682373047,11.783508916178846
806,12.025631192051497,12.024163975728865,12.022548178518866,12.04040795545541,12.088643724246616,12.101962089538574,12.101132880313838
807,12.515028634574417,12.521220290332185,12.521091878976634,12.551838352427692,12.519826206265256,12.571252822875977,12.547583264688988
808,11.878177407829742,11.888167261001998,11.887929130492513,11.916278627335258,11.870387374733761,11.884801864624023,11.87833335422693
809,12.006045374517516,12.022553471956414,12.019119625510305,12.003915072151536,12.03339948020496,12.037092208862305,11.994275776519624
810,11.927478371138344,11.924304968827963,11.92342353042712,11.971929351880448,12.039899482798779,11.992318153381348,11.99385846200571
811,11.977091736104123,11.98030349325345,11.979643465041141,11.979403931456236,12.0302736379483,12.029090881347656,12.019707131793515
812,12.454016303323925,12.451992566593315,12.452879028042606,12.42405890922553,12.45680434957388,12.43145751953125,12.44664720794823
813,11.873173194764316,11.879770494974917,11.878942131320601,11.880991492443272,11.874334267095344,11.838016510009766,11.861043769373795
814,12.178591675710443,12.184952604347473,12.184081870657842,12.19156470640915,12.203193435715983,12.223328590393066,12.192707743781375
815,11.87563187809795,11.871566900263042,11.871629148661567,11.86005966363544,11.958913222937108,11.923147201538086,11.912038037955071
816,12.10207941687085,12.10044557899491,12.101199475292319,12.014391720485031,12.004061386835177,12.095292091369629,12.084612360936154
817,12.319076155026378,12.312138844423487,12.313186471182382,12.266553713532609,12.260292823568664,12.286170959472656,12.27549095978429
818,12.487736815619348,12.485425741962045,12.486910597516765,12.46408891442733,12.39065799737873,12.414164543151855,12.442237806034978
819,11.963680529063785,11.961162356962264,11.96203093122044,11.942765812539637,12.060679168796158,12.015798568725586,11.980410843200426
820,12.11335738487257,12.12757535966377,12.126994675209032,12.104862019311838,12.170847717505534,12.184959411621094,12.170429197833467
821,11.992950235297515,11.987354712673065,11.987851066444957,12.132136015950934,12.037096525973956,11.992093086242676,11.994230982432095
822,12.281791291853617,12.265022937495985,12.265343953999366,12.283109445551753,12.291411170696064,12.249340057373047,12.270032303634954
823,12.066179407107612,12.060763694008507,12.062519303472403,12.072353473117083,12.077838298541698,12.087396621704102,12.119468117687392
824,12.387147023218667,12.390267613680336,12.390283552529276,12.396339686069794,12.289880360520685,12.363324165344238,12.345788613207004
825,11.811427915919406,11.822496493802173,11.821177214482132,11.788088027281415,11.946511976027281,11.921002388000488,11.953886738523444
826,11.46264364696228,11.469152362019143,11.466812500150333,11.508277665618094,11.537252507614454,11.540231704711914,11.58341918431808
827,12.54219488188784,12.540362975704479,12.540828567881677,12.526224361894045,12.517413546903363,12.557354927062988,12.536204482001976
828,11.816091200484452,11.795302737956568,11.79817973755686,11.739672298219208,11.6131094671632,11.575399398803711,11.57988389273882
829,12.113393763990324,12.095366974946888,12.095857490436105,12.137362370732053,12.117735976432227,12.088054656982422,12.115782135260083
830,11.993267799345954,11.995684717053498,11.995510123837823,12.018681985961198,11.995892439757185,12.014453887939453,11.997030349746876
831,12.559488868500473,12.570752011133893,12.56957157529566,12.524006620537255,12.579086330645678,12.606003761291504,12.63174228861635
832,11.924960070650169,11.951821145844244,11.948914661375623,12.183170539868108,11.877352435102958,11.867464065551758,11.84165753415751
833,11.610649735887128,11.627180497173583,11.62550351877448,11.786479817280512,11.695503499648753,11.712278366088867,11.652669820498103
834,11.932847301214048,11.937275132527553,11.93658886860329,11.952467830342602,11.934420810497294,11.940128326416016,11.95142297993103
835,12.110364814163397,12.122781984393457,12.121420469338888,12.084744901560493,12.191138301763985,12.200913429260254,12.195031601318867
836,12.276109974706955,12.267512854648379,12.26787794859688,12.22945318447503,12.225064634509003,12.253417015075684,12.236263568104663
837,12.397577386181887,12.396917925481784,12.39702845068466,12.400379152238068,12.416239973259307,12.418916702270508,12.392302624775484
838,12.309215398832558,12.31311556949342,12.312430715683512,12.326057387561233,12.274591933430704,12.269439697265625,12.245767004652391
839,12.015213775204577,12.032358626565307,12.028581620377697,12.107095391109283,12.082162586400528,12.13602066040039,12.109025181656936
840,11.718603366574875,11.730402438181063,11.729115190937739,11.827997150971761,11.759813675237206,11.756235122680664,11.694901997800704
841,12.046412591449599,12.040097151671715,12.040208670187342,12.030061533856225,12.032787696929327,12.012412071228027,12.023752172274584
842,11.701661945438993,11.670723380993758,11.673101661553043,11.649705990158852,11.574777411454244,11.458114624023438,11.505328864330947
843,12.11288052467012,12.125033766751747,12.123571574034624,12.115722578763897,12.108639913161142,12.15268611907959,12.184706912926783
844,11.944834190828946,11.958857516458734,11.957110172603976,11.955144036209786,11.982082053707584,11.986249923706055,11.94016992114743
845,12.032293829986783,12.034802020451288,12.03498787090825,11.994985094645475,11.969796853767773,12.000001907348633,11.967894684941395
846,13.028805051076938,13.019026221818196,13.020704934180243,13.090888944437964,13.113285141634302,13.061124801635742,13.091335386030421
847,12.343881364706355,12.345943151813177,12.345749649613815,12.350681187464776,12.495017975323684,12.36760139465332,12.424605088191761
848,12.416815764306735,12.419184759057995,12.418758711995995,12.082676100919741,12.326979489018118,12.42198371887207,12.40326093463808
849,11.893746502554475,11.913275021764154,11.91051700300709,11.845834410288614,11.908439339520793,11.923209190368652,11.893983087656652
850,11.91798270877929,11.92051845009801,11.921726331320798,11.904987632804895,11.815283462719089,11.802536010742188,11.768026961913858
851,12.112350575080873,12.123387788147395,12.120201503553131,12.054733694732839,12.185727040464283,12.17408275604248,12.230862355023238
852,12.146477599685763,12.131218489720538,12.133295936581959,12.200101432397892,12.090685373870599,12.072226524353027,12.099931052353034
853,12.458080567548087,12.478368721563248,12.476548081937606,12.48142380482494,12.46228183632472,12.450547218322754,12.444663603375702
854,11.432306925744514,11.426231506390655,11.426969255678735,11.678844216974733,11.42115346717347,11.42132568359375,11.451432955105853
855,12.065502752257611,12.065106552573127,12.065138026379657,12.047665134363438,12.030330492461582,12.037731170654297,12.042991894534378
856,12.122992667691571,12.129205933889985,12.128936057109708,12.060472518628009,11.991070803985282,12.086834907531738,12.073197326939066
857,11.948209185873297,11.950077871462652,11.950640713863072,11.980681829297449,11.935524514302926,11.965253829956055,11.956659329007476
858,12.322914705368024,12.315963850327767,12.316202977515466,12.29352971755967,12.224619630585657,12.2299222946167,12.241578903333204
859,12.825195869474726,12.815360490091889,12.815879221614349,12.348124981141765,12.78147835570399,12.73501968383789,12.727592671105864
860,12.44770132722728,12.450387415115882,12.449538307337106,12.428618335551612,12.464113926192892,12.495692253112793,12.468485666240067
861,12.533355487705885,12.539943546427226,12.539073958016473,12.093124873022457,12.368579783088771,12.306960105895996,12.382867514441124
862,12.593865968568407,12.588749874004785,12.589683521088222,12.580099499548464,12.57746415496273,12.541269302368164,12.602922836955804
863,11.726675260097682,11.7303645497729,11.730132738390308,11.729540940494333,11.658002136795842,11.692389488220215,11.625774921344687
864,12.722818261905807,12.734840219256096,12.734762215823082,12.648955422138027,12.572742222021121,12.624077796936035,12.632911529765988
865,12.308794230993017,12.300936003431223,12.301161503765307,12.103376001754219,12.30061360318354,12.254176139831543,12.262321270858585
866,11.730240416928204,11.73495985749305,11.733468795913339,11.827347664740799,11.781164839695593,11.730690002441406,11.73237740033596
867,12.3046696573676,12.309881058949578,12.30983003630125,12.303348956227524,12.283698312502558,12.317068099975586,12.309597149201666
868,12.298409338856288,12.300174705429411,12.299368037352682,12.311697927496201,12.36833210973728,12.302935600280762,12.320235880261338
869,12.31586162153313,12.306976720085135,12.307926816668095,12.251613827912445,12.237719065956103,12.246221542358398,12.227595206438789
870,11.957211761054275,11.965644086800204,11.965254162148355,11.959017041982818,12.018716711227588,11.980709075927734,12.003167574672833
871,12.114383252519294,12.107883813097839,12.108419889653197,12.027900025795589,12.118367137326894,12.175305366516113,12.115496926067813
872,11.994133647612356,12.002496884909398,12.001450958915905,12.010741632657247,12.037706331300216,12.0392427444458,12.044738524909546
873,12.561315576200423,12.55612269809555,12.556998466769539,12.540504039466576,12.550138320680636,12.509413719177246,12.498291609086206
874,11.80517624722919,11.799600501356066,11.799354687874564,11.751751643100516,11.806414113129334,11.844552993774414,11.822488591202186
875,13.081997599913151,13.08462315606315,13.084883434824757,13.095730965877305,13.070894568487299,13.09273910522461,13.146680906959773
876,11.930552029151292,11.928819571136794,11.928496551069365,12.01398921557028,11.996948729190933,11.970848083496094,12.01747843031539
877,12.007911991890834,11.997275067321045,11.998715318306859,12.280757409399431,12.089251723763075,12.08825397491455,12.08879702413702
878,11.954058515964146,11.947865739334675,11.947984925363857,11.973682901705091,11.873103178509494,11.870580673217773,11.922340587497228
879,12.11911005089563,12.09413203541734,12.09510462347952,12.09393722560949,12.131002991648405,12.043556213378906,12.035213563146142
880,11.964218349550237,11.973370634743159,11.97346285213478,11.946028740412965,12.056762827725999,11.983806610107422,11.994882277225933
881,12.216121805678709,12.218819660691873,12.218159530464728,12.161346214649708,12.237607613968255,12.180875778198242,12.183885257643379
882,12.098036012808253,12.116850178431974,12.11596303100995,12.124776070357735,12.053952202571528,12.090567588806152,12.101971383739238
883,11.842251552775446,11.841748547908725,11.84136572624763,11.768775021726954,11.904470117860363,11.908102035522461,11.911149086179723
884,12.448910690339773,12.437763076022534,12.43862908900206,12.417718847349725,12.313391264370638,12.316286087036133,12.30993107330669
885,12.346405526181742,12.334473203810333,12.335562111337813,12.33474055982018,12.332751845846378,12.251460075378418,12.257453759426909
886,12.164413103123469,12.184941725041378,12.18269598459391,12.08638989170938,12.207173184972495,12.205723762512207,12.226490410304939
887,13.169957013903087,13.179371372472165,13.179772800658066,13.19400786265749,13.146945624171389,13.087783813476562,13.05958574506701
888,11.717950674802838,11.726177716058627,11.723720564185124,11.668803939115865,11.688055471650818,11.634221076965332,11.652932067845155
889,11.90524074645123,11.917781124691908,11.914005814960946,11.915402175004862,11.962613356005756,12.01442813873291,11.904944844296525
890,12.379901169252548,12.399131815046754,12.396906899113768,12.228462683624372,12.40362018161219,12.492263793945312,12.439778860964104
891,12.5129788645656,12.512860117662198,12.513415269003056,12.49203659821776,12.481303650014086,12.489776611328125,12.500189995377477
892,12.083656080389948,12.079374176499046,12.079922296654338,12.098224410363795,12.05732344589106,12.085484504699707,12.093919269054345
893,11.885186326532725,11.890547134955405,11.890356736725781,12.058392839218444,11.923238532527076,11.943833351135254,11.955970846083039
894,12.319834078435168,12.317358110162562,12.317337094339926,12.310306154387227,12.332343552571936,12.315823554992676,12.349496298291353
895,12.276488744105002,12.275714496299884,12.275963595715618,12.253811110301973,12.268127371693117,12.280630111694336,12.2905334315641
896,11.98711862967064,11.998151179985108,11.997486990022665,12.008338482120132,11.986082108106755,11.97028923034668,12.001447165713659
897,12.097269094608793,12.11869241101803,12.11531820185059,12.054744841132182,12.031345555979104,12.074423789978027,12.10313152197503
898,12.438586154944057,12.436472685608145,12.43713236822071,12.354159805535794,12.380990265475514,12.422724723815918,12.415931013053289
899,11.463602797154149,11.458588142599808,11.458520630162202,11.65387333139006,11.389059317920037,11.397043228149414,11.471843937279129
900,11.978249621462833,11.973976498184369,11.974078260114782,11.929200579652594,11.98809679565429,11.946144104003906,11.908736910970054
901,12.18170360548468,12.189434438851658,12.189051120826957,12.280793602051542,12.261104461291932,12.109968185424805,12.19386179356173
902,11.768729527294896,11.783658821571322,11.78159705107079,11.801504056506298,11.843779981663706,11.858855247497559,11.845551557174645
903,12.608950615188979,12.60534835710949,12.606013210750568,12.608565388350007,12.590975960586965,12.601061820983887,12.596786482887678
904,11.980586293425514,11.962721199572194,11.964069895443478,11.933436486584675,12.088201728330782,12.030563354492188,12.077073166518177
905,12.045561551217686,12.038241619725964,12.03851963152215,12.040315801527056,12.024813185349124,12.005218505859375,11.975253861936592
906,12.66846613628407,12.68198738340288,12.681201688788791,12.671533130687331,12.630563502807775,12.702630996704102,12.656482047978612
907,12.354939994750552,12.34233462220456,12.342276078778948,12.327129187428799,12.337748777933145,12.387728691101074,12.381430361767702
908,11.818708800454203,11.824084502903514,11.823617368133895,11.832016128455336,11.8920701871156,11.919557571411133,11.927643978242646
909,12.196106971441752,12.177222786567139,12.179427652697846,12.22508960511489,12.147625420303948,12.167333602905273,12.221467896250415
910,12.731631387105201,12.744903106670543,12.744522169874003,12.721378334935396,12.850242606042697,12.803159713745117,12.803204799189603
911,12.192794478484405,12.19053463061486,12.190126337374098,12.187875190424576,12.229608626937415,12.216551780700684,12.242626014409955
912,12.267876646264988,12.271418910365208,12.270673035035907,12.200975170146332,12.190335871250134,12.178253173828125,12.196501208264735
913,12.230082501077296,12.236819312984101,12.236516439646604,12.218057409135168,12.232485838157002,12.272012710571289,12.240683838406397
914,12.150833286006824,12.141248410994205,12.142006246645574,12.193072042384845,12.157691094811716,12.055588722229004,12.0756745902718
915,11.535022210160665,11.527593191194736,11.526353500120072,11.81611008831684,11.687729676191728,11.580489158630371,11.607723746921405
916,12.766595347507488,12.765582679291386,12.765761077103736,12.789691799023169,12.731385975784443,12.78945255279541,12.82122464872782
917,11.862595450245088,11.868078436061936,11.866725099301155,11.82736370876761,11.84572855067926,11.846525192260742,11.88186168168683
918,12.340028200730316,12.3467921896471,12.345979302373442,12.309493483267811,12.292078244524351,12.346661567687988,12.353729148410345
919,13.012035206119041,13.02460239558892,13.023733764696521,12.77661664425745,12.920590080949909,12.947409629821777,13.01854484367419
920,12.319733509367007,12.322070460426076,12.321710398332105,12.327483062561104,12.330558166397328,12.317822456359863,12.317414960093085
921,12.353881259311752,12.364643985711753,12.363605088596875,12.350209583622458,12.390736403237966,12.416999816894531,12.34969011403639
922,11.971329324932949,11.98128689339379,11.980652407225147,12.076109550441434,11.87444635919025,11.915913581848145,11.85741679399552
923,12.404915126898748,12.400843556457625,12.401092501968582,12.37509974860298,12.359838685352779,12.415186882019043,12.406829993315714
924,12.113293022979414,12.135528632443103,12.135034187244978,12.128524811849122,12.142909063815749,12.10720443725586,12.126145868598487
925,12.436826400482778,12.43964923400684,12.439184728750714,12.414203892670542,12.429588669910844,12.435615539550781,12.431956201838865
926,12.100907647083183,12.097093550380542,12.096665858649931,12.05022117372108,12.146813848193107,12.13105583190918,12.147861124899968
927,12.240755960793637,12.228663668540655,12.23021354014917,12.291810765851398,12.26807529320537,12.268921852111816,12.255365671230056
928,12.470111029046823,12.473531924740971,12.47306643055261,12.448711000141536,12.446313508698337,12.472835540771484,12.486286641723751
929,12.47095139830793,12.471943950061181,12.471977688022509,12.46449076792538,12.458048555604236,12.488178253173828,12.450960558439375
930,12.405064680366284,12.408951065341721,12.4098122733884,12.418300392630506,12.46368625219143,12.374641418457031,12.420997706018513
931,12.052435718549319,12.050932387987485,12.051660984676595,12.073473293717157,11.966215867018366,11.998607635498047,11.964108318257978
932,12.051177048885322,12.049198118720888,12.049727708053236,12.04934436908025,12.009062518301446,11.982773780822754,11.978734984456114
933,11.861636988945364,11.860992210512249,11.861669791475226,11.93380258348276,11.8789950293819,11.94110107421875,11.921098385062155
934,12.498330129983978,12.49383935219447,12.494065117265794,12.466071119206278,12.508159729592892,12.473587036132812,12.470257120395141
935,11.929003850685982,11.930730810068338,11.930302614176535,11.960269463665776,12.060776495436004,12.004779815673828,12.033110903659262
936,11.70622289003847,11.704236586766994,11.705114257351536,11.670265019682494,11.750554159954483,11.76234245300293,11.772785154083495
937,12.774770828023966,12.773462545138528,12.773607766745279,12.77587459124772,12.843695306318475,12.857982635498047,12.836945848539425
938,11.353846516290863,11.347604279616462,11.34667784087197,11.367578755934577,11.292204786533835,11.331305503845215,11.384598168628592
939,12.738430433492605,12.735035307736144,12.736160025095868,12.752472255226225,12.814468525526728,12.829331398010254,12.845065607420077
940,11.843790449665208,11.864203695987513,11.862214329306205,11.898491561381626,11.87860150686724,11.886429786682129,11.878992756742704
941,12.060125861628126,12.046699781429524,12.047066521486602,12.18031742943414,11.949838876768155,11.9367094039917,11.964818444379269
942,12.044061149575557,12.034068836756829,12.034106962314782,12.112167033018867,12.015574748396219,11.968031883239746,11.944294589446821
943,12.048983572016136,12.055859750013909,12.055100754329352,12.042565594106218,12.053241454857885,12.091262817382812,12.098104429747973
944,12.153613531405098,12.145456455669226,12.145865739756696,12.162490224738598,12.095808540765848,12.127328872680664,12.178339603086886
945,11.945159779004152,11.92981373023492,11.930895233692812,11.894939680220203,11.897286324987512,11.888341903686523,11.903045613543934
946,12.076703158424458,12.066007618246378,12.066999294898316,12.098702904730027,12.088887456713444,12.0643310546875,12.105461247793544
947,12.42667194835325,12.41335122614219,12.413563928048362,12.437860533225365,12.425379089649907,12.31350040435791,12.379600597149622
948,12.134265429263479,12.147367166349719,12.146297686943432,12.190898764513301,12.090074322360296,12.1173734664917,12.172889957594444
949,11.813109835721065,11.794703399049146,11.794960131203311,11.88411597898892,11.975233062028087,11.933745384216309,11.873908067834229
950,12.303797434442043,12.309369394324284,12.308319528009722,12.169838583969481,12.109047544261998,12.185235023498535,12.19587181870926
951,12.219391196089347,12.212164880842888,12.213483624320954,12.284214440087647,12.247903771000654,12.227971076965332,12.229593562835799
952,12.373603736476047,12.374166716375099,12.374587069561592,12.366610750583392,12.3464661106382,12.366374969482422,12.355057273906857
953,11.9146194047336,11.934429951841553,11.931513276130286,11.9684526966583,11.934266663136942,11.949249267578125,11.965082287322543
954,12.057295877751903,12.066545375677498,12.065730047081553,12.0706859308484,12.043150218313148,11.95520305633545,11.94925119818481
955,11.946801571682402,11.958873833027845,11.957500792540415,11.90721303225718,11.997276958059755,11.967302322387695,12.042510569026554
956,12.002422233862305,12.014536771059426,12.014208054689487,12.046831706332677,12.010242940519737,12.052862167358398,12.08071774499086
957,12.474742400700505,12.47593822169756,12.476397887155667,12.464636118029588,12.504634449018594,12.480411529541016,12.488490275128035
958,12.139824771668833,12.138876829987511,12.13885664863852,12.161934363248468,12.127557439404843,12.122357368469238,12.131201706946037
959,11.519718525569358,11.520171030543471,11.52133935254671,11.532155751429373,11.541893827358518,11.520439147949219,11.487973366483661
960,12.604956739770564,12.609370541097855,12.610110079466876,12.48364650004008,12.545005021837001,12.530366897583008,12.530424483604607
961,12.123046378228489,12.105241375105395,12.105077843444219,12.004068887166804,12.087570664417195,12.068794250488281,12.058389477707374
962,12.183658225330692,12.176349664911722,12.175995008359887,12.371396117513937,12.263386819708796,12.198552131652832,12.247642720352388
963,12.298100583126288,12.298940490028322,12.29900143556603,12.326984519324082,12.321236892051875,12.32142448425293,12.340428991167897
964,12.28132261605722,12.253342459524474,12.254983854571083,12.237394627411527,12.335087010311707,12.374665260314941,12.41606588349787
965,12.437140221005253,12.425982456871546,12.427276575851772,12.45812719885833,12.466478995968348,12.386286735534668,12.446585635136229
966,11.83348585961864,11.828097383290052,11.828994443638912,11.313497397461258,11.877531127784884,11.913783073425293,11.915535727481068
967,11.872342233256063,11.873388302877823,11.873240050450148,11.906612160587263,11.876576189833395,11.917534828186035,11.895790346201222
968,12.20028792703428,12.195178513364043,12.195725206099914,12.231850370628116,12.185067923494346,12.195076942443848,12.186251510706224
969,12.574535677637085,12.582614120308662,12.582570763914044,12.575521994280088,12.530005653605237,12.554875373840332,12.563620071087492
970,12.551867719346449,12.54879807499657,12.549280569386248,12.581335095663093,12.484195076574535,12.50791072845459,12.522445526183928
971,12.122299428065364,12.119389067434913,12.119498821253824,12.074740740596434,12.127256607211624,12.147250175476074,12.160840428708374
972,12.079028281081309,12.083479634073923,12.082747671109324,12.079601373746126,12.068709335696523,12.064396858215332,12.06061458320732
973,11.790854366362002,11.797249200870956,11.796507947010523,11.7798964331154,11.739747942864629,11.738480567932129,11.732104012291215
974,12.00138434235689,11.98468991680379,11.9873168921177,11.995150095764764,12.013275873104508,11.974393844604492,12.005366938457263
975,11.970344903964978,11.971091225808408,11.97039606777394,12.011411462091187,11.961742427420248,11.901159286499023,11.951411563194144
976,12.566375078937897,12.56185888278702,12.562455555774743,12.554112715146896,12.510794077270278,12.514155387878418,12.53098572456666
977,11.912372666844993,11.881392833926785,11.883876835566952,11.855945584411835,11.925563606788527,11.881463050842285,11.884966991578207
978,12.671206373544424,12.674993994896145,12.675325568637971,12.674679669799588,12.628519183923945,12.655756950378418,12.628333724354762
979,12.480456263070543,12.485634737379353,12.485351453536474,12.496402567592174,12.517453267656892,12.4575777053833,12.462252523770752
980,12.355498697470747,12.340834040848765,12.341424787919376,12.320854602361335,12.318952932835566,12.325655937194824,12.33373892980786
981,12.78274906993562,12.768695352998785,12.770890995794344,12.810967302487636,12.733397427310791,12.759177207946777,12.777463077501425
982,12.196958008360314,12.191861058256704,12.192115227589499,12.132811523309822,12.118683324281012,12.121040344238281,12.15914900577192
983,11.946844506475317,11.97485420167499,11.975564688770962,11.954644406526185,11.902877704070999,11.888871192932129,11.890218124836107
984,12.87236770331382,12.870466601058673,12.87095438328462,12.993054793393837,13.013412343587419,13.004741668701172,12.951580634237864
985,12.050455568370253,12.061703635476459,12.06184083388739,11.98624136618802,12.08590036171789,12.127958297729492,12.091509553632099
986,11.943321981853963,11.926973593689937,11.926762345275879,12.126020132067664,11.995682436655102,11.970473289489746,11.948273231940497
987,12.240118215858141,12.256554428735166,12.255571089541721,12.24631326978252,12.182706092362148,12.249579429626465,12.187458093817211
988,11.881894962459079,11.881651351658832,11.881542421237391,11.887998121334505,11.882432264870092,11.904212951660156,11.896637007118787
989,13.158827856994849,13.165614580451727,13.165469027935616,12.50086554249156,12.73289944694632,12.716137886047363,12.706919453837237
990,12.45854597625962,12.464817944565036,12.464703764258585,12.42278192446159,12.418283987703196,12.456367492675781,12.466286898306098
991,11.95190867497196,11.94731877868158,11.947448593518612,11.976192476577193,11.945865427105394,11.962509155273438,11.97340899370327
992,12.129216922667542,12.131537669325112,12.132475280329919,12.218351344147468,12.139591444580315,12.14980697631836,12.124206333123253
993,12.390727654753162,12.386774306777543,12.387237757925675,12.313668857565599,12.373512705101815,12.3495512008667,12.351153385496135
994,11.886196392927545,11.89728103633606,11.896082141434887,12.044482368117897,11.897413468062988,11.892854690551758,11.910301697831724
995,12.856190277905725,12.85449873301252,12.854592730662343,12.865313355971956,12.847376715297653,12.847996711730957,12.912005931545387
996,11.934709857228512,11.93217241666006,11.932398761969033,11.934108323087678,11.966371101390713,11.979785919189453,11.99231927753783
997,12.466069462952643,12.466062115150011,12.466591869323155,12.428650505001613,12.461467209671778,12.41657543182373,12.432707517661823
998,11.981347284612522,11.9727971927962,11.97462734765756,11.983043364652705,11.978464555195055,12.01327133178711,12.000409474096667
999,11.774249640560587,11.779438639198947,11.77864491381079,11.749411627472401,11.778913196254074,11.756539344787598,11.766405698413735
1000,12.23105874364382,12.222120206342002,12.222485419712495,12.205426846752019,12.217768829430014,12.200207710266113,12.223085452253581
1001,12.347276224446633,12.34678995086665,12.346314457554787,12.296755469315043,12.275641812271003,12.293996810913086,12.315614913718198
1002,12.54488572764254,12.540781469793574,12.541423376472958,12.54664297790502,12.47684324128173,12.5291166305542,12.493965526561185
1003,12.571960765843846,12.58195566616795,12.581930901345,12.566757775737893,12.585401757061996,12.585487365722656,12.657825211804436
1004,12.044559525933664,12.04425517425833,12.044667109883878,12.042043213383515,12.053555951089328,12.111611366271973,12.122176522508555
1005,11.899056530266781,11.902254824492468,11.90045702957758,12.09692884518478,11.967800592723181,11.922774314880371,11.930039124205827
1006,11.666376809914759,11.645824507831366,11.647666345708911,11.596877880395628,11.696591073363855,11.692952156066895,11.731400718990217
1007,11.834692406288575,11.834706211654904,11.836040441312988,11.819072402902815,11.84392393703913,11.85304069519043,11.832525934366068
1008,12.538919004392422,12.540756662126222,12.5408231018078,12.531534747499421,12.503487618874574,12.463363647460938,12.44556403426482
1009,11.875007370886982,11.877318051663636,11.875971884305466,12.27546628497062,11.884387250830303,11.914604187011719,11.863065820209032
1010,12.606186397774717,12.615070241684036,12.615024295579046,12.560031023723539,12.332072555648923,12.556665420532227,12.552773527192478
1011,11.625193363058944,11.621832954947479,11.62178668253485,11.594429806076711,11.559312917097591,11.525867462158203,11.552517451117708
1012,12.370732708535254,12.380570425974975,12.379642096957657,12.349646038046364,12.379941566385497,12.342397689819336,12.34540512092607
1013,11.908371202873997,11.906418514168223,11.906233582941226,11.96796128816068,11.992635009358883,11.990485191345215,11.984364246648566
1014,11.703882713057341,11.684299259518951,11.6862099587569,11.623696017938354,11.590257768645957,11.559200286865234,11.552911920013436
1015,12.169673457088278,12.163297930165077,12.162668576479605,12.274318532886525,12.132499420938972,12.066682815551758,12.100233571205866
1016,12.246478215660606,12.23770587962511,12.23855797682449,12.225592297241931,12.24758076991242,12.224595069885254,12.224464851587209
1017,12.394663884712216,12.388924837672455,12.389596302495674,12.367357287367778,12.356995593768648,12.360029220581055,12.345375674584181
1018,12.718822368825125,12.723832855441037,12.7229816242922,11.93063006470794,12.666136263257352,12.646831512451172,12.637983400489539
1019,12.131172299326323,12.121236422969387,12.123414570464181,12.199703863920442,12.079971253269091,12.05561637878418,12.076826693117802
1020,12.012986744725755,12.015505999026892,12.014801641266788,12.0426647667643,12.073277055940823,12.020711898803711,12.025114722455125
1021,11.633092107325712,11.61144306896022,11.613481005796432,11.73615671311449,11.621354247028252,11.578540802001953,11.52946251829897
1022,12.120167777548977,12.127340610492682,12.126579608640034,12.132726357413432,12.118118804096836,12.059304237365723,12.092420217186472
1023,12.64816334255198,12.64718004214489,12.646864465800645,12.653787611769118,12.667586688954332,12.677556037902832,12.759619864994107
1024,12.485408021445654,12.486596718580651,12.486679975290134,12.469434531060106,12.524191314424534,12.50516128540039,12.507136560158342
1025,12.034790722555357,12.036694654709592,12.0366571839849,12.043408754650454,12.160254019533618,12.163966178894043,12.157828727875806
1026,11.57937612408273,11.58952417484598,11.588875194314692,11.604597543540539,11.671565136162972,11.608762741088867,11.609676661816225
1027,12.596405991926042,12.571924016144044,12.574572715310016,12.553385205119934,12.605217404675116,12.580265045166016,12.549575183020908
1028,12.706891546202792,12.681493793125744,12.686564269398374,12.62858735775884,12.708803411308939,12.627965927124023,12.651371051426482
1029,12.45308168753984,12.465060087452784,12.46468724878923,12.448961997651654,12.39347729588442,12.423979759216309,12.433658927035971
1030,12.271822647189142,12.26307755136714,12.26376228735112,12.28857898059037,12.262806164352993,12.235000610351562,12.237811764763514
1031,12.240700274972644,12.23169709975199,12.232035766827588,12.2156553364489,12.227210253591537,12.253771781921387,12.283135895219372
1032,12.75465424994013,12.74139594344497,12.742814421330396,12.800504436894009,12.8246717695476,12.867048263549805,12.858810473521865
1033,12.74924516928632,12.747030502095617,12.746798164810844,12.767454267835141,12.795467689219118,12.792326927185059,12.862374645826991
1034,12.078607008961615,12.077379479026478,12.077892106064882,12.084355700197111,12.072093437300026,12.060885429382324,12.032154079479382
1035,11.677730105925257,11.68638536754958,11.686369394439302,11.57623441747763,11.625421123537038,11.592711448669434,11.583130599776585
1036,11.803706189640478,11.787005763174351,11.78567878100603,11.788720850391636,11.782186391694326,11.835441589355469,11.867516181017333
1037,12.378569301039535,12.385815335489344,12.384969767173773,12.393095677296262,12.442737069645148,12.482307434082031,12.42450762441305
1038,12.815084173858628,12.803217492854587,12.804395660010272,12.282698288106493,12.7980973808567,12.79647445678711,12.802590317044968
1039,11.997597766599046,11.996134251998292,11.997087672699013,12.010237770743805,12.019726610690176,12.02099609375,12.03626422479491
1040,11.308548803281338,11.26354681910947,11.264713257515922,11.10906275387966,11.509056952694053,11.469218254089355,11.523982044075398
1041,12.279445186130935,12.285277683203788,12.284282059106982,12.280897370682954,12.26964689317488,12.293628692626953,12.218784736546848
1042,12.427928953777649,12.420248171157924,12.420833634626094,12.413067583469136,12.436898309485715,12.426012992858887,12.410652854596677
1043,11.916712883953307,11.89539198885508,11.898213381781119,11.944394647168167,11.918140661743378,11.846305847167969,11.89734975688218
1044,11.818712628864432,11.821634508124781,11.821660188908938,11.810550141734584,11.901465085888537,11.852337837219238,11.844957787698448
1045,12.493654352045567,12.494022878882417,12.49428111452189,12.53787413537913,12.52053867626601,12.508116722106934,12.451612672989345
1046,11.62796857940615,11.630938723751653,11.631424578800527,11.591390822057832,11.683258355621627,11.641393661499023,11.597303968171943
1047,12.283772694787114,12.279579924222952,12.280083972339959,12.245811489011183,12.337354524615463,12.28448486328125,12.267583704652852
1048,12.302716838180482,12.29897779788434,12.299872053326263,12.313683508776847,12.30202132573107,12.335877418518066,12.300025060263373
1049,12.033542689073446,12.031399163802254,12.030495681441236,12.135133042617458,12.004312382812579,12.000110626220703,11.992392180232912
1050,12.013345049978765,12.007500471812053,12.007593497887983,12.019805538994095,12.035902188373212,12.030850410461426,12.015692485485795
1051,11.880088704710026,11.864475084012835,11.86729389905863,11.844579830723944,11.807443567311081,11.853225708007812,11.853090152921029
1052,12.00083091613525,12.00334315148752,12.002871596821203,12.03410285784883,11.988969198638499,12.03010082244873,12.009980343706447
1053,11.828303881571077,11.837893248528163,11.837104016924462,11.982738552188774,11.844085070388394,11.862805366516113,11.857416447399343
1054,12.013500273137154,12.015325667366454,12.016376487251943,11.92445727627139,11.958086794283252,11.995316505432129,11.920938454662913
1055,11.439801193219061,11.444819694148935,11.44519909818146,11.529507019105768,11.50287289469706,11.425847053527832,11.405531220837235
1056,12.007378383023996,12.007364500093848,12.007187613706348,12.1399853511379,11.981755468341962,11.952112197875977,11.99257997734131
1057,12.33855993220146,12.334279336896337,12.334730215176313,12.904434524288101,12.358734411085214,12.30239486694336,12.357169745045802
1058,12.097476146421842,12.104748925589949,12.104535579474584,12.106699255699223,12.132691336759658,12.107561111450195,12.090123663008015
1059,12.612809729553737,12.608216106944395,12.609335181630568,12.660544121789098,12.48035286224944,12.603757858276367,12.595622775133194
1060,11.931921680003915,11.906183494228827,11.90815282970287,11.917664863625829,11.98146941132302,11.989669799804688,11.962708178277147
1061,12.75702014464332,12.742327759169035,12.742173438825263,12.730698794806177,12.654373331105267,12.778379440307617,12.701134584781569
1062,11.960624189701154,11.97211834370864,11.969531958189549,12.154813076781759,11.968450678525562,12.004279136657715,12.002848053700317
1063,12.94983219764673,12.948149232509897,12.949548840860492,12.954940610354765,12.987269033770449,13.011892318725586,12.973077330418247
1064,12.062133775357513,12.055182763568386,12.05558389425328,12.155649129567854,12.064965854372918,12.091136932373047,12.107303505801148
1065,12.960659301811738,12.957522281380696,12.957663351467774,13.008415921966751,13.13018465249171,13.01996898651123,12.96030127994294
1066,12.104891209844272,12.110066064407022,12.109101883361902,11.82314498284968,12.104585855583261,12.116792678833008,12.139546651898039
1067,12.325995642653687,12.32716670132291,12.326970544030042,12.300849164716434,12.285817175264105,12.275018692016602,12.283494340296782
1068,12.226556816674304,12.233115697400242,12.232005812902205,12.204739018836209,12.227854311665968,12.20913314819336,12.238528578534456
1069,11.97159521803081,12.040305291744529,12.038262517177175,11.631961535621816,12.013094745542167,12.197487831115723,12.243197737996464
1070,12.55117717248829,12.550156971155698,12.550397149743102,12.52864426933037,12.464313818545294,12.510445594787598,12.498304942996226
1071,11.99293674172569,12.000531212494796,11.99980730311054,12.010957546383505,12.012048626487516,12.026346206665039,12.041643412741065
1072,12.449112209366678,12.44003270812223,12.441055734602752,12.44433308574367,12.4727047808368,12.41362190246582,12.431565614073026
1073,12.657564661962454,12.664843233264143,12.664667085030459,12.616566025588721,12.661746223319025,12.740072250366211,12.738311671194124
1074,12.124136108492005,12.12577673917402,12.125908235131018,12.134411024165939,12.086649045350894,12.105631828308105,12.096098898089076
1075,12.090469660987736,12.088978851629983,12.088920524823681,12.029320226497944,12.082907899332648,12.057170867919922,12.064552813114613
1076,12.073269615811238,12.081580979184043,12.081678640300725,12.109099433882301,12.022060904510832,12.075654983520508,12.05791897870232
1077,11.960593754671182,11.968665667859291,11.96981803392663,11.863850776310938,11.9671495239231,11.970401763916016,12.001168228768693
1078,12.317967657783017,12.31934306670396,12.319030014001118,12.291667933933661,12.246753009721328,12.26058292388916,12.289669543776855
1079,12.502883340767529,12.490722768894948,12.49167006196052,12.470490076491712,12.478775634099671,12.429031372070312,12.437312142141641
1080,12.062592196232092,12.054411502721134,12.054890128208745,12.062967315781721,12.060440563705171,12.046955108642578,12.031924445413074
1081,11.849522027904484,11.84690721131727,11.846467700550303,11.885505683875355,11.917263795180414,11.92839241027832,11.891170398807608
1082,11.848687141772354,11.856905820471969,11.85595042714002,11.955424987094606,11.874879311054405,11.893366813659668,11.884959910515677
1083,12.62397806581186,12.615641283537222,12.61665277097808,12.85729877386295,12.68480521239129,12.633403778076172,12.63412010032232
1084,12.055013942337549,12.060327356744756,12.059814031338169,12.029403367917247,12.037771952588146,12.014416694641113,12.054345634031632
1085,11.693204980650012,11.687986121558163,11.688322770178333,11.76502444440248,11.705186116667972,11.72037124633789,11.651960633139913
1086,11.75889227436238,11.761412935164534,11.760447370716655,11.763896305673214,11.86179995358178,11.83571720123291,11.84055968508639
1087,12.15725392794044,12.183303590206409,12.18104506412448,12.254529699644916,12.225406046295896,12.179104804992676,12.218861180599015
1088,11.970668915533897,11.979761314516441,11.977079952411161,11.934369971052858,11.973978829553156,11.940398216247559,11.932211543540133
1089,11.943117495166627,11.95013302006917,11.950178026575587,11.892330650234726,11.924555789978447,11.920876502990723,11.927850037246701
1090,12.249181452407626,12.249977199251227,12.249998524807166,12.284769162698026,12.250056129421981,12.256009101867676,12.222782378528652
1091,12.295801632408036,12.295594601856354,12.295669370173602,12.288321611259374,12.299316678203626,12.278182983398438,12.240774350050671
1092,12.032235983083213,12.02444534806425,12.02502506999488,12.126133874597235,12.096775870016721,12.07308578491211,12.076627487083886
1093,11.878610293969212,11.887663927872708,11.887804537727067,11.799067407055816,11.795545041409795,11.84089469909668,11.884568935673107
1094,12.147970533907504,12.147130272182595,12.1472533402849,12.173842018977274,12.100699997318824,12.111473083496094,12.117041453293975
1095,11.786650844076314,11.79246306215495,11.79235317294577,11.780123312822914,11.702167371258856,11.715118408203125,11.718771324737213
1096,12.046325892070595,12.033261274506751,12.033275976947188,12.09667272754093,12.049138434306991,12.087697982788086,12.07246815952877
1097,13.098352439145426,13.0993118128803,13.100052703195495,12.103538902355593,12.984263284920104,13.039185523986816,12.992770882898515
1098,12.124715849055365,12.132297597701614,12.132612200033156,12.14927123954783,12.124505671448398,12.187674522399902,12.175249676322817
1099,12.564893522554218,12.561874623716248,12.561623014236199,12.617515871717814,12.681883960822505,12.670183181762695,12.735682500199493
1100,13.29144479512372,13.279288845730871,13.279774091944475,13.29028477222314,13.316137147349155,13.221096992492676,13.179107967787129
1101,12.013582893392698,12.02650967182619,12.025580104556614,11.95902165963572,11.97828868874171,12.042466163635254,12.055113210145977
1102,12.05435636226695,12.059807389146526,12.059410534545567,12.073890624548664,12.192542260107318,12.193887710571289,12.185858865401443
1103,12.361771508812726,12.360013031219227,12.359761677040684,12.300798513425082,12.286763115978854,12.295467376708984,12.262744094731326
1104,11.729564258889598,11.73201883675642,11.7326175287843,11.7728873729058,11.764945088904383,11.744301795959473,11.741125859653371
1105,12.792903255439539,12.78055428697858,12.782035975165064,12.876369200975338,12.694663003437094,12.723289489746094,12.666303984651963
1106,12.633067232100169,12.61511398017209,12.617482774325778,12.620038976077753,12.562276540546737,12.593791961669922,12.60150056963408
1107,12.2365305380336,12.232990833116322,12.233182455347993,12.246645110465604,12.252330304422959,12.23487377166748,12.228169612653152
1108,11.86815272116304,11.871532358377314,11.871306643409705,11.874925954081291,11.977453865608657,11.94786262512207,11.976874859413352
1109,11.891032758119463,11.902128466230442,11.903037849418393,12.082676595539283,12.00575665524413,12.003900527954102,11.987739629261998
1110,12.371349358066498,12.362311995670682,12.36308297330827,12.35113246888814,12.297167507393455,12.294405937194824,12.298629385248734
1111,11.958316240844656,11.96575326974541,11.965397516242092,12.107217830974696,11.993428575637887,12.016281127929688,12.021155016462776
1112,11.815322358564499,11.827632758790669,11.826299908796177,11.825643324345855,11.882723625633522,11.894647598266602,11.896301145553622
1113,12.348453885829368,12.341247722994028,12.341912811091742,12.361110759217771,12.336702817472867,12.339018821716309,12.356179118649205
1114,11.584710130685176,11.576671663303374,11.575295702793486,11.977717759449007,11.63765456279782,11.642237663269043,11.662466254911852
1115,12.312460356330499,12.305118129884143,12.305852580569763,12.240401718841369,12.235673213623123,12.220612525939941,12.236855489067459
1116,12.146372439444702,12.138669799206914,12.138894859087435,12.178815559741844,12.142631443743078,12.126725196838379,12.125877540428528
1117,11.906496455330492,11.903729763616607,11.903878349600227,12.01638119139834,11.94168420899146,11.912715911865234,11.93857453220305
1118,11.868391820591746,11.8854027549872,11.88506585211773,11.85336821353317,11.96699908614941,11.927474021911621,11.938221981312644
1119,11.9759892125766,11.976022853217419,11.97580917737535,12.085420784629228,12.002988964184416,12.011224746704102,11.98618843574469
1120,12.196400455629192,12.180103304342644,12.18133508268352,12.39328000606055,12.107412999877031,12.06915283203125,12.050358915365054
1121,12.224622374504923,12.220818619954033,12.220845785721353,12.229829268728286,12.173681181673205,12.208332061767578,12.200541231405714
1122,11.73056158324355,11.725794300670419,11.726484908332514,11.729171048005558,11.704040249291943,11.70130729675293,11.665506653700286
1123,12.693628463079929,12.696176677035659,12.696749995005028,12.679904647203763,12.681135432748954,12.704336166381836,12.706789066988737
1124,11.750045684963478,11.763824564200934,11.761344710550304,12.15863258787,11.876358700837327,11.789053916931152,11.818658803757259
1125,12.018265797069,12.024719555033448,12.022943468129021,12.036088564019826,12.074269987425954,12.046380043029785,12.026464920613043
1126,11.895861049011877,11.900119107044414,11.898546723441537,11.923917827898617,11.817202260494076,11.875253677368164,11.819976753556933
1127,12.373171673564272,12.369353255991456,12.369454443993181,12.39782195066266,12.395959896615347,12.388031005859375,12.366418545769859
1128,12.409295902278863,12.4041488038417,12.404559343550135,12.384540117735844,12.42302916077823,12.327656745910645,12.356466223942828
1129,11.649624416859211,11.650272714106197,11.649875714409713,11.629063346854023,11.553651774117988,11.570271492004395,11.570504274286959
1130,11.998899900179799,12.003697755990014,12.002776066878459,12.066553439588132,11.927604493417581,11.99534797668457,12.03329353128031
1131,12.204535271985462,12.209721825945717,12.20881549047864,12.306633350936114,12.217536165593064,12.205683708190918,12.156829638445355
1132,11.940636624219787,11.942058035745058,11.940936581475848,11.899122057915108,11.991888221673499,11.968814849853516,11.94540965967054
1133,12.005645490094055,11.997075527691429,11.997416494413212,12.118882026298666,12.002593231707015,12.009133338928223,12.00487716028429
1134,11.662162840474176,11.64274353581458,11.643439709927037,12.175312494955614,11.750794276444847,11.684944152832031,11.645764812255003
1135,12.037555905990033,12.038569866661884,12.039267246088182,12.010288134151011,12.009962878500037,12.031526565551758,12.021636059942967
1136,12.742316088648968,12.739502031585358,12.740217227865092,12.413514875480132,12.7582222660201,12.784396171569824,12.820940777915313
1137,12.158715314526054,12.166315685054927,12.16605603281784,12.154325104843878,12.18978774616228,12.201189041137695,12.182174406105101
1138,11.939498355682247,11.946451523352112,11.946010527809925,11.985033249482699,12.032824373921265,12.02609634399414,12.023477535547173
1139,12.166452246247294,12.164397909419364,12.16446690107565,12.16011380663026,12.176581876023086,12.131692886352539,12.137218140538
1140,11.894052909655427,11.899358272088094,11.899431715364093,11.929440763662505,11.898596995804189,11.919957160949707,11.91384569073193
1141,11.794353953684892,11.779615926269013,11.780417781583871,11.67223293280683,11.66288318896311,11.739160537719727,11.719084022791138
1142,11.821606441857185,11.819832869691822,11.818983385874342,11.768398946992622,11.854132794241977,11.835442543029785,11.890875792741259
1143,12.247027792470945,12.235424018749983,12.236696936587855,12.33054556268715,12.162132342981895,12.180265426635742,12.185312146092969
1144,12.288854463676254,12.28327297476771,12.28355603920509,12.303169931956663,12.299637141502073,12.284132957458496,12.266885880898055
1145,12.031777689536034,12.040627733980992,12.040194480167608,12.021715438094688,12.021474352566305,12.012687683105469,12.040404941665809
1146,11.984449339289085,11.981654106603452,11.981545329584952,11.948735195650594,11.997591269837374,11.969209671020508,11.965262247823793
1147,11.917772046950002,11.908840133072285,11.910826652604932,11.90481989037783,11.933644332674886,11.933026313781738,11.943524804908414
1148,12.620491810219287,12.615728323564415,12.615979789824681,12.570361979728393,12.655673006402246,12.648371696472168,12.602418088411872
1149,12.091301685625764,12.08535240051415,12.086527628290431,12.113309162025569,12.147236335191861,12.072266578674316,12.088580033553097
1150,12.03536199342866,12.039760577330048,12.039537360103289,12.057039910609669,12.02520660905417,12.032607078552246,12.025053536113012
1151,11.9893634991499,11.973832351755792,11.975528036704727,12.018940246568663,11.91638797570387,11.933243751525879,11.946891454424412
1152,12.312305636154058,12.303011443230492,12.303485151256842,12.072775539380068,12.22410118506969,12.218216896057129,12.25517052002446
1153,12.293722365629451,12.315933281665178,12.314279517892231,12.179022162914498,12.267238849206548,12.289628982543945,12.344457283545768
1154,12.828036361047038,12.823879951653293,12.824105199743506,12.83830515704451,12.810859678182709,12.843217849731445,12.854531136613822
1155,12.041807407221865,12.040684146295511,12.0403599222926,12.028877199462341,12.089479152300532,12.096235275268555,12.12507622137741
1156,12.163082854982507,12.160825675777373,12.15995547260136,12.109966660726524,12.216250269035053,12.195868492126465,12.207725167125314
1157,12.855555301660402,12.85000459101233,12.851327976877203,12.826992907708043,12.817339005077873,12.837733268737793,12.867708411286298
1158,11.958867325732795,11.950011852468444,11.950704200489838,11.952810665373933,11.991606367589963,11.974141120910645,12.002063737334412
1159,11.987476770879193,11.995114688703824,11.994391268860971,12.062048769974501,11.970549572498092,11.97300910949707,11.980496486434415
1160,11.732550741019491,11.7280323534864,11.728168285347406,11.874964985973142,11.683100600622279,11.707220077514648,11.68533093369255
1161,11.33730604878686,11.343098568786742,11.342401981952303,11.389409023131206,11.337773787320213,11.330286026000977,11.351201464418075
1162,12.316540597303591,12.319138010172491,12.318923349855408,12.312239799707616,12.253825265887942,12.265558242797852,12.264929718928352
1163,11.305946362849822,11.30056933191275,11.30080555875706,11.554582044302693,11.29651134439285,11.342025756835938,11.408591232943904
1164,12.368040163998948,12.36589831069401,12.366039017622475,12.327016648772009,12.321031245767173,12.288273811340332,12.305391635627359
1165,12.03644521258377,12.042663354611234,12.042939332610242,12.036111644625537,12.046496983970092,12.03676986694336,12.08085769678242
1166,12.310397536752745,12.306381058096814,12.30633638712089,12.260309410127585,12.30455552223213,12.29709243774414,12.276595062565862
1167,12.0493868304087,12.040340704244889,12.040325342103708,12.052360673083566,12.053596854560773,12.078145027160645,12.066472227484983
1168,12.52582583312295,12.527839486365004,12.528010019865341,12.50464252881158,12.533422574207137,12.503504753112793,12.483120942932711
1169,11.868883163833601,11.86400088513912,11.86458952720979,11.877252655904307,11.921098777320543,11.905978202819824,11.945379008926471
1170,12.831683801254663,12.83570683324829,12.836252630240303,12.871242202776376,12.821919746605,12.876992225646973,12.913061933020773
1171,11.835104020204001,11.837864299419241,11.837769628171422,11.886002883289246,11.890648401593788,11.96137523651123,11.867535622280553
1172,11.72246783832409,11.716476788390214,11.716247727286003,11.707385873031459,11.75913812613899,11.766921043395996,11.718478398043402
1173,11.9184782864509,11.916282832604471,11.916254845073444,11.821670117404615,11.944458315823741,12.076251029968262,12.028386286631477
1174,13.168172440797033,13.152060553646796,13.153798258829289,13.135641755818572,13.23217676621554,13.182062149047852,13.140850426005096
1175,12.098789292466233,12.091965789130976,12.09388139234041,12.079425587698928,12.168129928841129,12.131728172302246,12.14777416799591
1176,12.013646118627683,12.030687510007448,12.027706173574453,11.830637517938573,12.043025834670244,12.03462028503418,12.046684462410692
1177,12.37686247458473,12.379344125483556,12.379078651448605,12.346688335449064,12.37225042081319,12.352051734924316,12.374053928633007
1178,12.281629049103934,12.27950498208665,12.27940229196221,12.238372712206804,12.213990821194754,12.234679222106934,12.246172758593305
1179,12.048262061936914,12.05602418674507,12.053606134362859,12.052761904295084,12.082322432730892,12.064555168151855,12.059366058792182
1180,11.985880226578514,11.989847569311095,11.989182123291938,11.860028871270199,12.025592128956834,11.996505737304688,11.989317090381208
1181,12.656012085095245,12.651047377578317,12.651606045779594,12.658746656162192,12.59076179749868,12.57213306427002,12.562881568225112
1182,12.25884563702851,12.253411830843287,12.253439797313085,12.224354747621401,12.310557075833945,12.239517211914062,12.304416034366655
1183,12.418367530090979,12.409410419854671,12.410422918697636,12.41680497710562,12.363162815072355,12.328404426574707,12.349544948303532
1184,12.035549070813692,12.042337821995394,12.041895639338433,12.06945394669602,12.061728674150615,12.021468162536621,12.001325206791586
1185,12.273758215698718,12.282765884121117,12.282839045105813,12.262738336165473,12.160022178856734,12.213619232177734,12.19348258651865
1186,12.026061678250635,12.019528128027197,12.020095677562601,12.102580713162586,12.022807874812617,12.022656440734863,12.058506156799458
1187,11.777752498651799,11.752531552917715,11.753814911847877,11.740338815714143,11.748656017325445,11.777034759521484,11.695323098634551
1188,12.055207387284396,12.04110453458468,12.041140414499845,12.07627933871298,12.220865081960762,12.164729118347168,12.210760493221938
1189,12.222464735845612,12.22192621501894,12.222393984549441,12.225421630713623,12.213783643443977,12.241722106933594,12.213066565769092
1190,12.414913035208205,12.412150105603626,12.412603682655819,12.449032281794187,12.474115305416097,12.428003311157227,12.471227225671724
1191,11.963735016783758,11.964160867179793,11.963432411422144,11.979714265860412,11.978280074441756,11.99120807647705,11.986880703074359
1192,12.19973754643631,12.186790742253711,12.187246396748794,12.193068987163294,12.226744939584153,12.200275421142578,12.21235994081515
1193,12.766637280125693,12.760331514176192,12.761499813215822,12.77974075063706,12.783381990355469,12.792622566223145,12.832472463146669
1194,12.069616413601688,12.057764920702875,12.058415742523458,12.091001448579068,12.164127653534576,12.17381477355957,12.062567686657372
1195,12.81292867167624,12.815518458873706,12.816192723758423,12.822156475839215,12.880633840720874,12.841324806213379,12.831193156492661
1196,12.31140007452301,12.294075288322887,12.295224990815397,12.323197625988207,12.334181697244686,12.269454956054688,12.282494785449813
1197,11.885389705936523,11.881118805421282,11.882344501144349,11.799122807836433,11.928578633493853,11.943580627441406,11.932796929373971
1198,12.602995325704025,12.594205320683686,12.594535213863084,12.308106073325888,12.662099966917124,12.688019752502441,12.668653207298568
1199,12.00201086697236,11.981888937673709,11.98527321216139,11.62711990981501,11.960941371645928,11.942159652709961,11.941619950269843
1200,11.620717853791284,11.639327509051224,11.636472806049737,11.750671483112146,11.859647321938937,11.838687896728516,11.813632195084864
1201,12.463630745819236,12.458713022712766,12.460162506651704,12.457688619685523,12.394993758309322,12.424178123474121,12.389002666445588
1202,11.90141902554242,11.905151232505474,11.904442136933842,11.948649121509682,11.935034251836322,11.921452522277832,11.934135085713894
1203,12.20214633140314,12.215064227320392,12.21391941186642,12.161945863536745,12.306903674005671,12.379724502563477,12.41354276473128
1204,12.318900122040688,12.318262670335484,12.318413587444127,12.34449497346508,12.30119760635093,12.338132858276367,12.348504092846946
1205,12.485986576092063,12.488688046740082,12.48876809674709,12.473123189753634,12.425361167329411,12.493490219116211,12.470749296621493
1206,11.89638809645503,11.900502868783855,11.899988782996878,11.901523661132877,11.935078562861356,11.961030006408691,12.001760137692042
1207,11.967888002157226,11.968377493131683,11.968224678047298,12.005519613053515,11.985020398368091,11.9833984375,12.006137094210322
1208,12.573451372150108,12.58573615294916,12.584941526883444,12.133354483867153,12.566351506583867,12.598020553588867,12.591235949292553
1209,12.637472866782044,12.627144376656206,12.62802444881817,12.646625241131064,12.702351854889034,12.704719543457031,12.707942097192614
1210,12.111484825381787,12.10031425108291,12.10147200677979,12.126828968354863,12.132885914804383,12.142895698547363,12.128259013131597
1211,11.859865004352017,11.853887652702538,11.853735066695975,12.030950011511191,11.90978827824682,11.900922775268555,11.890000634068295
1212,12.169982862707347,12.167749042854927,12.167679341433738,12.168525683185312,12.20147583338802,12.211600303649902,12.234939118536634
1213,11.822547874215545,11.810381133142997,11.811910839543753,11.810119286426367,11.79787861132404,11.84411334991455,11.817597108900106
1214,11.808935775457646,11.82443732619976,11.822888825716845,11.882386341078178,11.888698193169558,11.872119903564453,11.855516898179474
1215,11.825473976625377,11.83024124511033,11.83055511599981,12.006241048064195,11.796424152471523,11.814223289489746,11.774849986674734
1216,12.66485255033304,12.653200277597811,12.654029330965901,12.689178279843972,12.669184185757628,12.763717651367188,12.768026106993958
1217,12.036436989515432,12.036870813203082,12.036805932606189,12.04181348709658,12.040705637042901,12.049572944641113,12.01862679710357
1218,11.954161559538566,11.938336405583964,11.939963767640272,11.97622281961368,11.88389925380562,11.922806739807129,11.854542165903649
1219,11.745166760364086,11.744387074270884,11.744080927931352,11.729320526215638,11.676900767286352,11.64356517791748,11.635552755625058
1220,12.154546967504826,12.146505866841963,12.146670530893244,12.143088159996504,12.090453600227425,12.138622283935547,12.10262507328008
1221,11.864871632851678,11.872094691141639,11.871373450455499,11.887912499264061,11.896803378606622,11.89525318145752,11.871944811515965
1222,12.253522609596837,12.24442303535272,12.24502521865855,12.234424771011392,12.21356534908793,12.229660034179688,12.231907675528419
1223,12.48978874957712,12.4876529400698,12.48757180764016,12.208939517654684,12.453322104845578,12.457810401916504,12.452109069860626
1224,12.80867096800751,12.816512033761637,12.81590911976391,12.792903879950082,12.774826726178233,12.821106910705566,12.850372196934845
1225,11.408075797598274,11.387892433824256,11.38968194928258,11.459907836645522,11.302149789875637,11.277836799621582,11.391564136570135
1226,12.269239063128024,12.271823792157281,12.270500250498745,12.284897356987088,12.193340668492684,12.181540489196777,12.18587180663996
1228,12.023308604729163,11.978372094223099,11.982677078159918,11.967953118514842,11.949712326774604,12.016512870788574,11.999102503904703
1229,11.594234547240523,11.591951374901493,11.591355134188854,11.649073353160858,11.488018979561609,11.421642303466797,11.457408522501026
1230,12.152119799864494,12.148833950610076,12.149700967559756,12.187700740767546,12.16081608350768,12.162923812866211,12.188395725824224
1231,12.035636334497505,12.029084057941695,12.027650403956768,12.16223987283245,12.082471563591117,12.064659118652344,12.093693442108634
1232,12.173188153361512,12.171932189983563,12.171263508989455,12.194145352314946,12.24854149434505,12.238231658935547,12.267036008582725
1233,11.999090506533213,11.982427054445093,11.982589501596538,11.899180722031904,12.045800658833176,12.03381633758545,12.01242099536284
1234,11.731713645438578,11.745868926232735,11.744190136171328,11.760914453707947,11.787564292262855,11.681249618530273,11.689319819095894
1235,11.77881837369227,11.775747177289624,11.775554845541752,11.806988884798521,11.858703369564822,11.84776496887207,11.819281874880007
1236,12.498543626205391,12.505976987671621,12.504905189403317,12.509045788134308,12.49012039208842,12.465612411499023,12.440969049862263
1237,12.199560706593768,12.206146765703604,12.205194504279484,12.178399783754168,12.183897574472752,12.202352523803711,12.19581475517695
1238,13.180049919302741,13.176387036828217,13.178754663026178,12.478070755380328,12.83466738039916,12.766083717346191,12.821613145123408
1239,12.400345267149863,12.402083678780276,12.402318657217744,12.387601360130212,12.27655743774878,12.283076286315918,12.288736684946505
1240,11.866095927940039,11.873366885854074,11.872735846677504,12.026632059513435,11.826047401261334,11.857605934143066,11.840427270082547
1241,12.28987864162981,12.28318615864495,12.283613556894931,12.22626398534869,12.216137087156305,12.238337516784668,12.244097508779104
1242,12.511705290019513,12.514386827419447,12.51466970057946,12.548300763522363,12.565793158685423,12.569613456726074,12.535484331010927
1243,12.123085926332513,12.120379173929813,12.120990048945636,12.134215690786903,12.159034480915881,12.129717826843262,12.089952587395995
1244,11.993924499067592,12.002722363846212,12.002345623270726,11.98785363654831,12.066526685360135,12.065474510192871,12.087265229074525
1245,12.09140121166908,12.107776678328197,12.107398010187259,12.049460587760777,12.1304516318051,12.1367769241333,12.146794183507001
1246,12.191716372664528,12.198021536591334,12.19719236005108,12.236808632941685,12.209071371533096,12.20805835723877,12.220298934331087
1247,12.528927000921813,12.533386944407052,12.533160455610611,12.503619623287017,12.539762834268581,12.572308540344238,12.560359091805132
1248,12.629129914781377,12.628710033252032,12.629060381191088,12.63588556349852,12.603474671622392,12.583260536193848,12.578609007710476
1249,11.917481498340985,11.906994067306174,11.90823315980461,11.960297150580796,11.958562834854945,11.936925888061523,11.935424873045344
1250,12.304009895449878,12.28931330262396,12.289653546076849,12.312650862065347,12.363831256789224,12.285049438476562,12.302075301887625
1251,11.806255209052274,11.788075448899711,11.788773387471728,11.74463375687323,11.802619094644665,11.754565238952637,11.75590426452097
1252,12.127155101375369,12.121474619606518,12.121432585104353,12.08546814102051,12.182716874739123,12.188117980957031,12.205491582253028
1253,12.079701815802188,12.088351075723489,12.087443632047298,12.073598139184575,12.084877917930045,12.088147163391113,12.090416911767944
1254,12.053863717066898,12.060458361221277,12.059832188200382,12.044249904615459,12.033219995316058,12.039332389831543,12.031117749831571
1255,12.725848821632528,12.728854451195993,12.728317161740234,12.729931945756075,12.642641522974168,12.689661979675293,12.688569365422948
1256,12.60631032500603,12.592410113684226,12.593847152333927,12.614390142719694,12.617490078828448,12.584470748901367,12.625243015150687
1257,12.303310998085056,12.305822167508015,12.305280832602339,12.103134442701561,12.18387479396593,12.154328346252441,12.157056394737836
1258,12.460054609877526,12.463171075621448,12.462754065228301,12.469651983590932,12.479190245138849,12.417401313781738,12.438321385702924
1259,12.683757987155795,12.662289050870251,12.664251834893722,12.68799524687635,12.797557323050627,12.76913070678711,12.794801253661106
1260,11.836869808343685,11.806741812146853,11.809810706145354,11.730482032969542,11.840374669140422,11.791830062866211,11.777871177644549
1261,11.844273262361865,11.841152529207886,11.841126817529412,11.863940959395368,11.924305256861134,11.962220191955566,11.940967275995495
1262,13.380146797792458,13.382381002706456,13.38381946849549,13.173415699700158,13.23608037683792,13.198283195495605,13.162128061748023
1263,12.400248847031357,12.393891300301792,12.393801254429627,12.420573890186276,12.584553266495796,12.488311767578125,12.476335362895933
1264,11.944274727659765,11.94646880523376,11.94629287514267,11.960686078861606,11.967861151903497,11.978346824645996,12.020917674048048
1265,11.818061996131938,11.811609839555148,11.812046595453822,11.92050076722749,11.812967159693994,11.848474502563477,11.86341738410855
1266,12.383297453417086,12.333347368676304,12.339667236476263,12.353920372583804,12.40266145477231,12.492863655090332,12.443388819244756
1267,11.819442989457917,11.801543715082264,11.804710723497921,11.77565763672868,11.84786040321678,11.772767066955566,11.771030385136015
1268,12.493322640493743,12.488576185579678,12.489257691010293,12.474609583680776,12.503526810275785,12.51249885559082,12.510848198605023
1269,12.181394834766845,12.179835990870387,12.179939594291147,12.182959202030556,12.226517865193463,12.246072769165039,12.237021624349218
1270,11.977482833041869,11.97861147796838,11.97863531905128,11.985366478882018,12.041096766388396,12.00821304321289,12.018636325876948
1271,12.075011297606258,12.082396571018869,12.080740135778186,12.058752774805036,12.045066131767664,12.082993507385254,12.089649621196488
1272,12.336549332857533,12.348130175015486,12.347287835045359,12.218109487370182,12.27559974383409,12.27636432647705,12.317722579190924
1273,12.502376737795801,12.498499927275722,12.499207989078627,12.503665510099037,12.451128940497735,12.490784645080566,12.473014242428826
1274,11.939724900667708,11.936952677940264,11.936911678653024,11.941030309894023,11.964214712167411,11.99374771118164,12.013058257570535
1275,11.779351953213741,11.783647496788971,11.783461243263398,11.774884511558135,11.870163141476345,11.881658554077148,11.888649245218566
1276,12.254442597398477,12.246466308804692,12.246475856990294,12.236551597865535,12.251407341645209,12.253178596496582,12.258915040643032
1277,12.563151378931895,12.561856801126646,12.562573622857304,12.538585853594448,12.527273362834661,12.518571853637695,12.52762834177117
1278,11.389383804718184,11.39414658883617,11.394008982891188,11.355172189018896,11.338092797973596,11.397087097167969,11.47461111593406
1279,12.120564029806253,12.118309816584937,12.118255907491102,12.012565906090204,12.110314135207478,12.126522064208984,12.13434297505368
1280,12.311852693409643,12.308366232556619,12.308887334602918,12.320103182737487,12.312147851655705,12.304478645324707,12.306378580950058
1281,12.076649526851691,12.092542686727853,12.091230026107402,12.675549516034735,12.022495972771777,12.0055513381958,12.02407893502098
1282,11.648216786106929,11.679612289671251,11.674360895033221,11.831307850021739,11.622895046516797,11.694941520690918,11.690753962837201
1283,11.451892925608915,11.483228678420558,11.475931738167766,11.60844879901669,11.603868942651108,11.571533203125,11.646984176238128
1284,12.39607888938069,12.393070252186547,12.393556262528833,12.363056013197795,12.338832442506574,12.356799125671387,12.32554921311146
1285,13.006373407108706,13.003737220123375,13.003607764989203,12.805164982132437,13.08095747853909,13.064549446105957,13.074524145613234
1286,12.300640615894219,12.288058107241906,12.289138678753226,12.27563845152002,12.267948749337016,12.262845039367676,12.27078609183601
1287,12.22738606217835,12.230611609959604,12.229839010670263,12.19535513606933,12.167627905844041,12.201223373413086,12.195989442760109
1288,12.312487456925812,12.303614129051182,12.30465636517968,12.282023411886373,12.316003558157783,12.343338012695312,12.329446570101396
1289,11.909238681658088,11.949388275062166,11.949470329689461,11.936331381854833,11.906417563450649,11.960114479064941,11.956799224216738
1290,11.354711852475347,11.349318599483725,11.34809077556923,11.480085643763967,11.365863274545802,11.38128662109375,11.459664547935088
1291,12.222243858719068,12.2098801463199,12.21127827913845,12.178326812509475,12.220327974274749,12.205178260803223,12.179049717658915
1292,12.134940961422178,12.140557954809266,12.140279483450898,12.218555619692328,12.160257441217801,12.139640808105469,12.168082009201942
1293,11.867734216525557,11.871230323702955,11.87035827898947,11.878448724028308,11.926264692656543,11.884265899658203,11.898592103216354
1294,12.315146074650649,12.31465166631415,12.314469592309448,12.268339054370305,12.219112904908574,12.235973358154297,12.253561427625229
1295,11.606872980221784,11.64058361224068,11.635528315654746,11.48791986868633,11.58781659813741,11.535079956054688,11.5076871020907
1296,12.892009834166158,12.896495782793036,12.896194278978783,12.895908804930457,12.948591514906456,12.959846496582031,12.93292112504656
1297,12.29071125580295,12.28591714744239,12.286336124525821,12.244109237272577,12.241424107506978,12.212640762329102,12.219995524217167
1298,11.678700761399538,11.720204746908344,11.719710183221524,11.608949928492871,11.638907443902356,11.663015365600586,11.62282211547477
1299,12.532259026630197,12.529515137275208,12.530037802383282,12.516280271136742,12.549580474003044,12.574026107788086,12.537286212135363
1300,12.528885273274557,12.527791145649989,12.527164520809173,12.545431409430101,12.593902334844739,12.465579986572266,12.534515381529886
1301,11.90114327705418,11.90173765122576,11.90153277166859,11.930736671568093,11.950852762420359,11.969032287597656,11.976814486026928
1302,11.914790257937026,11.90872794433078,11.908746095809278,12.043026374268685,11.932815310888607,11.904642105102539,11.924960334732676
1303,11.87328045359834,11.873354973452358,11.8729148367235,11.9027079320627,11.851019100143553,11.828185081481934,11.852442540407276
1304,11.776192097813206,11.775187373691015,11.775116060993547,11.791381223355973,11.706963610489273,11.704931259155273,11.67649859148383
1305,12.00486480832554,11.996195576550129,11.997122096113618,12.031412280054543,12.078305866173617,12.036425590515137,12.06573439381561
1306,11.829823041252498,11.833402803794351,11.8338303986529,11.842284606582156,11.822750829806118,11.804651260375977,11.828388684984125
1307,12.554705809732294,12.568965700216165,12.568054415507529,12.544641560045052,12.559003504304021,12.56380558013916,12.535309267835354
1308,11.676133888401118,11.697593417739968,11.695140299991191,11.747816800010614,11.722006206964014,11.817136764526367,11.81420105811944
1309,12.180953656788072,12.185856156341593,12.185033998222634,12.315412959112095,12.12934805678871,12.10912036895752,12.131922079130893
1310,12.352106804980142,12.33394159839379,12.336203675737302,12.085277975824296,12.343911587733361,12.3425874710083,12.359057177931064
1311,12.879998670499392,12.881884620072015,12.881290119404483,12.713959039975611,12.787519610609726,12.829384803771973,12.781205558791747
1312,11.930770946222603,11.915387675965889,11.916372818844625,11.915414520445019,11.92897158511501,11.89916706085205,11.902313374999263
1313,12.119376572245159,12.119343784747628,12.11924306473185,12.12287220421526,12.103709309847579,12.113019943237305,12.086150820213446
1314,12.405130111876298,12.408569168460922,12.408857344663156,12.416986855080745,12.405149182072105,12.374715805053711,12.345539355156232
1315,11.696263830552432,11.712856771547841,11.71246461024536,11.878787013392103,11.699688486831189,11.780668258666992,11.838067047320466
1316,12.119914449316381,12.111145168734327,12.112116496184727,12.13112049948362,12.102991386192727,12.093472480773926,12.089903659303188
1317,12.696446226325126,12.706438789475156,12.703644751307424,12.718147861059544,12.570436251003523,12.64224624633789,12.669151747554942
1318,11.936551477001327,11.94685296131163,11.946091519925517,12.144840073137928,11.968625341203326,11.968720436096191,11.975009809909743
1319,12.101692790237562,12.111615929446687,12.110905681979652,12.170172282831977,12.203291675737566,12.136380195617676,12.18206060167499
1320,11.948915756429725,11.94562857706257,11.94563606846583,11.958432441654603,11.992524134494111,11.988603591918945,11.971952605484448
1321,12.388376582706384,12.385886645039916,12.38572274902502,12.164568268634312,12.444712242910125,12.43222427368164,12.443019441664546
1322,12.142220716893325,12.143124263272483,12.143561300871458,12.028321694973025,12.121483538051596,12.094246864318848,12.126239101514681
1323,11.883033334291333,11.873301672987157,11.873099407272424,11.815292647900186,11.899718777926273,11.949686050415039,11.846602469525742
1324,12.333985069139676,12.333709370356475,12.333341724771758,12.313712596796304,12.3054661903035,12.331063270568848,12.28467167062299
1325,11.839966811560423,11.851399780556289,11.850417664408653,11.827720663220934,11.771333758513018,11.7871732711792,11.811076004071431
1326,12.460696918500643,12.458574757571856,12.459168102847464,12.43411494172649,12.428746135482038,12.48530387878418,12.430087842141074
1327,12.305373064793985,12.322580979725084,12.321175539986736,12.310367741358663,12.317642892632287,12.33381175994873,12.345487784305181
1328,12.457273716471775,12.46450227654093,12.463451435944037,12.435172634903951,12.467675616087307,12.51440715789795,12.523409855195485
1329,11.82186952488148,11.813967905314227,11.815017493952535,11.916383083937525,11.83679131284327,11.899046897888184,11.844475938353238
1330,12.091886756975546,12.087736290376498,12.088371810417792,12.016912285772595,12.051651449182774,12.080038070678711,12.067061066984106
1331,12.465838126302268,12.451860759400665,12.453642534136028,12.506097884532316,12.46002903265495,12.427780151367188,12.443209369158096
1332,13.069727498737697,13.052768881826129,13.05389860080396,13.183095354611748,13.08752036861562,13.073172569274902,13.014496879721147
1333,12.736624472021626,12.727368879180924,12.727808346769592,12.74899868043249,12.874119425863839,12.852564811706543,12.839181749066976
1334,12.011284048285942,12.022369659366232,12.022118351988754,12.047512531668769,12.07676057129634,12.070837020874023,12.07785129269829
1335,12.605672362532026,12.599903264235943,12.600364590740464,12.6248406443005,12.738608004896442,12.663718223571777,12.716357451224486
1336,12.059972107750612,12.062030314690766,12.062711606311888,11.99200059219276,12.000264321834711,12.031732559204102,12.033324618165205
1337,13.05074112018497,13.048271011206223,13.048631836223484,13.054477372088456,13.012290185173093,13.048869132995605,13.062664661615424
1338,11.921960864959171,11.916414197764745,11.916911803439916,11.92095792997183,11.749028727890263,11.704936981201172,11.704412537203792
1339,12.60901654248368,12.600717012499468,12.602078128267411,12.591281033193118,12.521669515078193,12.520023345947266,12.528060357907227
1340,12.45057052569936,12.44652102440539,12.446618209457625,12.417198958077835,12.428655560215395,12.413833618164062,12.410887465016698
1341,12.28766882281066,12.277449605378157,12.277703444751188,12.3116565055578,12.318081729414912,12.31407356262207,12.267837397854416
1342,12.730267281677133,12.72167586543038,12.721777184032502,12.553063245158517,12.767089534687543,12.716323852539062,12.747478528338322
1343,12.035393716021645,12.032711450502736,12.032125327776358,12.086215272804193,12.031942414843655,12.003983497619629,12.023136233820845
1344,12.569115816028747,12.568187929349689,12.568683384473228,12.5356863327643,12.534725992006992,12.547027587890625,12.512379623765407
1345,12.017600963690725,12.018213893724848,12.018049834140271,12.04329649187444,12.055686750256337,12.086202621459961,12.09163394117951
1346,11.80129293693944,11.796313099435034,11.796620203420943,11.809143610850589,11.861663453540933,11.864468574523926,11.889804501509705
1347,11.798446789855893,11.80750362229277,11.806180481613938,11.817300112032445,11.905380682576235,11.897255897521973,11.897033031976209
1348,12.385955933205137,12.36950752366578,12.37231488288693,12.392464795572153,12.22202576310996,12.289715766906738,12.282190360853935
1349,11.75794155417282,11.77413142828784,11.772224326897481,11.692636559598505,11.807459843131939,11.785619735717773,11.728836884699515
1350,12.33071944216943,12.34070209318921,12.339360852147061,12.310390990101165,12.342033927162376,12.378146171569824,12.344716085928845
1351,12.125320748610283,12.127786250182266,12.127661782746431,12.139934530705313,12.121921799384566,12.154218673706055,12.14106029760676
1352,12.494705142246199,12.503226342576438,12.502584025853018,12.474701894860248,12.47885260622124,12.490835189819336,12.481210480964174
1353,12.13511948630342,12.131250360424263,12.13192211170802,12.165944062364817,12.18285100013567,12.167855262756348,12.178860799386358
1354,12.269044407772313,12.263589511929304,12.263756239237246,12.105882515948952,12.270867370036127,12.290578842163086,12.313557601422497
1355,12.23895736102534,12.243489927167147,12.243237829404302,12.250762715218698,12.260718634169152,12.28390884399414,12.268324868689627
1356,12.356654763382682,12.364490893946813,12.36329477407224,12.433385319661019,12.401423909199764,12.403241157531738,12.493912940628809
1357,12.415635697011817,12.409353029426994,12.409357456520983,12.415090620414361,12.451507522879817,12.394966125488281,12.404487787054007
1358,11.556052450930482,11.546896604367483,11.546901950161976,11.767550579470191,11.667739403962257,11.67587947845459,11.695772514123028
1359,12.107472446224772,12.094676559313504,12.096425119931805,12.116271407795015,12.085897569553213,12.053386688232422,12.078208540384631
1360,12.004316736085633,12.008020181802957,12.007442590891921,12.02930041986985,12.100908578336854,12.038413047790527,11.995581098744395
1361,11.689470245222644,11.69148307569465,11.692065321425812,11.660934839000811,11.599879466029513,11.625147819519043,11.61940021072897
1362,12.947734054211825,12.962890935711469,12.963342936641546,12.982797828987986,13.005691553197265,12.979500770568848,13.004876679974046
1363,11.692641932136192,11.690198870857056,11.690610653147118,11.615482299100607,11.559648331227931,11.688558578491211,11.643641354789192
1364,12.638452093024911,12.619652989479427,12.621171366261015,12.211950112554227,12.643082596123739,12.602957725524902,12.632336668888897
1365,11.90659444511528,11.937631378038136,11.937062061040612,12.059742140055777,11.922310538993296,11.929115295410156,11.92370644678691
1366,12.036104724286291,12.027692470263199,12.028484820101047,12.104806270965407,12.083962999526651,12.063828468322754,12.018536885426068
1367,12.08546859143406,12.08712621385027,12.087287717495762,11.95364023759133,12.122527490170047,12.206954002380371,12.194580960565416
1368,11.77487520468129,11.771838104798462,11.772082914451055,11.651618486717274,11.845415525135289,11.854077339172363,11.89167758273473
1369,12.631041006026454,12.628706928636074,12.629070608033206,12.656583163453126,12.712012725252231,12.745649337768555,12.702461769772091
1370,11.632479749242716,11.621306957171914,11.6222507165911,11.657994642116837,11.58664174973888,11.542316436767578,11.484004975408768
1371,12.307301222371711,12.315836232843301,12.31515829537004,12.291483522409584,12.300723757358682,12.301949501037598,12.294624426946324
1372,12.427951609845751,12.433081416006049,12.433479474215009,12.22565645327729,12.380665792465477,12.3943510055542,12.404482141515999
1373,12.114079970987664,12.105833330273493,12.107220287028543,12.091678405885492,12.088152298523598,12.032148361206055,12.046927749531093
1374,12.54939159158815,12.542143845672646,12.545237869018901,12.608958577614118,12.584946802653429,12.518354415893555,12.571226877429488
1375,11.83805241960527,11.849020758972229,11.847717129736132,11.834777505957433,11.825195871749331,11.806371688842773,11.772540167112778
1376,11.876424546383111,11.866161390952955,11.867556367518656,11.809660449129456,11.861382308521303,11.881914138793945,11.922090667200623
1377,12.473045315714666,12.465405322235743,12.46802377125005,12.460717605659289,12.431733236231816,12.434223175048828,12.404973144483229
1378,11.88465765588574,11.88619641515223,11.88558317075255,12.276536110418359,11.918144136214282,11.912009239196777,11.89248423828106
1379,12.69788074647973,12.70803340294205,12.707266959116044,12.71521245508326,12.75140914535154,12.758027076721191,12.757077273076044
1380,12.570500432405709,12.555442194083293,12.55643673621838,12.591041507600957,12.537977483974693,12.59738826751709,12.538915739810898
1381,12.355252084300052,12.363913322600375,12.363011107105178,12.355496633150507,12.32774367585737,12.33139705657959,12.357445581178299
1382,12.613854547409504,12.615299440342973,12.615215610230164,12.591040541669194,12.642223465913473,12.673050880432129,12.619677141209344
1383,12.043211932491827,12.040113101423492,12.040561622308424,12.02916670681143,12.038745277577762,12.041834831237793,12.02167097910777
1384,12.003449615370405,12.008119262180312,12.007861005148124,12.068015843781382,12.0159195170941,12.019572257995605,12.031668666603034
1385,11.966939460882626,11.966692918793354,11.966341800655977,11.980559055984488,12.029810641285836,12.024862289428711,12.055887927384907
1386,12.37616066873967,12.375815235443621,12.376681259200987,12.350096478880156,12.417653050169848,12.415430068969727,12.405575138280255
1387,12.923486505145156,12.919856146686621,12.920472467852957,12.934704912366788,13.021831968507259,13.030118942260742,13.015567677235817
1388,12.187493457462187,12.195683947796025,12.195632466989462,12.107217021232538,12.255648195183065,12.184330940246582,12.18174464411323
1389,12.469564352102891,12.461720917302964,12.463041665107914,12.471836843641924,12.415866550678446,12.412420272827148,12.406017133778994
1390,11.797300806957285,11.770662058965243,11.772538888232123,11.985592647112725,11.844356349661291,11.809785842895508,11.81688095067022
1391,11.846768278957924,11.856377806919713,11.85532974964515,11.88916551600464,11.907044206652628,11.884774208068848,11.883014425016437
1392,12.215632460986704,12.220129773334135,12.2200346801989,12.260241962928765,12.164831987605407,12.194295883178711,12.189124696208038
1393,12.678109535989758,12.682521323602446,12.682177864110232,12.677776352770906,12.677719882209354,12.73564624786377,12.75097858368974
1394,11.88647887841773,11.89704887973593,11.896055367511766,12.060357830230272,11.931489527378979,11.941962242126465,11.904170192867634
1395,11.7598667233057,11.770191676672193,11.768725012555622,11.756274231601303,11.687810409089021,11.656692504882812,11.59447620910282
1396,11.687962604533894,11.700460004925892,11.699908139099103,11.632858876302576,11.59219046200372,11.700376510620117,11.67411932236711
1397,12.147090193168856,12.160031612081829,12.157792015165569,11.936469338644264,12.048567565237033,12.09734058380127,12.0557678345382
1398,12.051503253949392,12.042414882586034,12.042881114107207,12.106361947912067,12.01045451803528,12.020669937133789,12.068908752666488
1399,12.286654661507578,12.288670577020774,12.288264395193579,12.277736647258326,12.277054077194228,12.272148132324219,12.273145572781239
1400,11.864588368331182,11.883760399830779,11.880507471155797,11.943754948563043,11.857669941956127,11.86447525024414,11.826566593466012
1401,12.040406060093863,12.04928289037137,12.048463496683974,12.024662413493612,12.103865640721144,12.090849876403809,12.097730740945986
1402,12.111826739200856,12.124044708448151,12.122560418401978,12.123825109850298,12.145539207287877,12.137275695800781,12.15059307889528
1403,11.802714221571508,11.80114265923948,11.801762609699747,11.818922019070758,11.803604370413998,11.784297943115234,11.79375408015108
1404,12.383532396344284,12.379485633058296,12.3797789391441,12.415797366667878,12.399150375377543,12.381969451904297,12.383717122278469
1405,12.246747013632898,12.233160215518097,12.23479390710655,12.122307291570896,12.338636798938158,12.227864265441895,12.238569979315612
1406,12.446552001940224,12.45458674551959,12.454046649264008,12.44504295960124,12.395734800105338,12.435416221618652,12.457000735678797
1407,12.065130398054304,12.062220388797842,12.062263324067102,12.057065975784319,12.011376737195391,11.996682167053223,11.975205597469122
1408,12.26708827116317,12.267160140652038,12.268739144679916,12.161639283066958,12.169801484996759,12.223933219909668,12.244890429348596
1409,12.46749270234654,12.465097882251095,12.464750885462472,12.453087121235734,12.44235524086472,12.497329711914062,12.447252178276202
1410,12.402936503139406,12.410811766497792,12.410552749338654,12.440905446146875,12.354753563851283,12.395881652832031,12.359119838429313
1411,11.870976546884389,11.879957838923808,11.879680759608116,11.88012186713627,11.958135580218983,11.941007614135742,11.948742207888117
1412,12.299171328391976,12.286646627310402,12.28697290242711,12.306956154825317,12.311737052528628,12.297571182250977,12.294245531018104
1413,12.275994303187483,12.285930212641402,12.28548323126028,12.223764229627667,12.327899656734253,12.382339477539062,12.40529421581458
1414,12.284052824488427,12.300665163561824,12.299922558229346,12.293105786377213,12.32697395513815,12.35365104675293,12.315812392870184
1415,11.843681943804858,11.839827320365881,11.839143630599176,11.840462523865178,11.860180323683524,11.829705238342285,11.84316982736135
1416,11.743455173647892,11.739698125023654,11.739347496618299,11.857724879604659,11.856465698110327,11.839184761047363,11.80885798342076
1417,11.935307782197574,11.92082863505494,11.921747364424292,12.132756280342743,11.933889121595312,11.904324531555176,11.891457835721752
1418,12.16018899372578,12.161909217268002,12.16213105612442,12.151147238570442,12.14670798230705,12.12791919708252,12.14495286085726
1419,12.051507939085578,12.054661227668456,12.053789146780943,11.995553969525748,12.143121067349583,12.0639066696167,12.064530933064262
1420,12.779601684798871,12.77080371775993,12.771779495453272,12.786442209973849,12.765984157102087,12.779790878295898,12.813541864986714
1421,12.437334885927399,12.438732764678182,12.438701296500259,12.440845615670344,12.417807999257795,12.444817543029785,12.39419253727149
1422,12.376061108349802,12.360716800601853,12.363215171957162,12.203093864104243,12.38938384265214,12.339369773864746,12.366722884792198
1423,11.985315978483635,11.982763191664153,11.982928924324879,12.084192200237437,11.992751028776873,12.002660751342773,11.994109724387345
1424,12.236083885006956,12.22629029670624,12.227161500341019,12.233409967197801,12.23572014332272,12.224579811096191,12.18969779643409
1425,12.03714579413561,12.029488780458475,12.031753152193023,12.043988530135804,12.0323912895111,12.06771183013916,12.070187678913332
1426,11.760121913230028,11.757285979189104,11.75554336067936,11.843699890041991,11.835711421051261,11.895963668823242,11.880553641229586
1427,12.7860190240688,12.797904499665476,12.799013485850635,12.780157683447488,12.735867338809127,12.77619743347168,12.682934997790468
1428,12.502207833623544,12.495996252249233,12.496568298772626,12.479441808556018,12.403757989451458,12.429569244384766,12.417641269878985
1429,11.800313477215022,11.801719105120453,11.801058864426258,11.795734602889933,11.86548576165729,11.863240242004395,11.88136708317465
1430,11.891179609381215,11.890612352752557,11.891736669035664,11.928168039396045,11.918078748261408,11.926966667175293,11.927185642291446
1431,12.320189112923163,12.318390397013575,12.318642818525618,12.133333802163108,12.187686398069127,12.289573669433594,12.226856435102308
1432,12.05268440502837,12.044702975566048,12.045404135802363,12.13870711098984,12.049343857588003,12.07640266418457,12.101385392207638
1433,11.783353209681929,11.782416043171818,11.782356058502534,11.787507856552313,11.807461575678099,11.789576530456543,11.785665183876397
1434,11.432519025868686,11.457074255005153,11.453992063483792,11.467536552857993,11.536824502610159,11.591883659362793,11.654194343862333
1435,11.45400127039585,11.449063865783163,11.448005780129531,12.100164870065889,11.560146759065175,11.438923835754395,11.408906524417509
1436,12.319453376600654,12.322063071884918,12.321745962245886,12.329032794925705,12.283952365422143,12.293892860412598,12.27173444088681
1437,12.794061834672409,12.790070731400828,12.790595195666976,12.825938417109555,12.827358874842002,12.886688232421875,12.879405328151588
1438,12.393698644133163,12.395469741763309,12.395091953033226,12.37754211499978,12.374199563779841,12.339107513427734,12.328181697953292
1439,12.179909956028808,12.188025312848824,12.186333800653353,12.215121700025655,12.128696900293104,12.146056175231934,12.198495223067532
1440,11.875978663372965,11.875368122230782,11.875111746256009,11.935183534018515,11.964639630900974,11.97445011138916,11.97905880277966
1441,12.343125762478538,12.33328732115377,12.333890121991686,12.323549145500552,12.21037592476421,12.241539001464844,12.254433464820757
1442,12.213871560003097,12.202207723132418,12.202205072576433,12.27499381391449,12.26602074669917,12.227104187011719,12.241922555293455
1443,12.262748674643678,12.275498844587158,12.273703373570399,12.306374512167139,12.159694772489237,12.16988754272461,12.173095762096338
1444,12.48901297675247,12.494614087832185,12.49497650924994,12.49050732169924,12.496983133134878,12.43399715423584,12.486249059972595
1445,12.662073794370283,12.644437109086269,12.646749743817807,12.665725377912153,12.78757481466493,12.773077011108398,12.797654616516029
1446,12.27840018867447,12.281249977416566,12.281190650107664,12.292621222306526,12.352235332157615,12.31240177154541,12.36048527371723
1447,12.110836362388453,12.110249397341212,12.109739547728706,12.087923355445753,12.081660855600937,12.13574504852295,12.140773355129456
1448,11.85714653426018,11.857197952448473,11.857218979823868,11.829234528079965,11.969081299169638,11.9954195022583,12.019947271689935
1449,13.656501579408022,13.660309878059834,13.660812587581411,13.621544603462882,13.397833193561343,13.202474594116211,13.178200829332331
1450,12.178312744788588,12.163789376855252,12.16590648491158,12.188462015328165,12.129251309556885,12.136460304260254,12.115572176343461
1451,12.095982218819943,12.085230490636082,12.086507081101034,12.089099124417693,12.109838233408905,12.095870018005371,12.122404925910592
1452,12.534597103091517,12.527599235291676,12.528754827723937,12.503882908122455,12.474596669734579,12.419391632080078,12.440766213444565
1453,11.940015831452447,11.945736360134346,11.944994041587004,12.329741891623433,12.027652529458384,11.98111343383789,11.990661991088988
1454,11.701052043590762,11.68792085937185,11.688573372425722,11.713309596097107,11.726328074605124,11.637112617492676,11.59032132825727
1455,11.885964864313596,11.876287059952144,11.875964506166593,11.90899212191069,12.004324644032415,11.938090324401855,11.88321697831788
1456,12.234283128444815,12.231874617037667,12.231980077314667,12.182389355464345,12.21416055047492,12.220707893371582,12.211089715777197
1457,11.831702429743691,11.836417422250994,11.835688743072676,12.089897004250707,11.852100297980583,11.835719108581543,11.824544174277062
1458,12.349142524557559,12.349558837007043,12.349210967396273,12.323030579956697,12.277246574199093,12.244857788085938,12.311358823735427
1459,12.331002857553669,12.327546923821965,12.328376593267528,12.348085551483932,12.340127254051728,12.345122337341309,12.358007304367268
1460,12.056074607261591,12.062746003734567,12.063042491873453,12.037449827328047,12.117092920143174,12.10912036895752,12.123008802543437
1461,12.122343181749887,12.105507889783008,12.107101056935534,11.584259271017817,12.145440757663883,12.105229377746582,12.08095029516662
1462,11.911072679754536,11.908200461220432,11.909067827376973,11.938591259379312,11.929842183536953,11.96710205078125,11.951045586549682
1463,12.095457633349431,12.080720628291878,12.083348402473902,11.8895001588241,12.10094351810862,12.086014747619629,12.09487413092482
1464,12.277764325685023,12.294178336137362,12.291996284864453,12.305891310060467,12.266643563280638,12.239898681640625,12.234345798798783
1465,12.38258496394068,12.381692792695734,12.381780306073633,12.398041760158943,12.364877545823882,12.365945816040039,12.35887703432674
