Id,ridge,lasso,elasticnet,svr,gbr,xgboost,lightgbm
1,11.907787446989751,11.909364858263087,11.909177538126883,12.004503150561636,11.968337496816915,12.005926132202148,12.010233230980582
2,12.072154982249764,12.065600006894707,12.065929079618742,12.081251806069206,12.06965158233106,12.000358581542969,11.981593778860349
3,11.79019792340174,11.785491613611201,11.785721176978367,12.100165582315455,11.801048017764256,11.761466979980469,11.770518127837313
4,11.884530613194112,11.884937560121235,11.884360175758998,11.9283565489913,11.962130359411624,11.947062492370605,11.944286451884084
5,11.949299452780005,11.964265502726219,11.962542376893861,11.92613173825173,11.868980170401038,11.821237564086914,11.831635262275109
6,12.328984413432266,12.33756645934221,12.33745524923078,12.347277105699924,12.332991364470928,12.30461311340332,12.314574072354034
7,12.211623151598975,12.21262146890111,12.21176606114444,12.081445015660451,12.161294852737916,12.15351390838623,12.166661400581093
8,11.90287057715886,11.911821521236307,11.911656523785165,11.915266724652332,11.905497232593572,11.92507553100586,11.94442377625378
9,12.0271554586105,12.035526286003067,12.034013099902674,12.054054885250107,12.066670753730989,12.055801391601562,12.046944478879912
10,11.967530476427761,11.973342781134773,11.973076530081485,11.991990746380774,12.155338315644356,12.068689346313477,12.025657243095198
11,12.043586968356166,12.065898028989915,12.06166723123022,12.02254651373655,11.986167766340136,11.921630859375,11.978414137201776
12,12.10683352862333,12.095051157448086,12.095907407768962,12.844827218782331,12.129776662900873,12.114660263061523,12.084472559364848
13,11.868041098252897,11.888905914067122,11.886503849118093,11.957726834904545,11.935106157229372,11.8985595703125,11.845041012487943
14,11.95869021563922,11.955581964844875,11.955387945148198,11.980962155757142,11.987893992269852,11.98494815826416,12.014213332787033
15,11.772787671533694,11.777891667492048,11.777511914392816,12.0342446758034,11.801936679610751,11.794281959533691,11.76286581897529
16,12.240305476567812,12.236499128263828,12.237847240822072,12.199697113789771,12.216749049358612,12.177410125732422,12.190432066626645
17,12.149850705662578,12.156646691003004,12.154699029282574,12.105306925696622,12.116493594252281,12.08216667175293,12.097005454035529
18,12.09650788364046,12.092803734216538,12.094459563176988,12.108149768253325,12.083529852832756,12.078268051147461,12.045491972480562
19,12.265251656383958,12.278460097746995,12.276732470824252,12.236873271951884,12.266321845430229,12.244364738464355,12.273317041268221
20,12.638008707890771,12.633928249147182,12.634218311740552,11.957759317793133,12.630840093314067,12.651266098022461,12.631915652522384
21,12.208309657489236,12.205251712974736,12.204985529627136,12.253269686651445,12.215425304608846,12.177251815795898,12.148755375245708
22,12.10666988586199,12.113105660100251,12.113373769629213,12.308106172979773,12.118078006842026,12.131534576416016,12.1470096737996
23,12.219273661708932,12.211435840478831,12.211618440681553,12.103604525762732,12.198876416194782,12.206686973571777,12.187967059464597
24,12.471169265724443,12.46973587283115,12.469713662179004,12.480710674738926,12.512487090919443,12.52560806274414,12.499532827973756
25,12.33483719503231,12.352771619889642,12.35159420663251,12.074759152008278,12.278110939508005,12.281919479370117,12.261342720812454
26,12.116000792461133,12.126842193158655,12.12651804511699,12.112188373048562,12.005220746253116,12.001912117004395,12.008837731435165
27,12.101649044781562,12.112974140404049,12.1100836768303,12.175900518553611,12.177702476052469,12.206368446350098,12.108243136447589
28,12.613718843769021,12.608845033017207,12.608943118193483,12.591321680753609,12.636753309627506,12.606012344360352,12.579817383327262
29,12.717960121728872,12.70651131453937,12.708699984878667,12.746547566669626,12.582361151642438,12.527498245239258,12.533483143091136
30,12.676761726458807,12.678827323912602,12.679193621296847,12.627141119320065,12.53328936054961,12.55420970916748,12.567333364331295
31,11.979826512975302,12.03077029760598,12.029353380122558,11.977416726364115,11.94187558653781,11.961071968078613,12.007891213868605
32,12.653912938570434,12.666404464273864,12.665500388710871,12.664694361890298,12.629301955755388,12.597694396972656,12.645366598715421
33,12.88125786592573,12.890117581857623,12.890043208285185,12.908602037049684,13.016674487438715,12.990983963012695,13.021040202144333
34,12.148149607396842,12.152653164286992,12.151933587993897,12.089249825983453,12.081293317263864,12.259788513183594,12.241630434457514
35,12.376688966013251,12.384630380296109,12.384151123187749,12.402068297253534,12.367340974732048,12.43950080871582,12.426149992741296
36,12.136156129632468,12.13750071524919,12.137630204906044,12.309236810987553,12.113173424741948,12.170485496520996,12.154005934297226
37,12.148110304798585,12.175325190429692,12.177675600215876,12.147363703627072,12.091695095373188,12.135210990905762,12.145832098207023
38,12.907047008512194,12.905934417015455,12.906372596019786,12.912559693260636,12.980855986810196,13.002644538879395,13.028921960928367
39,12.476879675377543,12.485985740178132,12.485026832037608,12.461541189961245,12.51744113316219,12.53052043914795,12.487853337567373
40,12.18617415307393,12.180602246017676,12.180780495027596,12.120901578162226,12.254541742038699,12.26664924621582,12.273441457101402
41,12.083640480330342,12.093109632631723,12.090575394838803,12.083898206965483,12.152837980624058,12.123510360717773,12.06586919938073
42,12.062295989995786,12.065389515255902,12.062422336891967,12.256417251656949,12.116422576055431,12.011507034301758,12.097610507780754
43,11.959567946641808,11.94356815766854,11.943997745299548,12.072088882218432,11.9464384178374,11.94917106628418,11.9916463362033
44,12.110707853356091,12.117167157473942,12.117826973553544,12.128576715371974,12.126610378928182,12.152668952941895,12.180586432269509
45,12.391696253226717,12.390525921505445,12.390184624871074,12.385377825935887,12.38866957219035,12.43688678741455,12.417201989232083
46,12.76318404044226,12.760422525017566,12.761474597236015,12.779232305901484,12.591820807255985,12.675254821777344,12.712933388162467
47,11.85267105234835,11.861059633079655,11.859625913432408,11.826859119389617,11.754399952677682,11.730120658874512,11.738962363386346
48,11.984579234823784,11.978282573071606,11.979008902069147,11.982670980548551,11.930224354918119,11.897048950195312,11.906064513928154
49,12.008134709811946,12.011900205183887,12.010940628949777,11.915919780857292,12.057686668902107,12.040801048278809,12.040233757556937
50,12.169658298120718,12.17866965182348,12.17813045405489,12.052387838688922,12.095181318920606,12.146870613098145,12.18564773956697
51,12.94762674184339,12.940643189052324,12.941383747256967,12.943262978862684,12.941743643104212,12.914530754089355,12.893506267057566
52,12.344336709572907,12.33615234780415,12.337103759644709,12.37012991684818,12.287328861207927,12.32870101928711,12.283333207767585
53,11.513391520313403,11.505147839334068,11.506871310619024,11.514475614088925,11.556574207941612,11.612164497375488,11.612906464770889
54,12.008073106102561,11.990152547220095,11.98950363487438,12.098510954795,12.00753554744286,12.023601531982422,12.050573363266489
55,12.08407614797926,12.101687745561376,12.099630960504674,12.059361637700178,12.173823293106178,12.173060417175293,12.142483458065186
56,12.2381051108058,12.234483020226682,12.234728758090608,12.059802845539927,12.235480295057089,12.233373641967773,12.203254843116792
57,12.25274909360272,12.248051550710036,12.248620367455779,12.252837946199781,12.25096159067305,12.24691104888916,12.273497927791817
58,12.503047555959991,12.497063003026563,12.49711253463387,12.503149076215847,12.453109852929211,12.477081298828125,12.504581929114895
59,12.137795523104689,12.148096703230255,12.147859240734943,12.361175267847253,12.194935740227958,12.167686462402344,12.162893104535433
60,12.145427145937086,12.138047675238145,12.139065336245631,12.153443026766674,12.258808604798975,12.241703987121582,12.238439154877154
61,12.088286343420359,12.099655712444925,12.098293200046543,12.048307601622154,11.961081000921904,12.021906852722168,12.03335515080828
62,11.627018816116273,11.654051575758213,11.651497036949623,11.678614377075327,11.6841048023875,11.678437232971191,11.64780141135264
63,12.78286548873104,12.777560367755088,12.77765933457628,12.780029200234589,12.85988765513695,12.88242244720459,12.898779867167198
64,11.953928313459846,11.953703402782889,11.953635637737971,12.000622807833643,12.04153687860527,12.004032135009766,12.01496191981971
65,12.269760661982765,12.287496468512254,12.286117072688736,12.1490776177959,12.321243166883358,12.288283348083496,12.287076142263754
66,12.042969978101967,12.038571632321815,12.039128590642171,12.026546911539578,12.04853953530864,12.037854194641113,11.959923009050296
67,12.777665169977265,12.782935624268067,12.782602678239343,12.39070833245024,12.695797346029268,12.73999309539795,12.724799191784
68,11.915404512300764,11.921202967483179,11.920630587530926,11.934443462073098,11.993648380542203,11.981024742126465,12.005949781343672
69,12.075328069534718,12.090419611792266,12.089238159690906,12.094625982537991,12.06996538435399,12.07656478881836,12.077103988362031
70,12.20642547638816,12.186117857020722,12.187777929400044,12.161501394016424,12.195374819442732,12.190485954284668,12.187902292410671
71,12.857618244326204,12.84827122795732,12.849902627613615,12.843430668963698,12.86787425097171,12.861769676208496,12.826164697215253
72,12.2765869566254,12.284425773862647,12.284203877297829,12.253433238702847,12.25264968840679,12.23301887512207,12.21901132864005
73,12.459276517828943,12.4582515357054,12.458598844695153,12.105188337261202,12.539769190866373,12.493568420410156,12.55409375637822
74,12.577120369307513,12.560417371625823,12.562864504938322,12.074759152008278,12.564684978265078,12.49970817565918,12.555621918326406
75,12.40143518094098,12.404586437424094,12.404043027136233,12.386015794983766,12.409058428228647,12.440935134887695,12.41626953228604
76,11.896943250019895,11.914704252766544,11.913889621300486,11.926005585500459,11.945585656727626,11.836488723754883,11.859420727594465
77,11.793248822187554,11.793645972953257,11.794323710477029,11.769284821256583,11.704867157520646,11.718818664550781,11.714058293637475
78,12.347078167719488,12.352585514973189,12.352459996707188,12.312847919539797,12.335006660841621,12.339760780334473,12.315497435953972
79,11.945791415978231,11.958460772275908,11.957477966809954,11.981918781047582,11.865580749442323,11.939510345458984,11.936678124898368
80,12.030252381883997,12.027415548620509,12.027270606429417,12.00690359159188,12.013310592308068,12.018388748168945,12.080286524767125
81,12.646519994510477,12.63218605103584,12.633335419070614,12.668963914083289,12.650440039894846,12.634650230407715,12.652714038272066
82,12.344062808478146,12.35313270396193,12.35249620992683,12.34194120795198,12.354142185562436,12.35843276977539,12.350969615230694
83,12.19705925165836,12.215496178836476,12.21460054454073,12.282597667799353,12.427963974018214,12.327082633972168,12.383507618916779
84,12.020370623084341,12.031119133166639,12.02855649345588,12.167021067790065,11.969909856457088,12.090797424316406,12.068112238499808
85,12.25862720048397,12.24973555912116,12.250013494411848,12.246077793113157,12.21038100708451,12.196554183959961,12.193076009747259
86,11.619271550033579,11.622516742492298,11.622966944728049,11.579408058816396,11.498867843342317,11.54331111907959,11.527296514872878
87,12.309267020968695,12.305639515441708,12.305722381487108,12.266868199164566,12.277217474454005,12.322064399719238,12.330477297388176
88,11.714615267266975,11.71820620704844,11.718344350328472,11.721927343139003,11.77205028958887,11.761130332946777,11.74813253606764
89,11.786459179745826,11.757186246122506,11.76111524460578,11.915686936886729,11.860661410466877,11.829124450683594,11.804815167375224
90,11.901781866317428,11.901451905146502,11.901674515923082,12.005291213842627,11.943023483560758,11.91932487487793,11.95288636687474
91,12.451109162517188,12.453456045728442,12.453448783553943,12.44355042261335,12.462684531201665,12.51809024810791,12.487651359282452
92,12.139375368628873,12.14643594349245,12.146563789199238,12.155261296473768,12.080352475127086,12.108902931213379,12.139242492030974
93,12.451403394719152,12.444601178968584,12.445442392028308,12.38873813805937,12.428487946140756,12.375508308410645,12.392129785277609
94,12.421787454616922,12.425470941709808,12.42606864114662,12.465427084486192,12.570771978752736,12.526068687438965,12.605296224125746
95,12.329804498038929,12.330253335272605,12.330237854857069,12.328700444486353,12.330698779288786,12.325336456298828,12.279288947197186
96,12.140990507641517,12.12921988764554,12.130120064259591,12.154484235020709,12.089082210839324,12.075671195983887,12.111062634584936
97,12.462404937916624,12.455085274510084,12.455883651504948,12.424994339106423,12.450801730491596,12.441228866577148,12.420782987911657
98,12.746662695556351,12.731039972155472,12.732297934192815,12.817416997676741,12.617556967133837,12.517378807067871,12.577730531614304
99,12.311371702946214,12.310599978781807,12.311183528604223,12.315864580845915,12.271456063296801,12.292193412780762,12.280684167550389
100,12.624446469997508,12.635242024577293,12.634473375244688,12.620729876274662,12.573876481443367,12.564967155456543,12.515552610453451
101,11.947349487924038,11.937229899047693,11.937372810497116,12.428690092607203,11.980243459335588,11.997318267822266,12.028307202491664
102,12.181927860036085,12.184946921513875,12.184666908732318,12.164513763155966,12.184837313529671,12.177511215209961,12.159685012086902
103,11.914424261957452,11.902212192472513,11.902807534519575,11.882151819116597,11.856833450596138,11.843923568725586,11.828628116870927
104,12.019934652015957,12.03028263709887,12.029800167270716,12.044949756430803,12.01823448869955,12.025247573852539,12.030910168369454
105,12.487494735608767,12.482390401848209,12.482270787624845,12.504458577868586,12.371698814920643,12.254071235656738,12.261477270464388
106,12.195566953346855,12.177259638162187,12.179636513302796,11.896745217378074,12.191952026121184,12.168789863586426,12.172051186964264
107,12.41979206228946,12.406202405586487,12.407577962020508,12.42397098514474,12.464158876143246,12.439855575561523,12.462542293462976
108,11.768598863237708,11.77516049584657,11.774363143934353,11.75601033749675,11.835350324525617,11.773356437683105,11.767976811840523
109,11.867071570000059,11.857068737101807,11.85741957847129,11.884269039234908,11.870777034538909,11.874187469482422,11.856085000978654
110,12.3530376829253,12.3574400709198,12.357043808066662,12.406397944693605,12.3789935465797,12.30860710144043,12.307055228725035
111,12.799586840288992,12.79002491889929,12.79068923914138,12.807714742813841,12.946888975306072,12.915593147277832,12.902373266247478
112,13.014211034642685,13.013117109371052,13.013664598575117,13.036055282285986,13.08128396795985,13.078474998474121,13.090833741003003
113,12.308429207499836,12.30848433600523,12.309345572183895,12.364483421748329,12.28432616697342,12.275689125061035,12.259806516436202
114,12.400617017417773,12.400070443657366,12.400062199024076,12.412305396030387,12.427208115615617,12.398961067199707,12.438115424010592
115,12.085456368310393,12.103492351183395,12.100765336852323,12.074759150954026,12.103998126725374,12.088456153869629,12.115114972586982
116,11.70307089573987,11.696511543527835,11.698033176694315,11.685429389422644,11.64236760164208,11.640923500061035,11.663906223182792
117,12.08997902444266,12.084783356597404,12.085381493176422,12.089154589628803,12.024843065020745,12.017335891723633,12.040407925296424
118,12.583406028279375,12.568035886833638,12.570250829850153,12.096171270216045,12.464050891245586,12.468422889709473,12.46295359970423
119,11.534385808237218,11.530688736504713,11.531577689600747,11.44230036638162,11.392364386842862,11.403882026672363,11.391423518343336
120,12.5019012322716,12.495713532998368,12.497206422492908,12.517616690103878,12.50742696387258,12.508707046508789,12.468014764243465
121,12.529130915403778,12.525879714001777,12.527631532607538,12.454733377630347,12.334786136876309,12.439748764038086,12.429446770285667
122,11.472962845527523,11.501299891720928,11.493901022584772,11.612351708954566,11.5201845153603,11.535307884216309,11.58113679152952
123,12.275023662327998,12.269035654974243,12.269281306575223,12.30169748970961,12.267703386494826,12.234396934509277,12.242753044329845
124,11.659457563859759,11.635591880721135,11.639575856493233,11.464628351695875,11.665446390845908,11.699346542358398,11.751631846966683
125,11.757860041102553,11.760197561026045,11.758565179776014,11.847659134181924,11.927830135503276,11.87556266784668,11.765628498318135
126,12.916441110436612,12.917178441069005,12.917015138424132,13.094609661560204,13.052316526101333,12.98172664642334,12.969908550017893
127,11.766615223990176,11.765777062883803,11.765026663501603,11.804997588379761,11.79509043431333,11.72127628326416,11.73763790762354
128,12.337095734598035,12.327525840237586,12.328898813814899,12.349414629961704,12.347302314778158,12.3256254196167,12.375445904123136
129,12.352349704393818,12.331747488090885,12.335090762079343,12.348882041482083,12.352357864646397,12.362848281860352,12.328924134755953
130,12.345846250071995,12.378509807954696,12.376653988829744,12.391073633267423,12.32296754383091,12.38250732421875,12.405307172859537
131,11.961604188679495,11.962336404727724,11.962214173198573,11.963133421504141,12.005342779912183,11.970104217529297,12.010175551903849
132,11.842754190996864,11.837535926173457,11.837680039575583,11.829174588139796,11.78962286941452,11.818376541137695,11.766914461299452
133,12.76098278804184,12.757780204851944,12.758690637765241,12.760936111453333,12.687364040868879,12.696086883544922,12.7287339818092
134,12.27982631808949,12.275709965842234,12.275848940614122,12.278570360517758,12.278924006106724,12.26060676574707,12.237008539822373
135,11.954092469576567,11.960060485190514,11.96002078509136,12.033422247917063,12.03907897605284,12.055835723876953,12.032738166670303
136,12.165223208674991,12.165788803770043,12.1661940613755,12.19650509632603,12.07632991944255,12.097692489624023,12.028512033194906
137,11.526433000882902,11.531295359782947,11.530269648868197,11.577796800161474,11.415092530852531,11.545416831970215,11.545719152009445
138,12.04735514931348,12.056073427774583,12.05494926827436,12.03434008085728,12.06349887321905,12.053791046142578,12.059919957405528
139,12.166954745270514,12.17347798919119,12.173587744412544,12.096673537499765,12.069915004849744,12.107316970825195,12.109184613285215
140,11.91663283483098,11.912500095648175,11.91194648832174,12.083254787081009,12.018898699106337,12.015716552734375,11.957870217635781
141,12.4377780351982,12.4375588719585,12.438181144086395,12.109261725534175,12.440560515403286,12.418843269348145,12.398553057939992
142,11.561919805734249,11.565125203286595,11.565496474304634,11.451289211778446,11.4281136617734,11.456999778747559,11.490132201629145
143,13.132823617899328,13.137278246817841,13.137140736129592,13.121182085719207,13.138678994316725,13.137299537658691,13.132002514842926
144,11.757857262592022,11.746396510661429,11.748217618996021,11.861596392142594,11.746160364523675,11.769682884216309,11.73948392744146
145,12.183692319983267,12.179982155390226,12.179986967636806,12.089478764476775,12.218898330123816,12.171893119812012,12.204070392502983
146,12.388973133101617,12.39175972666894,12.391510902143628,11.917696206583816,12.3784861982872,12.391305923461914,12.36860452496204
147,11.509801248161189,11.477755131065956,11.477710849000449,11.502895462039334,11.482111662165526,11.47900676727295,11.564583735171725
148,12.498929080176913,12.510983129613164,12.510426042169215,12.377915621001057,12.522093991442619,12.470205307006836,12.468243080357857
149,12.510532001671365,12.504820917269072,12.504876979972712,12.510738616314102,12.505431941800053,12.541160583496094,12.51462932948995
150,12.257588150275357,12.251987651633764,12.252099040441284,12.223792424628575,12.256396005545607,12.232739448547363,12.232497424221592
151,11.820672759478313,11.813706969311742,11.814027973213841,11.94031587394234,11.91848781587869,11.839855194091797,11.897334188996561
152,12.09132856084928,12.081602681972273,12.081664231641714,12.073202430805974,12.13916429348351,12.150676727294922,12.14776756195201
153,12.500443458734198,12.504557498196816,12.503834420886744,12.499840135723064,12.523091820971878,12.548874855041504,12.57232587082407
154,11.852992332333487,11.856134010883538,11.855791442297338,11.877721040422015,11.803830668772784,11.826778411865234,11.781482592162357
155,12.865275695421767,12.853339534157866,12.855213586186766,12.843570554954153,12.877810591895946,12.94364070892334,12.906957986855847
156,11.994840429334987,11.999867603550841,11.998260556556444,11.988882220793698,12.042182687382379,12.036102294921875,12.058537969119712
157,12.658951397851737,12.666482301952737,12.666586796737857,12.6257288489046,12.69592795082529,12.753938674926758,12.755640744405758
158,12.573571779638169,12.574863921441523,12.574560454146985,12.563838142720169,12.654142603100533,12.609392166137695,12.640231931106667
159,12.678578689189388,12.669709436862655,12.670909221927497,12.698777128608274,12.60465605696325,12.579476356506348,12.62593797241206
160,12.415361479492832,12.411978736386343,12.412149590016622,12.416777028892968,12.344221145447396,12.32010555267334,12.325862914361863
161,11.670346734875382,11.647766012801577,11.64824600014315,11.596829392605223,11.666956687107032,11.693737983703613,11.588725771316552
162,12.770400185048898,12.771140278695546,12.771234336207966,12.766442042636335,12.734867354823466,12.720751762390137,12.687390756198452
163,11.705530072474575,11.700103412060148,11.699956447901629,11.712039422703391,11.660663933527044,11.649088859558105,11.66062454002445
164,12.596974612131568,12.600042703912491,12.599190597628008,12.567134906640732,12.597771336276109,12.626598358154297,12.611801767901456
165,11.961692781136803,11.96800673798867,11.967519351927182,11.968663233846378,12.032946164811605,12.092463493347168,12.079701520671726
166,11.506209818095972,11.49029277390523,11.490346340317785,11.87934870612775,11.458912072467724,11.493715286254883,11.540957763933099
167,12.317743185270814,12.313764980305363,12.313937064754594,12.320078080389878,12.318188504664542,12.30838680267334,12.299506868404492
168,11.881902070480074,11.853746205095621,11.856370848624023,12.296081735674662,11.880417953278059,11.841239929199219,11.86687691499865
169,12.013767033250051,12.0246509144136,12.023480674110681,12.075770795394698,11.97249292969507,12.002494812011719,11.985499384840523
170,12.206356974269733,12.200280131382149,12.200670003513356,12.271336129127478,12.225041206265622,12.206696510314941,12.237560422163064
171,11.662018850539404,11.657526773357295,11.65713371641587,11.903056049712772,11.577816225503637,11.592259407043457,11.598694850696385
172,13.051320190027889,13.056798249834369,13.056726283192056,13.023538537054696,13.019606443143234,13.060295104980469,13.046327728219666
173,12.367639355324552,12.37456856776661,12.374154574903178,12.1212683381954,12.424466688792382,12.492874145507812,12.5143681648279
174,11.981693481154124,12.001695598972404,12.001478981251916,11.893199514801246,11.936325992236664,11.965727806091309,11.953873262688697
175,12.572073173572097,12.573547302436033,12.573560892026588,12.730767145589708,12.566082257076467,12.52980899810791,12.506021646121233
176,12.601718307388195,12.601197524395559,12.601139835528981,12.595735028024759,12.59620956428545,12.620058059692383,12.57326450976045
177,11.920242611712412,11.932903801406919,11.93148299847817,12.134204204586263,11.941850611917626,11.947400093078613,11.899815418510395
178,12.413475661199804,12.411090381906838,12.411271676042167,12.40919055708557,12.326447991793051,12.401824951171875,12.365507492196114
179,11.72857146437488,11.741063822691165,11.740000835732872,11.644075990083138,11.732304461255275,11.698511123657227,11.692022895746923
180,12.207354049357816,12.199209998405117,12.200630639275833,12.241391285900772,12.199357182452644,12.182206153869629,12.164140549220573
181,12.827077019423761,12.820649266800348,12.822303219520805,12.681366095231438,12.79473780116048,12.825274467468262,12.781414029027008
182,12.632808597314924,12.621043016980629,12.623031266608013,12.598615849091114,12.582551162753218,12.641180038452148,12.620250669005372
183,12.352152841279777,12.356213313270695,12.355558346990469,12.328250269467468,12.326749886877794,12.374588012695312,12.447434099019224
184,11.935268679742334,11.942733401273838,11.94151923464112,11.938817178296627,11.888587680734629,11.904125213623047,11.880258569624473
185,12.007132961023444,12.007114582036667,12.00783326320152,11.95254726734184,11.993490814546904,12.035513877868652,11.987542241109647
186,12.162692450057023,12.141915743577004,12.14267685496641,12.173449682283579,12.092313244519557,12.118504524230957,12.115184941563061
187,12.201008479816188,12.188955352904081,12.190206882647473,12.072090265732152,12.323957295729839,12.215828895568848,12.195607705184432
188,12.62982577376185,12.626643931088537,12.627077382546194,12.612988774191013,12.69495562636257,12.648419380187988,12.64323716442607
189,12.201048934314892,12.196384202175022,12.197055225358119,12.056614700341674,12.166576592485677,12.149141311645508,12.192064374298154
190,12.590663924652102,12.590580203156865,12.590703350259824,12.59113991603475,12.620750163519059,12.584304809570312,12.571640840626218
191,12.173579018549809,12.184974829436701,12.184346395335096,12.099826621468754,12.02143085285229,12.088288307189941,12.089955612287522
192,11.66273505657855,11.658370004079876,11.65916997299633,11.62577599463329,11.709372828996415,11.631352424621582,11.646849807179056
193,11.917275582247596,11.914560573337116,11.913639651569998,11.839454353986236,11.91265091849706,11.92313289642334,11.924920652312315
194,11.71087866786092,11.70561067299702,11.705417859123996,11.660363148490864,11.699464354851358,11.687807083129883,11.69773962400714
195,12.583976417827616,12.573218841636939,12.574095404100937,12.564764465810264,12.59723320296138,12.544416427612305,12.507130453901725
196,11.802778285629493,11.802809400347194,11.802628015933346,11.99874574717651,11.846968478619097,11.80539321899414,11.796130306383594
197,12.506447065836541,12.484279258892593,12.486175646320937,12.477939688004405,12.51852251822644,12.40372371673584,12.459826796366423
198,11.730354344632698,11.738996270703055,11.738067409766904,11.754910851000655,11.801263178965359,11.747069358825684,11.749499382515097
199,13.147116657608015,13.130670237048925,13.132277662618677,13.150096488289343,13.187139223057661,13.136171340942383,13.09354946540484
200,12.148225245577372,12.14805182001314,12.148429133929291,12.186305700074941,12.232282122561196,12.219669342041016,12.198976062276664
201,12.04278221573951,12.072209350896603,12.069226980481172,12.102198313289236,12.09452402577747,12.086450576782227,12.125247045831676
202,12.100807247142217,12.113915835010069,12.113004030476425,12.150146717592825,12.109489343966068,12.12530517578125,12.035060188359875
203,11.543118531248775,11.524899306595719,11.525331925581115,11.336435762832837,11.338223245538561,11.391295433044434,11.43557746361717
204,12.9194599124602,12.916752390689405,12.918074227334793,13.030361011828369,12.832598334853335,12.795156478881836,12.864575693289591
205,12.803112005197224,12.795078589010027,12.79623794353693,12.864570962555247,12.789408807013043,12.804194450378418,12.818066122626721
206,12.999673793828764,12.999489825429944,13.000433519671395,12.9688322523873,13.011736965147593,13.030157089233398,13.033629038293594
207,12.14015171405406,12.138004168643814,12.137425924169596,12.122327642022356,12.132681836735374,12.119806289672852,12.140523078997715
208,12.536336396732336,12.521093237899192,12.520896553681931,12.697698837036706,12.558403594747952,12.434358596801758,12.478207653234273
209,11.592244487923477,11.581409969348229,11.581582495904424,12.074816727761087,11.616268123044954,11.647643089294434,11.576283082438596
210,12.476037201431788,12.46728705962444,12.467575285250408,12.500089756982067,12.588188067175208,12.58110523223877,12.63201218418752
211,12.158727029245453,12.15829427801039,12.157873271486134,12.27490512254121,12.084147231598486,12.098738670349121,12.10210759198423
212,12.647893251434088,12.640609319708462,12.641344750751891,12.668120617509878,12.709313907940942,12.698821067810059,12.726188450328344
213,11.898733395373673,11.895783671439021,11.895952003358127,11.88471902496094,11.903938520475478,11.882097244262695,11.876119821978591
214,11.658096525142646,11.67542770243082,11.675315618262013,11.597127586572798,11.656452067918755,11.724980354309082,11.72988727266013
215,11.80552088213906,11.797961475055546,11.798786379287513,11.732850527273355,11.912257285741893,11.876620292663574,11.859377657103312
216,11.873491099428072,11.875564607152445,11.874984120959763,12.100475558087789,11.87732526803341,11.945810317993164,11.923278533163703
217,11.791639265779061,11.801298722980041,11.799582187585143,11.801640859032208,11.888268352487508,11.895034790039062,11.797113055630158
218,11.854507764504723,11.856868807566949,11.855716475438411,11.846476468095275,11.886973989563385,11.848272323608398,11.82480154358954
219,12.492195426968772,12.501080208551548,12.499990166845466,12.476189055053533,12.516550370849234,12.485589027404785,12.503835777929782
220,12.021818651210223,12.018087167706328,12.018524830722738,12.021060807819012,11.971970217266529,11.921671867370605,11.9416624850866
221,12.788028323325,12.770539060318319,12.771670134401498,12.50581845719046,12.830074573231073,12.795886993408203,12.818350184053205
222,12.071978215092589,12.082987910492063,12.081308832923352,12.067881371778558,12.03171287581974,12.10257625579834,12.082363801360962
223,12.240380987372246,12.240262838228443,12.239994994706768,12.267378467609218,12.258261033703773,12.25677490234375,12.254124524344457
224,12.172607449831427,12.172545883456277,12.172640496026027,12.179057601389529,12.118522924527534,12.104040145874023,12.128146179773873
225,12.55517738157776,12.56745753646807,12.56686277876085,12.541900178363255,12.54106975252582,12.562156677246094,12.562100251144411
226,12.887960498552351,12.894309335197125,12.895638041550201,12.93788619855314,12.928920392499313,12.902129173278809,12.92139872850263
227,12.72059889453656,12.7211947272337,12.721193673918524,12.674468823719419,12.76692576313561,12.782715797424316,12.765254178857347
228,13.355963621040736,13.361504241463127,13.362093646225702,13.323425250694996,13.182500969073969,13.172879219055176,13.158728967192534
229,12.24275158306111,12.239974373537429,12.240110525580453,12.299098846806299,12.220553385332636,12.248016357421875,12.286363353074057
230,11.996965643124614,11.990997446109617,11.991570989848576,12.204967069101976,12.004810799667466,11.973738670349121,12.003982217719138
231,12.076091233142417,12.087602228143695,12.08488128355527,12.057714352242247,12.135530810316778,12.077701568603516,12.101631126132379
232,12.340166684302318,12.329951185235322,12.329956722038027,12.332829724714477,12.37758066648077,12.330521583557129,12.307323029194345
233,12.249006608541327,12.248585105609719,12.248709329384095,12.267620907835086,12.261776734341574,12.268046379089355,12.281729816335234
234,11.96256688685544,11.965480202402452,11.96388201392274,12.065229324243804,12.038532190257017,12.031455039978027,12.020848902494212
235,11.833972981587525,11.853068559376295,11.85126732521841,11.832506192147628,11.796617118740963,11.797918319702148,11.689186188688675
236,12.218055851909462,12.230023370273715,12.229295611921794,12.025662336763306,12.27054842365418,12.246147155761719,12.230566716418714
237,12.227031139724968,12.209468426113537,12.210976629897,12.209456028828718,12.22562027624152,12.21359920501709,12.216355711269019
238,12.744497811932174,12.75100029504954,12.75153307279358,12.724163634884482,12.639214262618765,12.723258018493652,12.785662968177638
239,12.39731243907082,12.394793894979117,12.39502354049831,12.383331480393743,12.33704231183103,12.360036849975586,12.340298232457988
240,11.901790609947923,11.914781029937465,11.913660184920875,11.897753787247549,11.953750457563846,11.945672988891602,11.941324109558124
241,11.951413666981422,11.947484363466,11.946727128061916,12.084457908053585,11.918740995925068,11.876973152160645,11.886034907965604
242,12.127740880288247,12.123302266692933,12.12305065634301,12.197681811671302,12.120598351548319,12.124820709228516,12.098042047276632
243,12.468997401875233,12.473921886050368,12.473994863877227,12.449658830469517,12.42838403503424,12.505111694335938,12.460553172755393
244,12.617071026947121,12.605456465216824,12.606842616950486,12.643959406680512,12.699065377225892,12.700643539428711,12.663766321866108
245,13.010793241844759,13.009435997564449,13.010074042051475,13.040465077657156,13.042648466417516,13.018048286437988,13.022713474509636
246,11.874041316372926,11.878546646974872,11.877290381946452,11.87986524668165,11.918675310664794,11.916146278381348,11.885178181113858
247,12.25519001866952,12.219940511527296,12.221192960103942,12.21646118635002,12.202759905640852,12.345830917358398,12.225792358962323
248,12.182924117296078,12.16649187120099,12.16870731477439,12.114034759931567,12.147245482662235,12.135418891906738,12.14701337945043
249,12.281822422135935,12.280074607254175,12.281375968046016,11.945769505386874,12.273370506200676,12.233390808105469,12.268628058305607
250,12.911394792168863,12.912516210380135,12.912828518880806,12.904745688181332,12.772810748088368,12.83276653289795,12.844475284076953
251,12.851320192865447,12.849494514523771,12.84962061970751,12.827902779027019,12.825397930093965,12.863791465759277,12.824560590473666
252,12.300792588185779,12.302994576051237,12.30255712790591,12.41079112494569,12.267847503614457,12.259655952453613,12.274860583260283
253,13.134600327062799,13.12862238356828,13.130285390048648,13.095203680182662,13.121021947800418,13.120271682739258,13.03709213157237
254,12.055690058092788,12.049240809329119,12.04979485469606,12.06186717089148,12.034269234423496,12.080218315124512,12.088261812948017
255,12.10800177732597,12.10758900507772,12.107567114103569,12.151111048767788,12.169399644775764,12.162664413452148,12.14022017007119
256,12.349757212286448,12.342475843009062,12.342656150594037,12.371233686559945,12.388728789893928,12.452598571777344,12.379852573481266
257,11.787518388589973,11.809627381246566,11.806728361458022,11.795649684740045,11.931472538959103,11.907007217407227,11.90867432940244
258,12.476277945563602,12.476146703969897,12.475831522121961,12.477489965574081,12.585213856887597,12.594249725341797,12.572297011318833
259,12.391767228260466,12.391899718133915,12.391925186948892,12.38090828820563,12.404327837127752,12.372293472290039,12.401685926904118
260,12.276492638038103,12.276885475189532,12.27802761703812,12.251585709330094,12.23756467386469,12.226919174194336,12.228611427448325
261,11.946527547917444,11.953566948162251,11.952762194919611,11.960081642365122,12.077441718868743,12.009573936462402,11.92893249075291
262,12.321193175306835,12.321632773708943,12.3211370377923,12.31619212718822,12.293790147312917,12.324832916259766,12.295210982319077
263,11.772183610709256,11.76400297092342,11.764168412818847,11.821295085029409,11.846375108424114,11.853652000427246,11.867303257600385
264,12.45344748253061,12.44036070852899,12.440057258007444,12.476447339633339,12.437927926384967,12.44176197052002,12.456072505394573
265,12.05537519714256,12.059726350381384,12.05943721289311,12.083335578068247,12.219282210168817,12.19949722290039,12.186002884613961
266,12.05182087734404,12.038481096037367,12.039646366705963,12.060553142857689,12.1134833624625,12.107666015625,12.082549735138986
267,12.592412886274992,12.592794355322352,12.593317649197882,12.57533973078866,12.536420670177307,12.533123970031738,12.622327379573866
268,12.140328468961277,12.14794941459568,12.147348268769932,12.15571148269938,12.172759525521055,12.154967308044434,12.140011657444914
269,11.848543645090782,11.883372990131662,11.879318715282391,11.8682921101252,11.849832286718867,11.98433780670166,11.91397750877052
270,11.931252687997548,11.925882898320644,11.926169160887095,12.086821174241596,11.81259059240819,11.804458618164062,11.787667444362253
271,13.001193650409913,13.003244217054872,13.003733429330394,12.991649571560464,13.005634785484423,13.066807746887207,13.005207684642244
272,11.801788024803027,11.800927596984074,11.801519834736213,11.879439241237423,11.72103218459033,11.70762825012207,11.684044741672755
273,11.466213898250313,11.464747304080772,11.462789120071378,11.438460186155673,11.39082900232987,11.43710994720459,11.48927908330042
274,12.476344641929083,12.470504756258233,12.471939721224464,12.214571135682046,12.361210937668796,12.421234130859375,12.440930141705657
275,12.096028083260784,12.104031966745042,12.101759114126352,12.032422992923447,12.049337886436565,12.071682929992676,12.051458878729163
276,11.866408902543004,11.872143064222177,11.871787130274948,11.845546680994914,11.78331888735001,11.757833480834961,11.770209220150404
277,11.888377502597962,11.881599077710657,11.883152921434792,11.917185007490488,11.922230771503393,11.879047393798828,11.866824465825418
278,12.672488764627461,12.676576009362748,12.67812660790888,12.693307064552474,12.582943846321058,12.627086639404297,12.613652462870638
279,11.61157492841229,11.609467356358493,11.60995401390457,11.611285379423377,11.543248929512075,11.548489570617676,11.528874094418267
280,12.266277318919869,12.267073234543146,12.267297525102135,12.279236458755836,12.252687430615799,12.219136238098145,12.198484870501906
281,11.825396168571954,11.836845745109832,11.836223463533392,11.68273936028514,11.794242585295814,11.811742782592773,11.81562734863988
282,11.70870121232175,11.702103807473,11.70216041579764,12.174113516289966,11.945569893576913,11.853928565979004,11.783050731592706
283,12.464905833984707,12.466647410114803,12.467346642369623,12.476053330406328,12.507425580213068,12.519346237182617,12.527444195007067
284,12.457284430191715,12.459672214439196,12.459676687555133,12.425907829913518,12.457427563169574,12.425248146057129,12.42223820318208
285,12.17709849713014,12.171914132197351,12.172210400477839,12.230533544059103,12.217358025891025,12.21636962890625,12.208159695850174
286,12.062927619870644,12.072799115563223,12.07213113867232,12.155973766163603,12.154083419686343,12.124178886413574,12.13646838907899
287,12.681002101245022,12.690976517282813,12.690934591673754,12.730951506070864,12.618311075027606,12.768778800964355,12.759619118979552
288,12.032457711852993,12.048232368572425,12.045391520331739,12.204280448876162,12.080666908458142,12.06152057647705,12.027576571661742
289,11.707778728535077,11.714566171959149,11.713086315591584,11.697220174659165,11.687613682789015,11.6720609664917,11.689314448150874
290,12.28289370415174,12.28240480823495,12.282581355188745,12.001705202503048,12.191192371191827,12.254263877868652,12.25700224059372
291,11.940202004870013,11.934344850302605,11.935211436890896,11.958352851850474,12.035694061034073,11.971975326538086,12.019149484091852
292,12.011672927013787,12.007190785824877,12.00735444777823,12.051554623309185,12.034685269848083,12.070842742919922,12.051684588452483
293,11.83794877614368,11.843643329707811,11.84242503549768,11.907279081458022,11.807864623341912,11.84448528289795,11.82763252511458
294,11.814823860476121,11.818013496578697,11.81691472362579,11.860420224569248,11.882989580648774,11.87523365020752,11.823728469063655
295,13.060499067502167,13.060828780534921,13.061812866800196,12.268393187135791,13.15557493585232,13.104896545410156,13.124047572256478
296,11.884552213927424,11.869604488166187,11.87084156388812,11.943282136517423,11.986843487758001,11.92021369934082,11.949707096613746
297,12.241367497971993,12.267317369370542,12.26322854140504,12.131334890301828,12.193545221997503,12.250203132629395,12.240684863639652
298,12.339567803986885,12.338156746485192,12.338263180140768,12.32329264108553,12.297908957144397,12.332173347473145,12.320991519615953
299,11.952768252073566,11.95715390605459,11.956216099152963,11.947713541764536,11.957135476628537,12.010757446289062,11.984880795833053
300,12.023049359178827,12.023108887234253,12.022892875612746,11.987201936400957,11.994873777469882,11.983338356018066,12.017236826334088
301,12.32113121827158,12.313206226057492,12.313562871386505,12.24571305228492,12.186507076995653,12.215353012084961,12.231000546404106
302,12.188773428079648,12.155050952881012,12.161867800371828,12.099840031622552,12.264689543495052,12.2141752243042,12.25393244919995
303,12.690930927928978,12.669044180265363,12.67167418817863,12.678274884356314,12.744957238367848,12.773250579833984,12.735330012565482
304,12.2742117104199,12.277564646833419,12.277429063050732,12.265381451746972,12.327982162011331,12.280342102050781,12.265237474792972
305,12.039644531185225,12.034025217720165,12.035688316358168,12.16564840260955,11.98473888025376,12.01909065246582,11.991443045021454
306,11.888645034418712,11.896931799914517,11.895879710424346,11.920568585218998,11.922910416995192,11.932806015014648,11.94202588340712
307,12.255224455977565,12.250134798722755,12.25001344254171,12.196281234829874,12.20382141291292,12.219002723693848,12.212217197911006
308,12.12386498562364,12.1214909040971,12.12210083100101,12.142214537937893,12.142454694277152,12.130322456359863,12.110374999141813
309,11.989431959935942,11.99794136159497,11.99696188591642,12.02137516502826,12.041862070428381,12.009552001953125,12.013535475537365
310,12.040078858278225,12.06783697861081,12.065333378884043,12.156558674343469,11.995638191535436,12.02147102355957,12.001714860877641
311,11.579914807628809,11.597653612297995,11.59323721121418,11.71339118262045,11.707150597520043,11.690449714660645,11.585107383190204
312,12.147430974522587,12.144880957850452,12.144618205828047,12.178429663648215,12.078853130430364,12.092228889465332,12.096871215380897
313,12.421700077918503,12.427341189111562,12.427225148517431,12.393590441745893,12.433173517973861,12.440250396728516,12.441148968059823
314,12.175998089895979,12.173709671481804,12.17403398995551,12.194776420275073,12.156012067466229,12.158988952636719,12.169123766634389
315,12.149603174361838,12.149066475956399,12.14918907507924,12.199920216696391,12.21926594003731,12.199182510375977,12.213751465448949
316,12.692236960561585,12.706898802328674,12.705621473465577,12.684581437411506,12.777663820003719,12.818541526794434,12.813832473060142
317,11.801156472137926,11.789682110768219,11.790456749981754,12.067480130006746,11.785468500478103,11.755414009094238,11.738784953605526
318,11.7861172749275,11.790339005267915,11.78873349822108,12.027514109580595,11.871633918187026,11.808609962463379,11.839669354591072
319,12.116648801746539,12.10684875674147,12.108381867855899,12.178927271104437,12.311984358674804,12.199514389038086,12.182245543673117
320,12.60916485309434,12.608097695568896,12.60803470171062,12.634842450344209,12.633980520734916,12.54467487335205,12.584691374878492
321,11.583822113837758,11.592519691075191,11.591166725709027,11.601644069384392,11.499729739838934,11.53286361694336,11.535288312496842
322,12.093734608794705,12.089389201982723,12.089765597896095,12.024808458121202,12.102125164116558,12.110586166381836,12.132797480330874
323,12.00763359489323,12.029147411530785,12.027480256867662,12.076458885492315,12.064433965650045,11.995331764221191,12.026518683909762
324,12.451975493769705,12.468889781991193,12.467265530048373,12.172716089322968,12.382483120948235,12.354817390441895,12.380326351152892
325,11.627980289574865,11.661440918719602,11.659280988961456,11.491699800639541,11.63786507756067,11.629904747009277,11.594961839442961
326,12.374785601521097,12.370232505086681,12.371256193653286,12.341921675194094,12.357467303544638,12.369363784790039,12.372462317531248
327,12.658814016925703,12.668236118534288,12.668332820190562,12.397271670366509,12.655311245855241,12.672825813293457,12.649366847301033
328,11.909003089908511,11.907123885543108,11.907229107053492,11.873098219843044,11.962161657437159,11.993959426879883,12.021871668738095
329,12.198203240024375,12.195681008452974,12.195484341390326,12.193746292485958,12.23547793059097,12.203362464904785,12.212577712771168
330,12.70624791433918,12.70716745692062,12.707221844523005,12.707186783620845,12.65670231379145,12.718160629272461,12.717612021193093
331,12.062158245885357,12.04827153912125,12.049715868423842,12.000531088181669,12.052905878751973,12.06434440612793,12.030143840359015
332,12.368893452714453,12.366540415496896,12.367333332173581,12.289431033767618,12.363252091857113,12.459477424621582,12.414493046639121
333,11.997230579968178,11.979773864226116,11.982066465407916,11.998916294912302,11.996293551092265,11.996031761169434,12.001561576593147
334,12.044930903798422,12.04753037625735,12.046952376397478,12.035135508738552,12.002941757691943,12.022247314453125,12.025960526377258
335,12.628536460367172,12.624008274922655,12.624229413630951,12.66552254862332,12.76134023896245,12.69428825378418,12.788981163447326
336,11.795821759979557,11.797995419399072,11.796840854536066,11.774450389271868,11.785006173932011,11.768128395080566,11.752893048437143
337,11.987203792830735,11.992265537938259,11.991115508452344,11.957896185457788,11.944619083569973,11.980778694152832,12.009367847392948
338,11.830615497689413,11.822400657005408,11.823396101059556,12.427491651323177,11.80405138032064,11.803365707397461,11.821156051546705
339,12.372428661444568,12.380672917868274,12.3795678752841,12.349681795072598,12.447222054020225,12.386556625366211,12.404101005834457
340,12.738157078127712,12.736179897954145,12.735513211735402,12.798912689872703,12.789160400335975,12.74631404876709,12.840030654677939
341,12.444026694459634,12.45236289659235,12.451035367413347,12.410826559301409,12.42629586249518,12.452272415161133,12.446325863557938
342,12.016100626964406,12.014747765086597,12.014712041075843,12.199587193797814,12.039425000365757,12.043835639953613,12.070783475736057
343,12.360534077371417,12.36545583284181,12.36537112671975,12.36310945202126,12.42862191759412,12.300846099853516,12.33125841920641
344,11.939402432312574,11.935573108972271,11.93608521785019,12.037805794821933,11.992886214934957,11.97695541381836,11.972985456418224
345,11.933010447520525,11.921533221184603,11.922547039515843,12.034208940950814,11.940928235563025,11.969582557678223,11.98952917058127
346,11.68447421815137,11.701247875742743,11.7000554925424,11.687760021965515,11.751323650400733,11.717005729675293,11.654049304378622
347,11.920830138477305,11.891478674508964,11.892105962177382,12.067473700440127,11.90924624242507,11.959707260131836,11.864772915875735
348,12.540276370815901,12.541311524141316,12.541232024655832,12.116445524427267,12.51131980001009,12.477377891540527,12.527374164340024
349,12.161469423066835,12.1614391080509,12.16249791306114,12.182579123264606,12.222475347362247,12.191691398620605,12.192439037176005
350,12.084997266727255,12.099021922213561,12.096710074930064,12.060976196967149,12.028925761979545,12.021505355834961,12.086051952000995
351,11.731793987326379,11.726643961320459,11.72383175557911,11.939828459098589,11.781641468427546,11.711066246032715,11.78794646371195
352,12.54472309376317,12.541315586697737,12.54148927352191,12.516887090462486,12.509549452866068,12.504440307617188,12.528232067752743
353,12.518843570916856,12.526910760135426,12.526666020117318,12.599935482134539,12.706675523854877,12.632905960083008,12.649682226557665
354,12.812735428219423,12.810981604683903,12.81175224037207,12.836459499401322,12.82283157108276,12.828107833862305,12.82766376034164
355,12.315229211103203,12.310238985740465,12.310030143344845,12.288233108920611,12.303168898456716,12.297464370727539,12.305723487322958
356,12.006085012595642,12.013609933111663,12.01378721869015,12.01978347112415,11.963877308609906,11.970281600952148,11.940805207611733
357,13.11900911723654,13.11083634937302,13.11273311856949,13.145973991147965,13.12285606948249,13.094597816467285,13.060720571490329
358,12.899188605009257,12.900739922607807,12.900828348186021,12.899324683187686,12.921870525690315,12.965707778930664,12.942020862751209
359,12.37395599277388,12.364596435503117,12.365148608584065,12.383736061635638,12.187246337548176,12.172115325927734,12.190096012145695
360,12.218600113316073,12.193599913495532,12.195124560597781,12.216852265641279,12.304618604491417,12.241073608398438,12.2464165421917
361,12.693523418174946,12.685638563427794,12.686382270727597,12.707049993117593,12.647497684895278,12.698248863220215,12.65862945859089
362,12.791612837270652,12.792184442557355,12.791882270207553,12.82084948693651,12.8292332693919,12.817907333374023,12.861464813169002
363,11.904832253421036,11.903937312547582,11.904496436910739,11.893338837447457,11.996883269137607,12.003118515014648,12.021571707285823
364,12.808699883526957,12.808850093607182,12.80972638558299,12.789212187537391,12.827200674761428,12.814093589782715,12.81750016935622
365,11.75619577365807,11.763984330392091,11.763099919684416,11.577710423780127,11.7034149890835,11.690865516662598,11.640117185606428
366,11.96646059077723,11.93902038571654,11.942061347103492,11.968752812654762,12.007853629364252,11.995152473449707,11.901058775664698
367,12.01579955636016,12.022697560849466,12.021845045950707,12.063296438858101,11.99705951440352,12.019858360290527,12.04852134809833
368,11.5942111503492,11.610141223256157,11.60824234438551,11.59152166349742,11.51610902723245,11.527098655700684,11.577054785550873
369,12.294296602394931,12.289917192565605,12.28960227875005,12.301491998318568,12.26751127128689,12.249486923217773,12.258197988886538
370,11.948060166943723,11.970083413825048,11.96836040174534,11.802623296338371,11.846474379296476,11.798295974731445,11.831387970980918
371,12.244674200376142,12.26545193332582,12.26365491892224,12.262119904940944,12.23118847631921,12.285840034484863,12.255416244212544
372,11.916602826632566,11.927647030662342,11.926740300781423,11.967899317968165,11.943849912187337,11.953907012939453,11.954215023052779
373,11.930175314259793,11.928821513076825,11.929142060264919,11.925030956369657,11.907609818160747,11.860589981079102,11.903937009615616
374,11.680958663294488,11.681639274750758,11.681587811387297,11.716373372609272,11.75048200805236,11.726846694946289,11.697807138625778
375,11.77110310917,11.77467389882655,11.77396273727581,11.676642772508773,11.88309425035874,11.82188606262207,11.83344597147259
376,11.989602781297744,11.984394236022615,11.985641314302562,11.784593755790613,12.00202295708891,11.988201141357422,12.072143957936197
377,13.095364682567908,13.081138005129086,13.083550301585126,13.104631790734368,13.14538238960089,13.116413116455078,13.064883237333339
378,12.090597334928315,12.09676516734921,12.096863959752003,12.116015575877874,12.098580343927713,12.052599906921387,12.078420893204148
379,12.040895050429603,12.046478676800437,12.046506231409865,12.055955070992244,12.0709533907803,12.079757690429688,12.073521240322352
380,12.34707217480792,12.349094393208214,12.348852474998537,12.317769178252881,12.281666803938178,12.308403968811035,12.31298791827873
381,11.781878203567086,11.797811085831647,11.796583866686168,11.80052814484418,11.854820644026752,11.859464645385742,11.765360919569874
382,12.044972902334445,12.044104563348728,12.043365851825785,12.130196562678742,12.061310010386181,12.070005416870117,12.05451821548693
383,12.013464724725964,12.021033539445963,12.020203193838283,12.086065077280601,12.0672105048676,12.060991287231445,12.035939254558015
384,12.575808180422323,12.577802769779693,12.57729674894599,12.565622927259327,12.556584100462477,12.548144340515137,12.55794291163401
385,12.117113270961163,12.115861317160734,12.116345332386594,12.172562596768074,12.138575125711839,12.172344207763672,12.16624798785114
386,12.001480121608514,12.015265419542562,12.014913985746633,12.01585209901479,12.011747285295439,11.980169296264648,12.004079937099295
387,12.447991192636385,12.44745097431642,12.447452676325588,12.398484838887537,12.432553751939311,12.44092845916748,12.461653268751169
388,11.612965684561626,11.617240730560603,11.615403912226402,11.571441253510121,11.618298816220676,11.541930198669434,11.545833549174839
389,12.014324188911937,12.025001164785204,12.023250728341823,12.022348580065492,12.084511995079788,12.076335906982422,12.055087421766496
390,12.046436539732705,12.050960463781209,12.050600449100854,12.082455565257003,12.069548584882694,12.075624465942383,12.08312846306437
391,12.179513273601126,12.178616071823289,12.17848373340161,12.170096053942546,12.179823433934297,12.192310333251953,12.18474005695735
392,12.259699657752329,12.254415460340754,12.254110867604961,12.278615735570718,12.234278340489666,12.262837409973145,12.242431286279116
393,12.096442384652391,12.103478146361335,12.101177500712694,12.085721831436139,11.999271578144612,12.04553508758545,12.05614868770622
394,12.89392330266911,12.88965935734994,12.890455525930523,12.885043345704744,12.859221371611014,12.925827026367188,12.917783911558118
395,12.398707361100287,12.397359485559173,12.397092299316144,12.380753665592549,12.354893950470395,12.353790283203125,12.35918531619048
396,12.858778871402126,12.860420734644778,12.861412046207699,12.858907378474793,12.89326234853438,12.95376205444336,12.953735708052717
397,12.05848211049656,12.069213717211582,12.068117287792427,12.031248198333888,12.036847905469628,12.021349906921387,12.033518596692257
398,12.144416793613559,12.146739226958175,12.146959787249155,12.18465648221074,12.218119948627944,12.19444751739502,12.196177497946062
399,12.34982062402185,12.346292846062743,12.346471264234841,12.326326075731178,12.35703848704965,12.306587219238281,12.308863488954497
400,11.916355485763267,11.922011230693194,11.920570808276992,11.921488708866141,11.834499773838655,11.907580375671387,11.846213151171877
401,12.102054657179037,12.102958970063353,12.102128639591243,12.116542784901371,12.139128399612042,12.125548362731934,12.067709438032864
402,12.627478478111431,12.616605242558082,12.618124525531531,12.61802070502868,12.542103778574438,12.58224105834961,12.578451584642421
403,12.882554463116604,12.880099142434252,12.880630348631191,12.861855333206789,12.931567320272352,12.897088050842285,12.883360543154224
404,12.090623650365247,12.052722369142284,12.057421625767926,12.123211920118505,12.073534806786526,12.053950309753418,12.093337679759653
405,12.024605549861061,12.02571815801666,12.025686450806207,12.232559084691255,12.06380128258272,12.072633743286133,12.069001901351761
406,11.928868080693135,11.943985639232498,11.943201895642396,11.939283367426148,11.922655996475436,11.944159507751465,11.926245643993429
407,12.513487503373986,12.509712622806042,12.510315733135991,12.511619531603415,12.523970934234253,12.542600631713867,12.530860530538467
408,12.591497219869666,12.59897544822957,12.598956413659701,12.590743632074524,12.634762727756376,12.559490203857422,12.595405646242039
409,12.381916140532159,12.38073150785988,12.380680401385533,12.358037387265888,12.401175447671932,12.33591365814209,12.329911701397993
410,12.313874816323912,12.314239147293607,12.314327522991928,12.32164602041781,12.305801873534637,12.30682373046875,12.288462504375765
411,12.627743484601204,12.624054086756855,12.624590127766098,12.619110033872122,12.579225542974868,12.60714340209961,12.597473845638335
412,12.014107661931984,12.031205842375758,12.029211624491138,11.939499667079179,11.894097777707218,11.93374252319336,11.907926975682495
413,13.086887631345443,13.095353934052394,13.09435043636264,12.965602448853438,13.1478860451014,13.131160736083984,13.131088908338718
414,11.7487725280699,11.763764078900818,11.761947254793057,11.716659243929824,11.750616824885235,11.740153312683105,11.696598543536307
415,12.235139394121978,12.234135687521647,12.23411569116015,12.231764691118725,12.211675398310497,12.252006530761719,12.27583461816407
416,11.960554104082627,11.960098945053488,11.960958923181096,11.998641113575175,12.02994550462159,12.028644561767578,12.049353592183982
417,12.787601441836664,12.801324944746472,12.801071095100703,12.786485455804472,12.880787504403195,12.861109733581543,12.86188483511443
418,11.957419117963573,11.975968051965111,11.975916527004673,11.969290628757467,11.949433877711561,11.97884464263916,11.968643183399008
419,12.30605068611485,12.302662660321865,12.302866550767423,12.320958632194289,12.363236184594795,12.34797191619873,12.364929771986976
420,11.956845435436293,11.937720198940147,11.93925011459941,11.751153259718153,11.934241316200627,11.92896842956543,11.945996953374683
421,11.68421276397605,11.684496357004381,11.684116956151371,11.664603696473186,11.73387079246461,11.722043991088867,11.676331229112812
422,12.328330448217814,12.327077590063032,12.327053691955113,12.296400954253414,12.297014438689493,12.272454261779785,12.285687935260361
423,12.120389447188725,12.122547436203932,12.121780010859714,12.098807766022576,12.18003696555874,12.140294075012207,12.098778481612289
424,12.909236959179252,12.911000568193792,12.912594528434012,12.85482083466069,12.499801778027349,12.409592628479004,12.391943861852901
425,12.281959714999905,12.273506180092461,12.274957741556312,12.334843586058229,12.324699753138612,12.280351638793945,12.32051197817559
426,12.05743560476045,12.053304990733128,12.05393237633428,12.106829345370311,11.910524825545563,11.959831237792969,11.895404980732254
427,12.388139534848452,12.378511936496245,12.379392945506531,12.333423902527514,12.325456503584794,12.337669372558594,12.313004273037878
428,11.886426742265536,11.89987432872584,11.898960926831412,11.97362651273107,11.973472851672508,11.976232528686523,11.981382354529542
429,12.598489417174326,12.586344082580169,12.587834666648156,12.496383323334003,12.679992610560973,12.594422340393066,12.665034639001258
430,12.128791214026744,12.156347760327076,12.153581793310693,11.980466215951417,12.106506007111237,12.256954193115234,12.154767353321922
431,11.985683279598657,11.982968117966651,11.982875983100579,12.007397582513274,12.020579645959236,12.031758308410645,12.046052818236571
432,12.575980261356019,12.56450910092908,12.565054117625923,12.830514368301742,12.545881698170824,12.424211502075195,12.449591554916521
433,12.470140807275852,12.476768846103198,12.476847822203652,12.349900032458478,12.33776562551323,12.328243255615234,12.342100084556925
434,12.558179886570466,12.572336486302127,12.570733819156851,12.082676595539283,12.557843753686274,12.631903648376465,12.602203767608813
435,12.03857222562416,12.045727418912275,12.044723552827152,12.02320625960127,11.999274467423628,12.018266677856445,12.02236476224993
436,12.251500791963114,12.250066255128182,12.250323516293667,12.25811636270551,12.269481671514836,12.298426628112793,12.332872430449756
437,11.92854784545471,11.925486174806334,11.925539267648736,11.905819940788646,11.989625288520058,11.976312637329102,11.976117073610384
438,12.041708921791024,12.039410790087302,12.039327881599437,12.01883667477369,12.06283998277713,12.062948226928711,12.04374770243737
439,11.741168120417743,11.712096969512851,11.714279743543491,11.753328293206652,11.616654657241371,11.637523651123047,11.62253642122709
440,12.140201978485825,12.119643037246929,12.12088198253184,12.178064376606994,12.130860169655712,12.167586326599121,12.153424906168832
441,11.532102160646414,11.527328565139285,11.527290778891212,11.83140734870723,11.543950801687044,11.585622787475586,11.685310990655099
442,11.686697986846198,11.680397304629253,11.678748544623012,11.606071928037375,11.732287417502917,11.747901916503906,11.701857288390043
443,12.388486954450205,12.376136929417791,12.377436514901534,12.387699798203585,12.398371248201414,12.326478958129883,12.348024023722097
444,11.833603879972971,11.842472143355662,11.842502707422312,12.058809030450512,11.912095355700801,11.935657501220703,11.925985988612705
445,11.511779766629544,11.493460455290561,11.494554950317717,11.574856706534586,11.35238441158683,11.300199508666992,11.357754696226802
446,11.886189332863554,11.887406435429765,11.887165940643769,11.920349458430135,12.018073685544106,11.969062805175781,11.929848954823065
447,12.153521582953669,12.150426974990804,12.149959722096552,12.220348230654094,12.14429342914674,12.17085075378418,12.164536224838887
448,12.309248627016004,12.317118917260757,12.315911905957039,12.302551308203126,12.282408206829507,12.296259880065918,12.292243888936994
449,11.854220537953347,11.833531465882672,11.83425066472972,11.773905572335835,11.984675802152378,11.952229499816895,11.99747214117043
450,12.506057794255028,12.496863224935957,12.497367902109467,12.516490252210666,12.490619512203132,12.471626281738281,12.479204225826894
451,12.24464899540679,12.244773325591495,12.244704889353127,12.212918311877448,12.210183139942417,12.218649864196777,12.21190463978125
452,12.212683825212208,12.209214696496558,12.20914521679712,12.16642152327191,12.222474087078938,12.20226764678955,12.227638082056446
453,11.94917618351243,11.949266633732272,11.95002536556943,11.979372550972798,11.979815307661937,11.98974323272705,11.949232313764028
454,12.064949375616246,12.062728558525075,12.062842470061355,12.125692663307383,12.065285507771977,12.067075729370117,12.084086323138452
455,12.721791607035408,12.721124506453595,12.721477580635346,12.708672677995388,12.710826958899524,12.74717903137207,12.764553405025541
456,12.231265640960958,12.230080029761236,12.230601258338575,12.09312387075277,12.176627868474734,12.188261032104492,12.136212061012882
457,12.156087785528415,12.167746211103328,12.166107293861256,12.184949188649643,12.174564438080399,12.166963577270508,12.128483892785537
458,12.394460248560156,12.398458963009535,12.398388328550146,12.376244423743977,12.405308527403502,12.413963317871094,12.424342233724285
459,12.428313571389133,12.424927330648934,12.423344239133568,12.606163491889735,12.344952865737671,12.345206260681152,12.418769925071963
460,12.790444769596014,12.802637055237978,12.802314923504243,12.757217934102382,12.763548243604577,12.790745735168457,12.790502714164669
461,11.873262744102624,11.874174260060181,11.874371784479923,12.055043477331031,11.942973884915954,11.933956146240234,11.899965386006203
462,12.780806260779304,12.774393423961236,12.775799936130703,12.726832436602855,12.81067017530522,12.811629295349121,12.805156008559125
463,12.314565265203985,12.31947621850226,12.318969060341622,12.28265150633105,12.300662376955973,12.345155715942383,12.332997642144566
464,11.790884415790117,11.77318257916501,11.773114560996554,11.78373314501982,11.831558540411143,11.851487159729004,11.80060331180987
465,12.475128533130565,12.48035214258559,12.480482365351456,12.486715842241365,12.434307059304434,12.480019569396973,12.437461608199989
466,12.132164509072693,12.145135443463767,12.14381076142995,12.065028736358462,12.033689205706636,12.14830207824707,12.149094701634223
467,11.941558645206301,11.936311775274728,11.93705006504404,11.93660177173629,11.92995893863898,11.92618465423584,11.942695421681274
468,11.764479434900291,11.760400154411263,11.76097326440659,11.991706306488267,11.713904190047392,11.72268009185791,11.68838439206406
469,12.773736443455919,12.77748619933173,12.777706249922213,12.765967646703622,12.683465118652332,12.738421440124512,12.755033233722251
470,12.199799572078007,12.194764822009985,12.19557223292654,12.180877292042451,12.232893607336644,12.209761619567871,12.211117006297208
471,12.868616182632005,12.863637222148775,12.864812512722377,12.796305459754622,12.81665580179423,12.729544639587402,12.76776032493773
472,12.176354040659648,12.174839346690147,12.174559219338718,12.174840890468541,12.226357254059387,12.221282958984375,12.20575638433618
473,12.200028111583828,12.199228712280448,12.198867484930158,12.173031561162315,12.194013416004768,12.1661958694458,12.183790911036878
474,12.403848180087683,12.401752017390956,12.40246657525658,12.463053427930674,12.466421555572571,12.41055679321289,12.44752631990469
475,12.544483944831374,12.555311625131507,12.554259989118563,12.536831896102456,12.580834776770576,12.559464454650879,12.604336799489936
476,12.134852385776274,12.138035251582153,12.13795685465454,12.008424837411189,12.20157733377202,12.197243690490723,12.208356568626002
477,12.76357506188984,12.767681666093486,12.768811712961577,12.753279909166402,12.7044699036866,12.755643844604492,12.799152719084242
478,12.132203221246412,12.128805565679482,12.129204780532751,12.024530081236549,12.06537662167182,12.11078929901123,12.100132561890442
479,12.015805064421786,12.01506978179553,12.014590343644855,11.98953215003706,12.040830899611526,12.042377471923828,12.048725003166753
480,13.039828291561548,13.04291175884142,13.042570328843462,13.087607505934734,13.06524505677612,13.038433074951172,13.040263192591569
481,12.608195335986034,12.607844195126667,12.60780898724315,12.607700249404528,12.598500764080477,12.565730094909668,12.567661853718544
482,11.971895739103257,11.98790238943511,11.98725246311978,12.047790292319393,11.949583607600394,11.946610450744629,11.964361559505047
483,11.971639160925918,11.971255994297488,11.971957927000936,11.941903114340919,11.965423128979662,11.978589057922363,11.986714259633652
484,11.91689538041136,11.912926001523893,11.913773996803613,11.931316734176779,11.944409566026662,11.94034194946289,11.951908138975147
485,12.963097563963435,12.971191070355408,12.972111799439169,13.12651293284702,12.874973581207119,12.91799545288086,12.8823737548074
486,12.296615104445436,12.296958473591488,12.295800113750108,12.088977661792814,12.176258331394722,12.222559928894043,12.253884569313898
487,12.007731795960458,12.009148693944917,12.00715253455002,11.962925788922899,11.961011778323158,11.976480484008789,11.955212006174206
488,12.356197567752215,12.354182284570864,12.354177148375962,12.327946216596494,12.242792347665151,12.273802757263184,12.286582217945814
489,11.981954964891786,11.984491058859117,11.983865397376626,11.988969471281345,11.98806468782139,12.006855010986328,11.981135369184765
490,12.39881922389476,12.3970345037129,12.397239540418012,12.43304022179615,12.416861067846511,12.413978576660156,12.3878381840371
491,11.762514260359943,11.764426080425034,11.763150538259561,11.834860137959849,11.82587109931408,11.769634246826172,11.76062319867659
492,11.853062376209973,11.833446658060844,11.836078608232254,12.059958947897906,11.865230170501567,11.855191230773926,11.810544462498468
493,11.895566957966986,11.907750965596648,11.906996231621171,11.951615943836218,11.88463592716731,11.962959289550781,11.850701792284003
494,11.957714560557315,11.954028235781358,11.954043609333638,11.92255901479427,11.928653260912842,11.959182739257812,11.951216711217361
495,12.659731991460566,12.6664347525378,12.66589348036186,12.521775387834793,12.667723572981524,12.60137939453125,12.630848211423752
496,11.40076432220921,11.378199287247233,11.379484253521646,11.548336880449666,11.366814812839369,11.361306190490723,11.419254663179883
497,12.037170461016126,12.040957681670065,12.039769486451538,12.030845084905714,12.06767323681652,12.063074111938477,12.1150507090297
498,12.35718289793309,12.352027694527148,12.35266898335441,12.370652567258134,12.332255725880538,12.355963706970215,12.368743764504945
499,12.224348896181734,12.224065996194543,12.225920797623033,12.221635029251416,12.212024615387591,12.213505744934082,12.204751512615237
500,12.375497919719649,12.375100845977357,12.374796385267427,12.385661393493073,12.441803708773804,12.455296516418457,12.42253195195998
501,12.196298055752973,12.193502550712322,12.193640437803618,12.206582106789709,12.13302644663185,12.171586036682129,12.188243415548179
502,12.735021614432952,12.744023622490039,12.743502702186909,12.448366387706553,12.704726894664875,12.754557609558105,12.764754636014368
503,12.561734012833657,12.55803374812861,12.558810537334587,12.540600325540634,12.524903193505876,12.523755073547363,12.565933859104936
504,11.898077305958697,11.899012628053205,11.899381258889488,11.793394603777362,11.929921440299664,11.947213172912598,11.977068126214304
505,12.098235709220303,12.106619802951933,12.106667905485036,12.122022895504081,12.09628535710783,12.07373046875,12.091394971304886
506,12.603321833683754,12.590950441864152,12.593464988742733,12.550288297517007,12.501051795725378,12.506203651428223,12.557584224165723
507,12.092583924969803,12.11192796495215,12.109751218320728,12.036606849491857,12.138248991205632,12.138236045837402,12.132594829130394
508,12.02647109016162,12.087364065459573,12.08780761148187,12.21516056467813,12.052153145458835,12.031196594238281,11.979417195608875
509,12.91950366325256,12.900549665112944,12.901444094523582,12.873282322090795,12.9535613059632,12.894944190979004,12.872325992834597
510,12.114844867543864,12.110124142296883,12.110552177623152,12.112180067172627,12.186862466429014,12.14353084564209,12.080101152432421
511,12.476973484831191,12.469835606733247,12.470152041340453,12.093123870752757,12.30245281230295,12.332134246826172,12.361364489920849
512,12.270760231362127,12.2732097579428,12.272639666015134,12.254793655176977,12.202318592709522,12.230775833129883,12.237634838677778
513,11.898691125380777,11.91567244345503,11.912769944046069,11.821511550446877,11.854869774203022,11.894089698791504,11.89232152025003
514,11.971437512111253,11.97108872033264,11.970450442939898,11.995072351410531,11.95826904796186,11.986318588256836,11.937908326973908
515,12.018449072095052,12.020248001962493,12.020075328157196,12.043137236983755,12.02551540651532,12.002676963806152,11.985345094172402
516,12.837955637929749,12.83532151374281,12.835356576226184,12.826401415013951,12.80187522995898,12.869390487670898,12.841819802462743
517,12.13405588145698,12.106576279901995,12.107119459065968,12.160666803284542,12.157944348360584,12.169166564941406,12.195666207717771
518,11.8611913591817,11.873860908291979,11.872828166975506,11.930132050490915,11.81352478824659,11.719961166381836,11.768719349185965
519,11.994154440227655,11.995763625601755,11.99542102650367,12.050302178590616,12.025626839906618,12.029248237609863,11.995498363662009
520,11.862421218936474,11.88046061539405,11.880054550773417,11.98129871484538,11.928772891503142,11.91515827178955,11.955085639058243
521,11.87974309564342,11.861274138657725,11.863320560793946,11.908571974482589,11.881522124035353,11.819579124450684,11.726950262415393
522,12.120290955223728,12.109203298060411,12.110839174421201,12.22928806951599,12.120213663232883,12.146661758422852,12.163739882137678
523,12.011801519210838,12.02023838244468,12.018547084088489,12.019537070992646,12.066169306507847,12.072874069213867,12.040999988080019
524,11.99372904118648,11.988693318426941,11.988392029329669,12.050022969786868,11.950932753726713,11.896979331970215,11.963573047051284
525,12.741220349885474,12.740079552836244,12.740038606259258,12.748441037311355,12.776506907203068,12.820066452026367,12.865555747293431
526,11.912770270217742,11.926271989617993,11.92600953212894,11.891461945606336,11.892246315410047,11.860980987548828,11.886031042054812
527,12.486609502879611,12.487806851006573,12.488261431311924,12.45588985685723,12.444045757253358,12.425834655761719,12.485487972092352
528,11.893195414991094,11.85553844718522,11.85763599334238,11.814110291162198,11.968994023607252,11.93167495727539,11.91032589306455
529,11.374240548372018,11.353221401680104,11.354481855896564,11.440941103504883,11.367738459781402,11.468546867370605,11.548087981907441
530,11.812360061104593,11.823806865306755,11.822906808994707,11.852995624083785,11.76215145854651,11.737074851989746,11.74062053895599
531,12.456213542833968,12.458225302831416,12.458058333719665,12.45508593115282,12.422363543664291,12.417745590209961,12.390524557147724
532,11.979398258524052,11.978056345292408,11.978067055603217,11.999471905359336,11.991610675284422,11.994821548461914,12.018666321661174
533,12.063973547018703,12.054742320377013,12.056111596365245,12.044437802777107,12.056538633787481,12.054971694946289,12.051789440579666
534,12.055653873645023,12.050332519840039,12.050222505630357,12.097482969660994,12.153032990988356,12.130955696105957,12.136318423344969
535,12.199723558684305,12.203154744658361,12.204928747358096,12.187152813093089,12.20150509036502,12.293500900268555,12.221067265489568
536,12.400744082755214,12.386118394611003,12.387643682751895,12.411812638474558,12.423157483414665,12.427281379699707,12.38652606723123
537,11.497340780153054,11.477457231327303,11.478789826399868,11.518404464385782,11.356298921559949,11.383127212524414,11.466960848846258
538,12.37960640677615,12.364824131111813,12.366613765215035,12.34937426120752,12.37743578784519,12.304430961608887,12.303427858420822
539,12.123964621275654,12.132079500761424,12.130174917524128,12.126720392958324,12.110981585870523,12.068374633789062,12.047789694347298
540,12.313384797027883,12.310585416979567,12.310327950052475,12.503809077991283,12.256723678610353,12.16654109954834,12.165161431463455
541,11.733792256162884,11.72525321830934,11.725163363556431,11.913931828007941,11.70416391481388,11.609978675842285,11.561722531171467
542,11.626025287697638,11.612269709981046,11.614398522884962,11.582056472679483,11.542420845192021,11.53408145904541,11.527209241695418
543,12.109324713646387,12.109269818594125,12.110621616147142,12.030759292205424,12.078778769219827,12.076939582824707,12.083748869195961
544,12.251802793564478,12.249610973749347,12.249858217872948,12.259345545235291,12.291282511855126,12.274310111999512,12.296575082933039
545,12.755572790229692,12.749813892311714,12.751687887412864,12.684412935565827,12.766268126097339,12.675930976867676,12.727512791022367
546,12.420663635582368,12.416805010057956,12.416995811700911,12.400618584865413,12.388811533304661,12.385784149169922,12.380032014497855
547,12.367144493647585,12.369901190107361,12.369189516079807,12.359076001355287,12.380682071163388,12.361394882202148,12.37225870972904
548,11.791574933671628,11.795408138943468,11.794724084569658,11.822888470247467,11.87654702470979,11.840700149536133,11.838331341021826
549,11.907602428559308,11.912598774460031,11.911755718629212,11.948609188858814,11.917955820574313,11.919397354125977,11.915706397254556
550,13.20817857389884,13.208779402258587,13.208697723217828,13.2489923230691,13.184339667596033,13.196219444274902,13.135615665962112
551,12.437439209819534,12.435849182208134,12.435823081702504,12.4242290317967,12.434853302882114,12.43213176727295,12.438561964906855
552,12.343774285522853,12.340043771010816,12.340717597876466,12.315799811741751,12.369216417899853,12.402137756347656,12.367361966738036
553,12.807164653149028,12.821664613808426,12.82154813940765,12.794476492274036,12.811633246119012,12.777264595031738,12.804769004736066
554,12.11113863070404,12.12063584148283,12.120704042926926,12.017427550977485,11.992113605205411,12.021648406982422,12.053668383548471
555,12.123926787940698,12.116444099893858,12.116665369438694,12.125778825567894,12.15283995240611,12.170690536499023,12.153932466712583
556,12.355490681045087,12.37715332047557,12.377538552911213,12.361061151678381,12.341512583958808,12.32141399383545,12.395524191250459
557,12.04481830661465,12.035902435163283,12.034594605196233,11.943909103818239,12.052743147732043,12.054738998413086,12.081337602178547
558,11.82257756988955,11.819432957404352,11.819530433066825,11.824777958941773,11.943839670294063,11.966705322265625,11.941525101036417
559,12.8488364616946,12.854887092753449,12.855167460745081,12.860274726031317,12.888260294918053,12.887639999389648,12.862867251639065
560,11.936419035693758,11.926884006921004,11.927272671081845,12.105993928855554,11.937616006962537,11.950288772583008,11.92486044986467
561,11.766775562644076,11.743725171764236,11.746263695795886,11.763387376865024,11.810546816728172,11.81676959991455,11.810557368960339
562,12.589532639502043,12.581590185635145,12.582354162464949,12.555098018614492,12.569792857541247,12.521822929382324,12.515806164329803
563,12.184338767797977,12.194738613499819,12.192623072319737,12.066223897509504,12.25381967442141,12.212368965148926,12.18285533931166
564,11.95958373388929,11.96521978665519,11.96434645293081,12.070546080831102,12.069368463016929,12.077620506286621,12.075496650942462
565,11.564559680015705,11.564178631494503,11.564410775032798,11.56070412862643,11.626470741247033,11.559530258178711,11.582601942052403
566,11.930927601988017,11.924126720151055,11.923328790493361,12.041046722836667,11.994668015562798,11.997167587280273,11.966693856325207
567,12.46187844756982,12.44051132223715,12.44317021157031,12.114606491687388,12.476683035831165,12.398456573486328,12.421893367574373
568,11.517211670899064,11.498809418961047,11.500049124481018,11.485177759460043,11.333327761428105,11.425386428833008,11.4992636928541
569,12.536777535661912,12.541567582906872,12.541565371687796,12.550762238109431,12.65694996126741,12.663993835449219,12.686625293070252
570,12.0759966670599,12.085148312338143,12.084617561295525,12.08422544196054,12.038763904581538,11.978039741516113,11.964420232065866
571,12.718915468566546,12.721188098882276,12.721813122602653,12.72359409045727,12.777173680095586,12.753435134887695,12.782726263818388
572,11.915769873574092,11.9129909053291,11.913319304853557,11.917247954416151,11.941920597095157,11.937554359436035,11.929035809400467
573,12.04774021327834,12.030873972075344,12.032528661976352,12.0295528295828,12.12407950894079,12.111639976501465,12.108113873127456
574,12.543911507453593,12.532301548775049,12.533410587836297,12.582713059309725,12.611545723695814,12.562300682067871,12.553093682985303
575,12.839476163996101,12.849657070134615,12.849641480692934,12.840667868035876,12.87467428249355,12.876493453979492,12.93049399767161
576,12.088238558589318,12.093494729210217,12.092560084687895,12.107088499397038,12.092892902018589,12.089086532592773,12.092290230246128
577,12.391882444390038,12.408593243443923,12.407380731445539,12.104452827902422,12.480882912556869,12.453304290771484,12.465966732509525
578,11.855877783381928,11.853118434715991,11.850982396034372,11.82785293615376,11.907697828138032,11.905559539794922,11.884085396715552
579,12.545213374027137,12.549781747095121,12.549829877765335,12.524661972365532,12.536701089320536,12.556933403015137,12.547734898547095
580,12.142123687717259,12.142101182014486,12.142495049808572,12.14245057125656,12.107491311214325,12.15943431854248,12.159918002666984
581,11.742929384034618,11.747874964773,11.74739869461518,11.789724011627706,11.736943357063046,11.743997573852539,11.745835911896345
582,12.399491918010778,12.394283771714376,12.3954240547508,12.231071165661756,12.390733199217271,12.36064624786377,12.322337078680174
583,12.480960811946414,12.48756204451415,12.487428042658184,12.498504645696467,12.591148074943378,12.599514961242676,12.671441803342047
584,12.071100389096985,12.081632178664426,12.078620202286942,12.07769449697463,12.063020398709627,12.050989151000977,12.052772446240958
585,12.09158181935551,12.101144139968149,12.100132128347282,12.138994895578062,12.075868598334386,12.08951473236084,12.08223953737802
586,12.57305970424739,12.5707806870597,12.572290382504598,12.62753599831441,12.611427541432903,12.573749542236328,12.582273253118322
587,12.511788447579073,12.502380016117197,12.503114797285034,12.455690153111139,12.494164888768923,12.5528564453125,12.5541196780693
588,11.66910907589101,11.67012003947039,11.669693075830915,11.677340835344772,11.772371718656808,11.775485038757324,11.780031317583019
589,11.90406132239559,11.920502089284813,11.916769212430792,11.828863418163888,11.92160300037805,11.907480239868164,11.89799682105386
590,11.820050991090813,11.81094378095447,11.81114050191105,11.769162122631874,11.855296168336796,11.875581741333008,11.886643944268023
591,12.176945770600108,12.156857011040536,12.15827461816427,12.097002195763679,12.164808092089466,12.107864379882812,12.065658452081076
592,12.678087231197903,12.671753022402944,12.672750912597579,12.671874746778627,12.658574241611623,12.596979141235352,12.609975656689683
593,12.489571728277454,12.484123769322446,12.484723092992459,12.481088530070354,12.505667447266514,12.468297004699707,12.425433032498356
594,12.049939666037746,12.045565404883963,12.045704599553419,12.037989992300318,12.069482269769187,12.104745864868164,12.064188987768773
595,11.531478085435673,11.529552744607708,11.528767256285544,11.699100407458278,11.577309123522237,11.608484268188477,11.648618444740006
596,12.049408533806675,12.077006617242242,12.076730106633377,11.991740548280935,12.115326696133167,12.0819730758667,12.067906309184675
597,11.925261106908575,11.939358241829561,11.937434215751672,11.893850877940926,11.866740124321995,11.906064987182617,11.922270891372245
598,12.054138417706083,12.05778998374257,12.056283435756763,12.096304277123394,12.033061033598374,12.028949737548828,12.043825994170707
599,11.997619536655488,11.994802647056133,11.993943991829457,12.011568135601692,12.107874614041087,12.053722381591797,11.996977532372512
600,11.84378197345238,11.843165522137946,11.842831973723715,12.101061539786329,11.877018392148397,11.831501960754395,11.843012502367898
601,11.912794035960266,11.919529969177063,11.918191247018864,11.883151666925851,11.933002123652901,11.943997383117676,11.931532095551558
602,12.24563836879265,12.264724655970467,12.263359471927252,12.268590534988611,12.27247873826731,12.264199256896973,12.266779344515728
603,12.473933604198823,12.477048489849073,12.47710879432887,12.459704547619905,12.450762817573265,12.495052337646484,12.503009975789762
604,12.15863743417807,12.152226434453068,12.152571591358459,12.182368997004522,12.145281565656907,12.129731178283691,12.158636838192065
605,11.861739341855547,11.856290884803936,11.855505383947815,11.86951209568806,11.95689917473868,11.934673309326172,11.92904474352685
606,12.56896659013408,12.567993098830874,12.567725064327801,12.591428558969987,12.521559999921518,12.5570650100708,12.617672274499139
607,12.33632552787957,12.3350565837945,12.335388028626893,12.358791604483113,12.22439529612889,12.257500648498535,12.273541763397935
608,12.73308122823549,12.72987631873601,12.730542542515325,12.705977219376965,12.649337275504292,12.695265769958496,12.57487012720361
609,12.169185800224897,12.170620180748926,12.17061530193805,12.129115959373543,12.100610130083092,12.18443489074707,12.175812574367237
610,12.327481225409677,12.328809463650437,12.328894839836519,12.34765389241421,12.365706700501526,12.353805541992188,12.320267231675313
611,12.322925979257978,12.32435131099673,12.324052503881088,12.291029288150021,12.346445585442243,12.34182357788086,12.35684506197569
612,12.306126597274005,12.326677982857124,12.324862081491933,12.074759152008278,12.197619912358242,12.17048168182373,12.166009274815515
613,12.207352539042049,12.221016949931087,12.219813561445802,12.15764296364737,12.204704114165466,12.187859535217285,12.192644718755503
614,12.559909424947232,12.560308953656923,12.561074841724396,12.557943814550438,12.606558666196026,12.597501754760742,12.56561661686822
615,12.198196674864402,12.170585418836406,12.174357934364972,12.188702022780408,12.352050498158636,12.328887939453125,12.40355613048326
616,11.943014429980389,11.945734855269874,11.945982639297496,12.154916138874242,11.897938992887756,11.935966491699219,11.934775826153853
617,12.670490613966823,12.668294167415308,12.668881120329464,12.318904530814686,12.735672527068768,12.773024559020996,12.746773855515345
618,12.065937569416427,12.083240837157865,12.08261268793897,12.025551771007049,12.058264313809124,12.081685066223145,12.080542352965638
619,12.332015211760154,12.328405698295645,12.328894286658874,12.309067798563511,12.304830454999689,12.34819221496582,12.324018237357096
620,12.831409609029906,12.832634685982237,12.834043831440695,12.630461225025732,12.88540379251016,12.86536693572998,12.802856858687472
621,11.956298546999319,11.9769321724324,11.978437817159007,11.94263610970116,11.996174358787906,11.944015502929688,11.933703352496227
622,12.121831871626146,12.122112953665276,12.122425206205435,12.129595610234281,12.07608598866686,12.094030380249023,12.104079866245787
623,11.883126589513166,11.893372539029803,11.892245408861395,11.91925529108314,11.868632050104775,11.892608642578125,11.91390425919539
624,11.832794641284046,11.83810141057778,11.835785183460507,11.796573845220845,11.859322811782315,11.887493133544922,11.856393378417676
625,12.511336479108767,12.506185808045988,12.506279454895239,12.499765532945087,12.529438962701478,12.527616500854492,12.491745395956778
626,12.037907166837016,12.037565363398306,12.038478081679104,12.064253539240111,12.005013852941133,12.112236022949219,12.051288480238856
627,12.24772059858738,12.251239553784544,12.251317351716244,12.10451571250876,12.278779216731762,12.239724159240723,12.262586314947821
628,12.051254143899467,12.061232117960905,12.060714990055857,12.01671800134046,12.01318903684814,12.024445533752441,12.055093344759
629,12.767200810874153,12.77688074931864,12.775437562416215,12.758567898244507,12.881615367099633,12.863326072692871,12.849880674072548
630,12.304904657071736,12.309764289508426,12.308805612305898,12.32282010518555,12.237003290705784,12.26733112335205,12.2588881252736
631,12.199127404413991,12.206413922126503,12.206288004386995,12.197537807692658,12.226027386637318,12.20141315460205,12.213952386739036
632,12.233338049907113,12.235662297334523,12.235614973829191,12.242962718416013,12.297785215425744,12.300625801086426,12.326665778012101
633,11.95345561091265,11.968022403709028,11.967284304544792,11.971361533725567,11.959453813479675,11.921245574951172,11.922705851459225
634,12.380814659027731,12.386093981343814,12.386708303444294,12.41079340388418,12.400480854687302,12.355716705322266,12.355022562238036
635,12.385375312027884,12.379767464157778,12.380402844125399,12.337296867419404,12.37297717475617,12.392465591430664,12.319023136557533
636,12.225480487594101,12.22531787212545,12.226368937646736,12.04465988799008,12.116197249440429,12.169920921325684,12.219367062651703
637,12.747863896419316,12.743891270871593,12.744320038380858,12.80014183472492,12.872304073962018,12.85251522064209,12.792831477089686
638,12.322120226530563,12.322461883959523,12.32264043532053,12.350059990409944,12.40235000197171,12.353815078735352,12.367338918651678
639,11.877239090920787,11.900858249476896,11.900177354837659,11.664622475657357,11.702776169312,11.813909530639648,11.871927023968098
640,12.36809307177643,12.36811717878304,12.368545079075762,12.384426800428038,12.349641790613484,12.341650009155273,12.361234967791702
641,11.8997390935935,11.864345620373921,11.86758321894795,11.957796763123085,11.945515063919705,11.902462005615234,11.882143386366518
642,11.974402149660488,11.973769401003107,11.973118434064595,11.955239322318816,12.063556915109045,12.045273780822754,12.03330932868722
643,12.472935477627438,12.482068921212447,12.480409413172941,12.43958767960986,12.469694926563708,12.455754280090332,12.485687823986751
644,11.925720860663342,11.926712667255387,11.927150272014057,12.051342000814325,11.989039093219908,11.995208740234375,11.966194296880332
645,12.4209545283551,12.425803853678362,12.425850345364992,12.441687850837834,12.274245512883317,12.304139137268066,12.328453151603874
646,12.320861814478713,12.318684811721981,12.318761209496774,12.303109065364298,12.30446265098508,12.312725067138672,12.301008624536124
647,11.750794024604811,11.76652249930759,11.767287614427364,11.781330740783725,11.79557741038734,11.754620552062988,11.74138975217635
648,12.315402187214216,12.310252279678865,12.310384495636175,12.173856589662353,12.338399485374445,12.314056396484375,12.342081246810707
649,11.96915840450596,11.972436640676548,11.971406514233827,12.054025979860882,11.977404184228673,11.958637237548828,11.928224146001925
650,11.662013531290436,11.654194384247386,11.655013809146844,11.755418154786362,11.676722684283197,11.668806076049805,11.697463178093143
651,12.297862909180466,12.309959290485558,12.309708210882416,12.244450070370764,12.41486110782563,12.380304336547852,12.358845711745
652,12.754942653478434,12.740772028483415,12.742524688636633,12.803486585062677,12.814341476252938,12.802528381347656,12.767390528702178
653,11.930798897754459,11.922099953415646,11.921928672469829,12.116976133224767,11.900202570720795,11.93843936920166,11.911378662266404
654,12.429309043413937,12.423794754556678,12.422803071580814,12.346015416305274,12.429684157406916,12.389259338378906,12.444754456200387
655,12.247305855308301,12.237988859416221,12.23905657651765,12.214263140463794,12.263018713914205,12.266708374023438,12.271084079906569
656,12.363731974008322,12.376270491065775,12.375785364924248,12.113438913066142,12.258660362806374,12.297624588012695,12.283521155423713
657,11.989783668617509,12.002131054584972,11.998200883109497,12.000661742434357,12.102432188964727,12.088482856750488,12.114878414394374
658,12.219595652832256,12.227102838778288,12.225288309222774,12.28572709783968,12.274500939746348,12.274356842041016,12.30405997056372
659,12.281337793636359,12.274123619213603,12.274650840797358,12.296513637949314,12.379240039330792,12.329573631286621,12.295887221001994
660,12.910394426593028,12.904010618721305,12.90528838602811,12.888739275769588,12.886903150497481,12.82519817352295,12.824784902641124
661,12.037995813754488,12.024144925899884,12.024562570000441,11.99520721226275,12.112065130078014,12.02395248413086,12.012747744597316
662,12.18051903563238,12.176625882356163,12.176605747125105,12.22260694536371,12.23302781677047,12.22231388092041,12.224382799130403
663,12.303174375349007,12.284285196661163,12.285717681205128,12.262424136363494,12.239649752545743,12.250869750976562,12.200065985722695
664,12.30690696909445,12.30968460695513,12.309827137178063,12.272669601589955,12.256905844594574,12.237394332885742,12.216762623012954
665,12.33433813217917,12.333907925318874,12.333991142788257,12.29624725030437,12.335620667729607,12.273197174072266,12.318388265550032
666,12.486193979180577,12.495598150812455,12.495190561778246,12.480620601582189,12.458570119383443,12.493829727172852,12.466000008891594
667,11.880195739706725,11.881331867724215,11.881703041857943,11.970520403233536,11.923443927224595,11.884227752685547,11.920385071293303
668,12.513054723113987,12.511368977478218,12.511471085864008,12.817127018896562,12.40972629016836,12.452692985534668,12.510848065653711
669,12.031016081467016,12.029154454226461,12.029058115655502,12.041228487099005,12.092052047842403,12.079557418823242,12.108010862329593
670,12.410767868215848,12.407861800535915,12.408724065249972,12.384512608087995,12.375899180973677,12.381803512573242,12.384404995146841
671,11.635644495014079,11.6500045368605,11.64502262735399,11.706246716497114,11.74549503903131,11.706979751586914,11.694482998550264
672,12.00803600645604,12.004242829871172,12.004250394179248,12.221794193822182,12.068306386808352,12.054789543151855,12.036937687702594
673,11.808139678499794,11.796490381188004,11.79649999575305,11.821666985363052,11.715200649145606,11.688657760620117,11.668179886184506
674,12.041778206856852,12.028792417043668,12.028084394700471,12.08118089583667,12.160027987839907,12.133489608764648,12.11878406341008
675,12.00097604587784,12.02973392206859,12.026363070689666,12.057774924895828,11.977362550973288,12.088539123535156,12.019654457014028
676,12.57286228540198,12.562656198959308,12.56356972286992,12.558838681453954,12.591625731344724,12.553561210632324,12.57913761849966
677,12.826595137463308,12.828118665618414,12.827927866696154,12.82579816689595,12.979885604636983,12.967697143554688,12.949359975467443
678,12.341547054191384,12.354450703709436,12.354337461996774,12.37805306312443,12.408729738337339,12.381778717041016,12.418790641471874
679,12.007658867163435,11.996951693976422,11.996994684528733,12.014403769581715,11.938043771714788,12.013118743896484,11.977613503548406
680,12.445809842948348,12.451333688922665,12.451526461833712,12.42193068196938,12.42672874115384,12.463629722595215,12.450663930667478
681,12.838824686858578,12.841093465042833,12.841328733557788,12.840685103656229,12.804765269689453,12.822616577148438,12.830741971981022
682,12.504277015830018,12.51567081154183,12.515693615176675,12.383369196267166,12.456472676275839,12.506366729736328,12.493829708073529
683,11.978108461530857,11.96082479941732,11.961353009545643,11.92291779627667,12.027647269273142,11.974695205688477,11.932853457059002
684,12.29206171848127,12.293528744121073,12.293320881689581,12.267302420067907,12.281883067311991,12.263955116271973,12.274614805700127
685,12.581471720545382,12.588718570829869,12.58885137403849,12.340829751129412,12.541210609203711,12.497403144836426,12.514885068614783
686,11.933067954542445,11.936785310793187,11.935745694188617,11.922646142045794,11.918071285803313,11.937848091125488,11.935357964466238
687,12.41419907137534,12.410542667796008,12.411678226113205,12.40240077889316,12.321240039106167,12.349265098571777,12.330434462523616
688,11.824405412308195,11.821875144795678,11.822156433049928,11.851494179827707,11.780788356232243,11.748956680297852,11.70472871987794
689,12.595930796900983,12.614419023519794,12.61264413471979,12.574845758108102,12.565889142600208,12.605100631713867,12.633934056203008
690,12.588772793728886,12.58491383847441,12.58556272678145,12.605562367441747,12.618505482752246,12.605875015258789,12.566089695210902
691,12.091533486695498,12.094632987363218,12.094173349914971,12.029583482241472,12.023440613840124,12.103900909423828,12.11461483049081
692,12.33500485039243,12.341865025579967,12.340737964256913,12.304905804327332,12.30459224204861,12.377117156982422,12.432600259261847
693,12.419202259324287,12.413943506057537,12.41473754022964,12.424774560335003,12.440441171246256,12.444652557373047,12.413113964304289
694,11.87688473301563,11.88281623173893,11.882916796073363,11.885101965295174,11.888643347148498,11.869363784790039,11.894683630276669
695,12.61690624989215,12.604874048032803,12.606183657216567,12.588244809795297,12.717391823092267,12.677986145019531,12.689836025394289
696,12.038996218634749,12.041143240121873,12.040558657087516,12.040856208688613,12.012768072215783,12.009749412536621,12.017009780310657
697,12.502529032327253,12.510358828784215,12.50958649665173,12.493514568186377,12.507520283882835,12.455009460449219,12.471143689578835
698,12.825136311938554,12.819434664697903,12.819483347680645,12.796012541893614,12.96561073818694,12.935546875,12.924604465185022
699,11.99821407229381,11.987885883287825,11.988142223840832,11.859128978976077,12.030228332789733,12.064408302307129,12.04434861550037
700,12.553946930393872,12.549258043294913,12.550085098540501,12.557219649405239,12.520482329064746,12.477826118469238,12.4541087942538
701,11.898767051868429,11.889230604165416,11.889080170699414,11.87084137959182,11.919345221224704,11.894120216369629,11.924694398130123
702,12.112044081528003,12.108471832517495,12.108722690056647,12.109532092253886,12.077168223257257,12.082023620605469,12.091106670997716
703,12.291178834515229,12.288898821495385,12.289082099651221,12.234564380906392,12.273438554933342,12.273479461669922,12.269813893508983
704,12.477383911241688,12.470578079254453,12.47071135320104,12.498036552199618,12.379742648485038,12.492033958435059,12.449657767827908
705,12.187445789258824,12.189232407913478,12.188884396590337,12.197103924503171,12.208251365140626,12.1898193359375,12.172062443378481
706,12.1607578623334,12.16754791764074,12.166777245515998,12.139182460382886,12.227316226098779,12.193686485290527,12.196598520462015
707,12.069870789866068,12.072988117187373,12.07299635604198,12.051089752811441,12.036998309670137,12.025603294372559,12.022243479083482
708,12.720427941554112,12.726370558381216,12.726343852312878,12.73988741165779,12.830485761537775,12.786531448364258,12.858213092121007
709,12.168864201036703,12.169168761857332,12.169014937504903,12.14712798823299,12.174800423959805,12.147313117980957,12.149836529935873
710,11.94573791765855,11.931493658518777,11.932414021872093,11.800175460280487,11.873719048276877,11.891403198242188,11.967314512439826
711,12.279853576178121,12.277762074049651,12.278776557989975,12.241738351923003,12.213587406579787,12.129237174987793,12.175167776846148
712,12.55368244113543,12.544771898559336,12.545241095131999,12.539676991084583,12.568604333374966,12.517729759216309,12.51878703200391
713,12.434172015711967,12.419019651152635,12.41956156671373,12.423786548625843,12.43906696778562,12.368328094482422,12.389819414740876
714,11.850095014913862,11.900639318042627,11.90016813960708,11.86223004040193,11.961609671101538,11.918876647949219,11.927292626091768
715,12.155257163041194,12.165353536799158,12.164843057140416,12.124350925321709,12.131263931752722,12.124693870544434,12.164964998713938
716,12.022974022676065,12.009688889740048,12.010133002338105,11.988584156550708,12.072360321704604,12.067045211791992,12.110546634508966
717,12.306872150711394,12.316222614752023,12.315861537308534,12.325442892529306,12.293522548740551,12.319616317749023,12.34233472434469
718,12.031638564318209,12.053874322096686,12.051126737516467,11.99605705421536,11.986767777420608,12.076980590820312,12.056553305802645
719,12.65619085341142,12.656919863616299,12.656612972069999,12.683630820326215,12.66288957609175,12.704147338867188,12.719852339445312
720,12.344144402379536,12.3463683813329,12.346471846146374,12.31578631727358,12.287872067006457,12.326478004455566,12.329168684731519
721,11.782190619086208,11.782670528284402,11.782923290315983,11.797681093484721,11.76612229290858,11.804170608520508,11.76927856436186
722,11.951214954497857,11.949700657250538,11.949563119855537,11.981379204353459,12.036751896544894,12.007119178771973,12.041330368090607
723,12.410016852105134,12.414644459264867,12.414694606435408,12.365887634626377,12.36617676371531,12.349278450012207,12.361204642291595
724,11.9913596138712,12.007814126092118,12.007382711159076,12.004665247808578,12.028487875604142,12.029973983764648,12.057300066843517
725,11.912198433400713,11.9242645204904,11.922882826516345,11.94202629956304,11.974418011153643,12.027510643005371,11.987206093915265
726,12.077537265510728,12.089248087719191,12.087949483485087,12.101809075446534,12.12193004783252,12.121376037597656,12.132759926771138
727,11.977085479306982,11.97816649366012,11.977652940424347,12.014387530780272,12.038018836179898,12.056777000427246,11.964966957322778
728,11.907842393687165,11.89883772831756,11.89951629902341,11.867493890092177,11.885107940575823,11.899856567382812,11.869363070846246
729,12.726880975862374,12.725120602446891,12.725520773670114,12.710830852998845,12.7573272461734,12.783863067626953,12.774484025635541
730,11.931254172515514,11.936968059285077,11.936343011055577,11.963626721647692,11.946191549597108,11.981444358825684,11.962220163277479
731,12.405886801821861,12.405446722268081,12.405269428332055,12.42527887230084,12.296553601715212,12.308691024780273,12.353219642169526
732,11.665894855655825,11.66041161305464,11.660495449331432,11.662343281940146,11.662512306505818,11.610427856445312,11.60105517351547
733,12.36243846299905,12.367994999869941,12.367582284906623,12.343745908860896,12.371528747011196,12.397305488586426,12.402963799489454
734,12.431787205889494,12.44419262723734,12.443150581299026,12.503012986399881,12.398205834353085,12.387688636779785,12.361347507033102
735,12.044651903272142,12.052805214037104,12.051565410485034,12.041458198600543,12.004209070609704,12.02422046661377,12.029386426893605
736,12.05239489946274,12.054452208190865,12.053743647433015,12.116730533519657,12.021532969589241,12.120259284973145,12.063060214826178
737,11.591931211511803,11.610697873296424,11.608342160144804,11.676721142800124,11.609725560134763,11.64566421508789,11.623679503602332
738,12.687460997864902,12.679164900891543,12.679573518517243,12.721655327989655,12.673231734135504,12.712878227233887,12.691284577951608
739,12.285202268265705,12.286475612378169,12.286744034553363,12.279592135997689,12.224711158040828,12.297998428344727,12.264099562727855
740,12.039274706819837,12.045335984373114,12.045278481054329,12.000806217889266,12.088926178153955,12.079132080078125,12.08287013100122
741,12.48734990215017,12.48929910023314,12.48921169548034,12.508553716969349,12.431985810541404,12.443329811096191,12.438239270612115
742,12.535646362229308,12.532823238222429,12.53302934714782,12.407067207082244,12.582581491452494,12.436478614807129,12.499824532544336
743,12.06770209590079,12.067936112065334,12.066854867829523,12.091018320014197,12.173832449857493,12.240371704101562,12.258954455134461
744,12.23782676086809,12.24699881616789,12.246393186646962,12.233057261945747,12.16023809777609,12.203268051147461,12.245123874891592
745,12.528813499021583,12.525371208584327,12.525727436594243,12.542248725729117,12.527279891745822,12.519237518310547,12.511463116418414
746,12.865388348897548,12.859208595545088,12.860495703013441,12.851375118462217,12.874568707254308,12.885770797729492,12.877730121184708
747,12.034578749440993,12.03901805645832,12.038988203574837,12.010371551734103,12.021407300001652,12.071727752685547,12.06171388599746
748,12.27358891699984,12.268633126204803,12.269142509249283,12.259886210962883,12.243495380263825,12.264607429504395,12.25029098458523
749,12.208190431583787,12.206915922080439,12.206860649380166,12.201347560668427,12.219727973630869,12.214959144592285,12.169366527751704
750,11.87392213237339,11.874977531845426,11.87511674255322,11.951175132338154,11.957007541976262,11.890807151794434,11.925715241708044
751,12.160024522285633,12.17862958210563,12.17693950930949,12.02750060475021,12.14951048377381,12.058670043945312,12.197811049880555
752,12.013951627808126,12.019514354137723,12.019842613800188,12.00061414511619,11.984328030754101,11.997349739074707,11.993469381849765
753,12.208576058218048,12.207076957957318,12.206823778102555,12.21305559203305,12.248893493592584,12.283208847045898,12.302411928706736
754,12.057830189087358,12.056233847659941,12.057112681567636,12.101820881584429,12.003125744995213,12.07140064239502,12.069221255183523
755,12.164137566083019,12.158460109313628,12.160099855578904,12.207936006753965,12.063556158873444,12.131704330444336,12.097965350353698
756,11.857323370179127,11.875752344923008,11.873754569639654,11.89560393228279,11.952739257057681,11.940025329589844,11.917878428125217
757,12.443665900120035,12.444810735565357,12.445057542458688,12.443027384876235,12.478888044800243,12.46157169342041,12.500306936063218
758,12.36567629285983,12.366473222726462,12.366685530403078,12.370595799212332,12.341446561206174,12.319558143615723,12.320361758503976
759,12.327091078556567,12.321344552912716,12.321678012546055,12.309177991409225,12.291581002658612,12.279963493347168,12.281463888823351
760,12.310098694488003,12.307050873338854,12.307830392365373,12.29723899242221,12.294153090301206,12.3037748336792,12.298640268980293
761,12.274811464717517,12.286251800110207,12.285489355242579,12.267868462809188,12.27772509073724,12.28963851928711,12.302007561340135
762,12.300046646644185,12.289655146517516,12.291258683180235,12.298772009475808,12.271291189870535,12.303099632263184,12.323717506431791
763,12.326801085085293,12.327114445552068,12.327171190545817,12.318960040568195,12.3232010881516,12.320318222045898,12.321429429209054
764,11.834593836082062,11.849854818917626,11.849146169976915,11.796784265337593,11.895038075730596,11.918536186218262,11.873196818752282
765,12.373257968499766,12.386621881334074,12.385089129778018,12.43278689907811,12.32355674156173,12.393444061279297,12.322715603052968
766,11.64744392624152,11.672886833207578,11.671930686233761,11.621733536083637,11.745061876995258,11.592853546142578,11.540654911807716
767,12.104504121433319,12.099027459157528,12.099679808864243,12.10194199343358,12.103550135623,12.095609664916992,12.074631123044782
768,12.537038865729372,12.53535755657255,12.535056088819193,12.5508717077603,12.539413182069378,12.538265228271484,12.55294305382676
769,12.000933677843907,12.008158435837776,12.006842816126541,11.982572498381346,11.988887340163622,11.988189697265625,12.002428830607855
770,11.963819407818484,11.96356453231044,11.963794876088329,11.993755846165556,12.043330953126482,12.042877197265625,12.037207235605674
771,11.810440115260874,11.80007360467005,11.801850678580298,11.800720926007957,11.775831860472032,11.752581596374512,11.730878467602716
772,12.629752335547225,12.618994334757547,12.620022130556986,12.630825069072127,12.544716907828017,12.536002159118652,12.58910084092059
773,11.985033996298984,11.983955756711277,11.98355856896133,12.071945088090983,11.968076811949572,11.975831031799316,11.97399433459854
774,11.98777018653378,11.993066169536455,11.992002226212922,12.03880321733514,11.966386275782224,11.980871200561523,11.974425489104917
775,12.242234526947332,12.227104513543388,12.229248429638487,12.106917781462753,12.261708498078194,12.210647583007812,12.250420016291766
776,12.134045535257584,12.145458333039347,12.144694567405123,12.167164913266975,12.127075999072407,12.16119384765625,12.172165790694107
777,11.9756797105844,11.974995995050756,11.975140432876781,11.949868294752825,11.879690436899429,11.88684368133545,11.935093583953508
778,11.681177753682762,11.672452644614612,11.67116246806834,11.708060936214721,11.818946795881496,11.717657089233398,11.686353214008914
779,12.747545368571005,12.74341227857485,12.74383508497973,12.774075746529729,12.788711933685807,12.84394645690918,12.767890708732008
780,12.163980227499746,12.172176369431455,12.172135117490235,12.199107417924814,12.225185599388055,12.19518756866455,12.203259680512094
781,12.56936068168412,12.567692389098273,12.567930071333013,12.576075107748368,12.535779136432776,12.55213737487793,12.520213645845569
782,11.93108247418489,11.941060716078434,11.939994139378845,11.957948612848035,12.00116418918985,11.9859037399292,12.000534879843789
783,12.203142709966505,12.199973283662539,12.200164307142968,12.060690512896558,12.207374837602012,12.22612190246582,12.225195678049738
784,12.016514790752918,12.027704229009133,12.027077093893766,12.06115510692112,12.074505954596857,12.049154281616211,12.053168796963805
785,11.887324733872369,11.882809025768129,11.88206992314114,12.22284623858481,11.87559709653126,11.943556785583496,11.911693261634461
786,11.451640719895188,11.441111353908916,11.44155530807114,11.464558655428693,11.554191737205121,11.452546119689941,11.53403775722875
787,12.276784049361204,12.276010257624183,12.275933557559531,12.231738971840349,12.205219239041007,12.267379760742188,12.25169144485912
788,11.910622610862493,11.923468190210071,11.923777659200029,11.910337366485784,12.03044330195728,12.00633430480957,11.97707843404097
789,11.783901147995445,11.78595910601837,11.785659281962102,11.760383817029922,11.786683742193881,11.788774490356445,11.735805132393946
790,11.936991744581812,11.936155714050571,11.93564481031125,11.939009730661478,11.901362829700288,11.856110572814941,11.853463039049625
791,12.012658746181211,12.025783030144579,12.023288454474926,12.044912370354512,12.064267141413929,12.0477933883667,12.071937639159637
792,12.148515205817883,12.154417974733953,12.154102442016576,12.136073421111742,12.143288221326388,12.10773754119873,12.1047138460616
793,11.819515675911523,11.82274320532871,11.822993972329702,11.887677218065821,11.722263733530976,11.672089576721191,11.626121762437371
794,11.805148595332021,11.810953130311324,11.810101644420975,11.869115214955178,11.786069544006965,11.76124095916748,11.76391951352436
795,11.848272446994311,11.835654874737886,11.835587886279367,11.915430927753203,11.952197108352209,11.913763999938965,11.875801723190458
796,12.127762586965762,12.117419232529285,12.117479841036364,12.128328814127343,12.260056030526275,12.225420951843262,12.228289276561704
797,12.210830713790486,12.187990938476508,12.190547783906906,12.246274456798659,12.253015101224436,12.264063835144043,12.251561226533257
798,12.924033544674593,12.921109438084407,12.92176129564142,12.882336498168888,12.923443708314258,12.934075355529785,12.956598155768551
799,12.701689715684537,12.716719675530971,12.71564888075298,12.699904468769219,12.677909871285227,12.69276237487793,12.639422684426012
800,12.660210230002331,12.65928241028139,12.659308802350779,12.644384594531479,12.716718400251722,12.728071212768555,12.766508846626069
801,11.899936353995356,11.913368329429062,11.911029744493419,12.052458018993528,11.886158797896032,11.867260932922363,11.839982659855504
802,12.406742360937994,12.377297337572431,12.379524758849007,12.375572377845922,12.350129348682591,12.30970287322998,12.301006593025196
803,12.235560213732246,12.232608068342163,12.232947763473335,12.228351930692606,12.2857159236553,12.275123596191406,12.256574183603917
804,12.5715913003081,12.580206246808924,12.580193555708373,12.524320435124036,12.448084959565128,12.45605182647705,12.479713500779264
805,11.776851846150292,11.776775905775647,11.777211344289611,11.807336990841684,11.780521274155209,11.760843276977539,11.780257833753005
806,12.025631192051497,12.024164019172204,12.0225482063287,12.040407955455413,12.114114312672827,12.086440086364746,12.112756203342826
807,12.515028634574417,12.521220214489578,12.52109177680853,12.551838352427692,12.535125260911995,12.562796592712402,12.54555666659629
808,11.878177407829742,11.888167265262135,11.8879291078123,11.916278627335263,11.884362816888933,11.873052597045898,11.879079414677893
809,12.006045374517516,12.022553499954192,12.0191196572425,12.003915072151536,12.028831375575464,12.031060218811035,11.991101157801586
810,11.927478371138344,11.924304840483076,11.923423402260429,11.971929351880505,12.029953873416455,11.99544906616211,12.006036242776917
811,11.977091736104123,11.9803034826939,11.979643449026902,11.979403931456236,12.017278619180045,12.018876075744629,12.030696498848998
812,12.454016303323925,12.451992634604919,12.452879187848051,12.424058909225558,12.436431532106804,12.444758415222168,12.441144290144022
813,11.873173194764316,11.879770469818872,11.878942134142024,11.8809914924433,11.852845839930502,11.83527946472168,11.853035547018223
814,12.178591675710443,12.184952609218417,12.184081870123954,12.19156470640915,12.226121265399218,12.21192455291748,12.193306185801683
815,11.87563187809795,11.871566740228637,11.871628983445511,11.860059663635411,11.915414860735458,11.927766799926758,11.89195883255735
816,12.10207941687085,12.100445602083132,12.101199495970459,12.014391720485031,12.041059705945637,12.101902961730957,12.077660462135622
817,12.319076155026378,12.312138727278198,12.313186341737902,12.26655371353258,12.260112801725942,12.279284477233887,12.2809417882613
818,12.487736815619348,12.485425736375495,12.486910605420658,12.46408891442733,12.403948535904854,12.400307655334473,12.44169602347672
819,11.963680529063785,11.961162071769772,11.962030672466383,11.94276581253963,12.027535050812851,12.003769874572754,11.978644338252476
820,12.11335738487257,12.127575378758628,12.12699470076332,12.104862019311867,12.156061558962302,12.180878639221191,12.183045130947232
821,11.992950235297515,11.987354676257066,11.987851040083257,12.132136015950934,12.046274343167502,11.975932121276855,11.988426286250684
822,12.281791291853617,12.265022922788233,12.265343905996355,12.283109445551753,12.244875322545212,12.260032653808594,12.261148761418452
823,12.066179407107612,12.060763689904917,12.062519305436682,12.072353473117083,12.092062266552485,12.103890419006348,12.124556287810622
824,12.387147023218667,12.390267641620643,12.390283576152136,12.396339686069794,12.265838284040896,12.3643798828125,12.350595992646054
825,11.811427915919406,11.82249632314466,11.821177004469632,11.788088027281415,11.945814685419448,11.911397933959961,11.949004257197153
826,11.46264364696228,11.46915237258246,11.466812535285156,11.50827766561808,11.548434536057766,11.527572631835938,11.584280366402979
827,12.54219488188784,12.540362893189755,12.540828471536212,12.526224361894045,12.531503039534057,12.561990737915039,12.532888912121402
828,11.816091200484452,11.795302688477573,11.798179691880858,11.739672298219208,11.631455153944518,11.568550109863281,11.571339040099845
829,12.113393763990324,12.095367012592547,12.095857557530083,12.137362370732053,12.140351836132533,12.093947410583496,12.103865812764148
830,11.993267799345954,11.995684681115236,11.995510078904536,12.018681985961198,11.993211584907842,12.009376525878906,11.997626950687762
831,12.559488868500473,12.570752291588084,12.569571798414145,12.524006620537255,12.613244756877709,12.599504470825195,12.633013552925242
832,11.924960070650169,11.951821399481563,11.948914873713893,12.183170539868104,11.833650941892708,11.867692947387695,11.834808188910028
833,11.610649735887128,11.627180538089199,11.625503415689307,11.786479817280515,11.686972432925831,11.688284873962402,11.644065002371356
834,11.932847301214048,11.937275120832904,11.936588868092867,11.952467830342602,11.92120880914483,11.921008110046387,11.943731787080543
835,12.110364814163397,12.122781932969213,12.121420409779837,12.084744901560493,12.192513887994497,12.191129684448242,12.199700211975449
836,12.276109974706955,12.267512939462762,12.26787801780794,12.229453184475087,12.212577560219913,12.238333702087402,12.243676177325773
837,12.397577386181887,12.396917821967127,12.39702834796704,12.400379152238097,12.414852376570037,12.416510581970215,12.395725369518926
838,12.309215398832558,12.313115515955825,12.31243066216739,12.326057387561233,12.256763911801826,12.268267631530762,12.247629315594295
839,12.015213775204577,12.03235844677859,12.028581408401344,12.107095391109283,12.044607403744175,12.127119064331055,12.1289094179595
840,11.718603366574875,11.730402486069138,11.729115258263255,11.827997150971742,11.772154103393069,11.767826080322266,11.684992419485956
841,12.046412591449599,12.0400971489667,12.040208672569223,12.030061533856225,12.019192398165929,12.006631851196289,11.999165142564712
842,11.701661945438993,11.670723582232124,11.67310184462478,11.649705990158852,11.59510586698012,11.46362590789795,11.504623074925515
843,12.11288052467012,12.125033758947263,12.12357153359284,12.115722578763869,12.078564191207892,12.150218963623047,12.198927183556613
844,11.944834190828946,11.958857511150743,11.957110160079102,11.95514403620979,11.980509203573439,11.990163803100586,11.962231474013103
845,12.032293829986783,12.034801958717383,12.034987809551133,11.994985094645475,11.985285194337358,11.982573509216309,11.977498239701879
846,13.028805051076938,13.01902622535425,13.020704956694683,13.090888944437964,13.102662032693459,13.063573837280273,13.084530304059934
847,12.343881364706355,12.345943194169806,12.345749719754874,12.350681187464776,12.455978159487104,12.384003639221191,12.41473879280504
848,12.416815764306735,12.419184701812267,12.418758645731373,12.082676100919741,12.376038370256413,12.432755470275879,12.401444634274393
849,11.893746502554475,11.913275041080123,11.910517080512554,11.845834410288614,11.901885801291169,11.93159008026123,11.897359953916244
850,11.91798270877929,11.920518492496187,11.921726370666946,11.904987632804895,11.81213759535004,11.801779747009277,11.76838099411475
851,12.112350575080873,12.123387874531316,12.12020140662458,12.054733694732839,12.155953665261771,12.157065391540527,12.232155441589663
852,12.146477599685763,12.131218540433355,12.13329598909599,12.200101432397842,12.067986749774512,12.08457088470459,12.105480347586871
853,12.458080567548087,12.478368686995207,12.476548057329422,12.48142380482494,12.474338571196004,12.469924926757812,12.45189624195751
854,11.432306925744514,11.426231579543158,11.42696934146734,11.678844216974776,11.422590684390034,11.421918869018555,11.440668007320342
855,12.065502752257611,12.065106502973727,12.065138049906086,12.047665134363509,12.033457221333297,12.03789234161377,12.042356927325638
856,12.122992667691571,12.129205749391263,12.12893582198843,12.060472518627979,11.99606897452154,12.064276695251465,12.088206092084954
857,11.948209185873297,11.950077849005696,11.95064070051752,11.980681829297449,11.952764193991205,11.93222427368164,11.973091193024915
858,12.322914705368024,12.3159638353673,12.316202972149078,12.29352971755967,12.217071947816907,12.238334655761719,12.245539237547863
859,12.825195869474726,12.815360578276447,12.81587929396865,12.348124981141781,12.805845405044588,12.753863334655762,12.710446101239834
860,12.44770132722728,12.450387411033882,12.449538302384596,12.428618335551612,12.467665745612264,12.49667739868164,12.473542676677697
861,12.533355487705885,12.539943550537876,12.539073963502801,12.093124873022457,12.379414340253037,12.300731658935547,12.349727568619388
862,12.593865968568407,12.588749865417284,12.589683490258249,12.580099499548464,12.58190857631545,12.559826850891113,12.597048001050839
863,11.726675260097682,11.730364526331057,11.730132722508552,11.729540940494319,11.65101631323299,11.66830825805664,11.629581472479886
864,12.722818261905807,12.734840198404267,12.734762202035569,12.648955422138028,12.645829708155665,12.636938095092773,12.648629135638542
865,12.308794230993017,12.300936037085561,12.301161536120695,12.103376001754219,12.277581297648688,12.263195037841797,12.24649743079873
866,11.730240416928204,11.734959992243569,11.733468945963919,11.827347664740827,11.802601887610837,11.738224983215332,11.735289376097931
867,12.3046696573676,12.30988105257112,12.309830029926102,12.303348956227524,12.270990132419112,12.33659553527832,12.307143387063277
868,12.298409338856288,12.300174719494402,12.299368024400016,12.311697927496201,12.37584201484295,12.288750648498535,12.302447233474057
869,12.31586162153313,12.306976610955429,12.307927968233813,12.251613827912474,12.25203307649663,12.235512733459473,12.234958769612193
870,11.957211761054275,11.965644078156977,11.965254155220064,11.959017041982818,11.991707720895548,11.982933044433594,12.02188836930873
871,12.114383252519294,12.107883751976333,12.108419829146117,12.027900025795587,12.102092907935512,12.16344928741455,12.105087070879573
872,11.994133647612356,12.002496896343802,12.001450970084647,12.010741632657233,12.032645481296187,12.036191940307617,12.04656168961928
873,12.561315576200423,12.556122689039599,12.556999363591954,12.54050403946659,12.511241702743161,12.51297378540039,12.488962381543564
874,11.80517624722919,11.799600394922212,11.79935455945891,11.751751643100544,11.822624149145371,11.833952903747559,11.825644842895041
875,13.081997599913151,13.084623117155102,13.08488340453784,13.095730965877248,13.032746163331302,13.096732139587402,13.143799531770886
876,11.930552029151292,11.92881957271525,11.928496746319098,12.01398921557028,12.004488502821278,11.969123840332031,12.015262389546267
877,12.007911991890834,11.99727528652662,11.998715491027665,12.280757409399438,12.076507102328119,12.104225158691406,12.079684793080185
878,11.954058515964146,11.947865778914917,11.947984950418034,11.973682901705073,11.883172816957307,11.873391151428223,11.94647642058585
879,12.11911005089563,12.094132057677522,12.095104649294802,12.09393722560949,12.102502392062219,12.023906707763672,12.044611334623946
880,11.964218349550237,11.973370617789863,11.973463302759214,11.946028740412965,11.990825249494987,11.949893951416016,11.988879215221534
881,12.216121805678709,12.21881965923399,12.21815955469304,12.161346214649704,12.21883947511234,12.183088302612305,12.187687627420917
882,12.098036012808253,12.1168500283885,12.115962856567139,12.124776070357706,12.071789154392983,12.08847713470459,12.10680075469804
883,11.842251552775446,11.841748570495986,11.84136584068639,11.768775021726954,11.89537238094619,11.925031661987305,11.910764929787165
884,12.448910690339773,12.437762925731938,12.438629035411779,12.417718847349725,12.328183179909493,12.314146041870117,12.313978207342243
885,12.346405526181742,12.33447322418916,12.33556080298495,12.334740559820165,12.270058214462708,12.23744010925293,12.253247247338262
886,12.164413103123469,12.184941777888172,12.182696055808213,12.08638989170938,12.198793314574177,12.190656661987305,12.23883295548575
887,13.169957013903087,13.179371366806812,13.179772776425585,13.194007862657475,13.184586934138359,13.061529159545898,13.056226586016962
888,11.717950674802838,11.726177651797547,11.723720506653185,11.668803939115872,11.68031500630791,11.654459953308105,11.649253841481867
889,11.90524074645123,11.917781024440936,11.914005724733082,11.915402175004862,11.95125154235274,12.01962947845459,11.89775309728306
890,12.379901169252548,12.399131795267072,12.396906877725584,12.228462683624377,12.407225173520562,12.48075008392334,12.435689458989641
891,12.5129788645656,12.512860076594045,12.513416014899104,12.49203659821776,12.47588483034364,12.49902629852295,12.489618308048826
892,12.083656080389948,12.079374347819169,12.079922404326918,12.09822441036378,12.042801724492216,12.10047435760498,12.080417998468008
893,11.885186326532725,11.890547274196912,11.890356868797317,12.058392839218442,11.929115875066822,11.929688453674316,11.966946910505627
894,12.319834078435168,12.3173581214176,12.317337094939285,12.310306154387227,12.33781567942986,12.321673393249512,12.35224893888214
895,12.276488744105002,12.275714505329956,12.27596359103293,12.253811110302001,12.248298413233423,12.281904220581055,12.286384242738286
896,11.98711862967064,11.99815125063455,11.997487067853367,12.008338482120118,12.005122449233705,11.995100021362305,11.996880305292988
897,12.097269094608793,12.118692441329367,12.115318236528964,12.05474484113214,12.034809469091101,12.058510780334473,12.104882536611145
898,12.438586154944057,12.436472703405746,12.437132386589585,12.35415980553579,12.367754027296852,12.400564193725586,12.423757750528699
899,11.463602797154149,11.458588205555014,11.458520708482176,11.653873331390075,11.426411716444672,11.385295867919922,11.465756509263414
900,11.978249621462833,11.973976452071746,11.974078225890997,11.929200579652594,11.994390460105299,11.97083568572998,11.927592503795099
901,12.18170360548468,12.189434354952235,12.189051039556416,12.280793602051538,12.272053883503,12.125990867614746,12.198108136263484
902,11.768729527294896,11.783658841524078,11.781597069261686,11.801504056506298,11.816180324848355,11.863512992858887,11.850978412505194
903,12.608950615188979,12.60534828172478,12.606013147670584,12.608565388349993,12.611441749915667,12.599137306213379,12.598518771346402
904,11.980586293425514,11.962721211504588,11.964069903732547,11.933436486584638,12.078696677368653,12.035784721374512,12.058055755824181
905,12.045561551217686,12.038241709764991,12.038519678084473,12.040315801527084,11.997962886047638,11.999897956848145,11.974463855623888
906,12.66846613628407,12.681987413947253,12.681201718309893,12.671533130687331,12.635313695924504,12.696599960327148,12.636729796100829
907,12.354939994750552,12.342334741550028,12.342276207793875,12.327129187428799,12.31072158235319,12.405808448791504,12.361929158177999
908,11.818708800454203,11.824084499605203,11.823617359440469,11.832016128455308,11.91937473369417,11.91806411743164,11.935810523305308
909,12.196106971441752,12.177222758793679,12.179427703130859,12.22508960511489,12.192788395374484,12.14936351776123,12.217926500436006
910,12.731631387105201,12.744903071264448,12.744522126194113,12.721378334935396,12.835041161292217,12.817407608032227,12.80331713669502
911,12.192794478484405,12.190534567280467,12.19012627080246,12.187875190424576,12.232806943434033,12.217391967773438,12.242329757766745
912,12.267876646264988,12.27141873531247,12.27067287338414,12.200975170146332,12.190065872402997,12.18385124206543,12.174082126188091
913,12.230082501077296,12.236819306378559,12.236516719729325,12.218057409135225,12.217067722136763,12.281694412231445,12.265210884060847
914,12.150833286006824,12.141248445002356,12.142006253853708,12.193072042384845,12.144596863247381,12.072502136230469,12.091437496971427
915,11.535022210160665,11.527593264640771,11.526353543733553,11.816110088316846,11.657381741412511,11.57208251953125,11.593591838948695
916,12.766595347507486,12.765582678205572,12.76576107034447,12.789691799023169,12.759466150122499,12.768122673034668,12.822469401560431
917,11.862595450245088,11.868078281699487,11.866724905582704,11.827363708767624,11.853771765330347,11.824854850769043,11.88159784247626
918,12.340028200730316,12.346792144775184,12.345979242564342,12.309493483267818,12.311359190686971,12.344688415527344,12.34543920512367
919,13.012035206119041,13.024602455404308,13.023733834231233,12.77661664425745,12.86750105791295,12.955798149108887,13.012841669884365
920,12.319733509367007,12.322070419788966,12.32170994614324,12.327483062561104,12.325363110189572,12.313179969787598,12.326265688081014
921,12.353881259311752,12.36464381286072,12.363604927666639,12.350209583622457,12.4076265997276,12.42080020904541,12.369726394809183
922,11.971329324932949,11.981286742542183,11.980654361932487,12.076109550441434,11.897266807475662,11.910528182983398,11.843067628463068
923,12.404915126898748,12.400843466074626,12.401092437587437,12.37509974860298,12.37545811572549,12.425799369812012,12.400167263722727
924,12.113293022979414,12.135528657985217,12.135034211928632,12.1285248118491,12.133083315264717,12.109121322631836,12.13208702872695
925,12.436826400482778,12.43964919046618,12.439184682946001,12.414203892670557,12.428607472159092,12.431761741638184,12.43213674363712
926,12.100907647083183,12.097093508948335,12.096665856291594,12.050221173721084,12.179334394101794,12.122566223144531,12.147063218152141
927,12.240755960793637,12.228663793331782,12.230213670316976,12.291810765851398,12.252784077182902,12.258553504943848,12.239093990431194
928,12.470111029046823,12.473531910506228,12.473066399685958,12.448711000141536,12.449815485667111,12.466106414794922,12.475765985414958
929,12.47095139830793,12.471943873984719,12.47197760974363,12.46449076792538,12.432663432461055,12.495379447937012,12.456196475463406
930,12.405064680366284,12.408951040281945,12.409812260228763,12.418300392630378,12.413631639915621,12.376155853271484,12.408282897076777
931,12.052435718549319,12.05093231281254,12.051660911775983,12.073473293717157,11.977225002862594,11.982112884521484,11.971221667849951
932,12.051177048885322,12.049198169988143,12.049727738802392,12.04934436908025,11.994264217095882,11.992012023925781,11.981163248169741
933,11.861636988945364,11.860992201643619,11.861669764993357,11.93380258348276,11.872036543076188,11.922842979431152,11.936196465203324
934,12.498330129983978,12.49383935186978,12.494065116569683,12.46607111920632,12.481350685286305,12.47692584991455,12.46590768822345
935,11.929003850685982,11.930730766280561,11.930302569996902,11.960269463665776,12.037446068397347,12.011734008789062,12.050407660276628
936,11.70622289003847,11.704236679068998,11.705114352876897,11.670265019682516,11.736979288787163,11.751286506652832,11.783330602643431
937,12.774770828023966,12.773462532666738,12.773607756096256,12.77587459124772,12.791323648392446,12.861753463745117,12.83585416460625
938,11.353846516290863,11.34760438999991,11.346677959920747,11.367578755934577,11.322550558017275,11.334186553955078,11.393904298399743
939,12.738430433492605,12.735035404638044,12.736160145534484,12.752472255226225,12.815057680578727,12.82219409942627,12.86243123278679
940,11.843790449665208,11.864203517710184,11.862214165721502,11.898491561381626,11.880038922083049,11.8839750289917,11.87037269479296
941,12.060125861628126,12.046699754832048,12.047066511020647,12.18031742943413,11.970876416500662,11.954713821411133,11.974936886460918
942,12.044061149575557,12.034068842511884,12.03410694405579,12.112167033018867,12.006878270248905,11.990493774414062,11.961740728210629
943,12.048983572016136,12.055859943555467,12.055100926105776,12.042565594106218,12.0582346779249,12.092327117919922,12.095801325225976
944,12.153613531405098,12.145456475234178,12.145865767176458,12.162490224738583,12.119083681010768,12.110742568969727,12.170597161407429
945,11.945159779004152,11.929813659844536,11.930895148829146,11.894939680220231,11.926507405800535,11.89731502532959,11.902328081057826
946,12.076703158424458,12.066007597719732,12.06699930961635,12.098702904730027,12.071505751379235,12.065105438232422,12.10765320326263
947,12.426671948353253,12.413351253831566,12.413563952165017,12.437860533225365,12.454518261030644,12.306188583374023,12.37182909892982
948,12.134265429263479,12.147367215695025,12.14629774534111,12.190898764513292,12.100412263224376,12.128066062927246,12.162756343217225
949,11.813109835721065,11.794703515100926,11.794960263978215,11.884115978988802,11.897938724756045,11.923651695251465,11.87215728614117
950,12.303797434442043,12.30936934029471,12.308320429561988,12.16983858396944,12.178308008193918,12.166472434997559,12.195507532183388
951,12.219391196089347,12.212164818513324,12.213483553140977,12.284214440087533,12.24521502161681,12.232012748718262,12.22808664754872
952,12.373603736476047,12.374166563091432,12.374586949970618,12.366610750583392,12.326995097546078,12.360346794128418,12.347230764326333
953,11.9146194047336,11.934429936573597,11.931513324082173,11.96845269665831,11.921946390450401,11.936466217041016,11.974313410454428
954,12.057295877751903,12.066545386984686,12.065730059555918,12.070685930848372,12.030812252819942,11.954062461853027,11.946632215791693
955,11.946801571682402,11.958874001431706,11.957500901073347,11.907213032257182,11.99113212768877,11.962491035461426,12.047060482601573
956,12.002422233862305,12.014536737100597,12.014208035311167,12.046831706332705,12.026729902731022,12.049951553344727,12.067335257082492
957,12.474742400700505,12.475938162851827,12.47639784797215,12.464636118029588,12.47670692912031,12.467061042785645,12.494644958390321
958,12.139824771668835,12.138876854869247,12.138856681115959,12.161934363248468,12.135708331685148,12.122357368469238,12.129940194596864
959,11.519718525569358,11.520171067387604,11.521339383282474,11.532155751429368,11.559249962449845,11.539277076721191,11.508657237254058
960,12.604956739770564,12.609370530654589,12.610110049094576,12.48364650004008,12.569483612084957,12.549212455749512,12.542337162121997
961,12.123046378228489,12.105241515265487,12.105077972154282,12.00406888716684,12.059770423823693,12.07497501373291,12.05102017802056
962,12.183658225330692,12.17634963616765,12.175994985643182,12.371396117513944,12.273318938365243,12.212242126464844,12.245856438520851
963,12.298100583126288,12.29894051598519,12.299001455770215,12.326984519324075,12.327455628748103,12.319877624511719,12.335491386880978
964,12.28132261605722,12.253342416412416,12.254983680024601,12.237394627411527,12.369436373354734,12.376676559448242,12.40842002505204
965,12.437140221005253,12.42598247895943,12.427276764250449,12.45812719885833,12.464679777746381,12.387406349182129,12.442909848500971
966,11.83348585961864,11.828097294607339,11.828994356498967,11.313497397461258,11.909223960604244,11.92056941986084,11.90766064232447
967,11.872342233256063,11.87338841488329,11.873240155759248,11.906612160587263,11.903183610440786,11.914493560791016,11.878499060203
968,12.20028792703428,12.1951785196598,12.195725198646578,12.231850370628116,12.20392373660592,12.193948745727539,12.19396961839069
969,12.574535677637085,12.58261416513697,12.582570806173084,12.575521994280102,12.55327974844469,12.561488151550293,12.595219886072739
970,12.551867719346449,12.548798135396076,12.549280085221874,12.581335095663086,12.52052111355183,12.506789207458496,12.53029909974682
971,12.122299428065364,12.119389115196888,12.119498905141,12.074740740596434,12.138934175961388,12.13751220703125,12.166040044077592
972,12.079028281081309,12.08347968707606,12.08274772013164,12.079601373746055,12.075013912042781,12.050592422485352,12.050140745527955
973,11.790854366362002,11.797249171653485,11.796507942867692,11.7798964331154,11.73401462303117,11.737872123718262,11.733441567485434
974,12.00138434235689,11.984689894351288,11.987316869541838,11.995150095764764,11.98697123048593,11.995275497436523,12.003532101312018
975,11.970344903964978,11.971091293569662,11.97039613531354,12.011411462091202,11.929215669667352,11.908210754394531,11.952844525767054
976,12.566375078937897,12.561858891493149,12.562455566962598,12.554112715146896,12.466577104233448,12.490987777709961,12.550369507495382
977,11.912372666844993,11.881392911054732,11.883876932415296,11.855945584411721,11.940051050233581,11.887829780578613,11.874737411555067
978,12.671206373544424,12.67499399106457,12.675324357353423,12.674679669799588,12.641000376821575,12.65298080444336,12.619942393489445
979,12.480456263070543,12.485634694398703,12.485351393981006,12.496402567592174,12.471066072200237,12.48236083984375,12.463054878846048
980,12.355498697470747,12.340834025378946,12.341424780639418,12.320854602361278,12.263485728126861,12.333671569824219,12.338450867062603
981,12.78274906993562,12.768695369827528,12.77089099826193,12.810967302487644,12.753513845657258,12.737678527832031,12.761865879168845
982,12.196958008360314,12.191860982646114,12.192115154003787,12.132811523309822,12.111159885338406,12.083294868469238,12.1627375121685
983,11.946844506475317,11.974854213279341,11.975564729511307,11.954644406526203,11.885569010560806,11.877163887023926,11.883415398587575
984,12.87236770331382,12.870466626727271,12.870954404126573,12.993054793393837,13.007146050755452,13.00730037689209,12.953769798974413
985,12.050455568370253,12.061703597474265,12.061840780817326,11.98624136618802,12.063218560474057,12.079437255859375,12.08380127416817
986,11.943321981853963,11.926973540328007,11.926762291640204,12.12602013206767,11.987050217095254,11.975203514099121,11.944118135829182
987,12.240118215858141,12.256554434503396,12.25557108864076,12.246313269782407,12.188056667363977,12.260638236999512,12.205244435905138
988,11.881894962459079,11.881651252953082,11.881542314852593,11.887998121334503,11.881917732568375,11.894342422485352,11.895938018375789
989,13.158827856994849,13.165614822055044,13.165469260201842,12.500865542491503,12.705590616924006,12.717185020446777,12.70653919857171
990,12.45854597625962,12.464817929270666,12.464703743206318,12.422781924461562,12.427252088253892,12.459815979003906,12.453518941976386
991,11.95190867497196,11.947318794519587,11.947448706550581,11.976192476577193,11.934309647477136,11.9904203414917,11.981528619511874
992,12.129216922667542,12.13153779802607,12.132475378680288,12.218351344147468,12.114340431101011,12.123069763183594,12.131490010638377
993,12.390727654753162,12.386774258314032,12.387237708785229,12.313668857565588,12.393350930912934,12.350099563598633,12.355872121043571
994,11.886196392927545,11.897281092658027,11.896082197233435,12.044482368117794,11.896552874793175,11.88151741027832,11.91176107386699
995,12.856190277905725,12.854498693840391,12.854593085854638,12.865313355971956,12.83899450801383,12.839292526245117,12.929588518640374
996,11.934709857228512,11.93217238831971,11.932398747980807,11.934108323087678,11.977187978207887,11.978498458862305,11.999521804455364
997,12.466069462952643,12.466062154711409,12.466591892977952,12.428650505001613,12.459111860943198,12.412598609924316,12.434151308029374
998,11.981347284612522,11.972797212357339,11.974627375822568,11.983043364652705,11.972423092574006,12.007000923156738,12.006692519515957
999,11.774249640560587,11.779438594649287,11.778644869405506,11.749411627472401,11.754480722605464,11.763487815856934,11.773540575023445
1000,12.23105874364382,12.222120160869164,12.222485373894882,12.205426846751905,12.221625047647448,12.18705940246582,12.213134164380667
1001,12.347276224446633,12.346789879268275,12.346314407120035,12.296755469315057,12.274777431002276,12.29733943939209,12.315207717137369
1002,12.54488572764254,12.540781385378597,12.541423275698431,12.54664297790502,12.46175187665017,12.522878646850586,12.507571720863371
1003,12.571960765843846,12.581955905997207,12.581931088391283,12.566757775737893,12.562529925659964,12.59613037109375,12.651000378233642
1004,12.044559525933664,12.044255145149574,12.044667081184224,12.042043213383515,12.070537679351023,12.11812686920166,12.132707784700715
1005,11.899056530266781,11.9022548451042,11.900457052461526,12.09692884518478,11.964522188913842,11.943634986877441,11.920113219659255
1006,11.666376809914759,11.645824537200582,11.647664696507206,11.59687788039567,11.670651987515326,11.702381134033203,11.718133956358528
1007,11.834692406288575,11.834706302334217,11.836040534299062,11.819072402902815,11.835767850476653,11.841399192810059,11.828095895094842
1008,12.538919004392422,12.540756598982048,12.54082304281917,12.531534747499421,12.49715964023091,12.464577674865723,12.452237980132578
1009,11.875007370886982,11.877318099717527,11.875971927751396,12.27546628497062,11.864019548607693,11.905840873718262,11.865374680326294
1010,12.606186397774717,12.615070290530435,12.615024343209956,12.560031023723539,12.38233333806396,12.553121566772461,12.565356427175459
1011,11.625193363058944,11.621832891921802,11.621786710088148,11.594429806076711,11.53697660963333,11.51223087310791,11.551607829958014
1012,12.370732708535254,12.380570346457572,12.379642023885859,12.34964603804635,12.385639437313259,12.352155685424805,12.346309307540281
1013,11.908371202873997,11.906418562491345,11.906233613480905,11.967961288160694,12.014574998997569,11.96708869934082,11.970293772867386
1014,11.703882713057341,11.684299394033864,11.686210091967835,11.623696017938403,11.562584771022472,11.558748245239258,11.55567897337546
1015,12.169673457088278,12.163298035851922,12.162668628483708,12.274318532886534,12.124111581376988,12.066415786743164,12.091802808087243
1016,12.246478215660606,12.2377059674401,12.238558070152555,12.225592297241931,12.265963859462502,12.223897933959961,12.224445044803696
1017,12.394663884712216,12.388924817434676,12.38959629952369,12.36735728736775,12.345105102155959,12.349879264831543,12.348453673834308
1018,12.718822368825125,12.723832884853874,12.722981665182555,11.93063006470794,12.62859410917399,12.644647598266602,12.632473687955008
1019,12.131172299326323,12.121236407603256,12.123414557366704,12.199703863920442,12.093838292177853,12.063738822937012,12.079301650496458
1020,12.012986744725755,12.015505925260772,12.014801608170123,12.042664766764306,12.035773257147927,11.99821949005127,12.03335583956788
1021,11.633092107325712,11.611443122728156,11.613481047633805,11.736156713114479,11.59188460359336,11.594544410705566,11.545480564492554
1022,12.120167777548977,12.127340639246297,12.126579635172122,12.132726357413432,12.057931268428485,12.076555252075195,12.10225742802797
1023,12.64816334255198,12.64718012823875,12.646864529482919,12.653787611769147,12.72565005236724,12.678178787231445,12.753103933924047
1024,12.485408021445654,12.486596719069297,12.486679965019887,12.469434531060106,12.5311757399872,12.504359245300293,12.506319115404379
1025,12.034790722555357,12.036694485790191,12.036657020284997,12.043408754650482,12.151681657718312,12.147015571594238,12.170109758976977
1026,11.57937612408273,11.589524151520273,11.58887518916247,11.604597543540539,11.640808871732608,11.60713005065918,11.603539762342134
1027,12.596405991926042,12.571923915612334,12.574572590757722,12.553385205119934,12.588322258426285,12.575989723205566,12.564456093783795
1028,12.706891546202792,12.681493883401146,12.686564352962263,12.62858735775884,12.707412515067986,12.621770858764648,12.647274517014722
1029,12.45308168753984,12.465060022177386,12.464687198755941,12.448961997651654,12.377229138478697,12.4208984375,12.425809905819106
1030,12.271822647189142,12.263077530770532,12.263762222429882,12.28857898059037,12.25126038451342,12.221650123596191,12.236337887208817
1031,12.240700274972644,12.23169715294749,12.232035824688042,12.2156553364489,12.196767403253883,12.267088890075684,12.274035099750243
1032,12.75465424994013,12.741396017066664,12.742812952061364,12.800504436894009,12.768630986057481,12.874016761779785,12.857862613838106
1033,12.74924516928632,12.7470304402992,12.746798124289064,12.767454267835141,12.775130511717087,12.780275344848633,12.862031230939595
1034,12.078607008961615,12.077379545214775,12.077892195065202,12.084355700197111,12.058878882515785,12.052282333374023,12.027396660505708
1035,11.677730105925257,11.68638541090046,11.686369437053576,11.576234417477693,11.598283088972932,11.571940422058105,11.580285987116374
1036,11.803706189640478,11.78700590406131,11.785678627749252,11.788720850391636,11.732974661237877,11.827401161193848,11.879687183740742
1037,12.378569301039535,12.385815209988817,12.384969609743575,12.393095677296262,12.451019174105648,12.493463516235352,12.423464717034253
1038,12.815084173858628,12.803217382985322,12.804395505838789,12.282698288106495,12.748256787906984,12.787424087524414,12.795448129295371
1039,11.997597766599046,11.99613424899142,11.997087673342161,12.010237770743805,12.00765795569666,12.018546104431152,12.018514832722907
1040,11.308548803281338,11.26354644278357,11.264712925141785,11.109062753879659,11.522860242382437,11.478106498718262,11.502913515335612
1041,12.279445186130935,12.28527771466124,12.28428209580709,12.280897370682954,12.262224596849281,12.285664558410645,12.232507007652174
1042,12.427928953777649,12.420248187208058,12.42083363911141,12.41306758346915,12.430433048216765,12.427125930786133,12.428757854688449
1043,11.916712883953307,11.89539201533617,11.89821340906675,11.944394647168167,11.877559555613084,11.86154842376709,11.907053131148801
1044,11.818712628864432,11.821634512821724,11.821660196173319,11.810550141734613,11.879935707835529,11.831635475158691,11.863023626301825
1045,12.493654352045567,12.494022987080495,12.494281207542143,12.537874135379102,12.495920409567375,12.515669822692871,12.46735251136061
1046,11.62796857940615,11.630938710289186,11.631424604457528,11.591390822057834,11.655800575281237,11.643668174743652,11.599537607813264
1047,12.283772694787114,12.279579832433416,12.280083885820629,12.245811489011183,12.326695810063809,12.286282539367676,12.279378488140935
1048,12.302716838180482,12.298977723790466,12.299871979959622,12.313683508776847,12.295603091150236,12.339509010314941,12.309393354669126
1049,12.033542689073446,12.031398990829999,12.03049547337598,12.135133042617458,11.979606360092776,11.981695175170898,11.996405085729691
1050,12.013345049978765,12.00750043077965,12.007593455694275,12.019805538994095,12.002060082841227,12.03196907043457,12.021106904021561
1051,11.880088704710026,11.864475223982721,11.867294012275572,11.844579830723944,11.846295451229166,11.8417387008667,11.851226876289212
1052,12.00083091613525,12.003343156072148,12.002871604712727,12.034102857848744,12.009701650559377,12.02033805847168,12.012199986800258
1053,11.828303881571077,11.837893308738805,11.83710406470794,11.982738552188696,11.84604495179025,11.876240730285645,11.846082745890667
1054,12.013500273137154,12.015325660456309,12.016376440469024,11.92445727627139,12.005923555509273,11.998930931091309,11.92159928118245
1055,11.439801193219061,11.444819658436886,11.445199043030783,11.529507019105612,11.529510739663136,11.455008506774902,11.40746691575368
1056,12.007378383023996,12.007364448984854,12.007187542207944,12.1399853511379,11.986700734035502,11.97253131866455,11.992631350820206
1057,12.33855993220146,12.334279314500687,12.334730195116279,12.904434524288101,12.394156302474151,12.298359870910645,12.35691781315118
1058,12.097476146421842,12.104748894047955,12.104535533144112,12.106699255699223,12.151638851423604,12.12457275390625,12.104774400429092
1059,12.612809729553737,12.608216100470042,12.60933520469303,12.660544121789098,12.524294272987817,12.589827537536621,12.58992445796025
1060,11.931921680003915,11.906183396525348,11.908152750043792,11.917664863625872,11.987631789540043,12.001520156860352,11.964581033497538
1061,12.75702014464332,12.74232772299128,12.74217339163039,12.73069879480629,12.627737100453835,12.788736343383789,12.68754990958036
1062,11.960624189701154,11.972118290926469,11.969531919732928,12.154813076781759,11.973553061112652,12.012176513671875,11.985053071892555
1063,12.94983219764673,12.948149323844337,12.949548925095542,12.954940610354765,12.976508371001051,13.006779670715332,12.975435679499425
1064,12.062133775357513,12.05518276951201,12.055583894173678,12.155649129567854,12.035000885875583,12.087931632995605,12.112932287554939
1065,12.960659301811738,12.957522395665723,12.957663450658442,13.008415921966751,13.071896564718633,13.018691062927246,12.982378763661048
1066,12.104891209844272,12.110065789204919,12.1091015735626,11.823144982849705,12.116223556439625,12.159950256347656,12.137232143586312
1067,12.325995642653687,12.327166637676276,12.326970466458606,12.300849164716434,12.266057295422033,12.280405044555664,12.277353268996801
1068,12.226556816674304,12.233115578685348,12.232005669708563,12.204739018836209,12.209661130147063,12.217666625976562,12.238334577399899
1069,11.97159521803081,12.04030536083189,12.038262592508422,11.631961535621823,11.993320851703176,12.183521270751953,12.253397067245668
1070,12.55117717248829,12.550156921073475,12.550397118486304,12.528644269330313,12.498658798345222,12.510029792785645,12.505724323623955
1071,11.99293674172569,12.00053104315435,11.999807100709013,12.010957546383505,12.004337758505814,12.011954307556152,12.045891143122414
1072,12.449112209366678,12.440032703568834,12.441055729784633,12.44433308574367,12.450679028371015,12.414369583129883,12.432348023164122
1073,12.657564661962454,12.664843181431749,12.664667035535127,12.616566025588664,12.670059708976229,12.750686645507812,12.729315606369578
1074,12.124136108492005,12.125776680783508,12.125908178185309,12.134411024165939,12.08932757344876,12.109176635742188,12.090404263025079
1075,12.090469660987736,12.088978811336537,12.088920486530402,12.029320226497958,12.090275813403355,12.061136245727539,12.055292255342746
1076,12.073269615811238,12.081580989659315,12.081678643677554,12.109099433882273,12.01317979571675,12.065068244934082,12.05028728459711
1077,11.960593754671182,11.968665796355218,11.969818138931364,11.863850776310967,11.964956399345693,11.98129940032959,12.001674685089718
1078,12.317967657783019,12.319343041801922,12.319029990476366,12.291667933933661,12.24512254279769,12.267155647277832,12.287492645374924
1079,12.502883340767529,12.490722781764244,12.491669143851118,12.470490076491712,12.439553415010307,12.44003677368164,12.439320785564833
1080,12.062592196232092,12.054411486029684,12.054890117886506,12.062967315781721,12.08001554588996,12.041666030883789,12.041228803770716
1081,11.849522027904484,11.846907505821294,11.846467952166947,11.885505683875355,11.922495250444461,11.925081253051758,11.903566855868865
1082,11.848687141772354,11.85690586553097,11.8559504711851,11.955424987094604,11.88143183908646,11.88105583190918,11.884912630772552
1083,12.62397806581186,12.615641228792443,12.616652720172329,12.857298773862947,12.668582430442564,12.655159950256348,12.64010213355013
1084,12.055013942337549,12.06032736780229,12.059814047743336,12.029403367917247,12.034751284570474,12.017677307128906,12.050837116937139
1085,11.693204980650012,11.687986330795304,11.688322961091842,11.765024444402476,11.682926165688883,11.691740989685059,11.639294150441291
1086,11.75889227436238,11.761412875103632,11.760447319717002,11.763896305673228,11.830411207809222,11.83936595916748,11.838792502093732
1087,12.15725392794044,12.183303643083724,12.181045131352088,12.254529699644873,12.206594560738823,12.200638771057129,12.222290527398112
1088,11.970668915533897,11.979761234928308,11.977079897788173,11.934369971052744,11.986556212712598,11.985140800476074,11.930640015759485
1089,11.943117495166627,11.95013302329614,11.950178037205125,11.892330650234697,11.91191206796144,11.913949012756348,11.923100938866007
1090,12.249181452407626,12.249977214729707,12.249998537347736,12.284769162697998,12.230948543259508,12.236955642700195,12.22203052971159
1091,12.295801632408036,12.295594591631128,12.295669360547095,12.288321611259374,12.302438087141109,12.264324188232422,12.243858981593107
1092,12.032235983083213,12.02444530520629,12.02502501827741,12.126133874597235,12.08256263285081,12.071032524108887,12.074396138573675
1093,11.878610293969212,11.88766388001995,11.887804480648546,11.79906740705582,11.806428141727821,11.859004974365234,11.875603515447883
1094,12.147970533907504,12.147130247855143,12.14725356176172,12.173842018977274,12.101977494361048,12.098538398742676,12.10927631268193
1095,11.786650844076314,11.792463064146316,11.792353166196131,11.780123312822914,11.69830884552706,11.717970848083496,11.722593269293872
1096,12.046325892070595,12.033261466068478,12.033276107931977,12.09667272754093,12.092955364068727,12.070249557495117,12.082639936910905
1097,13.098352439145426,13.099311813749642,13.100052678397914,12.103538902355593,13.014274071260273,13.032696723937988,12.966672312181387
1098,12.124715849055365,12.132297606316856,12.132612203186001,12.14927123954783,12.160324190965959,12.18166446685791,12.18035038174198
1099,12.564893522554218,12.561874594104044,12.561622969867173,12.617515871717785,12.750531791608815,12.683792114257812,12.742910477047014
1100,13.29144479512372,13.279288819646487,13.279774056655748,13.29028477222314,13.303891199307857,13.234617233276367,13.188626939439773
1101,12.013582893392698,12.026509753746774,12.025580144092567,11.95902165963572,11.998872704353664,12.056563377380371,12.056306332766008
1102,12.05435636226695,12.059807358078707,12.059410510199895,12.073890624548664,12.20717588708613,12.192179679870605,12.178864127079295
1103,12.361771508812726,12.360013062612833,12.359761702411703,12.300798513425082,12.276809023999075,12.293229103088379,12.268834440517146
1104,11.729564258889598,11.732019026000872,11.732617715356175,11.772887372905801,11.784860429349003,11.730759620666504,11.738495246260195
1105,12.792903255439539,12.780554277529047,12.782035971812043,12.876369200975338,12.682788698710073,12.7346830368042,12.674035633060647
1106,12.633067232100169,12.615113949268494,12.617482719209159,12.620038976077753,12.577283431012457,12.599634170532227,12.60043195353156
1107,12.2365305380336,12.232990841869745,12.233182460979476,12.246645110465618,12.236781037909497,12.230334281921387,12.234067821564041
1108,11.86815272116304,11.871532343561908,11.871306632922419,11.874925954081291,12.013967061343546,11.938213348388672,11.978810854502793
1109,11.891032758119463,11.90212847270192,11.903037844493877,12.082676595539283,12.008122212379554,11.992385864257812,11.978501130826224
1110,12.371349358066498,12.362311873635674,12.363082878742828,12.35113246888814,12.296905437069228,12.303173065185547,12.301345441564994
1111,11.958316240844656,11.965753194928357,11.965397461157762,12.107217830974696,12.005638014681386,12.01977825164795,12.012678014372863
1112,11.815322358564499,11.827632694798133,11.826299827641892,11.825643324345862,11.86049009029554,11.907638549804688,11.885739579269444
1113,12.348453885829368,12.341247756159026,12.341912835407179,12.361110759217771,12.313515096192399,12.351261138916016,12.36613901643242
1114,11.584710130685178,11.57667186901893,11.575295757460015,11.977717759449007,11.675367189310204,11.665202140808105,11.650485918117308
1115,12.3124603563305,12.305117988595198,12.305852456410179,12.240401718841369,12.239420363895585,12.213061332702637,12.234866416395732
1116,12.146372439444702,12.138669848699823,12.138894905347588,12.178815559741844,12.15388843369463,12.128249168395996,12.122419743812038
1117,11.906496455330492,11.903729867258118,11.903878466362137,12.01638119139834,11.946288822332487,11.93356990814209,11.93644977821373
1118,11.868391820591746,11.885402594960304,11.88506569375135,11.85336821353317,11.92049349149433,11.918692588806152,11.930345443216199
1119,11.9759892125766,11.976022925188753,11.975809250737028,12.085420784629227,11.981221703403149,12.008042335510254,11.99036863218685
1120,12.196400455629192,12.180103250289287,12.181335032321407,12.39328000606055,12.06864795103611,12.037188529968262,12.047899808023702
1121,12.224622374504923,12.220818627756644,12.220845799878017,12.229829268728286,12.212965474311826,12.205978393554688,12.18833366572417
1122,11.73056158324355,11.725794368025216,11.726484965275842,11.729171048005558,11.713826358258007,11.701576232910156,11.669768652120986
1123,12.693628463079929,12.696176624088872,12.69674994607651,12.679904647203763,12.706405135686369,12.705283164978027,12.70721989208512
1124,11.750045684963478,11.763824745910062,11.761344829226424,12.15863258787,11.874500994372859,11.809406280517578,11.823447202783385
1125,12.018265797069,12.024719581770544,12.022943487794553,12.036088564019826,12.050321915072287,12.027008056640625,12.015193378456019
1126,11.895861049011877,11.900118949591755,11.898546551947797,11.923917827898615,11.797716293193215,11.86954116821289,11.825586868710618
1127,12.373171673564272,12.369353173052259,12.369454374044652,12.39782195066266,12.393972506278217,12.383051872253418,12.36104939678096
1128,12.409295902278863,12.404148811406102,12.404559355981515,12.384540117735815,12.395404095147823,12.3338041305542,12.35969657598952
1129,11.649624416859211,11.650272704543616,11.649875711006585,11.629063346854023,11.569735360614567,11.571676254272461,11.556920989959268
1130,11.998899900179799,12.003697698890944,12.002776010308363,12.066553439588132,11.93007685282468,11.950417518615723,12.036540403354362
1131,12.204535271985462,12.209721780136348,12.208815453633687,12.306633350936114,12.269639393926452,12.219450950622559,12.181110952678171
1132,11.940636624219787,11.942057949607982,11.94093745440359,11.899122057915065,12.018231754276044,11.95726203918457,11.9291250117201
1133,12.005645490094055,11.997075485811584,11.997416456706608,12.118882026298666,12.007478232342146,12.010889053344727,12.011788821678394
1134,11.662162840474176,11.642743636100416,11.64343981348776,12.175312494955614,11.729414451547216,11.706875801086426,11.65719464365191
1135,12.037555905990033,12.038569760385117,12.039267127670254,12.010288134151011,12.005014003646979,12.035634994506836,12.027153996948671
1136,12.742316088648966,12.739502034860578,12.740217235363623,12.413514875480136,12.808609898849934,12.78352165222168,12.81225436877306
1137,12.158715314526054,12.166315632337822,12.166055990196842,12.154325104843934,12.18152531655254,12.19670295715332,12.18532455821363
1138,11.939498355682247,11.946451533297767,11.94601051266038,11.985033249482699,11.994465631928918,12.013586044311523,12.047156427864453
1139,12.166452246247294,12.16439797980087,12.1644669677884,12.16011380663026,12.155761687160057,12.137924194335938,12.136911820759538
1140,11.894052909655427,11.89935829323906,11.899431737872913,11.929440763662534,11.90533253619029,11.926648139953613,11.901978786482532
1141,11.794353953684892,11.779616027131876,11.780417880890656,11.672232932806834,11.687042905656547,11.728642463684082,11.724114950446827
1142,11.821606441857185,11.819832978995823,11.818983494247579,11.768398946992665,11.90182590957352,11.855010986328125,11.883830041382843
1143,12.247027792470945,12.235423998469773,12.23669691284931,12.33054556268715,12.162941925963521,12.183374404907227,12.181429448478605
1144,12.288854463676254,12.283273027265405,12.283556091826746,12.303169931956678,12.279817943343309,12.258065223693848,12.25294358745029
1145,12.031777689536034,12.040627692754306,12.040194737345058,12.021715438094688,11.998066156187546,12.023802757263184,12.027652178964134
1146,11.984449339289085,11.981654267550649,11.981545520116823,11.948735195650595,11.967984520941515,11.96390438079834,11.951891527614965
1147,11.917772046950002,11.908840187152432,11.910826705088027,11.904819890377832,11.935900836305652,11.940791130065918,11.942283562590932
1148,12.620491810219287,12.61572837555242,12.615979834137834,12.570361979728407,12.625281489064172,12.642997741699219,12.608634704800075
1149,12.091301685625764,12.085352451001489,12.086527611483072,12.11330916202554,12.163952530548183,12.084275245666504,12.087825838855
1150,12.03536199342866,12.03976050506005,12.039537324906886,12.057039910609669,12.04305357586617,12.015006065368652,12.019674546951673
1151,11.9893634991499,11.973832354195817,11.975528039277027,12.018940246568665,11.915648809274163,11.944326400756836,11.956846628492066
1152,12.312305636154058,12.303011452127645,12.303485498301159,12.072775539380068,12.184179566795391,12.252239227294922,12.248556656790765
1153,12.293722365629451,12.315933228152808,12.314279493655508,12.179022162914498,12.315203697530258,12.278955459594727,12.342653258599844
1154,12.828036361047038,12.823879950320766,12.82410520274656,12.83830515704451,12.84879875637593,12.846586227416992,12.86153727046046
1155,12.041807407221865,12.040684174413455,12.040359955992223,12.028877199462455,12.064623856650456,12.094432830810547,12.118347963815959
1156,12.163082854982507,12.160825788468706,12.1599555831408,12.109966660726524,12.197425277146856,12.1846284866333,12.21891132451945
1157,12.855555301660402,12.850004489530207,12.851327899281554,12.826992907708043,12.811885434345854,12.861163139343262,12.855865778145656
1158,11.958867325732795,11.950011862407557,11.950704217443832,11.952810665373933,12.002192222019001,11.963528633117676,12.003220577245436
1159,11.987476770879193,11.995114617670513,11.994391225221808,12.062048769974503,11.953446752007,11.98421573638916,11.97278440894937
1160,11.732550741019491,11.72803233473896,11.728168293182023,11.874964985973135,11.71505660273536,11.696434020996094,11.681872445411317
1161,11.33730604878686,11.343098274136478,11.342401772932348,11.389409023131208,11.34311623913181,11.318721771240234,11.338876092768848
1162,12.316540597303591,12.319137929854765,12.31892327721567,12.312239799707616,12.266150874480502,12.270456314086914,12.278008034394253
1163,11.305946362849822,11.300569251372618,11.30080550792265,11.554582044302695,11.29067050578461,11.334878921508789,11.409823585540884
1164,12.368040163998948,12.365898229238633,12.366038941658369,12.327016648772009,12.329519530256288,12.285114288330078,12.301702104250753
1165,12.03644521258377,12.042663355330781,12.042939540919244,12.036111644625537,12.053718021256842,12.020374298095703,12.07643280207783
1166,12.310397536752745,12.306381107661318,12.30633643266317,12.260309410127585,12.280688820229091,12.284478187561035,12.284137243657481
1167,12.0493868304087,12.040340700716621,12.04032534583825,12.052360673083552,12.066862019272547,12.074002265930176,12.070678222256003
1168,12.52582583312295,12.527839537816973,12.528010062899213,12.504642528811665,12.533450717396045,12.496186256408691,12.498130137528927
1169,11.868883163833601,11.864000839634338,11.864589512030507,11.877252655904307,11.908620094045448,11.916299819946289,11.940640559827896
1170,12.83168380125466,12.835706844050772,12.836252684828235,12.871242202776376,12.75072553005813,12.878528594970703,12.926196483389523
1171,11.835104020204001,11.837864187282909,11.837769514330748,11.886002883289246,11.891959505589911,11.958231925964355,11.865381074282322
1172,11.72246783832409,11.716476722996342,11.716247694592619,11.707385873031459,11.80644266380469,11.76389217376709,11.710687103779298
1173,11.9184782864509,11.916282770703893,11.91625477484835,11.821670117404613,11.952889525809418,12.0767183303833,12.01662617207027
1174,13.168172440797033,13.152060557936533,13.153798256699824,13.135641755818572,13.231924233652421,13.187135696411133,13.140829405453136
1175,12.098789292466233,12.091965852092335,12.09388146709925,12.079425587698957,12.14480413152994,12.122681617736816,12.13331240485214
1176,12.013646118627683,12.030687529556548,12.027706193492106,11.830637517938571,12.040750610519899,12.049434661865234,12.037471061104801
1177,12.37686247458473,12.379344106219934,12.379078619260968,12.346688335449064,12.401337061231159,12.344206809997559,12.375261049141017
1178,12.281629049103934,12.279505004931044,12.2794023441815,12.238372712206804,12.254823433481116,12.231759071350098,12.25711930004819
1179,12.048262061936914,12.056024230683313,12.053606171186235,12.052761904295084,12.057476471471727,12.052034378051758,12.04909914035474
1180,11.985880226578514,11.989847598452476,11.989182111567143,11.860028871270167,11.999937074503839,12.004197120666504,12.012885206583917
1181,12.656012085095245,12.65104734960259,12.651606032518796,12.658746656162192,12.545032194719948,12.563745498657227,12.56031426172148
1182,12.25884563702851,12.253411886221125,12.25343985337508,12.224354747621403,12.291931109133957,12.265607833862305,12.28866301732979
1183,12.418367530090979,12.409410385380232,12.410422898023269,12.41680497710562,12.392823336570713,12.333956718444824,12.353081239776634
1184,12.035549070813692,12.042337822775595,12.041895662839579,12.06945394669602,12.079979601460456,12.022624969482422,11.993500599521466
1185,12.273758215698718,12.282765913315014,12.282839062238812,12.262738336165473,12.199914688906325,12.189803123474121,12.203836077515318
1186,12.026061678250635,12.01952817257952,12.020095722158073,12.102580713162588,12.050883355217813,12.023898124694824,12.062919342860006
1187,11.777752498651799,11.752531486553277,11.753814900689346,11.740338815714086,11.720873926143005,11.784090995788574,11.705607404703
1188,12.055207387284396,12.041104515370892,12.041140396097328,12.076279338712952,12.184317614670965,12.170414924621582,12.202520303023544
1189,12.222464735845612,12.221926184812542,12.222393947935512,12.225421630713623,12.227706015642893,12.25487232208252,12.22217592488235
1190,12.414913035208205,12.412150150360139,12.412603717513006,12.449032281794187,12.485937460913693,12.443267822265625,12.47852231691611
1191,11.963735016783758,11.964160911427527,11.963432495235967,11.979714265860412,11.975913621792156,11.996200561523438,11.990481625733324
1192,12.19973754643631,12.186790826839827,12.1872464830992,12.193068987163265,12.206164434945645,12.200629234313965,12.208568339104506
1193,12.766637280125693,12.760331502840717,12.761499794452414,12.779740750637075,12.815168820014108,12.790452003479004,12.844476951869622
1194,12.069616413601688,12.057764711878887,12.05841554454113,12.091001448579124,12.143599728660675,12.169410705566406,12.075957868111265
1195,12.81292867167624,12.815518400136952,12.816192732106787,12.822156475839186,12.800879752116032,12.847062110900879,12.835086232126368
1196,12.31140007452301,12.29407535123247,12.29522505544422,12.323197625988207,12.328459174986778,12.266295433044434,12.302481447588683
1197,11.885389705936523,11.881118776838925,11.882344433381082,11.799122807836433,11.932301446839544,11.949941635131836,11.93315967871837
1198,12.602995325704025,12.594205330209029,12.594535026873201,12.308106073325888,12.660760407551404,12.688498497009277,12.670042033886789
1199,12.00201086697236,11.981888902789892,11.985273184901171,11.627119909815017,11.973449601701063,11.9347505569458,11.948642753837001
1200,11.620717853791284,11.6393273065381,11.63647273107057,11.750671483112232,11.825314412215251,11.872069358825684,11.813908622335916
1201,12.463630745819238,12.458713018279552,12.460162502164858,12.457688619685523,12.399385715330684,12.411495208740234,12.395375100210915
1202,11.90141902554242,11.9051514394207,11.904442347438016,11.948649121509682,11.947971276773437,11.928057670593262,11.948933107907296
1203,12.20214633140314,12.215064483150291,12.213919608789102,12.161945863536745,12.377462598794805,12.350194931030273,12.400261349318475
1204,12.318900122040688,12.31826267668062,12.318413595926224,12.344494973465052,12.314917684115569,12.338757514953613,12.349815574729329
1205,12.485986576092063,12.488688030972895,12.48876807648677,12.473123189753634,12.447390706611664,12.477498054504395,12.467256544614415
1206,11.89638809645503,11.900502867643967,11.89998878425127,11.901523661132877,11.940204333259292,11.942728996276855,12.001763508341835
1207,11.967888002157226,11.968377467547697,11.968224655244514,12.005519613053487,11.952459175734399,12.007281303405762,11.995416682738052
1208,12.573451372150108,12.58573615757301,12.584941506856595,12.13335448386716,12.566607467747085,12.611084938049316,12.572402657438108
1209,12.637472866782044,12.627144335400553,12.628024441715963,12.646625241131064,12.710259698243641,12.699202537536621,12.704399360838023
1210,12.111484825381787,12.100314329329182,12.101472090872857,12.126828968354863,12.128570554379117,12.14808464050293,12.127671628953664
1211,11.859865004352017,11.853887773515815,11.853735192920373,12.030950011511191,11.867453980131096,11.870076179504395,11.893401066231402
1212,12.169982862707347,12.167749069220456,12.167679367277435,12.168525683185312,12.187901921747487,12.193501472473145,12.24083757109369
1213,11.822547874215545,11.810381158829564,11.811910848451001,11.810119286426339,11.808029212546568,11.846872329711914,11.823446081033893
1214,11.808935775457646,11.824437189169819,11.822888691114722,11.882386341078178,11.913307913411375,11.879992485046387,11.870745713297698
1215,11.825473976625377,11.830241283814322,11.830555149442231,12.00624104806421,11.807530583994453,11.821523666381836,11.77919319522809
1216,12.66485255033304,12.65320031759338,12.654029348639504,12.689178279843986,12.703783334954398,12.761900901794434,12.746477454056285
1217,12.036436989515432,12.036870688645347,12.036805856878638,12.04181348709658,12.039205953054942,12.068472862243652,12.028311326211583
1218,11.954161559538566,11.938336485445372,11.939963836787674,11.97622281961368,11.905828099198846,11.930378913879395,11.836534662402782
1219,11.745166760364086,11.744387074798238,11.744080927568337,11.729320526215638,11.659368799716173,11.647622108459473,11.636557878994152
1220,12.154546967504826,12.146505810233403,12.146670463969322,12.143088159996504,12.129659922669367,12.140225410461426,12.108658831472136
1221,11.864871632851678,11.872094678397115,11.871373461328023,11.887912499264061,11.914246584133055,11.891901016235352,11.873835128367949
1222,12.253522609596837,12.244423062299814,12.245025227963847,12.234424771011392,12.211905706001618,12.226458549499512,12.229175117549751
1223,12.48978874957712,12.487652942369003,12.487572259252216,12.208939517654684,12.492257134837393,12.444872856140137,12.439805026877659
1224,12.80867096800751,12.816512135434476,12.815909225817784,12.792903879950089,12.808305925049206,12.822976112365723,12.846745883564857
1225,11.408075797598274,11.387892475956933,11.38968190549844,11.459907836645508,11.24922173589103,11.282382011413574,11.386070471833579
1226,12.269239063128024,12.271823864418746,12.270500324635396,12.284897356987084,12.212687155763318,12.170005798339844,12.190848989271906
1228,12.023308604729163,11.978372173619153,11.982677104116465,11.967953118514785,12.007579331627547,12.010536193847656,12.009257350234975
1229,11.594234547240523,11.59195136924158,11.59135513187663,11.649073353160858,11.500806833667834,11.414939880371094,11.453199528403452
1230,12.152119799864494,12.148833912881276,12.149700936985086,12.187700740767546,12.153605607680646,12.16195011138916,12.18974382841532
1231,12.035636334497505,12.029084072711417,12.027650422372334,12.162239872832457,12.033964246812282,12.06716537475586,12.105598511234458
1232,12.173188153361512,12.171932250156024,12.17126312920235,12.19414535231496,12.248341195193166,12.236296653747559,12.271618645755554
1233,11.999090506533213,11.98242711023678,11.982589604423056,11.899180722031932,12.016772489387515,12.035287857055664,12.02189027273231
1234,11.731713645438578,11.745868948340895,11.74419015075139,11.76091445370798,11.77149182087307,11.673262596130371,11.690494470197883
1235,11.77881837369227,11.77574728595094,11.775554962557987,11.806988884798521,11.872011014543492,11.833072662353516,11.806853686039844
1236,12.498543626205391,12.50597695028754,12.504904028800192,12.509045788134308,12.5132112389774,12.465347290039062,12.438192732460736
1237,12.199560706593768,12.20614675202246,12.205194487316621,12.178399783754154,12.184284858367267,12.214694023132324,12.191322611837343
1238,13.180049919302741,13.176387094213025,13.178755340168543,12.478070755380328,12.78982113459941,12.76064395904541,12.815164524004723
1239,12.400345267149863,12.40208361341544,12.402318603468531,12.387601360130212,12.248892054256522,12.264494895935059,12.286023886468561
1240,11.866095927940039,11.873366871449232,11.87273584678876,12.026632059513435,11.816079960876248,11.85136890411377,11.836658183015487
1241,12.28987864162981,12.283186159907963,12.283613554781876,12.22626398534869,12.218463034299875,12.234135627746582,12.242577596381622
1242,12.511705290019513,12.514386853712837,12.514669693217686,12.548300763522334,12.545343155074985,12.566990852355957,12.54940245407811
1243,12.123085926332513,12.120379151555108,12.120990026870059,12.134215690786888,12.129502705782864,12.096646308898926,12.081591115904876
1244,11.993924499067592,12.002722321777059,12.002345572303904,11.98785363654831,12.074098399794657,12.073702812194824,12.083568736658298
1245,12.09140121166908,12.107776612567193,12.107397950226435,12.049460587760834,12.133448361306355,12.147538185119629,12.144393283541806
1246,12.191716372664528,12.198021553971953,12.197192377598002,12.236808632941685,12.19292193120885,12.214150428771973,12.217867148382867
1247,12.528927000921813,12.5333869358893,12.533160450366422,12.503619623287017,12.50784641910548,12.548065185546875,12.552477494748222
1248,12.629129914781377,12.628710035386868,12.629060372473573,12.635885563498407,12.617256824233444,12.578030586242676,12.577644360440807
1249,11.917481498340985,11.906994135112756,11.908233232991234,11.960297150580796,11.95875317844209,11.950556755065918,11.927779261189311
1250,12.304009895449878,12.289313303722663,12.289653519635086,12.312650862065347,12.308023472232591,12.2882661819458,12.293527401856656
1251,11.806255209052274,11.78807544302466,11.788773395482526,11.74463375687323,11.77656723381284,11.738035202026367,11.756879731664618
1252,12.127155101375369,12.121474624441836,12.121432597552275,12.08546814102051,12.175688300476313,12.189850807189941,12.20656742475525
1253,12.079701815802188,12.088351097519405,12.087443650221354,12.073598139184604,12.04807288905705,12.086281776428223,12.058140744266293
1254,12.053863717066898,12.060458371279434,12.059832196221901,12.044249904615459,12.022181554702652,12.032946586608887,12.036576306920464
1255,12.725848821632528,12.728854563972336,12.72831728634909,12.729931945756075,12.656187067656827,12.700529098510742,12.705348018845706
1256,12.60631032500603,12.592410131594844,12.593847260337961,12.614390142719722,12.619924318986515,12.589975357055664,12.631793624206173
1257,12.303310998085056,12.305822222730502,12.305280875182513,12.103134442701561,12.210984904803848,12.160821914672852,12.149531283071127
1258,12.460054609877526,12.46317103016483,12.462754055827691,12.469651983590932,12.47479346268998,12.420404434204102,12.448638260224849
1259,12.683757987155795,12.6622890267783,12.664251867176548,12.68799524687635,12.810783447706548,12.76962947845459,12.799980658828483
1260,11.836869808343685,11.806741913914953,11.809810821642314,11.730482032969563,11.850356554300973,11.771757125854492,11.764671611652634
1261,11.844273262361865,11.841152573130099,11.841126865729901,11.863940959395325,11.93563230995734,11.982138633728027,11.93497180447239
1262,13.380146797792458,13.382380943607544,13.383819419392513,13.173415699700158,13.194989975609479,13.194037437438965,13.162079048778665
1263,12.400248847031357,12.393891445870866,12.393801391604116,12.420573890186276,12.541712667894775,12.50022029876709,12.468119974337755
1264,11.944274727659765,11.946468541128908,11.946292618382582,11.960686078861492,11.974167675314204,11.988236427307129,12.01385477297463
1265,11.818061996131938,11.811609802580014,11.81204656929015,11.920500767227475,11.827718022993762,11.841992378234863,11.853889352217378
1266,12.383297453417086,12.333347325732499,12.33966719627624,12.353920372583804,12.340501316442081,12.492207527160645,12.431729764684476
1267,11.819442989457917,11.80154371247572,11.804710726241531,11.775657636728623,11.852213474882548,11.791669845581055,11.775549905801988
1268,12.493322640493743,12.488576189929296,12.489257709919986,12.474609583680747,12.513405981439458,12.510512351989746,12.507697963951225
1269,12.181394834766845,12.179835945899212,12.179939559002356,12.182959202030585,12.237041176036893,12.246095657348633,12.240097948425534
1270,11.977482833041869,11.978611518825637,11.978635367635327,11.985366478882018,12.025905649562725,11.999185562133789,12.018215219279403
1271,12.075011297606258,12.082396774674246,12.080740293859701,12.058752774805107,12.020677066444714,12.084395408630371,12.086995178930895
1272,12.336549332857533,12.348130184285148,12.347287845401008,12.218109487370187,12.31112930624839,12.284524917602539,12.323296621286042
1273,12.502376737795801,12.498499986728781,12.49920804835475,12.503665510099037,12.476129017662384,12.47713851928711,12.477756858910363
1274,11.939724900667708,11.93695273445642,11.936911745032361,11.941030309894023,11.997135922859652,12.018478393554688,12.01136004300534
1275,11.779351953213741,11.783647288872874,11.78346103696863,11.774884511558149,11.827767442042411,11.893291473388672,11.895502081587113
1276,12.254442597398477,12.246466228300195,12.246475807943055,12.236551597865535,12.221263462478982,12.258378028869629,12.26959293881568
1277,12.563151378931895,12.561856770263912,12.562573588199852,12.538585853594448,12.579686657530079,12.510162353515625,12.520220954135297
1278,11.389383804718184,11.394146469374485,11.39400884504087,11.35517218901901,11.319190417199875,11.371089935302734,11.464255679977661
1279,12.120564029806253,12.118309763330892,12.11825585686585,12.012565906090204,12.066662227310756,12.14227294921875,12.140347496260654
1280,12.311852693409643,12.308366165350225,12.3088872326532,12.320103182737487,12.339239207710289,12.30040454864502,12.308135143560918
1281,12.076649526851691,12.092542678483332,12.091230022459214,12.675549516034735,12.010976193231603,12.018815040588379,12.022507428777859
1282,11.648216786106929,11.679612015007274,11.6743638688543,11.83130785002168,11.600533411386154,11.699483871459961,11.700738530738091
1283,11.451892925608915,11.483228641005425,11.475931693775367,11.60844879901669,11.600293826077456,11.577516555786133,11.638385185553666
1284,12.39607888938069,12.393070176949525,12.39355620856952,12.363056013197795,12.326230755508135,12.36957836151123,12.321620150043795
1285,13.006373407108706,13.003737170277416,13.003607705727466,12.805164982132444,13.090651214523113,13.05963134765625,13.069710661109784
1286,12.300640615894219,12.288058066634926,12.289139212629557,12.275638451520035,12.238059380045721,12.263869285583496,12.273765192472872
1287,12.22738606217835,12.230611482136268,12.229838891264555,12.19535513606933,12.18047978192432,12.198185920715332,12.194530786821305
1288,12.312487456925812,12.303614008689655,12.304656306139131,12.282023411886415,12.316120864831491,12.34260368347168,12.328355211661327
1289,11.909238681658088,11.949388311152704,11.94947031897561,11.936331381854833,11.893686702116497,11.98763370513916,11.957666522033868
1290,11.354711852475347,11.349318585352957,11.34808952278917,11.480085643763967,11.38359776282022,11.378625869750977,11.442375060239867
1291,12.222243858719068,12.209880122127217,12.211278247355512,12.178326812509475,12.219546474951231,12.212465286254883,12.182171069495864
1292,12.134940961422178,12.140557955242807,12.14027949096012,12.218555619692328,12.14212103916143,12.146143913269043,12.162016097979341
1293,11.867734216525557,11.871230247678625,11.870358318532698,11.878448724028308,11.93928527877203,11.886341094970703,11.894319723996636
1294,12.315146074650649,12.314651637130185,12.314469556847428,12.268339054370305,12.238920366796371,12.235318183898926,12.251552092659718
1295,11.606872980221784,11.64058359187312,11.635528297538078,11.487919868686301,11.59723941595485,11.521620750427246,11.490432960468112
1296,12.892009834166158,12.896495723012677,12.896194225684917,12.895908804930457,12.925128152603492,12.949673652648926,12.93353835574201
1297,12.29071125580295,12.285917173354743,12.286336171678453,12.244109237272633,12.225976810381527,12.213826179504395,12.205667457963997
1298,11.678700761399538,11.720204743875808,11.719710180834518,11.608949928492907,11.609701650016312,11.663192749023438,11.61818995801356
1299,12.532259026630197,12.529515064765965,12.530037743072109,12.516280271136742,12.541622291848073,12.561246871948242,12.53162791077296
1300,12.528885273274557,12.527791104350932,12.527164463080958,12.545431409430101,12.548685343565571,12.454939842224121,12.532958555001148
1301,11.90114327705418,11.901737668308899,11.901532677494256,11.930736671568093,11.935673651012634,11.966507911682129,11.970251121416569
1302,11.914790257937026,11.908727918985445,11.908746564543284,12.043026374268685,11.91526886236263,11.916940689086914,11.946443610946252
1303,11.87328045359834,11.873355034003875,11.872914905134621,11.902707932062672,11.802343671239713,11.834941864013672,11.84566839572422
1304,11.776192097813206,11.775187344302783,11.775116029952347,11.791381223355973,11.7103280386859,11.694341659545898,11.68368649320235
1305,12.00486480832554,11.996195555203318,11.997122550363217,12.031412280054543,12.046420209304967,12.044554710388184,12.075069746062294
1306,11.829823041252498,11.833402813721436,11.83383043510272,11.842284606582128,11.809220806249465,11.785984992980957,11.805995744632769
1307,12.554705809732294,12.568965641937012,12.568054360423302,12.544641560045052,12.55402760598677,12.572232246398926,12.54168845548842
1308,11.676133888401118,11.697593444561061,11.695140332758402,11.74781680001053,11.737944846579982,11.835245132446289,11.820678039078658
1309,12.180953656788072,12.185856120151366,12.185033954530326,12.315412959112095,12.122804789235225,12.10998821258545,12.130765898422872
1310,12.352106804980142,12.333941640774462,12.336203724623177,12.085277975824296,12.356890306673009,12.353053092956543,12.357726966397541
1311,12.879998670499392,12.881884515424396,12.881290022945194,12.713959039975611,12.856095755084917,12.808294296264648,12.793473932580266
1312,11.930770946222603,11.915387721203373,11.916372878147058,11.915414520445019,11.88167791803639,11.902581214904785,11.896488079103273
1313,12.119376572245159,12.11934373684366,12.119243045421449,12.122872204215318,12.121185959612662,12.112898826599121,12.088296711391976
1314,12.405130111876298,12.408569173541586,12.408857349867775,12.416986855080774,12.414658209257482,12.378652572631836,12.357314204576063
1315,11.696263830552432,11.7128566879862,11.712464523905597,11.878787013392095,11.71269433131472,11.786334037780762,11.845754931349873
1316,12.119914449316381,12.111145168132289,12.11211654035629,12.13112049948362,12.086245574588212,12.086135864257812,12.09986737736906
1317,12.696446226325126,12.706438943146154,12.703644930078084,12.718147861059544,12.587129179579012,12.652226448059082,12.66201223223104
1318,11.936551477001327,11.946852979776265,11.946091541726824,12.144840073137928,11.95389634886738,11.96977424621582,11.974828132614322
1319,12.101692790237562,12.111615903228945,12.11090564952913,12.170172282832006,12.157756586129402,12.134790420532227,12.178825390308706
1320,11.948915756429725,11.945628570026592,11.945636065781722,11.958432441654603,12.001386347639473,12.00830078125,11.97948921446392
1321,12.388376582706384,12.385886763632552,12.385721780793203,12.164568268634294,12.452793733061833,12.440003395080566,12.437489204875375
1322,12.142220716893325,12.143124171998634,12.143561212565988,12.028321694973027,12.108577774700283,12.096896171569824,12.118075068634539
1323,11.883033334291333,11.873301794584089,11.873099497300066,11.815292647900172,11.879253693661758,11.94705581665039,11.837605960215976
1324,12.333985069139676,12.333709327173208,12.333341675296209,12.313712596796304,12.318736083309824,12.333741188049316,12.276849249280238
1325,11.839966811560423,11.851399790611248,11.850417675336237,11.82772066322099,11.803859819400593,11.791373252868652,11.810542208252723
1326,12.460696918500643,12.45857467742824,12.459168060552408,12.43411494172649,12.432920460593643,12.481138229370117,12.418085399296462
1327,12.305373064793985,12.322580971093847,12.321175519706111,12.310367741358634,12.36230779439861,12.330183029174805,12.341400983330189
1328,12.457273716471775,12.464502229849085,12.4634513805523,12.435172634903923,12.484585208483702,12.512777328491211,12.514737340929866
1329,11.82186952488148,11.813968007182515,11.815017615168122,11.916383083937523,11.90105821204488,11.888073921203613,11.852940453397803
1330,12.091886756975546,12.087736355952027,12.088371326704046,12.016912285772587,12.058615348098503,12.078912734985352,12.080030139036273
1331,12.465838126302268,12.451860790252585,12.453642445324032,12.506097884532316,12.485823222569023,12.419663429260254,12.441002405688083
1332,13.069727498737697,13.052768890161524,13.053898602003473,13.183095354611744,13.080936086147936,13.06515884399414,13.006892563504639
1333,12.736624472021626,12.727368953321456,12.727808467710384,12.748998680432546,12.877019005741912,12.852466583251953,12.851406879480448
1334,12.011284048285942,12.022369671333784,12.02211836863718,12.047512531668769,12.061487831102287,12.080952644348145,12.081329299890633
1335,12.605672362532026,12.599903311403718,12.600364631089963,12.6248406443005,12.685684303390325,12.664079666137695,12.707122675162456
1336,12.059972107750612,12.062030295238046,12.06271159279825,11.992000592192774,12.0357743060112,12.024836540222168,12.034412630742818
1337,13.05074112018497,13.048270945594338,13.048631766106729,13.054477372088456,12.977532077501868,13.04445743560791,13.07009017796935
1338,11.921960864959171,11.916414112283245,11.916911728109698,11.920957929971824,11.765532609558917,11.696574211120605,11.69162581968235
1339,12.60901654248368,12.60071706507094,12.602078168276407,12.591281033193019,12.525391930634596,12.506723403930664,12.527892069079964
1340,12.45057052569936,12.44652100511982,12.446618196220628,12.417198958077849,12.422942201774134,12.430814743041992,12.413098761627362
1341,12.28766882281066,12.277449651337601,12.277703489972817,12.311656505557856,12.341357678912587,12.299173355102539,12.270351331274927
1342,12.730267281677133,12.72167589597813,12.721777204052854,12.553063245158532,12.807149530231918,12.72697925567627,12.739492040396913
1343,12.035393716021645,12.032711435903066,12.032125307173573,12.086215272804193,12.025099480763593,12.015042304992676,12.01880065483012
1344,12.569115816028747,12.568187881637687,12.568683317676562,12.5356863327643,12.533717998172676,12.542941093444824,12.50568078330061
1345,12.017600963690725,12.01821376150982,12.018049685221602,12.043296491874447,12.08402421444472,12.088969230651855,12.099138992315238
1346,11.80129293693944,11.796313004260343,11.796620114932942,11.80914361085056,11.886616547812388,11.853581428527832,11.87200644286299
1347,11.798446789855893,11.807503581181582,11.806180436757396,11.817300112032445,11.923638662431046,11.885910034179688,11.892393498457325
1348,12.385955933205137,12.36950744934703,12.372314903909174,12.392464795572096,12.275716065910986,12.282319068908691,12.273365969511586
1349,11.75794155417282,11.77413142106896,11.772221945649218,11.692636559598503,11.807253181732086,11.763545036315918,11.741709567802742
1350,12.33071944216943,12.340702029203833,12.339361638585826,12.310390990101165,12.319937824074682,12.387317657470703,12.340429326262848
1351,12.125320748610283,12.127786204899719,12.127661740336523,12.139934530705313,12.140778779208281,12.150044441223145,12.134200758619954
1352,12.494705142246199,12.503226360804556,12.502584043892519,12.474701894860248,12.45854073334494,12.490854263305664,12.483970813683603
1353,12.13511948630342,12.131250371816082,12.13192214534743,12.16594406236476,12.170446701554635,12.174751281738281,12.175694304899142
1354,12.269044407772313,12.263589407412859,12.263756140354062,12.105882515948926,12.253709325755397,12.286264419555664,12.302086744489896
1355,12.23895736102534,12.243489963310388,12.243237906411407,12.250762715218698,12.282984819754365,12.269575119018555,12.271236555842163
1356,12.356654763382682,12.364490739785154,12.363294791190055,12.433385319661038,12.365640958874494,12.417287826538086,12.491532924441053
1357,12.415635697011817,12.409352987778737,12.409357418166929,12.41509062041439,12.431890865908114,12.407458305358887,12.387844988582962
1358,11.556052450930482,11.546896590184398,11.546901939816236,11.767550579470214,11.656659021254244,11.687606811523438,11.688431046584427
1359,12.107472446224772,12.094676557429475,12.096425121666332,12.116271407795015,12.084917225653003,12.080944061279297,12.077480617737292
1360,12.004316736085633,12.008020197468065,12.007442608094092,12.02930041986985,12.070385924546896,12.009480476379395,11.980404409662247
1361,11.689470245222644,11.691483074224774,11.692065328419709,11.66093483900082,11.602250760679802,11.595352172851562,11.61696266961384
1362,12.947734054211825,12.962890935272169,12.963342968980834,12.982797828987986,12.993308243352718,12.986111640930176,13.004306384236891
1363,11.692641932136192,11.690198846433693,11.690611101642846,11.615482299100544,11.572839268550148,11.681944847106934,11.647987526271255
1364,12.638452093024911,12.619653015113254,12.62117106550805,12.211950112554227,12.559401298839077,12.625144004821777,12.629520308625459
1365,11.90659444511528,11.937631363055647,11.937062035683145,12.059742140055777,11.924768979084005,11.936257362365723,11.922957817298439
1366,12.036104724286291,12.027692687898405,12.028485050729818,12.104806270965428,12.09460576183262,12.05769157409668,12.02983645700146
1367,12.08546859143406,12.08712621652657,12.087287715130678,11.953640237591316,12.149977382362858,12.19387149810791,12.190787978172365
1368,11.77487520468129,11.77183815252698,11.77208296637702,11.651618486717188,11.830892286502234,11.838567733764648,11.890375401837526
1369,12.631041006026454,12.628706928319007,12.629070618984183,12.656583163453098,12.722870884145072,12.735275268554688,12.696803982162507
1370,11.632479749242716,11.621306805858335,11.622250602171475,11.657994642116845,11.57246373285588,11.540725708007812,11.487871044775678
1371,12.307301222371711,12.31583617156551,12.31515825235649,12.291483522409555,12.305910687728334,12.311230659484863,12.300877283883446
1372,12.427951609845751,12.433081337755148,12.43347940722876,12.225656453277294,12.357976521811928,12.388040542602539,12.403100976732746
1373,12.114079970987664,12.10583333060876,12.10722027684257,12.091678405885478,12.077108090919921,12.0415620803833,12.062265469980641
1374,12.54939159158815,12.54214385262798,12.545237782102722,12.608958577614146,12.536566224315647,12.534947395324707,12.565686369113017
1375,11.83805241960527,11.849020741348575,11.847717044682824,11.834777505957433,11.805762750749794,11.784022331237793,11.781498136955245
1376,11.876424546383111,11.866161464153194,11.86755644361718,11.80966044912945,11.900049621450634,11.91728401184082,11.92672525070646
1377,12.473045315714666,12.46540533829447,12.468023764717682,12.460717605659289,12.412953105433857,12.432287216186523,12.390329389526299
1378,11.88465765588574,11.886196428956495,11.885583205540186,12.276536110418359,11.91775805532478,11.902361869812012,11.89496368230307
1379,12.69788074647973,12.708033393419113,12.707266948914244,12.71521245508326,12.760525720978878,12.765595436096191,12.753999959381304
1380,12.570500432405709,12.555442005200032,12.556436506385236,12.591041507600986,12.614144071780505,12.601409912109375,12.53389963250857
1381,12.355252084300052,12.36391329665056,12.363011084972173,12.355496633150507,12.363393598929918,12.336540222167969,12.35756166778123
1382,12.613854547409503,12.615299459062978,12.615215643872833,12.591040541669194,12.606622326930788,12.668815612792969,12.623981510065457
1383,12.043211932491827,12.040113190658431,12.040561724906926,12.02916670681143,12.044653967235588,12.049461364746094,12.028333246519702
1384,12.003449615370405,12.008119412043163,12.007861138884547,12.06801584378139,12.005425808102295,11.997499465942383,12.018335748567567
1385,11.966939460882626,11.966692916361621,11.966341807717493,11.980559055984488,12.01101330744238,12.012911796569824,12.04519073921639
1386,12.37616066873967,12.37581510790878,12.376681147922675,12.350096478880156,12.43008751321922,12.419991493225098,12.399469319281378
1387,12.923486505145156,12.919856078927443,12.920472404136397,12.934704912366788,12.994712051754755,13.026750564575195,13.014532437769148
1388,12.187493457462187,12.195683945904479,12.195632454211328,12.107217021232538,12.23225199738822,12.18118667602539,12.168107258271215
1389,12.469564352102891,12.461720771565608,12.463041463820208,12.471836843641924,12.381815817569613,12.425968170166016,12.411731053995975
1390,11.797300806957285,11.770661971034372,11.77253879045146,11.985592647112751,11.824498184215814,11.799996376037598,11.812352061203162
1391,11.846768278957924,11.856377809069356,11.855329769840074,11.889165516004654,11.901350065325593,11.878302574157715,11.872956642223897
1392,12.215632460986704,12.220129783171275,12.220034694186864,12.260241962928765,12.201011015156833,12.200457572937012,12.194435996669966
1393,12.678109535989758,12.682521272730561,12.682177801654326,12.677776352770906,12.64960951769023,12.747512817382812,12.772029317484181
1394,11.88647887841773,11.897048901363505,11.89605504977852,12.060357830230274,11.93252169552858,11.928899765014648,11.901929828525123
1395,11.7598667233057,11.770191671600328,11.768725008501747,11.756274231601303,11.699498725350875,11.656891822814941,11.581057532273856
1396,11.687962604533894,11.700459982430074,11.699908112713848,11.63285887630257,11.622020463184528,11.677628517150879,11.667832382434737
1397,12.147090193168856,12.160031435573437,12.15779181939546,11.936469338644264,12.034216797750773,12.068427085876465,12.057638748414673
1398,12.051503253949392,12.042414813387484,12.042881043725059,12.106361947912067,11.997133354589241,12.037246704101562,12.07002416916461
1399,12.286654661507578,12.288670540457154,12.28826434992418,12.277736647258312,12.269528108323135,12.269308090209961,12.268353215421387
1400,11.864588368331182,11.883760484239154,11.880507550270725,11.94375494856303,11.866462011204264,11.861047744750977,11.820693037315001
1401,12.040406060093863,12.04928298438077,12.048463063445585,12.024662413493612,12.098414703270304,12.09156608581543,12.124449029698638
1402,12.111826739200856,12.124044690454365,12.12256040866299,12.123825109850298,12.138263622957309,12.135547637939453,12.140140496626522
1403,11.802714221571508,11.801142602782374,11.80176254523679,11.818922019070758,11.798012815337986,11.79525375366211,11.792801842456388
1404,12.383532396344284,12.379485600351579,12.37977890847557,12.415797366667878,12.38850037563261,12.37369441986084,12.381991252209147
1405,12.246747013632898,12.233160332642505,12.234794029410624,12.122307291570896,12.361778029700963,12.238739967346191,12.222029465433124
1406,12.446552001940224,12.454586678673783,12.45404741529776,12.44504295960124,12.407923705907027,12.429387092590332,12.457664522323563
1407,12.065130398054304,12.062220447949873,12.062263392853463,12.057065975784319,12.04157721134562,12.001256942749023,11.974859362200927
1408,12.26708827116317,12.267160141919296,12.268738934568866,12.161639283066956,12.167119414330369,12.222038269042969,12.258798902559212
1409,12.46749270234654,12.465097875653434,12.464751261122327,12.453087121235734,12.462472733518887,12.485255241394043,12.462859381295955
1410,12.402936503139406,12.41081175115536,12.410552746525557,12.440905446146875,12.407942660409416,12.394683837890625,12.378383498682357
1411,11.870976546884389,11.879957897083939,11.87968081612046,11.88012186713627,11.937939847949604,11.953083038330078,11.964127393770704
1412,12.299171328391976,12.286646713866633,12.286972989704644,12.30695615482533,12.296161468102587,12.291356086730957,12.304105685597177
1413,12.275994303187483,12.285930218657306,12.285483220486649,12.223764229627726,12.33377489580449,12.384588241577148,12.394152340830876
1414,12.284052824488427,12.300665089540846,12.2999225058746,12.293105786377213,12.303144213253159,12.348346710205078,12.294604697252586
1415,11.843681943804858,11.839827465251263,11.839143780638084,11.84046252386521,11.839844856144639,11.821267127990723,11.848200237339075
1416,11.743455173647892,11.73969812049445,11.739347508521629,11.857724879604657,11.85403902920305,11.852036476135254,11.826619742149441
1417,11.935307782197574,11.920828626972886,11.921747354923767,12.132756280342743,11.911077224307457,11.909073829650879,11.89346019825817
1418,12.16018899372578,12.161909247081793,12.162131088370343,12.15114723857046,12.181053712365662,12.134888648986816,12.15380619879699
1419,12.051507939085578,12.054661217544707,12.05378915998123,11.995553969525746,12.10347146512829,12.085490226745605,12.069759911404702
1420,12.779601684798871,12.770803754158893,12.771779530641266,12.786442209973849,12.840146079368383,12.778011322021484,12.80679051705874
1421,12.437334885927399,12.438732872857944,12.438701375118498,12.440845615670344,12.392924222241417,12.439879417419434,12.384497813178989
1422,12.376061108349802,12.360716811018715,12.363215181191988,12.203093864104247,12.354779971104929,12.360175132751465,12.348185432373276
1423,11.985315978483635,11.98276324135875,11.98292897280027,12.084192200237435,12.01442421903479,11.997462272644043,11.990792024403245
1424,12.236083885006956,12.22629020291938,12.227161514788566,12.233409967197801,12.25758355329218,12.214300155639648,12.188969509404238
1425,12.03714579413561,12.029488762821245,12.031753139375011,12.04398853013579,12.02556233845983,12.0568265914917,12.069350670840569
1426,11.760121913230028,11.757285900759477,11.755543266265112,11.843699890041991,11.86392226003456,11.9144926071167,11.888600783474155
1427,12.7860190240688,12.797904476615832,12.799013499116896,12.780157683447374,12.740296255929492,12.784524917602539,12.6819040171908
1428,12.502207833623544,12.495996285254623,12.496568370713078,12.47944180855599,12.432427288881739,12.431144714355469,12.422699807679837
1429,11.800313477215022,11.801719044731358,11.801058811947062,11.795734602889933,11.874728436767379,11.875101089477539,11.88184109909005
1430,11.891179609381215,11.890612356626704,11.89173668118015,11.928168039396045,11.941573901116787,11.924446105957031,11.929244005901758
1431,12.320189112923163,12.318390364073316,12.318643571404845,12.133333802163108,12.203202480675191,12.276277542114258,12.241037642580569
1432,12.05268440502837,12.044703025081539,12.045404178826663,12.138707110989834,12.059634303172036,12.085700988769531,12.102118495409078
1433,11.783353209681929,11.782416069369065,11.782356084138392,11.787507856552313,11.804053481468607,11.783836364746094,11.770764702720781
1434,11.432519025868686,11.457074125126855,11.45399189221911,11.467536552857979,11.525484365289026,11.609768867492676,11.660962279101264
1435,11.45400127039585,11.44906383116884,11.448005752946543,12.100164870065889,11.474371774557682,11.445856094360352,11.402296817741595
1436,12.319453376600654,12.32206301669099,12.321745908257009,12.329032794925705,12.292063305460212,12.289640426635742,12.267760652414518
1437,12.794061834672409,12.790070793307752,12.790595246943502,12.825938417109555,12.828817537423815,12.890440940856934,12.881080100440293
1438,12.393698644133163,12.39546966061393,12.395091875369252,12.37754211499978,12.363804139676835,12.340326309204102,12.331645410440709
1439,12.179909956028808,12.188025334288023,12.18633382141189,12.21512170002564,12.09734826248052,12.153159141540527,12.19293647460425
1440,11.875978663372965,11.875368171971468,11.875111692596441,11.9351835340185,11.985685055763161,11.98009204864502,11.978934062806404
1441,12.343125762478538,12.3332872499861,12.333889333639798,12.323549145500552,12.223897526929711,12.244463920593262,12.253607047494768
1442,12.213871560003097,12.202207709735587,12.202205065308819,12.27499381391449,12.27164450537743,12.233757972717285,12.242667173210068
1443,12.262748674643678,12.275498878999585,12.273703407024735,12.306374512167125,12.153260714058199,12.177362442016602,12.164254399333348
1444,12.48901297675247,12.494614002295203,12.494976410550315,12.49050732169924,12.499659942621081,12.451469421386719,12.476828466182173
1445,12.662073794370283,12.644437121868727,12.646749754092541,12.665725377912153,12.757080910412304,12.781634330749512,12.798402403667971
1446,12.27840018867447,12.281249948180438,12.281190638291314,12.292621222306483,12.328430141436096,12.324352264404297,12.359651760851657
1447,12.110836362388453,12.11024970014533,12.10973988328075,12.087923355445753,12.101104776090986,12.116822242736816,12.152974778992865
1448,11.857146534260178,11.857198028638905,11.857219067423891,11.829234528079965,11.96921415580753,11.993444442749023,12.015087301307025
1449,13.656501579408022,13.660309928439027,13.660812589045246,13.621544603462882,13.33192569638859,13.19105052947998,13.17325907526984
1450,12.178312744788588,12.163789296334464,12.165906395041786,12.188462015328165,12.155860750674664,12.138744354248047,12.10550636192917
1451,12.095982218819943,12.085230499383787,12.086507103028584,12.089099124417679,12.110236178120319,12.0990571975708,12.128214107936087
1452,12.534597103091517,12.527599202391956,12.528754770886293,12.503882908122455,12.497094976270857,12.412413597106934,12.435734248670773
1453,11.940015831452447,11.945736419562348,11.944994080721502,12.329741891623431,12.013698804194846,11.992276191711426,11.975768783902499
1454,11.701052043590762,11.687920798682207,11.688573335462893,11.71330959609712,11.738859208212409,11.643884658813477,11.589023557293478
1455,11.885964864313596,11.876287323513992,11.875964708003364,11.908992121910604,11.96320707199492,11.891433715820312,11.859033642361041
1456,12.234283128444815,12.231874619077635,12.231980140731814,12.182389355464345,12.208879516813361,12.217037200927734,12.200046886374713
1457,11.831702429743691,11.83641745273022,11.835688778846304,12.089897004250705,11.859439117245085,11.850008964538574,11.832341774214385
1458,12.349142524557559,12.34955889144078,12.349211018628559,12.323030579956697,12.269458216061858,12.269050598144531,12.305210045124463
1459,12.331002857553669,12.327546819136817,12.328376489935827,12.348085551483932,12.37430264160906,12.34526252746582,12.35320399342221
1460,12.056074607261591,12.062745924391008,12.063042401080432,12.037449827328075,12.108322991946983,12.116870880126953,12.12248694360046
1461,12.122343181749887,12.10550789290115,12.107101056287823,11.584259271017817,12.113686410512921,12.095277786254883,12.082665427370983
1462,11.911072679754536,11.908200476831949,11.90906784719842,11.938591259379312,11.920109254149256,11.941988945007324,11.942099880718695
1463,12.095457633349431,12.080720643578651,12.083348419510218,11.889500158824116,12.056809854846003,12.069221496582031,12.085736358849168
1464,12.277764325685023,12.29417828650315,12.291996239826542,12.30589131006058,12.264033188782745,12.224428176879883,12.238899808843604
1465,12.38258496394068,12.38169282374073,12.381780331570223,12.398041760158929,12.351284324366718,12.360612869262695,12.3418743003194
