Id,ridge,lasso,elasticnet,svr,gbr,xgboost,lightgbm
1,11.907787446989751,11.909365502472845,11.909178202433196,12.004503150561593,11.957257231849788,12.00400447845459,12.014927535389775
2,12.072154982249764,12.065598992579435,12.065928036219326,12.081251806069206,12.045454693727152,11.990628242492676,11.98551653854035
3,11.790197923401738,11.785494106307276,11.785722388053093,12.100165582315455,11.782432685928846,11.776494979858398,11.784615864081472
4,11.884530613194112,11.884939304950533,11.884361753856677,11.928356548991399,11.961326317792969,11.934221267700195,11.91887704644787
5,11.949299452780005,11.96426702630048,11.962090996069488,11.9261317382518,11.868751963545368,11.839719772338867,11.841254177198957
6,12.328984413432266,12.33756715155812,12.337455827610766,12.347277105699952,12.348920509687273,12.322265625,12.311926623964075
7,12.211623151598973,12.212624650512833,12.211767452463494,12.081445015660451,12.162317343411559,12.14859676361084,12.1657707672447
8,11.90287057715886,11.911821750904238,11.911656740097348,11.915266724652389,11.928807450162743,11.951372146606445,11.940942614806369
9,12.0271554586105,12.035526235939455,12.034012908509737,12.054054885250064,12.05684912919595,12.05959701538086,12.051070326954925
10,11.967530476427761,11.973341321985009,11.973075087150109,11.991990746380774,12.100344628185866,12.059865951538086,12.038863497990869
11,12.043586968356166,12.065898243194546,12.061667662475765,12.02254651373655,11.925568637947778,11.92167854309082,11.980880467587376
12,12.10683352862333,12.095049476776332,12.096151512435645,12.844827218782333,12.108345210460719,12.12091064453125,12.094309267004462
13,11.868041098252897,11.888903019936036,11.886501122531238,11.957726834904495,11.94232443737656,11.89411735534668,11.827038559413515
14,11.958690215639221,11.955583788556499,11.955389462564561,11.9809621557571,12.01726749894584,11.993671417236328,12.00331488481902
15,11.772787671533694,11.777891387521947,11.777511698737204,12.034244675803402,11.828423271205454,11.785224914550781,11.770872453115544
16,12.240305476567812,12.236497693325806,12.237845886588701,12.1996971137898,12.222002763835501,12.194358825683594,12.196746617668914
17,12.149850705662578,12.156645828338167,12.154188620684764,12.105306925696622,12.072618430800516,12.081470489501953,12.095751720185788
18,12.09650788364046,12.092804886534772,12.094884672292421,12.108149768253325,12.047560711747135,12.057463645935059,12.042437768025477
19,12.265251656383958,12.278460980741876,12.27673376725924,12.236873271951886,12.314828287594272,12.263128280639648,12.276982903182088
20,12.638008707890773,12.633928226420212,12.634289624137338,11.957759317793133,12.577642821548832,12.642461776733398,12.635695801914173
21,12.208309657489236,12.205251708803134,12.204985617153444,12.253269686651445,12.20736819499298,12.179581642150879,12.153013440255114
22,12.106669885861992,12.113104673977624,12.113372984908901,12.308106172979771,12.139694912589786,12.123846054077148,12.165911188767687
23,12.219273661708932,12.211439228442464,12.211669658751955,12.103604525762732,12.22948291655821,12.1969575881958,12.185490871048353
24,12.471169265724443,12.469736830909891,12.469714649419968,12.480710674738884,12.50470197242514,12.513291358947754,12.499873160603876
25,12.33483719503231,12.352769082269253,12.351526971745738,12.074759152008278,12.266183480171629,12.261552810668945,12.267523083642695
26,12.116000792461131,12.126835397740399,12.126515911092659,12.112188373048562,11.99499739160494,11.998842239379883,12.030166372107493
27,12.101649044781562,12.11297531140219,12.11008504917768,12.175900518553618,12.099006274121763,12.224824905395508,12.119452706506609
28,12.61371884376902,12.60884571325816,12.608943615609862,12.591321680753609,12.65372500728461,12.60555648803711,12.58352375303211
29,12.717960121728872,12.706510157400922,12.708602676276715,12.746547566669626,12.584988634037886,12.534794807434082,12.522131932817539
30,12.676761726458805,12.678826747482855,12.679192944432625,12.627141119320036,12.595265332127617,12.560808181762695,12.559129914172512
31,11.979826512975302,12.030768807199214,12.029351583471676,11.977416726364115,11.956395318024624,11.956905364990234,12.014068812341213
32,12.653912938570436,12.666404749744265,12.665500474958998,12.66469436189027,12.570474642819505,12.59129524230957,12.64418429697677
33,12.88125786592573,12.890118348888887,12.890044071787383,12.90860203704967,12.99389715593955,12.986359596252441,13.02825825175238
34,12.148149607396842,12.1526543580854,12.151934649553251,12.089249825983453,12.08231497588693,12.243983268737793,12.247465787407641
35,12.376688966013251,12.38463115319108,12.38415164992403,12.402068297253534,12.3743230049492,12.435643196105957,12.433016597269672
36,12.136156129632468,12.137499208479182,12.137660911311944,12.309236810987539,12.107860088573169,12.161477088928223,12.156672342687255
37,12.148110304798585,12.175323422566791,12.177620159899107,12.147363703627072,12.09769153679763,12.144984245300293,12.151999373718889
38,12.907047008512194,12.905935217082364,12.906373383390001,12.912559693260665,13.0213595964518,13.008316040039062,13.028478251169156
39,12.476879675377543,12.485988304832865,12.485047025926743,12.461541189961304,12.489908303284452,12.529749870300293,12.498505353222985
40,12.18617415307393,12.180600416290332,12.180778919421918,12.120901578162226,12.249568563592653,12.248526573181152,12.264893329196013
41,12.083640480330342,12.093109808215901,12.090575551202,12.083898206965497,12.085304436240667,12.109830856323242,12.075916022977554
42,12.062295989995786,12.06539167183044,12.062487641665541,12.25641725165695,12.106879143549007,11.99107551574707,12.091552488197408
43,11.959567946641807,11.943569146449779,11.943999306594307,12.072088882218432,11.967940097685712,11.966201782226562,11.982870117780195
44,12.11070785335609,12.117166877062742,12.117826427373725,12.128576715371974,12.157730188784262,12.154292106628418,12.17272234852338
45,12.391696253226717,12.390527291013777,12.390186155312138,12.385377825935887,12.40473926465603,12.427242279052734,12.402155007653235
46,12.763184040442258,12.760422478407214,12.761475202288219,12.779232305901456,12.565738867070673,12.662076950073242,12.710060848696601
47,11.85267105234835,11.86106228261603,11.859272082741548,11.826859119389646,11.774190998877973,11.712916374206543,11.746520082530134
48,11.984579234823782,11.978279504163094,11.979008549793587,11.982670980548665,11.956776011594354,11.892935752868652,11.90136115851321
49,12.008134709811946,12.011902580874255,12.010942924835847,11.915919780857289,12.056739560391646,12.038984298706055,12.035681191722599
50,12.169658298120718,12.17867221330034,12.178133593172632,12.052387838688922,12.104148955958578,12.136794090270996,12.179628361762717
51,12.94762674184339,12.940645778024711,12.941584271705576,12.943262978862798,12.944852734172805,12.928145408630371,12.905097701657803
52,12.344336709572907,12.336151098053676,12.337102425888016,12.370129916848194,12.31165756445323,12.328362464904785,12.259482076211306
53,11.513391520313402,11.505146187368592,11.506869806527328,11.514475614089017,11.598044977886273,11.599417686462402,11.607205976714248
54,12.008073106102561,11.990151920586177,11.989503112928048,12.09851095479499,12.025964649743562,12.044195175170898,12.053200540493082
55,12.08407614797926,12.101689047269277,12.099632262602034,12.059361637700178,12.067258822440296,12.152426719665527,12.147250237392477
56,12.238105110805797,12.234482877819456,12.23472880946916,12.059802845539929,12.216877547255425,12.229496002197266,12.19866590246245
57,12.25274909360272,12.248051143848464,12.248620102616051,12.252837946199781,12.247608313392616,12.262029647827148,12.25624465232516
58,12.503047555959991,12.497063564756612,12.497113113776614,12.50314907621586,12.53987008562783,12.49351692199707,12.527586398115412
59,12.137795523104687,12.1480961180057,12.147858348063108,12.361175267847257,12.206441865615718,12.149996757507324,12.165027002732058
60,12.145427145937086,12.138047485162465,12.139065406306715,12.153443026766674,12.249000528146167,12.255001068115234,12.25601414932625
61,12.088286343420357,12.099654084906884,12.098292079083627,12.048307601622268,12.02168850002712,12.034059524536133,12.031999746995623
62,11.627018816116273,11.654049427511623,11.651429900763162,11.678614377075327,11.655572740341581,11.674019813537598,11.662323585728611
63,12.78286548873104,12.777560346475783,12.777659290656487,12.780029200234575,12.886500808450212,12.871938705444336,12.896345859246479
64,11.953928313459846,11.953702933576087,11.953635149240394,12.000622807833643,12.0464000026824,11.9994478225708,12.007327525519186
65,12.269760661982765,12.287497806539491,12.286118165710457,12.149077617795898,12.290469299155326,12.272960662841797,12.29551819910672
66,12.042969978101967,12.03857164170149,12.039128210117235,12.02654691153955,12.021785827099855,12.001982688903809,11.970851632604328
67,12.777665169977263,12.782937315959362,12.78260349932865,12.39070833245024,12.700450092489719,12.738039016723633,12.72847780116158
68,11.915404512300764,11.921202790952147,11.920630475527169,11.934443462073098,11.995907193468822,11.974200248718262,12.020715946104806
69,12.075328069534718,12.090419542964577,12.08920758210389,12.094625982537991,12.084088873645625,12.077054977416992,12.080361993466818
70,12.20642547638816,12.186119889496553,12.187820274355547,12.161501394016353,12.184094745999062,12.20826244354248,12.184660956856597
71,12.857618244326204,12.848271824483078,12.849903097276428,12.843430668963698,12.867721855509133,12.854100227355957,12.816992200708297
72,12.276586956625398,12.284426313486517,12.284203557788791,12.253433238702847,12.26071153446669,12.248880386352539,12.221409228478649
73,12.459276517828943,12.458251811107019,12.45859923182593,12.105188337261202,12.544581596078762,12.494811058044434,12.549922650194302
74,12.577120369307513,12.560415847490491,12.562884818301109,12.074759152008278,12.522750044767823,12.515094757080078,12.558722055454128
75,12.40143518094098,12.404587557543467,12.404058718736989,12.386015794983809,12.415246537400883,12.44180679321289,12.435301061179635
76,11.896943250019895,11.914703749112558,11.913794727660797,11.926005585500459,11.90019054218488,11.850992202758789,11.873622836040276
77,11.793248822187552,11.793646470452142,11.794324488099246,11.76928482125657,11.706770899307422,11.732409477233887,11.705607420676419
78,12.347078167719488,12.352585528913247,12.352460008793756,12.312847919539783,12.293913898622927,12.333534240722656,12.318807232221172
79,11.945791415978231,11.958458364784107,11.957475521488695,11.98191878104764,11.890486600611396,11.946874618530273,11.965297981236194
80,12.030252381883997,12.027416139208864,12.027271173469796,12.006903591591925,11.955981201108433,12.016156196594238,12.086436448131039
81,12.646519994510475,12.632188144516569,12.633335473672254,12.66896391408326,12.620050267571722,12.643726348876953,12.643259265317521
82,12.344062808478146,12.353132276092548,12.35249522148731,12.34194120795198,12.374901619676178,12.355363845825195,12.348140483097211
83,12.19705925165836,12.215494888094893,12.214599246111696,12.28259766779936,12.353900507118704,12.33641242980957,12.40322297173331
84,12.020370623084341,12.031121103606553,12.028558452439336,12.167021067790063,11.916614886870567,12.07425308227539,12.086285285136077
85,12.25862720048397,12.249735173627716,12.250013070812752,12.246077793113157,12.212154560888749,12.188512802124023,12.205894216419834
86,11.619271550033577,11.622515445532537,11.622966893174537,11.579408058816396,11.490811277911344,11.534635543823242,11.526453175014469
87,12.309267020968695,12.305640309799646,12.305723125102892,12.266868199164566,12.272640145255295,12.315308570861816,12.32283355382013
88,11.714615267266975,11.718206677550961,11.718344639169871,11.721927343139031,11.767964466439812,11.762994766235352,11.739169693147488
89,11.786459179745826,11.757186148060386,11.761115083310267,11.915686936886743,11.889523149060011,11.834993362426758,11.803005191354941
90,11.901781866317428,11.901451725327782,11.901676895940282,12.005291213842627,11.962400910013155,11.9208984375,11.938495886960801
91,12.451109162517188,12.453456278395038,12.453448999774364,12.443550422613294,12.438389171174776,12.518712997436523,12.502731400600522
92,12.139375368628873,12.14643568662482,12.146563650868897,12.155261296473789,12.07881867589649,12.112261772155762,12.15864116349245
93,12.45140339471915,12.44460154501785,12.44544235021858,12.388738138059377,12.451627376093255,12.386817932128906,12.387281954005573
94,12.421787454616922,12.42547224267241,12.426202692207013,12.465427084486192,12.57029196059348,12.524110794067383,12.61447603186811
95,12.329804498038929,12.330252914893542,12.330237475449252,12.328700444486424,12.3092343539191,12.323173522949219,12.281415577889632
96,12.140990507641517,12.129219844695807,12.13012009470602,12.154484235020751,12.118435643755488,12.091202735900879,12.125981541960105
97,12.462404937916624,12.45508588877612,12.455884086303849,12.424994339106409,12.430601560660348,12.439460754394531,12.412741695381303
98,12.74666269555635,12.731040999299276,12.732298919416301,12.817416997676883,12.614380101723809,12.50500202178955,12.583603584476663
99,12.311371702946214,12.31060062092286,12.311184035986157,12.315864580845929,12.240329479501563,12.281867027282715,12.281851306092756
100,12.624446469997508,12.635242981525106,12.634473725696928,12.620729876274662,12.569071728951762,12.57665729522705,12.507584022815374
101,11.947349487924038,11.93722983262807,11.937372557441378,12.428690092607203,12.036731838174116,12.030076026916504,12.030307735494228
102,12.181927860036085,12.184946920151864,12.184666790797266,12.16451376315608,12.189283751851681,12.187190055847168,12.16138424152589
103,11.91442426195745,11.90221237750223,11.902809682589231,11.882151819116569,11.852254536153835,11.842832565307617,11.836957917036584
104,12.019934652015957,12.030281655285801,12.029799220501314,12.044949756430775,12.036708695252475,12.040706634521484,12.020623204586288
105,12.487494735608767,12.482391073207555,12.482271445291937,12.504458577868586,12.344402305376493,12.260531425476074,12.273911183510734
106,12.195566953346853,12.177259433141597,12.179636861218174,11.896745217378074,12.200226479489515,12.169673919677734,12.178954752086316
107,12.41979206228946,12.406201131201692,12.407577558679021,12.42397098514474,12.43474523423151,12.44690227508545,12.433678485812317
108,11.768598863237708,11.775159400951836,11.774361894921958,11.75601033749675,11.81322977812346,11.79068374633789,11.811595763304036
109,11.867071570000059,11.857068757176767,11.857464448518005,11.884269039234908,11.89807073300008,11.871376991271973,11.866715872385459
110,12.3530376829253,12.357440203078545,12.357043872253342,12.406397944693605,12.403499774264661,12.305668830871582,12.308707351155968
111,12.79958684028899,12.790026237202518,12.790689055608194,12.807714742813841,12.926890258013252,12.912111282348633,12.912489613079474
112,13.014211034642685,13.01311830178559,13.013666375539659,13.036055282285943,13.108493721640905,13.086891174316406,13.095765933058829
113,12.308429207499836,12.308483440933792,12.309344708932446,12.364483421748329,12.279291580760772,12.262646675109863,12.247086731245476
114,12.400617017417773,12.400070492037901,12.400062146768086,12.412305396030359,12.416968501875505,12.423514366149902,12.440851269094123
115,12.085456368310393,12.103492868484036,12.100821185637697,12.074759150954026,12.083193731965997,12.087830543518066,12.125625599006645
116,11.70307089573987,11.69651225903101,11.698033762185323,11.685429389422644,11.661214912732818,11.666252136230469,11.661732148513522
117,12.08997902444266,12.084784003541378,12.085537046976228,12.089154589628803,12.039637858054517,12.035348892211914,12.048240822897597
118,12.583406028279374,12.568035817932133,12.570250704210371,12.096171270216045,12.420942143549594,12.478729248046875,12.47322990712
119,11.53438580823722,11.530688345728512,11.531577349331535,11.442300366381657,11.398896693157944,11.400752067565918,11.407042692661607
120,12.5019012322716,12.495714337061134,12.497579164719772,12.517616690103921,12.509329234248659,12.502339363098145,12.461420479662348
121,12.529130915403776,12.525882608336113,12.527632907723458,12.454733377630344,12.385734816753905,12.412801742553711,12.447768960145883
122,11.472962845527523,11.50130085006942,11.493901798819437,11.612351708954552,11.514039732671607,11.548805236816406,11.59233450289413
123,12.275023662327998,12.269035637648988,12.269281236783836,12.301697489709625,12.28724803203949,12.244492530822754,12.239591423244239
124,11.659457563859759,11.635591481528538,11.639575573081387,11.464628351695918,11.744720183192921,11.687179565429688,11.729439383085149
125,11.757860041102552,11.760197323533626,11.758565135829818,11.84765913418188,11.924285225926146,11.87800121307373,11.765735307338746
126,12.916441110436612,12.917177822066092,12.917014472032117,13.094609661560192,13.045536510518506,12.986645698547363,12.973572914416406
127,11.766615223990176,11.765776689134512,11.765026359809672,11.804997588379761,11.771101501930504,11.723431587219238,11.74051827829954
128,12.337095734598037,12.327525826321887,12.329255689148123,12.34941462996159,12.332624549956453,12.326714515686035,12.37632590339792
129,12.352349704393816,12.331746439038511,12.335089291311,12.34888204148208,12.32982761752491,12.366236686706543,12.352903615711277
130,12.345846250071995,12.378510716945238,12.37665460855873,12.391073633267423,12.340667027089854,12.397719383239746,12.38109582348192
131,11.961604188679495,11.962336632637227,11.962214344227027,11.963133421504127,11.97451771019303,11.973531723022461,11.994129406138825
132,11.842754190996864,11.837535615887553,11.837634153131257,11.82917458813974,11.865372426672486,11.821511268615723,11.76820373207487
133,12.76098278804184,12.757780341649482,12.758686649030498,12.760936111453276,12.721765494007654,12.716347694396973,12.725952425897376
134,12.27982631808949,12.275709173105955,12.275848136995943,12.278570360517758,12.28063016148236,12.250655174255371,12.23639272349364
135,11.954092469576567,11.960058928489333,11.960019509963438,12.033422247917041,12.074375640413752,12.063713073730469,12.031925575994885
136,12.165223208674991,12.165788607443826,12.16619395575626,12.196505096326058,12.089134381877848,12.099152565002441,12.037177757493561
137,11.526433000882902,11.531294081655084,11.53026876583011,11.577796800161474,11.475709871155237,11.552023887634277,11.536839608855235
138,12.047355149313479,12.056073909128266,12.054949442384174,12.034340080857337,12.076744636518947,12.060165405273438,12.058893666702028
139,12.166954745270514,12.173478264141714,12.173588114268334,12.096673537499766,12.081935621777845,12.095532417297363,12.122938932862183
140,11.91663283483098,11.912498988080358,11.911945619265147,12.083254787081009,11.989503100611966,12.000480651855469,11.94718916411824
141,12.4377780351982,12.43755814515414,12.438180383653869,12.109261725534175,12.464451141865458,12.424363136291504,12.40492385873224
142,11.561919805734249,11.56512179244517,11.565492495963241,11.451289211778404,11.447446545684898,11.451069831848145,11.499900040157343
143,13.13282361789933,13.137278767424727,13.137141330110554,13.121182085719175,13.132172867329716,13.133626937866211,13.140670364056534
144,11.75785726259202,11.746396202428015,11.748217154445847,11.861596392142593,11.78619636850508,11.773031234741211,11.744745289285639
145,12.183692319983267,12.179981672284878,12.179986466785788,12.089478764476775,12.218186682960573,12.18070125579834,12.213155639285386
146,12.388973133101617,12.391759550174712,12.391510721280039,11.917696206583816,12.385362958002215,12.39031982421875,12.364792835873223
147,11.509801248161189,11.477756496887968,11.477712254209543,11.502895462039419,11.539902915184374,11.456462860107422,11.57038010195143
148,12.498929080176913,12.510981599766065,12.51042463958531,12.377915621001042,12.483728347102987,12.470491409301758,12.465785795902843
149,12.510532001671365,12.504821215466643,12.50487727218266,12.510738616314102,12.535178989005274,12.540302276611328,12.502172519218268
150,12.257588150275357,12.251986590231633,12.252137398953773,12.223792424628632,12.242709299631342,12.236489295959473,12.234385855060829
151,11.820672759478315,11.813707371712626,11.814028605562644,11.940315873942348,11.921664089466397,11.842055320739746,11.888603219654032
152,12.09132856084928,12.081602537847065,12.081664188647505,12.07320243080596,12.174717827998135,12.130812644958496,12.120299651623736
153,12.500443458734198,12.504558084255232,12.50383490865996,12.499840135723064,12.515047315157034,12.531496047973633,12.554400175928325
154,11.852992332333487,11.856132190644946,11.855687836317388,11.877721040422072,11.79570521820163,11.84312915802002,11.750903227006209
155,12.865275695421767,12.853341406626429,12.85570175643134,12.84357055495414,12.881365990791796,12.932271957397461,12.907630042272125
156,11.994840429334987,11.999868313001157,11.998261186946085,11.988882220793755,12.011770522703888,12.008647918701172,12.033649327038994
157,12.658951397851737,12.666483439274712,12.666587707691338,12.6257288489046,12.654188856560774,12.753189086914062,12.730055845202688
158,12.573571779638169,12.574863738160689,12.574489741203905,12.563838142720183,12.6460842492314,12.60531997680664,12.628927814184562
159,12.678578689189386,12.669710007696532,12.67090965767447,12.698777128608231,12.587067744714476,12.598282814025879,12.624566785190682
160,12.415361479492832,12.411975620056685,12.412187988417326,12.416777028892968,12.330356560684264,12.320555686950684,12.323889502663818
161,11.67034673487538,11.647766582927597,11.648246791749584,11.596829392605194,11.685071739600213,11.70350170135498,11.59109017553145
162,12.770400185048898,12.77114060600552,12.771234541742905,12.76644204263632,12.771697002872575,12.723523139953613,12.69128752490026
163,11.705530072474575,11.70010205012618,11.699928103689112,11.712039422703391,11.665111174967022,11.6647367477417,11.639668487737678
164,12.596974612131568,12.600043995068752,12.599191463137375,12.567134906640746,12.611799302126968,12.613314628601074,12.607750150431796
165,11.961692781136803,11.968006565272438,11.967490469147716,11.968663233846293,12.00716745644307,12.095574378967285,12.081956746358255
166,11.50620981809597,11.490291961081468,11.490346402600448,11.879348706127756,11.494663622055157,11.503592491149902,11.527665326684387
167,12.317743185270814,12.313764816618315,12.313936958683204,12.320078080389836,12.333381413172996,12.291484832763672,12.291447793278259
168,11.881902070480074,11.853749220339415,11.856415790919034,12.296081735674662,11.907952178055472,11.846776008605957,11.847710022380422
169,12.013767033250051,12.024650785538391,12.02348077093056,12.0757707953947,11.982895348238054,11.984443664550781,11.981661720747017
170,12.206356974269733,12.200276967303983,12.200591618557658,12.271336129127485,12.236376941944354,12.211697578430176,12.224671316443958
171,11.662018850539406,11.657526965959528,11.65713395153347,11.903056049712776,11.602167027737213,11.613886833190918,11.59628138538789
172,13.051320190027889,13.056799569169552,13.056727482185938,13.02353853705464,13.027856545807452,13.066205978393555,13.044073660255203
173,12.367639355324552,12.374568283053819,12.374154323179415,12.121268338195398,12.421769080796082,12.490992546081543,12.53298372918132
174,11.981693481154124,12.001694711792032,12.001398487754368,11.893199514801273,11.911934599501647,11.982417106628418,11.96171009567494
175,12.572073173572097,12.573546785024334,12.573560469642045,12.730767145589693,12.551941907748482,12.537763595581055,12.516147334646645
176,12.601718307388195,12.601196457648273,12.60113874664089,12.595735028024759,12.604641427193696,12.612771034240723,12.56756747242812
177,11.920242611712412,11.932903458103526,11.931455231077493,12.134204204586263,11.894803852192785,11.93317985534668,11.89517711700233
178,12.413475661199804,12.411089807739264,12.411271115465295,12.409190557085541,12.353153231129223,12.391056060791016,12.370900003150805
179,11.72857146437488,11.74106376844528,11.740000630677821,11.644075990083138,11.706340827472031,11.703740119934082,11.692363959017946
180,12.207354049357816,12.199208628150577,12.200629375496302,12.241391285900772,12.180345990827606,12.207778930664062,12.170259205519892
181,12.827077019423761,12.82064797609633,12.82271500710524,12.68136609523144,12.763068185016493,12.84545612335205,12.76911118215353
182,12.632808597314924,12.621043004257361,12.622978354274677,12.598615849091114,12.609215838736999,12.647257804870605,12.636151941340355
183,12.352152841279775,12.356213759621761,12.355558579152595,12.328250269467468,12.34600800932524,12.364372253417969,12.453492376829796
184,11.935268679742334,11.942734251347273,11.941520249823053,11.938817178296643,11.915858231117593,11.924236297607422,11.8782266292894
185,12.007132961023444,12.007114272849611,12.00783270645624,11.952547267341854,11.990858997714444,12.028830528259277,11.996267925399229
186,12.162692450057023,12.141912451543874,12.142596835879948,12.173449682283493,12.105311699550715,12.126485824584961,12.086678999755277
187,12.201008479816188,12.188955203245767,12.190206612493464,12.072090265732156,12.28131874014066,12.213850021362305,12.21540673994167
188,12.62982577376185,12.62664364833912,12.627077200071707,12.612988774190999,12.66999964683995,12.657673835754395,12.636042689875906
189,12.201048934314892,12.196384363786738,12.19705530370796,12.056614700341676,12.135349486500255,12.134224891662598,12.181124596838387
190,12.590663924652102,12.590582491833816,12.590705118390488,12.59113991603475,12.589887673553424,12.5828857421875,12.582109325580108
191,12.17357901854981,12.184974696440541,12.18416265081268,12.099826621468768,12.02726286921185,12.091233253479004,12.090781941659214
192,11.66273505657855,11.658368592972593,11.659188230300266,11.625775994633269,11.681650517710834,11.652875900268555,11.646194197727917
193,11.917275582247596,11.914557172083386,11.913636183511649,11.839454353986234,11.929977868506313,11.934798240661621,11.901141056476556
194,11.71087866786092,11.7056108800043,11.705412289017831,11.660363148490859,11.734899054859909,11.687564849853516,11.672354213003967
195,12.583976417827614,12.573218519624254,12.574095182433467,12.564764465810235,12.569474519113237,12.540966033935547,12.499437168796664
196,11.802778285629493,11.802810679324478,11.802644872892607,11.998745747176509,11.840962292602741,11.819786071777344,11.79405764322459
197,12.506447065836543,12.484278879201787,12.486175832202672,12.477939688004419,12.524604906294675,12.388167381286621,12.451577606401013
198,11.730354344632698,11.738996011089874,11.738067287849574,11.754910851000684,11.801588455827925,11.71963119506836,11.739803195851033
199,13.147116657608015,13.130668159127527,13.132276966117534,13.150096488289343,13.20000020036954,13.151500701904297,13.12150371316174
200,12.148225245577372,12.148051789162599,12.148429114547785,12.186305700074948,12.23100339421369,12.216814041137695,12.200566998216003
201,12.04278221573951,12.072208832496862,12.06922667809503,12.10219831328935,12.072322461742129,12.078925132751465,12.124680685562872
202,12.100807247142217,12.113913758633506,12.113002555389853,12.150146717592783,12.135109143434692,12.106149673461914,12.062739017439966
203,11.543118531248775,11.524899936044427,11.525332813604374,11.33643576283278,11.373943676992068,11.383552551269531,11.434794677670416
204,12.9194599124602,12.916752346861678,12.918074198105321,13.030361011828367,12.85081345067455,12.787814140319824,12.863589938222871
205,12.803112005197223,12.79507742776202,12.796237376879473,12.864570962555234,12.817681332743911,12.793014526367188,12.813632741896704
206,12.999673793828764,12.999489093779394,13.00043297733147,12.968832252387314,12.974079984221476,13.03946304321289,13.040495438518139
207,12.14015171405406,12.138004030320511,12.137425962792534,12.122327642022338,12.117446368338335,12.130010604858398,12.131449383338623
208,12.536336396732336,12.521094161843193,12.520897558347936,12.697698837036716,12.518682960284423,12.427206039428711,12.477345199524038
209,11.592244487923477,11.581411040152753,11.581584473126519,12.074816727761089,11.675006398878141,11.61780834197998,11.559027496930387
210,12.476037201431788,12.467288453719094,12.46757666341799,12.500089756982067,12.564614054106658,12.570280075073242,12.661274323475403
211,12.158727029245453,12.158294520802677,12.157873467590377,12.274905122541208,12.080968369817837,12.093953132629395,12.106363970941047
212,12.647893251434086,12.640610993772457,12.641345031610333,12.668120617509793,12.72108813330339,12.70531177520752,12.726421219846795
213,11.898733395373673,11.895783240450529,11.895951494468395,11.88471902496089,11.877046688417622,11.878469467163086,11.883579066083826
214,11.658096525142644,11.67542473921248,11.675312939078127,11.597127586572713,11.653375943713097,11.725850105285645,11.730006246900762
215,11.80552088213906,11.797959865561042,11.798762581671628,11.732850527273353,11.903769098959843,11.876006126403809,11.848473809250885
216,11.87349109942807,11.875561748673936,11.874983957827919,12.100475558087789,11.926127158173239,11.932580947875977,11.914343847520215
217,11.791639265779061,11.801299647590922,11.799583032543602,11.801640859032151,11.895109320521362,11.883047103881836,11.792866386440238
218,11.854507764504723,11.856867984256919,11.855404694262731,11.846476468095318,11.84618486045697,11.878992080688477,11.82192426240829
219,12.492195426968772,12.501079875434264,12.499989645254738,12.476189055053505,12.51044177773209,12.478277206420898,12.510132019425491
220,12.021818651210223,12.01808840170486,12.018526095408479,12.021060807818927,11.912924795007749,11.923921585083008,11.927934280830078
221,12.788028323325,12.770538721956463,12.77166988712149,12.505818457190456,12.902501967407872,12.788419723510742,12.816384538000152
222,12.071978215092589,12.082989318741674,12.081310240652869,12.067881371778558,12.060264898501686,12.114330291748047,12.08666547740022
223,12.240380987372246,12.240262923299406,12.239961325572633,12.267378467609204,12.24540030660578,12.246663093566895,12.25866061638234
224,12.172607449831427,12.172545469775827,12.172640107286494,12.179057601389529,12.110690649270657,12.093391418457031,12.12945467059709
225,12.55517738157776,12.567457020858532,12.566862135113826,12.541900178363269,12.541991941168735,12.562936782836914,12.568054707349864
226,12.887960498552351,12.894309569907039,12.89563816532593,12.93788619855314,12.90625882152304,12.88696575164795,12.93904335651912
227,12.72059889453656,12.721194861346444,12.721193771109162,12.674468823719419,12.787711871581308,12.77621841430664,12.759763936680079
228,13.355963621040734,13.361503915316963,13.36209353443999,13.323425250695024,13.211907259983064,13.173279762268066,13.168458950842345
229,12.24275158306111,12.23997353839139,12.240109691194771,12.299098846806327,12.250835565326318,12.249321937561035,12.283447987957667
230,11.996965643124614,11.990998163730502,11.991571786477516,12.204967069101974,12.015826650664774,11.985644340515137,12.001482609348496
231,12.076091233142417,12.0876022662687,12.084881345220023,12.057714352242332,12.153514782357732,12.0693998336792,12.114471438530487
232,12.340166684302318,12.32995383760527,12.32995943120236,12.332829724714491,12.335393010514023,12.347474098205566,12.298968823885353
233,12.249006608541327,12.248585173504695,12.24868986620521,12.26762090783503,12.252072150304137,12.263330459594727,12.283172247454592
234,11.96256688685544,11.965478983182265,11.963880750013693,12.065229324243802,12.036324182795052,12.047358512878418,11.99686699481493
235,11.833972981587525,11.853069681112666,11.851254116056824,11.832506192147656,11.754851866600623,11.789287567138672,11.697632387689646
236,12.21805585190946,12.2300252102394,12.229295709360676,12.025662336763306,12.220273929105371,12.247690200805664,12.254184409080967
237,12.227031139724968,12.20946780593434,12.210976175559269,12.209456028828718,12.224642661444697,12.215618133544922,12.197828485650287
238,12.744497811932174,12.750998736225242,12.751531677752116,12.72416363488451,12.689832205615263,12.729491233825684,12.785185341253792
239,12.39731243907082,12.394793943570912,12.39502357745794,12.383331480393657,12.359107445099085,12.357841491699219,12.33985232133092
240,11.901790609947923,11.914781567117462,11.913661093727248,11.897753787247535,11.931287340499777,11.934632301330566,11.933768636760675
241,11.951413666981422,11.947484032741157,11.946726715684349,12.084457908053585,11.898175444335891,11.893356323242188,11.885511278832684
242,12.127740880288247,12.123302356001103,12.123050869852689,12.197681811671302,12.115257386562488,12.114530563354492,12.104096067410268
243,12.468997401875233,12.473922167855244,12.473995058630258,12.449658830469517,12.456609817376275,12.483260154724121,12.46448362893915
244,12.617071026947121,12.605457314207472,12.60684342640509,12.643959406680569,12.710810601511989,12.68985652923584,12.666441732133714
245,13.010793241844759,13.009437245759765,13.010075366609737,13.040465077657156,12.976947028550056,13.019038200378418,13.008804587405852
246,11.874041316372928,11.878543675884385,11.87693552846802,11.879865246681678,11.932905369150106,11.939180374145508,11.882253703614207
247,12.25519001866952,12.219941937631447,12.221194453162369,12.21646118635002,12.193310157320424,12.351495742797852,12.2391514199861
248,12.182924117296078,12.166490554419106,12.168706361675998,12.114034759931567,12.143609395601066,12.129122734069824,12.138642383220297
249,12.281822422135933,12.280072826513532,12.281375610293436,11.945769505386874,12.266637352558906,12.252432823181152,12.278685941689506
250,12.911394792168862,12.91251841104675,12.912828484908665,12.90474568818134,12.778599472379643,12.825325012207031,12.851141158412613
251,12.851320192865447,12.849494690122928,12.849620746138317,12.827902779026962,12.8523774422729,12.867321014404297,12.830438062957718
252,12.300792588185779,12.302995125840624,12.302572068660869,12.410791124945696,12.298897235777439,12.265344619750977,12.263299291518496
253,13.134600327062799,13.128623087879612,13.130285964056721,13.095203680182633,13.098093306867776,13.11129093170166,13.032951688039278
254,12.055690058092788,12.049241350631146,12.04979540534898,12.061867170891508,12.033590168229408,12.084260940551758,12.085535429190426
255,12.10800177732597,12.107589022829375,12.107567135314074,12.151111048767788,12.177362348063443,12.16154956817627,12.143553614924071
256,12.349757212286448,12.34247589738143,12.342656181229637,12.371233686559945,12.41909874891185,12.442901611328125,12.379353271708304
257,11.787518388589973,11.809627150755205,11.806727988750364,11.795649684740049,11.93633003856148,11.902020454406738,11.916816273883118
258,12.476277945563602,12.476148636772118,12.475768569201836,12.477489965574096,12.594441507372549,12.599695205688477,12.577986861968874
259,12.391767228260466,12.391899037597492,12.391924494950223,12.38090828820563,12.40092791263221,12.368489265441895,12.389108519255258
260,12.276492638038103,12.276884575073856,12.278026890902101,12.251585709330094,12.231087364719151,12.222838401794434,12.222479456461357
261,11.946527547917444,11.953567415961079,11.952762611658567,11.960081642365008,11.989691211858439,12.00517463684082,11.929628510515832
262,12.321193175306835,12.321633110534842,12.321137608247636,12.31619212718822,12.297072053815153,12.323628425598145,12.301475178900679
263,11.772183610709254,11.764003702954756,11.764169049700453,11.821295085029424,11.833097332211837,11.851787567138672,11.858029845184413
264,12.45344748253061,12.440363792810869,12.440005765684207,12.476447339633452,12.41626658057035,12.453991889953613,12.454044464821115
265,12.05537519714256,12.059725441117534,12.059395252295957,12.083335578068262,12.200576174031642,12.209614753723145,12.201875827057908
266,12.05182087734404,12.03847997767976,12.03964523638873,12.060553142857689,12.106439955681381,12.088069915771484,12.064918515627546
267,12.592412886274992,12.592794312781976,12.593317615575351,12.575339730788656,12.491121662314626,12.537901878356934,12.62331832363915
268,12.140328468961275,12.14795178891821,12.147348899899914,12.15571148269938,12.143439497861687,12.16549015045166,12.14521874775886
269,11.848543645090782,11.883376329931385,11.878254877333084,11.8682921101252,11.852493237756136,11.964439392089844,11.923075181842638
270,11.931252687997548,11.925884461241052,11.926170506184768,12.086821174241596,11.855653590918191,11.796866416931152,11.793518393035697
271,13.001193650409913,13.003243774991963,13.003733329116699,12.991649571560492,13.033380162910504,13.058518409729004,13.018900763450189
272,11.801788024803027,11.800928936422903,11.80152036564749,11.879439241237407,11.684392274874675,11.729107856750488,11.67657166179123
273,11.466213898250313,11.46474449848917,11.462766613016184,11.438460186155645,11.431217154749794,11.443924903869629,11.49990667604928
274,12.476344641929082,12.47050341057215,12.471940188764709,12.214571135682046,12.352237300092051,12.426589012145996,12.442399763526392
275,12.096028083260782,12.10403106506855,12.10175828943931,12.032422992923447,12.01963730012728,12.054038047790527,12.070822285055932
276,11.866408902543004,11.872143983732018,11.871788231806661,11.845546680994829,11.77178504203642,11.767812728881836,11.756720009059212
277,11.888377502597962,11.881598160887073,11.88315214060559,11.917185007490474,11.901267733722442,11.887066841125488,11.875971881587695
278,12.672488764627461,12.67657570653779,12.678126500725272,12.693307064552418,12.64937115764004,12.62148666381836,12.639516047059038
279,11.61157492841229,11.609464994439602,11.60995652118397,11.611285379423379,11.567010303677721,11.53494930267334,11.529502110608533
280,12.266277318919869,12.267072710052574,12.267297042737402,12.279236458755836,12.229527072649594,12.208467483520508,12.197188028786162
281,11.825396168571954,11.836847231279126,11.836224515178365,11.682739360285193,11.810637666932418,11.831609725952148,11.816125993084656
282,11.70870121232175,11.70210364622789,11.702160275455087,12.174113516290038,11.891112781569962,11.826759338378906,11.799529474367251
283,12.464905833984707,12.466647690323414,12.467346973945485,12.476053330406321,12.489544665270095,12.526775360107422,12.517684772714587
284,12.457284430191715,12.459672660796874,12.459677083856421,12.42590782991356,12.466426408461867,12.433586120605469,12.430236536994082
285,12.17709849713014,12.171915371423237,12.172297645599265,12.230533544059117,12.210015555427644,12.212224960327148,12.226177700124463
286,12.062927619870646,12.07279890484005,12.072131036218854,12.155973766163603,12.121532437017441,12.129128456115723,12.135709279159641
287,12.681002101245022,12.690976506882391,12.690934634803103,12.730951506070864,12.625115881929156,12.770791053771973,12.768053418197123
288,12.032457711852993,12.04823332846956,12.045392733922764,12.20428044887616,12.077824662969098,12.068784713745117,12.0508227122637
289,11.707778728535077,11.714565997654917,11.713086117626938,11.69722017465915,11.71360108168378,11.676797866821289,11.689491421368325
290,12.28289370415174,12.282406141464923,12.282582257935859,12.001705202503048,12.231295810587058,12.251394271850586,12.251037592475278
291,11.940202004870013,11.934344171108785,11.935210891737757,11.958352851850474,12.018120023010045,11.994184494018555,11.998404526932857
292,12.011672927013787,12.007190398546122,12.00735408626835,12.051554623309185,12.027237586246088,12.054383277893066,12.049606261060788
293,11.83794877614368,11.843643142497617,11.842424794481255,11.907279081457993,11.848085288796694,11.842052459716797,11.811114309540997
294,11.814823860476121,11.818013827434816,11.816915295470949,11.860420224569248,11.832361134694612,11.894174575805664,11.815933600204179
295,13.060499067502167,13.060829992088633,13.061813936611385,12.268393187135791,13.177590525401547,13.108623504638672,13.131339315062041
296,11.884552213927424,11.869605009146387,11.870842006683672,11.943282136517425,11.972705891186322,11.928959846496582,11.95831336939076
297,12.241367497971993,12.267318531865227,12.263229501612575,12.131334890301828,12.187504213638066,12.233339309692383,12.239217338460875
298,12.339567803986885,12.338156512866624,12.338263175540233,12.323292641085587,12.313266406164592,12.318371772766113,12.322833747734865
299,11.952768252073566,11.95715413090343,11.956216264160766,11.947713541764518,11.96840245587026,12.01335620880127,11.976992225409878
300,12.023049359178827,12.023108084927081,12.022892058766386,11.98720193640095,11.967820396588909,12.003931045532227,12.005692029977123
301,12.32113121827158,12.313207207635458,12.313601072307922,12.245713052284948,12.19928548637516,12.223608016967773,12.21242711330115
302,12.188773428079648,12.155052053067756,12.163632319356601,12.09984003162256,12.225963980309082,12.216933250427246,12.23743934551465
303,12.690930927928978,12.669045075417907,12.671674874565417,12.678274884356343,12.780965368819594,12.755020141601562,12.729386477699428
304,12.2742117104199,12.27756500524037,12.277429422392265,12.265381451746986,12.331228000370524,12.275954246520996,12.251072776410258
305,12.039644531185225,12.034025668965871,12.036113425757502,12.165648402609541,11.966156840279377,12.01976203918457,11.989674339333904
306,11.888645034418712,11.896931459214608,11.89587961247572,11.920568585219112,11.91905756113029,11.923185348510742,11.938319199564656
307,12.255224455977565,12.250135470716245,12.250013946536004,12.196281234829874,12.231730751187499,12.212498664855957,12.216800748260356
308,12.123864985623639,12.121489366307033,12.122100741590698,12.142214537937921,12.129152824137341,12.12629222869873,12.116405903151586
309,11.989431959935942,11.997943516201888,11.996964114159812,12.02137516502827,12.039357760977811,12.016303062438965,12.009762691122395
310,12.040078858278223,12.067836202561942,12.065331606949043,12.156558674343469,12.002804662137324,12.005197525024414,12.007469088484555
311,11.579914807628807,11.597654254827896,11.59323750703232,11.713391182620436,11.68456498522702,11.68061637878418,11.587287364728052
312,12.147430974522585,12.14488182954954,12.144618488904047,12.178429663648215,12.126413281548482,12.100594520568848,12.096582789283026
313,12.421700077918503,12.427341323183098,12.427225274783826,12.393590441745808,12.425399819470233,12.434595108032227,12.44028557494361
314,12.175998089895979,12.173708899282934,12.174138845514497,12.194776420275073,12.141194548040428,12.162535667419434,12.170574048848708
315,12.149603174361838,12.149066565814104,12.149189038962547,12.199920216696391,12.22517630862841,12.198835372924805,12.19520145566894
316,12.692236960561585,12.706899406596591,12.705621989319845,12.684581437411492,12.76868599066422,12.815376281738281,12.81931473422278
317,11.801156472137926,11.789680383654892,11.790454523552889,12.067480130006803,11.7390850852074,11.758082389831543,11.754346636679779
318,11.7861172749275,11.7903407878396,11.788735663053712,12.027514109580592,11.836005392180235,11.832870483398438,11.840882348362669
319,12.116648801746539,12.106846716673434,12.108380044876418,12.178927271104472,12.273510400766506,12.215849876403809,12.181851113303885
320,12.60916485309434,12.608100073052865,12.60803686522542,12.634842450344124,12.562063777827849,12.541463851928711,12.581996601899908
321,11.583822113837758,11.59251668289514,11.59081124842575,11.601644069384449,11.511502965889091,11.535046577453613,11.553105321203228
322,12.093734608794705,12.089388956197384,12.089765636498893,12.024808458121164,12.106290785006218,12.087858200073242,12.129675862469876
323,12.007633594893228,12.029141319846186,12.027473926513803,12.076458885492329,12.017827684036469,12.005675315856934,12.04089199133279
324,12.451975493769705,12.468891998572234,12.467267628139595,12.172716089322968,12.300148988170397,12.35226058959961,12.35382964729419
325,11.627980289574863,11.661441118264918,11.659280897418116,11.49169980063957,11.625987321733154,11.644781112670898,11.594922509476138
326,12.374785601521097,12.370232622545169,12.371256266399548,12.34192167519415,12.357814093155115,12.358855247497559,12.37005671027063
327,12.658814016925703,12.668234794147054,12.668276520864142,12.397271670366509,12.65313044637754,12.655149459838867,12.654804995612102
328,11.909003089908511,11.90712246064667,11.907227969444609,11.873098219843072,11.914040204246707,11.99821949005127,12.025256482401714
329,12.198203240024375,12.195681186494365,12.195484389829637,12.193746292485987,12.2170895555249,12.190832138061523,12.22079267265303
330,12.706247914339182,12.707167452344125,12.707221860113073,12.707186783620731,12.664144791937265,12.714548110961914,12.710830477847683
331,12.062158245885357,12.048273170086263,12.049717172629157,12.000531088181667,12.057370419894653,12.04909896850586,12.06276231691317
332,12.368893452714453,12.366540936368205,12.367333723863869,12.289431033767618,12.457408100943766,12.457019805908203,12.40544085448782
333,11.997230579968178,11.979772853073763,11.98206541725144,11.998916294912288,11.978384865904125,11.986627578735352,12.009969589477532
334,12.044930903798422,12.047530859491632,12.046952822483538,12.035135508738495,12.01043537517728,12.017060279846191,12.026132652305492
335,12.62853646036717,12.624010651889167,12.624229637727149,12.665522548623263,12.809751871530636,12.698395729064941,12.799161854748034
336,11.795821759979557,11.797995003384917,11.796528966706123,11.774450389271925,11.815205599239253,11.785394668579102,11.752735869501196
337,11.987203792830734,11.992266301139809,11.991115069162454,11.957896185457873,11.973294868459286,11.983261108398438,11.989865333951515
338,11.830615497689413,11.822401897703573,11.823397007844074,12.427491651323178,11.822753228136817,11.803173065185547,11.813022802145776
339,12.372428661444568,12.380672119472388,12.379548120875862,12.349681795072541,12.39293856015531,12.389547348022461,12.415869840084826
340,12.738157078127712,12.736178679298854,12.735512523378354,12.798912689872697,12.786882741064412,12.758674621582031,12.8143134411847
341,12.444026694459634,12.452366008750406,12.450699587447648,12.410826559301409,12.444009656165655,12.437305450439453,12.460747811317876
342,12.016100626964406,12.014745151203128,12.014657872199624,12.199587193797814,12.065952354456686,12.05724048614502,12.057572400783506
343,12.360534077371417,12.365455425407445,12.36537001052302,12.363109452021416,12.395376320923619,12.317095756530762,12.329699334871014
344,11.939402432312574,11.935573655444358,11.936085637435912,12.037805794821931,11.99132042606104,11.979301452636719,11.984144833792433
345,11.933010447520525,11.921532449591531,11.92254629657401,12.034208940950814,11.931924595000586,11.976644515991211,11.98688080587132
346,11.68447421815137,11.701247412991675,11.700055205950857,11.687760021965515,11.727421993359952,11.715404510498047,11.674268775688066
347,11.920830138477305,11.891478907015612,11.892106422609917,12.067473700440141,11.90666799891273,11.950125694274902,11.85500281240986
348,12.540276370815903,12.54131164091042,12.54123212544259,12.116445524427267,12.506433389516449,12.480175971984863,12.516904966673698
349,12.161469423066835,12.16143855284605,12.162497303074886,12.182579123264606,12.21139360577471,12.202657699584961,12.189516421565719
350,12.084997266727253,12.09902167987884,12.096710237347141,12.060976196967149,12.054716278770904,12.00874137878418,12.095878916119014
351,11.731793987326379,11.726643005871777,11.723830484541706,11.939828459098578,11.801053496161137,11.72738265991211,11.780140347100646
352,12.54472309376317,12.541316386984011,12.541490082906185,12.5168870904626,12.504674547063747,12.508369445800781,12.531159201064698
353,12.518843570916856,12.526913371688146,12.526668430671288,12.599935482134539,12.674713570207919,12.625988006591797,12.654778156973656
354,12.812735428219424,12.810983327773236,12.811754434171927,12.836459499401293,12.78774508936486,12.839984893798828,12.822361390381353
355,12.315229211103203,12.310239531442427,12.310030641020568,12.288233108920497,12.303691172813295,12.298572540283203,12.305207916570314
356,12.006085012595644,12.013611081036128,12.01378857318289,12.01978347112415,11.934611604162683,11.94633960723877,11.943148843519538
357,13.11900911723654,13.110838213492247,13.113211935595768,13.14597399114802,13.160354043411525,13.081233978271484,13.064683443788025
358,12.899188605009257,12.900739716620887,12.9008281583086,12.899324683187679,12.992880802623613,12.964482307434082,12.948390602130853
359,12.37395599277388,12.364593179447963,12.36514553287191,12.383736061635744,12.195771933699882,12.162787437438965,12.200782042955563
360,12.218600113316072,12.19359855920452,12.195125291185642,12.216852265641307,12.3099243387885,12.229616165161133,12.246701306500446
361,12.693523418174946,12.68563843629963,12.68638220289836,12.707049993117575,12.688397551111843,12.674516677856445,12.660165166682333
362,12.791612837270652,12.792185428510942,12.791883135320417,12.82084948693661,12.781578788188257,12.82271671295166,12.85743853659783
363,11.904832253421034,11.903936780649758,11.904496325236785,11.893338837447457,12.03847815229864,12.01037883758545,12.028858398770355
364,12.808699883526957,12.808849796441464,12.809726043078069,12.789212187537391,12.810843965947466,12.808504104614258,12.818552222044882
365,11.75619577365807,11.763985152138236,11.763202247477556,11.577710423780083,11.745973774670308,11.669672012329102,11.639127031215912
366,11.966460590777231,11.939020066005511,11.942061100815547,11.968752812654754,12.034287033047368,11.983097076416016,11.886062213901884
367,12.01579955636016,12.022696720551307,12.021882329655483,12.063296438858107,11.967197831477398,12.037510871887207,12.027529596579024
368,11.5942111503492,11.610138851752044,11.60824019110937,11.59152166349745,11.537020249600896,11.555299758911133,11.575826409251935
369,12.294296602394931,12.289917550494305,12.289606720829322,12.301491998318575,12.258613373249895,12.266634941101074,12.25521484745517
370,11.948060166943723,11.9700843464444,11.9678818211763,11.802623296338352,11.861680568389032,11.816628456115723,11.850141513923736
371,12.244674200376142,12.265451756677278,12.26365450910627,12.262119904941008,12.286504685790234,12.271262168884277,12.255157766180172
372,11.916602826632566,11.92764688663888,11.926740349266215,11.967899317968207,11.96351431730387,11.959586143493652,11.96017035748024
373,11.930175314259793,11.928820761140702,11.929141356439422,11.925030956369572,11.897641410142418,11.86816692352295,11.897144644861557
374,11.680958663294488,11.68163949577635,11.681588039585362,11.716373372609212,11.777092058113187,11.712747573852539,11.713002007912491
375,11.77110310917,11.774672063799123,11.77396101351632,11.676642772508771,11.883770682815097,11.811495780944824,11.820512122328982
376,11.989602781297744,11.984394103291278,11.985578339380414,11.784593755790539,11.975975932677141,12.001750946044922,12.063701452152287
377,13.095364682567908,13.081138785745347,13.0835509466334,13.10463179073451,13.11356375809627,13.128622055053711,13.061190433898815
378,12.090597334928315,12.096764787147206,12.09686367480571,12.116015575877817,12.067502495171391,12.053821563720703,12.067821651215937
379,12.040895050429603,12.046478943293158,12.04650643122016,12.055955070992244,12.079757565013265,12.084602355957031,12.09680733799391
380,12.34707217480792,12.349094652428368,12.348852655634769,12.317769178252881,12.293532532688124,12.30119800567627,12.29814906521336
381,11.781878203567086,11.797811325479929,11.796584890466203,11.800528144844165,11.861836619856794,11.838239669799805,11.784115034729217
382,12.044972902334447,12.044104924812757,12.04336623527747,12.130196562678742,12.061745665689125,12.079436302185059,12.05131759241448
383,12.013464724725964,12.021032419353075,12.02020181841228,12.086065077280587,12.050078058883908,12.064353942871094,12.034199441728502
384,12.575808180422323,12.577802761024964,12.577323812657351,12.565622927259327,12.56934897150706,12.55692195892334,12.560069578582414
385,12.117113270961163,12.115861696458055,12.116345707942973,12.172562596768032,12.153955584817828,12.174027442932129,12.168389325774287
386,12.001480121608514,12.015263294991367,12.014912361887554,12.015852099014872,11.99193405394156,11.973048210144043,11.995425045668904
387,12.447991192636385,12.447450740755281,12.447452439309872,12.398484838887509,12.421649531340437,12.43997573852539,12.453863102428224
388,11.612965684561626,11.617242261368432,11.615405191521663,11.571441253510093,11.618131061764112,11.537714958190918,11.549557148039966
389,12.014324188911937,12.025001825731943,12.023250991386975,12.022348580065549,12.061787643554,12.054405212402344,12.06915549136484
390,12.046436539732705,12.050960547480303,12.050600494552446,12.082455565257003,12.085594479835587,12.085436820983887,12.079777393743417
391,12.179513273601126,12.178617748928328,12.178485451328905,12.170096053942489,12.169880914850996,12.180703163146973,12.181176272597922
392,12.259699657752329,12.254415492313925,12.25411084168705,12.278615735570709,12.24106431472272,12.234179496765137,12.24104618198092
393,12.09644238465239,12.103479830791539,12.101178623126273,12.08572183143611,12.053093277477219,12.04552936553955,12.059181322804635
394,12.89392330266911,12.88966002041865,12.890439475075413,12.885043345704744,12.873894935674013,12.944443702697754,12.924659178624074
395,12.398707361100287,12.39736025942712,12.397093112669415,12.380753665592577,12.344006834677698,12.360610008239746,12.359062067445542
396,12.858778871402126,12.86042031523201,12.861390702589286,12.858907378474807,12.844642839774195,12.93431282043457,12.957984418290176
397,12.05848211049656,12.069213898071888,12.067827573818969,12.031248198333849,12.055374299797297,12.042442321777344,12.044739119844621
398,12.144416793613559,12.146739435290216,12.146960100551363,12.18465648221074,12.16922059353305,12.1861572265625,12.213289592264234
399,12.349820624021852,12.346293237197258,12.346471530448929,12.326326075731178,12.351498343078307,12.305145263671875,12.309693788637231
400,11.916355485763267,11.922013124767274,11.920197526537038,11.921488708866084,11.790008490047567,11.898940086364746,11.842717687201192
401,12.102054657179037,12.10295894371654,12.102128566780149,12.116542784901371,12.142534404775583,12.125652313232422,12.070481122224173
402,12.627478478111431,12.616605453086004,12.618124615793832,12.61802070502868,12.555576138361392,12.592826843261719,12.570236553951393
403,12.882554463116604,12.880099955722544,12.880631125568835,12.861855333206703,12.913438471250421,12.906198501586914,12.879244950059435
404,12.090623650365247,12.05272331180135,12.057422507494092,12.123211920118505,12.07980867452881,12.064738273620605,12.095324365402146
405,12.024605549861063,12.025718460448177,12.025686790973673,12.232559084691252,12.09090250277519,12.051795959472656,12.061530245032031
406,11.928868080693134,11.943985578556832,11.943201887149048,11.939283367426162,11.92866795082493,11.930994987487793,11.915219540872641
407,12.513487503373986,12.509711328427805,12.510314779262801,12.511619531603401,12.500980187153662,12.545673370361328,12.525991008753278
408,12.591497219869666,12.598975950912266,12.598941198739684,12.590743632074524,12.62402789849712,12.561637878417969,12.591273034084004
409,12.381916140532159,12.38073114467405,12.380680022531251,12.358037387265888,12.379375954624134,12.342998504638672,12.342375198967773
410,12.313874816323912,12.314239814789703,12.314328193308299,12.321646020417754,12.323192539037597,12.295843124389648,12.292124301684392
411,12.627743484601204,12.62405316300332,12.624589283710343,12.619110033872108,12.58435091195115,12.614259719848633,12.597951045423393
412,12.014107661931984,12.031206711024732,12.029212524466871,11.939499667079321,11.866475948110397,11.91607666015625,11.894438065826858
413,13.086887631345443,13.09535597418575,13.09437393199011,12.965602448853435,13.119039689994663,13.131325721740723,13.123694889661909
414,11.7487725280699,11.76376477110158,11.761948263435864,11.716659243929866,11.724650042237446,11.72516918182373,11.670818408626062
415,12.235139394121976,12.234133817889148,12.234088184233594,12.231764691118725,12.226333447646478,12.259163856506348,12.287836400917069
416,11.960554104082627,11.960098023754108,11.960957762195678,11.998641113575161,12.011697125375074,12.037384033203125,12.053531736010846
417,12.787601441836664,12.801323903846459,12.801070106774318,12.786485455804486,12.836304562125886,12.869144439697266,12.855522478580024
418,11.957419117963573,11.975968191656424,11.975865783529171,11.96929062875748,11.951069994739498,11.98006534576416,11.966778924929104
419,12.30605068611485,12.302662702086769,12.302866590494185,12.320958632194232,12.350019622299964,12.348004341125488,12.364865741252709
420,11.956845435436293,11.937720238580134,11.939332512642551,11.751153259718151,11.961665526931558,11.921344757080078,11.953663121843118
421,11.684212763976051,11.68449744106882,11.684118018749233,11.6646036964732,11.76258142873095,11.732403755187988,11.683328219004386
422,12.328330448217814,12.327078727617137,12.327067700861857,12.296400954253414,12.272292129449237,12.282266616821289,12.277011363751107
423,12.120389447188725,12.12254486726938,12.121777047180453,12.098807766022576,12.161499271022825,12.13628101348877,12.103682327603941
424,12.909236959179253,12.91099540598348,12.912589392870409,12.854820834660682,12.495471315941819,12.456534385681152,12.383715376451782
425,12.281959714999903,12.273506078840471,12.274957995924941,12.3348435860582,12.296376096022316,12.265052795410156,12.30388399679016
426,12.05743560476045,12.053305400053898,12.053932499350795,12.106829345370155,11.903594484866332,11.965639114379883,11.905722129498793
427,12.388139534848452,12.378513162173185,12.379394201259132,12.333423902527514,12.331583563316752,12.342055320739746,12.313057681039998
428,11.886426742265536,11.899873169417104,11.89895933504122,11.973626512731066,11.993258292564645,11.959609031677246,11.972541649716169
429,12.598489417174326,12.58634392765774,12.587834658121619,12.496383323334031,12.603214363948485,12.586746215820312,12.680249649492579
430,12.128791214026744,12.156347936312326,12.15358206647088,11.980466215951417,12.14161415313279,12.215860366821289,12.155788788470169
431,11.985683279598657,11.98296822778231,11.98287613700186,12.007397582513246,12.019397358012643,12.055559158325195,12.030045128458836
432,12.575980261356019,12.56451116804756,12.565212504932084,12.830514368301731,12.525068888141844,12.427120208740234,12.458394208616735
433,12.470140807275852,12.476767882556677,12.476846621276875,12.349900032458464,12.322892713959721,12.340252876281738,12.360617260718744
434,12.558179886570466,12.572338164756415,12.570735704466054,12.082676595539283,12.569160186111247,12.633700370788574,12.604436874259543
435,12.038572225624158,12.045728801038422,12.04472397591945,12.023206259601242,12.004583182215642,12.022050857543945,12.02194465399746
436,12.251500791963114,12.250066122875612,12.250323335912238,12.25811636270551,12.292429525549494,12.294898986816406,12.334269738692045
437,11.92854784545471,11.925486452389748,11.925539482688789,11.90581994078866,11.996287850652273,11.97475528717041,11.991275977920699
438,12.041708921791024,12.039410832121783,12.039327986189292,12.018836674773747,12.062490895977456,12.050209045410156,12.038578550720793
439,11.741168120417742,11.712097878865436,11.714281239919334,11.753328293206637,11.675329147696587,11.622782707214355,11.624357670259691
440,12.140201978485825,12.11964157412898,12.120880515396827,12.178064376606994,12.104780809254901,12.151642799377441,12.149815405377243
441,11.532102160646414,11.527328779496976,11.527290933503595,11.83140734870723,11.573858347111347,11.610150337219238,11.690485064211828
442,11.686697986846198,11.680400091902813,11.678751573439381,11.606071928037343,11.790923313427443,11.749290466308594,11.710151020784968
443,12.388486954450205,12.376139028777889,12.37743847070394,12.387699798203585,12.379471906079788,12.337818145751953,12.353420773341712
444,11.833603879972971,11.842469621515862,11.842488631188695,12.058809030450398,11.870556971790997,11.924333572387695,11.92599543448978
445,11.511779766629544,11.493460170036963,11.494634735080902,11.574856706534423,11.363995600578527,11.298406600952148,11.356011063414998
446,11.886189332863554,11.88740584278998,11.887165312785172,11.92034945843005,12.003341887171675,11.962737083435059,11.941463606384394
447,12.153521582953667,12.150428277497657,12.149960410724972,12.220348230654112,12.1409391930826,12.162983894348145,12.163761139189367
448,12.309248627016004,12.317120432281804,12.31591323317454,12.302551308203112,12.280418564290056,12.294398307800293,12.301493204370075
449,11.854220537953347,11.83353183033058,11.834251011068675,11.773905572335817,11.970057103947543,11.95291519165039,11.962522829015453
450,12.506057794255028,12.49686290182754,12.4973675630182,12.516490252210666,12.523639594403702,12.468062400817871,12.472585009268721
451,12.24464899540679,12.244773213717647,12.244704749517894,12.212918311877363,12.21618400717235,12.206388473510742,12.203270125276468
452,12.212683825212208,12.209215446242915,12.209145928825095,12.16642152327191,12.209276234126238,12.2009916305542,12.23315660509554
453,11.94917618351243,11.949266939792773,11.950025519746903,11.979372550972798,12.018285028321477,12.001104354858398,11.95245177164371
454,12.064949375616248,12.062727707674913,12.062841820425986,12.125692663307412,12.106287932208435,12.067906379699707,12.077189964058938
455,12.721791607035408,12.721124959158566,12.721475388998693,12.708672677995331,12.726869091498536,12.739840507507324,12.761893454833423
456,12.231265640960958,12.230079619864396,12.230600620111606,12.09312387075277,12.167325614525154,12.193181037902832,12.125085346094348
457,12.156087785528415,12.167747538682823,12.166121570745496,12.184949188649643,12.18542558166174,12.150521278381348,12.132961402529677
458,12.394460248560156,12.39845852190871,12.39838789221026,12.376244423743977,12.389169341677212,12.416244506835938,12.414451114299911
459,12.428313571389133,12.42492409642915,12.423341268514921,12.606163491889735,12.316365982634675,12.349849700927734,12.43424764482593
460,12.790444769596014,12.802637612711862,12.802315351852554,12.757217934102353,12.79116896909022,12.782000541687012,12.784334179755534
461,11.873262744102624,11.87417464521436,11.87437215105713,12.055043477331036,11.894805412496472,11.928489685058594,11.89905489031441
462,12.780806260779304,12.774392518282266,12.775799127400735,12.72683243660286,12.826067878297478,12.80484390258789,12.80286780802538
463,12.314565265203985,12.319476479497371,12.318969379731987,12.282651506331035,12.32720627170987,12.343451499938965,12.327889942347753
464,11.790884415790115,11.773184189857329,11.773116338404373,11.783733145019834,11.82298874900146,11.834774017333984,11.805633238441313
465,12.475128533130565,12.48035213923912,12.480482459432588,12.486715842241415,12.492838196597098,12.47632884979248,12.44356610165891
466,12.132164509072691,12.145139917346537,12.143813118411122,12.06502873635847,12.081117976872504,12.132200241088867,12.13722121480571
467,11.941558645206301,11.936312638092458,11.937050493652624,11.936601771736305,11.986583924742952,11.935903549194336,11.942980937291518
468,11.764479434900291,11.760399817872297,11.760973033358008,11.991706306488267,11.740980168911141,11.727789878845215,11.68760408267721
469,12.773736443455919,12.777485559776819,12.777677943124008,12.765967646703626,12.693929811338673,12.724531173706055,12.766851267871607
470,12.199799572078007,12.194764791818612,12.195572025742514,12.180877292042423,12.197288961871266,12.203709602355957,12.201425876777902
471,12.868616182632005,12.863639266834674,12.865118304570691,12.796305459754622,12.749795933452626,12.729009628295898,12.772891249351742
472,12.176354040659648,12.174840848085259,12.174560550101045,12.17484089046857,12.219111253188052,12.220385551452637,12.196791743680578
473,12.200028111583828,12.199228666737628,12.19886734596805,12.173031561162315,12.186079008468292,12.174413681030273,12.178486961126938
474,12.403848180087685,12.401754500912235,12.40264105825732,12.463053427930674,12.411621762879966,12.413456916809082,12.453002796267032
475,12.544483944831374,12.555312410021223,12.554260558911166,12.536831896102441,12.588278994184767,12.53729248046875,12.604465131411834
476,12.134852385776274,12.138035536764283,12.137957120022461,12.008424837411196,12.220579629937065,12.186004638671875,12.204680189175818
477,12.76357506188984,12.767679499250878,12.769085370619745,12.753279909166402,12.710906389536332,12.736719131469727,12.798330873507165
478,12.132203221246412,12.128804875432206,12.129203982009592,12.024530081236549,12.108428702061019,12.115043640136719,12.098075336507522
479,12.015805064421786,12.015069368349026,12.014589953743304,11.98953215003706,12.001694903808279,12.031975746154785,12.054504427458498
480,13.039828291561548,13.042912708865977,13.042571073439062,13.087607505934741,13.058663074726246,13.052969932556152,13.034214383765967
481,12.608195335986034,12.60784604740879,12.607809324061256,12.607700249404528,12.584486633870402,12.550780296325684,12.58001342132314
482,11.971895739103257,11.98790243985895,11.98725179837878,12.047790292319403,11.982914424456036,11.939038276672363,11.967334102342495
483,11.971639160925918,11.971256370470245,11.971958892002053,11.941903114341025,11.888227573195017,11.981339454650879,12.006320004721696
484,11.91689538041136,11.912924811363213,11.913767330062523,11.931316734176779,11.969563748323711,11.960285186767578,11.959467101762291
485,12.963097563963434,12.971190282821066,12.972111064668486,13.12651293284702,12.90689913644251,12.932862281799316,12.873431993488937
486,12.296615104445435,12.296958718939017,12.295801169428575,12.088977661792814,12.209779470737734,12.185955047607422,12.249327437450814
487,12.007731795960458,12.00914707020418,12.007151126011404,11.96292578892287,11.94796080450193,11.964927673339844,11.96737723817709
488,12.356197567752215,12.354184992290557,12.354171984899024,12.327946216596509,12.231659943281212,12.271586418151855,12.291157918104632
489,11.981954964891786,11.984490822269372,11.983865208070217,11.988969471281317,11.999078092168943,12.013970375061035,11.96951878960205
490,12.398819223894762,12.397036772047597,12.397297861165116,12.43304022179615,12.44296639048075,12.398152351379395,12.370038294669225
491,11.762514260359945,11.764426781669224,11.763151249751132,11.834860137959867,11.84957542166488,11.766294479370117,11.770211652869571
492,11.853062376209973,11.833444477468307,11.83606391091187,12.059958947897908,11.862356538658958,11.882063865661621,11.813712167307633
493,11.895566957966986,11.907750480005536,11.906995799779606,11.95161594383629,11.841917545653338,11.938749313354492,11.879889897221986
494,11.957714560557315,11.954026374757822,11.95404151843791,11.92255901479427,11.932510698284327,11.961322784423828,11.956169751014778
495,12.659731991460568,12.666434577503487,12.665893203397337,12.521775387834788,12.57989182502557,12.599552154541016,12.602509413578048
496,11.40076432220921,11.378198174034283,11.37951070908296,11.548336880449657,11.323038372406248,11.330363273620605,11.42357609431521
497,12.037170461016126,12.040959947715042,12.03948610836982,12.030845084905716,12.041716916854085,12.052347183227539,12.100335992761247
498,12.35718289793309,12.352027859344506,12.35266919656162,12.370652567258134,12.321916887320084,12.351025581359863,12.361289358929662
499,12.224348896181734,12.22406423610053,12.226394134545329,12.221635029251416,12.192824909310016,12.219833374023438,12.21352750872943
500,12.375497919719649,12.375100717352115,12.374813981841685,12.385661393493073,12.446517680314596,12.442403793334961,12.419261001645323
501,12.196298055752973,12.193503995524173,12.193669295177505,12.206582106789808,12.164199804862257,12.186022758483887,12.172387059270507
502,12.735021614432952,12.744024399251375,12.743503541421692,12.448366387706544,12.71468362506497,12.751111030578613,12.779497039358999
503,12.561734012833657,12.558032011304364,12.558808974810733,12.540600325540677,12.537393391155282,12.517035484313965,12.547921029792198
504,11.898077305958697,11.899010530001709,11.899379473942947,11.793394603777354,11.938768328737936,11.94803237915039,11.968900271723202
505,12.098235709220303,12.106618819073352,12.106666973600072,12.122022895504081,12.11051046588687,12.062612533569336,12.091518741296078
506,12.603321833683754,12.590954970428742,12.593594008229655,12.550288297516921,12.48867598224226,12.492398262023926,12.576331982806764
507,12.092583924969803,12.11192730691294,12.10975060930735,12.036606849491886,12.122470669010863,12.154306411743164,12.129368352048724
508,12.026471090161618,12.087364703776391,12.087808221254456,12.21516056467813,12.068577984229277,12.015647888183594,11.982420835939815
509,12.91950366325256,12.900551143794992,12.901445378613872,12.873282322090638,12.9464754721545,12.90727710723877,12.859946142562482
510,12.114844867543862,12.110123760740901,12.11055189983196,12.112180067172655,12.163609560088743,12.131263732910156,12.071757609394979
511,12.476973484831191,12.469834817148628,12.470151139474284,12.093123870752757,12.308440069308945,12.345544815063477,12.342823097047637
512,12.270760231362127,12.273211226236276,12.2724892758469,12.254793655177041,12.171804551523818,12.232115745544434,12.237804311235049
513,11.898691125380777,11.915671665612372,11.912028506616888,11.821511550446905,11.853848003658166,11.876372337341309,11.891524908885051
514,11.971437512111253,11.971088494037007,11.970450142216407,11.995072351410531,11.98113237970976,11.984435081481934,11.95277402012568
515,12.018449072095052,12.020249205172307,12.020076707676708,12.043137236983755,12.031560291382355,12.003239631652832,11.989380795831936
516,12.837955637929749,12.835325199063693,12.835367120972187,12.826401415013951,12.808633901285766,12.878294944763184,12.84687016822837
517,12.13405588145698,12.106578382211492,12.10721571281727,12.160666803284544,12.169193279632246,12.163033485412598,12.183182623909094
518,11.8611913591817,11.873860885349067,11.87251902937033,11.930132050490894,11.79266234007138,11.745523452758789,11.74578424088079
519,11.994154440227655,11.995763724240915,11.995404893665752,12.050302178590616,12.027458468041338,12.032336235046387,11.997942410962178
520,11.862421218936472,11.880454459080294,11.880050899534329,11.98129871484528,11.930454709632635,11.92658519744873,11.952136051791836
521,11.87974309564342,11.86127462277441,11.863320970714058,11.908571974482628,11.88086103572868,11.814278602600098,11.720358908604915
522,12.120290955223728,12.109203905857404,12.111291394357679,12.229288069515993,12.140315232948392,12.133560180664062,12.155146397108815
523,12.011801519210836,12.020238464940373,12.018546855336801,12.019537070992646,12.031057537021423,12.058794975280762,12.05670094336337
524,11.993729041186478,11.988689907603645,11.988392507171113,12.050022969786811,11.967245352197779,11.899348258972168,11.964625782318372
525,12.741220349885474,12.740080950782815,12.740040024671714,12.748441037311355,12.776202930622024,12.817519187927246,12.857912261722387
526,11.912770270217742,11.926271326265109,11.926008897834588,11.891461945606336,11.906807709421027,11.873028755187988,11.895151509086977
527,12.486609502879611,12.487805575733853,12.488260365109129,12.45588985685723,12.462898113325743,12.425686836242676,12.46921910255906
528,11.893195414991094,11.855539032621694,11.857636325429757,11.814110291162226,11.962906320395806,11.881390571594238,11.913790108923916
529,11.37424054837202,11.353220782577543,11.354481425234704,11.440941103504933,11.343057546521976,11.46930980682373,11.536537135729315
530,11.812360061104593,11.823806252829513,11.822906442411186,11.852995624083785,11.740770663945156,11.741552352905273,11.723372787402717
531,12.456213542833968,12.458224357997151,12.458057402643616,12.455085931152805,12.408778239424375,12.41751480102539,12.377609749211821
532,11.979398258524052,11.978056333321602,11.97806707749923,11.999471905359277,12.009314815282995,12.004170417785645,12.03184706352628
533,12.063973547018703,12.054741917949942,12.056111167662175,12.044437802777193,12.041711775094058,12.07050895690918,12.06169824339155
534,12.05565387364502,12.050332174258548,12.050222986439312,12.097482969660994,12.16844145971908,12.096882820129395,12.149967939845725
535,12.199723558684305,12.203151284208364,12.204925072949756,12.187152813093089,12.172643095672303,12.27087116241455,12.216525509504867
536,12.400744082755214,12.38611870044968,12.387643980367926,12.411812638474558,12.429427092751625,12.413463592529297,12.397970346617273
537,11.497340780153053,11.477459676661008,11.478791269068509,11.518404464385789,11.414302785896897,11.392767906188965,11.465281723295055
538,12.37960640677615,12.364824416177154,12.367082864499801,12.349374261207577,12.367207936606846,12.296483993530273,12.309690448121609
539,12.123964621275654,12.132080023117993,12.13017558526141,12.126720392958353,12.154466652393841,12.072954177856445,12.045632480341315
540,12.313384797027883,12.310587605008202,12.310330085180153,12.50380907799128,12.220239852787502,12.181360244750977,12.154774553866874
541,11.733792256162884,11.7252529451459,11.725163248309606,11.913931828007891,11.687784630544202,11.61401081085205,11.567569105336771
542,11.626025287697637,11.61226540824998,11.614396613072381,11.582056472679485,11.569312386809202,11.550292015075684,11.51434257400744
543,12.109324713646387,12.109269597097326,12.11062124604332,12.030759292205422,12.110544131685483,12.076186180114746,12.085614390002128
544,12.251802793564478,12.249609795424611,12.249856942570899,12.259345545235362,12.30155327887895,12.28148365020752,12.287883855324827
545,12.755572790229692,12.749812977913798,12.751686736831738,12.684412935565799,12.767743671705572,12.68419075012207,12.718978662760138
546,12.420663635582367,12.416807929994555,12.416996498389393,12.400618584865441,12.388971399685436,12.396942138671875,12.378812679762238
547,12.367144493647585,12.3699033412568,12.369017953270655,12.359076001355287,12.389125564847047,12.366768836975098,12.358823580705355
548,11.791574933671628,11.79540461528687,11.794635461415794,11.822888470247541,11.871662923929104,11.842679023742676,11.8297652589011
549,11.907602428559306,11.91259736982413,11.911754383661997,11.948609188858814,11.95417384274664,11.903780937194824,11.909347245631597
550,13.208178573898842,13.20878006791266,13.208698394097793,13.248992323069157,13.202769864810309,13.18905258178711,13.13653309169084
551,12.437439209819534,12.435849415509994,12.435823292551564,12.4242290317967,12.444349362909517,12.438507080078125,12.439054464323128
552,12.343774285522853,12.340043428779348,12.340717204042349,12.315799811741751,12.356675096817302,12.388702392578125,12.353630239195638
553,12.807164653149028,12.821665561628276,12.82154879376387,12.794476492274086,12.794831506117397,12.789705276489258,12.805546454346521
554,12.111138630704039,12.120632838369929,12.12070478824868,12.017427550977471,12.076287965833263,12.030401229858398,12.035475169959891
555,12.123926787940698,12.116442934093469,12.11666410017941,12.125778825567894,12.137401637103494,12.17192268371582,12.150198700767627
556,12.355490681045087,12.377152524140566,12.377537795006278,12.361061151678381,12.405003195965378,12.319351196289062,12.40071155297866
557,12.04481830661465,12.03590173793048,12.034594034167815,11.943909103818239,12.082936222761813,12.076001167297363,12.100127591496117
558,11.82257756988955,11.819433433886616,11.819530939105556,11.824777958941745,11.93888385792786,11.981100082397461,11.929110087907768
559,12.8488364616946,12.85488647073328,12.85516731907243,12.860274726031204,12.866224706564612,12.882753372192383,12.85851766866229
560,11.936419035693758,11.926885019657767,11.927400324163246,12.105993928855554,11.94484232675516,11.95149040222168,11.921884731748083
561,11.766775562644076,11.743726151932382,11.746264593535283,11.763387376865053,11.832784676618878,11.793028831481934,11.822612399184864
562,12.589532639502043,12.58159066019945,12.582354687863573,12.555098018614492,12.524248552144895,12.51803970336914,12.52580105980204
563,12.184338767797977,12.194738902523197,12.192623518908462,12.066223897509495,12.267111663346757,12.207005500793457,12.187955146264
564,11.95958373388929,11.965221146309975,11.964347692641885,12.070546080831102,12.083636536853547,12.072419166564941,12.080268231368798
565,11.564559680015705,11.564176287939103,11.56440914672808,11.560704128626366,11.612293053852486,11.549568176269531,11.5980574419329
566,11.930927601988017,11.9241264048483,11.92332864030766,12.041046722836665,11.991119208474016,12.01227855682373,11.974413383662341
567,12.46187844756982,12.440510394323628,12.44316901228874,12.114606491687388,12.461205772796301,12.376758575439453,12.422462453364172
568,11.517211670899064,11.498806460350675,11.500046748063532,11.485177759460056,11.439128556529646,11.4530029296875,11.514213623405448
569,12.536777535661912,12.541568403821211,12.541567036476975,12.550762238109474,12.635961516574516,12.667584419250488,12.675099689306755
570,12.0759966670599,12.08515120165347,12.084481863064745,12.084225441960596,12.008630891164273,11.96037769317627,11.954440078715797
571,12.718915468566546,12.72118709631378,12.721812115031414,12.723594090457242,12.774393446956656,12.762578964233398,12.774935948466462
572,11.915769873574092,11.91299208176688,11.913320184475833,11.917247954416151,11.94649232935343,11.922928810119629,11.93047153162182
573,12.047740213278338,12.030872736582412,12.03252891608925,12.02955282958282,12.13485028176494,12.090216636657715,12.096690107533716
574,12.543911507453593,12.532300766111558,12.533409483193518,12.582713059309697,12.5761445343211,12.555776596069336,12.549466166911865
575,12.839476163996101,12.84965709693041,12.849623174621243,12.840667868035876,12.850032963450493,12.902231216430664,12.935066512249652
576,12.088238558589318,12.093494244077654,12.092559654805857,12.107088499397038,12.099222440241467,12.08563232421875,12.093900257823249
577,12.391882444390038,12.408593763251206,12.407381279788185,12.104452827902422,12.511900467391133,12.473526000976562,12.4679329436478
578,11.855877783381928,11.853119897911679,11.850983693345338,11.82785293615376,11.967640326820064,11.910417556762695,11.903471558547437
579,12.545213374027137,12.549781378388635,12.549829489781136,12.524661972365532,12.518593276656892,12.551610946655273,12.557700473388849
580,12.142123687717257,12.1421000539941,12.142495276991934,12.14245057125656,12.112208063677508,12.152668952941895,12.153999971028037
581,11.742929384034618,11.747873190207532,11.747280050615684,11.789724011627628,11.756394933419037,11.739253044128418,11.761513928958452
582,12.399491918010778,12.394283242658311,12.395423473286066,12.231071165661756,12.414808579529387,12.355636596679688,12.314914768640588
583,12.480960811946414,12.487563547931277,12.487429625532979,12.498504645696467,12.587606111686762,12.604565620422363,12.660880057883356
584,12.071100389096985,12.081632694319142,12.078620864392988,12.07769449697463,12.080641402540834,12.061767578125,12.061389992259489
585,12.091581819355508,12.101143736996582,12.100132005769106,12.138994895578104,12.119085591529362,12.088066101074219,12.088986702018168
586,12.57305970424739,12.570780355885507,12.5722898604172,12.627535998314368,12.614538033139842,12.558548927307129,12.576832334367708
587,12.511788447579073,12.502380053651542,12.503114843163955,12.45569015311111,12.480441937733126,12.542936325073242,12.568747502833597
588,11.66910907589101,11.670118156167655,11.669660918064265,11.67734083534473,11.795261301843981,11.806119918823242,11.768180580695056
589,11.90406132239559,11.920504287814573,11.916771024497503,11.828863418163902,11.931203716444108,11.911858558654785,11.921036622733874
590,11.820050991090813,11.810944106609115,11.811140898154655,11.769162122631895,11.851188058988713,11.877988815307617,11.87666581591323
591,12.176945770600108,12.15685489601571,12.158272476282276,12.097002195763679,12.151653820968564,12.09327507019043,12.075782459914095
592,12.678087231197903,12.671753465268377,12.672751334586692,12.671874746778542,12.687410015059534,12.579828262329102,12.620701252064306
593,12.489571728277454,12.484124245349715,12.484723500755587,12.481088530070268,12.468289562263347,12.479691505432129,12.430673641834847
594,12.049939666037746,12.045566475925154,12.045705680048139,12.037989992300346,12.0674372544095,12.118560791015625,12.079184272864286
595,11.531478085435673,11.529553075271664,11.528767888699889,11.699100407458335,11.611705225081021,11.606473922729492,11.654527345773792
596,12.049408533806675,12.07700635163971,12.076712445726987,11.991740548280935,12.140259508997357,12.063369750976562,12.101454694879134
597,11.925261106908575,11.939358728014625,11.937434795091763,11.893850877940917,11.858678098160084,11.922652244567871,11.909560678015037
598,12.054138417706081,12.057793174659901,12.05628419506851,12.096304277123394,12.05123675715252,12.029219627380371,12.040655678938265
599,11.997619536655488,11.994802752422023,11.9939440141926,12.011568135601692,12.069754522718835,12.068550109863281,12.002631142643846
600,11.84378197345238,11.843164169401629,11.842830577986659,12.101061539786329,11.880802645075835,11.84354305267334,11.84659091361825
601,11.912794035960266,11.919528502277714,11.91819018405566,11.883151666925851,11.946915683292408,11.960627555847168,11.949684027445885
602,12.245638368792648,12.264721773037225,12.263296825249148,12.268590534988611,12.263521308121417,12.267715454101562,12.264523463582679
603,12.473933604198823,12.477047467721684,12.477107919589647,12.459704547619891,12.448442655138813,12.491479873657227,12.507890800555426
604,12.158637434178068,12.152223820526316,12.15257034108693,12.182368997004522,12.170735636144965,12.147247314453125,12.137529248022748
605,11.861739341855547,11.856289915381028,11.855463979343162,11.86951209568806,11.9820394285351,11.94307804107666,11.926090615207368
606,12.56896659013408,12.56799140355476,12.567723251308607,12.591428558969959,12.539093117176666,12.560616493225098,12.603800354091877
607,12.33632552787957,12.3350545583067,12.335495221498213,12.358791604483113,12.277042756710308,12.262907981872559,12.271471116342228
608,12.73308122823549,12.729878301360808,12.730544445614758,12.705977219376965,12.638995386077893,12.693876266479492,12.575254135731576
609,12.169185800224897,12.170621950934388,12.170617061912335,12.129115959373486,12.159196390067901,12.185935974121094,12.186837330167014
610,12.327481225409677,12.32880913022954,12.328894530395074,12.34765389241421,12.35295697041567,12.348814010620117,12.327708831063616
611,12.322925979257978,12.324349738375103,12.324051037526182,12.29102928815005,12.31707340568439,12.336295127868652,12.351702507117086
612,12.306126597274005,12.326675312901301,12.324819173457893,12.074759152008278,12.230934501476366,12.166193962097168,12.150187825099032
613,12.207352539042049,12.221018537463738,12.21981485359192,12.157642963647357,12.173815760052696,12.190391540527344,12.176503675516903
614,12.559909424947232,12.560308325600545,12.56107378694061,12.557943814550438,12.579344292764684,12.589460372924805,12.568397651275298
615,12.198196674864402,12.170585202361849,12.174358132711566,12.188702022780408,12.347397379043109,12.344640731811523,12.395172725848715
616,11.943014429980389,11.945735430752926,11.945983635329169,12.154916138874261,11.921697939328205,11.924537658691406,11.949524753918686
617,12.670490613966821,12.668294822752836,12.668923318782696,12.318904530814686,12.731183405527963,12.768550872802734,12.750470120504454
618,12.065937569416427,12.08323984388382,12.082611771188107,12.025551771007041,12.047944815659497,12.083269119262695,12.089226449769082
619,12.332015211760154,12.328405121738744,12.328893713668878,12.309067798563568,12.314158665451341,12.344423294067383,12.310897814831744
620,12.831409609029906,12.832634172640548,12.83404304237366,12.630461225025732,12.8811167613962,12.875510215759277,12.795153111513086
621,11.956298546999319,11.976932666178438,11.978438553116733,11.942636109701153,12.008675051331087,11.93750286102295,11.942319935878185
622,12.121831871626146,12.122111855963066,12.12242395685497,12.129595610234295,12.06505157437044,12.086458206176758,12.096874563878032
623,11.883126589513164,11.893372838647918,11.892245344471151,11.919255291083111,11.878748343903139,11.890056610107422,11.90800529786324
624,11.832794641284046,11.838102747134547,11.835786881781699,11.796573845220788,11.862514618214506,11.881989479064941,11.866184928823792
625,12.511336479108765,12.506187365708577,12.506279395357991,12.499765532945087,12.496615837077545,12.518858909606934,12.48856144768422
626,12.037907166837016,12.037568234403,12.03871587028803,12.064253539240108,12.032690337588335,12.097698211669922,12.060960757184107
627,12.24772059858738,12.251241379975289,12.251319122079012,12.104515712508752,12.303756117561145,12.230990409851074,12.274396940021836
628,12.051254143899467,12.061231949919645,12.060714932590692,12.016718001340474,12.01662891528861,12.02779483795166,12.069860822923648
629,12.76720081087415,12.776882177380847,12.775438991997769,12.758567898244507,12.884581665316382,12.861140251159668,12.876587132152718
630,12.304904657071736,12.309764899834564,12.308806147064692,12.322820105185546,12.237485322332065,12.264975547790527,12.253815047052631
631,12.199127404413991,12.206414076074324,12.206288225944922,12.19753780769263,12.21509583715017,12.210371017456055,12.20664965228375
632,12.233338049907113,12.23566256764774,12.235615114952774,12.242962718416042,12.290866593008511,12.315197944641113,12.32015366650736
633,11.95345561091265,11.968022568425619,11.967284455559957,11.971361533725666,11.958660582581926,11.90793514251709,11.940044710781768
634,12.380814659027731,12.386094434487825,12.386855253212913,12.410793403884147,12.426683086894393,12.360498428344727,12.349241480286905
635,12.385375312027882,12.379770492559555,12.380403336517992,12.337296867419376,12.34762516714647,12.387855529785156,12.329139174862787
636,12.225480487594101,12.225315084773296,12.226603049583407,12.044659887990091,12.128676377287396,12.15804386138916,12.199764997717343
637,12.747863896419316,12.743892799889208,12.744321428256308,12.800141834724863,12.870318942769348,12.851214408874512,12.79222068260691
638,12.322120226530563,12.322461201325158,12.322639812679563,12.350059990409973,12.390431138221805,12.353440284729004,12.365994908331572
639,11.877239090920787,11.90085707961034,11.900176813852124,11.664622475657357,11.73384324715104,11.790903091430664,11.877784826387161
640,12.36809307177643,12.368117832689606,12.368545608196039,12.384426800428066,12.34080850943327,12.354837417602539,12.371389833740453
641,11.8997390935935,11.864344183418218,11.867581762463969,11.957796763123055,11.929023058036433,11.91799545288086,11.875537311505155
642,11.974402149660488,11.973769802497642,11.973118842281021,11.955239322318759,12.090434445692459,12.052820205688477,12.047510537947
643,12.472935477627438,12.482069273515357,12.4804097267187,12.439587679609831,12.438270940225458,12.480033874511719,12.491425369143174
644,11.925720860663342,11.926712245187868,11.92715020989486,12.051342000814325,11.986452110557146,11.985016822814941,11.971647454593297
645,12.4209545283551,12.425803239568395,12.42584979835201,12.441687850837848,12.275095205443101,12.291387557983398,12.329878197983858
646,12.320861814478713,12.318684454967203,12.318760768939423,12.30310906536427,12.29524065962729,12.306462287902832,12.30363920618578
647,11.750794024604811,11.766521489699795,11.767286915498977,11.781330740783716,11.810728246972316,11.734460830688477,11.753067094430003
648,12.315402187214216,12.310251681028365,12.310384090842293,12.173856589662352,12.31577848924558,12.327112197875977,12.341037706339934
649,11.96915840450596,11.972437773090672,11.971407722169443,12.054025979860869,11.987696354352638,11.962136268615723,11.930333721622954
650,11.662013531290437,11.654194138886847,11.655013790639371,11.755418154786348,11.643499526973956,11.682119369506836,11.693587528939943
651,12.297862909180466,12.3099578427109,12.309707061440815,12.244450070370764,12.4042625414217,12.38729476928711,12.352822766006794
652,12.754942653478434,12.740771404052598,12.74252420444916,12.803486585062727,12.784082577416129,12.796561241149902,12.748874156827695
653,11.930798897754459,11.92209973825893,11.922050601089886,12.116976133224771,11.850011736387236,11.951675415039062,11.92891668928182
654,12.429309043413937,12.423797077816259,12.422550193268345,12.346015416305272,12.42075491797083,12.392813682556152,12.419889954970749
655,12.2473058553083,12.237990603626153,12.23905687730642,12.21426314046378,12.276436972253984,12.255569458007812,12.265858177146665
656,12.363731974008322,12.376269125895659,12.37562566470757,12.113438913066132,12.28960905878928,12.278194427490234,12.285008501331987
657,11.989783668617509,12.002130925319506,11.997220858764353,12.000661742434378,12.080521009131292,12.081603050231934,12.13243968588347
658,12.219595652832256,12.227105563048367,12.225368575166682,12.285727097839683,12.317235333596505,12.28861141204834,12.308044772319276
659,12.281337793636359,12.274123110115287,12.274650441802818,12.296513637949328,12.388609444308493,12.349750518798828,12.305735805186707
660,12.910394426593028,12.904011362677156,12.905288854203038,12.88873927576956,12.856506986679415,12.831860542297363,12.828330748569163
661,12.037995813754488,12.024142562830097,12.024560432319454,11.995207212262745,12.078929503374443,12.02795124053955,12.010386699727148
662,12.18051903563238,12.17662454318814,12.176604483117938,12.222606945363824,12.228885620330532,12.230870246887207,12.238300659257307
663,12.303174375349007,12.284284384032572,12.285704462351523,12.262424136363522,12.20450475668345,12.236570358276367,12.205550904562351
664,12.30690696909445,12.309685132463843,12.30982758585945,12.272669601589913,12.248003018959103,12.234569549560547,12.215337757265903
665,12.33433813217917,12.33390883716552,12.333991976856291,12.296247250304384,12.341511629891237,12.283326148986816,12.328478655675326
666,12.486193979180577,12.495599759787657,12.495191912583747,12.480620601582189,12.433447863864156,12.489622116088867,12.462559734132158
667,11.880195739706723,11.881333749723249,11.881703482970487,11.970520403233518,11.952487091695735,11.905214309692383,11.906172670452602
668,12.513054723113987,12.51136739307657,12.511469515906516,12.81712701889655,12.429705011208824,12.475057601928711,12.503614511389548
669,12.031016081467017,12.029154147017529,12.029057919718046,12.041228487098998,12.115110968106224,12.075164794921875,12.090372742964966
670,12.410767868215846,12.407861680630893,12.408723219969978,12.384512608087995,12.35450767909624,12.386433601379395,12.384854412322113
671,11.635644495014079,11.650005297283624,11.645022912558995,11.70624671649712,11.662774919749278,11.709415435791016,11.678816602851844
672,12.00803600645604,12.004245365250835,12.004252918407742,12.221794193822182,12.06013169122795,12.098732948303223,12.048215430813999
673,11.808139678499794,11.79648888158915,11.796498232500781,11.82166698536305,11.6777412991701,11.692076683044434,11.65973483703141
674,12.04177820685685,12.028793336762442,12.028085223038108,12.081180895836614,12.13044389161924,12.121393203735352,12.135463349019322
675,12.000976045877838,12.02973486842386,12.026363899248762,12.057774924895828,11.963035546856156,12.087517738342285,12.022572304461674
676,12.572862285401978,12.562657349931046,12.563550644483376,12.55883868145384,12.550889685192704,12.578473091125488,12.591456113287304
677,12.826595137463308,12.828118002087898,12.827927142325885,12.825798166896064,12.962081477909296,12.954313278198242,12.95411766374849
678,12.341547054191384,12.354448448514642,12.354335389480092,12.37805306312443,12.442209241356325,12.375800132751465,12.425629009447208
679,12.007658867163435,11.996951809092474,11.996994930005101,12.014403769581715,11.971532652405076,11.980972290039062,11.966940995630983
680,12.445809842948346,12.451333890513286,12.45152665729963,12.421930681969409,12.436938250218018,12.462303161621094,12.453874292605002
681,12.838824686858576,12.841094826344996,12.841330070707086,12.8406851036562,12.851280011085134,12.8207426071167,12.833389797234368
682,12.504277015830018,12.515670682402781,12.515693501876973,12.383369196267164,12.433046674837447,12.496146202087402,12.475760921044618
683,11.978108461530857,11.960822392291956,11.961350962215972,11.92291779627667,12.006403375066013,11.97065544128418,11.93557272027399
684,12.29206171848127,12.293529609299553,12.293321513504884,12.267302420067864,12.268236158578814,12.262612342834473,12.262203534678449
685,12.581471720545382,12.588716394919837,12.588850609375593,12.340829751129423,12.52252183226834,12.507885932922363,12.508042395790998
686,11.933067954542445,11.936786697988214,11.935486592662775,11.922646142045794,11.902411655841572,11.945500373840332,11.938832069969283
687,12.41419907137534,12.41054176582736,12.411677536630839,12.402400778893131,12.329134927406246,12.363162994384766,12.329050941053596
688,11.824405412308195,11.821874684685941,11.822155974628714,11.851494179827679,11.751857129467362,11.739057540893555,11.700556209503823
689,12.595930796900983,12.614417646904778,12.612562261178265,12.57484575810811,12.5823107885664,12.615682601928711,12.630475425181627
690,12.588772793728888,12.584911780691002,12.585720224296256,12.605562367441733,12.593657258144491,12.586430549621582,12.570818838033535
691,12.091533486695498,12.094633601704412,12.09406251462306,12.02958348224146,12.04547852784537,12.106552124023438,12.117794758748103
692,12.335004850392428,12.34186513294586,12.340738036784245,12.304905804327303,12.335011899160957,12.347580909729004,12.451330644362415
693,12.419202259324287,12.413944286927315,12.414754796760144,12.424774560334974,12.46294511563131,12.42705249786377,12.425857906218459
694,11.87688473301563,11.882816687381128,11.882917246408347,11.88510196529514,11.92319858355584,11.857592582702637,11.883459960033477
695,12.61690624989215,12.604875761320029,12.606261677307387,12.588244809795297,12.710765912289876,12.683610916137695,12.705623486650845
696,12.038996218634749,12.041143515058609,12.040558589444446,12.040856208688611,12.036273425791554,12.036388397216797,12.023711305831238
697,12.502529032327253,12.510356781031529,12.509376984800827,12.493514568186376,12.496744923977808,12.467879295349121,12.470405989653116
698,12.825136311938554,12.819434050319037,12.819482766118078,12.796012541893628,12.983851913607344,12.951192855834961,12.92234101485449
699,11.99821407229381,11.987886983238228,11.988143371414141,11.859128978976077,12.023403832927816,12.062158584594727,12.041748716121996
700,12.553946930393872,12.5492576221765,12.550084524553833,12.557219649405225,12.464736849114564,12.473034858703613,12.455920625106074
701,11.898767051868429,11.889231234239064,11.88908086064016,11.87084137959182,11.922653912983959,11.900542259216309,11.921676091229353
702,12.112044081528003,12.10847252312462,12.108723112657271,12.109532092253886,12.067151237345332,12.08378791809082,12.09568673351267
703,12.291178834515229,12.28889952305549,12.289082548117142,12.234564380906448,12.267796631023323,12.27966594696045,12.27498478439746
704,12.477383911241688,12.470579845774257,12.470736551289367,12.498036552199633,12.388463920673294,12.494744300842285,12.428283729018261
705,12.187445789258822,12.189233571252673,12.18888515697938,12.197103924503171,12.199840112794137,12.1969575881958,12.161813837060473
706,12.1607578623334,12.16754898155732,12.166778314955808,12.139182460382886,12.205293133398511,12.192968368530273,12.197806329666324
707,12.069870789866066,12.072988529522897,12.072996059452926,12.051089752811441,12.041958087435003,12.031636238098145,12.021882594153823
708,12.720427941554112,12.726369630894313,12.726342971000891,12.73988741165779,12.842877435900851,12.773016929626465,12.854700726105955
709,12.168864201036703,12.169168590522354,12.16901474802745,12.147127988232976,12.15872134644026,12.145890235900879,12.145947031679489
710,11.94573791765855,11.93149437030405,11.932414730061678,11.800175460280489,11.88941444063626,11.906331062316895,11.94439587079923
711,12.279853576178121,12.277759817516783,12.278774253688084,12.241738351923003,12.258518386322267,12.13308048248291,12.162130342234157
712,12.55368244113543,12.544773095178625,12.545242320805514,12.539676991084592,12.506383090260693,12.520864486694336,12.538144469635965
713,12.434172015711967,12.419020283763047,12.419562201107185,12.423786548625829,12.392869610225715,12.384590148925781,12.380912267591784
714,11.850095014913862,11.900638936448225,11.900167805610392,11.8622300404019,11.97864227950375,11.942976951599121,11.916518862797941
715,12.155257163041192,12.16535360421632,12.16484317443189,12.124350925321595,12.162037090504723,12.143595695495605,12.17120294637376
716,12.022974022676065,12.00968677862085,12.010131273941054,11.988584156550736,12.095714208181013,12.071925163269043,12.095178076634147
717,12.306872150711394,12.316222135158018,12.315861064208653,12.325442892529278,12.279189359910667,12.323371887207031,12.340914368043837
718,12.031638564318209,12.05387802436469,12.051212920254,11.996057054215374,11.964305298897228,12.090060234069824,12.048852943692772
719,12.656190853411418,12.656919664729752,12.656612369927219,12.683630820326243,12.626962141030162,12.712554931640625,12.706147906140984
720,12.344144402379536,12.346368365048935,12.346471808303278,12.315786317273595,12.285231608981853,12.32167911529541,12.312488282528664
721,11.782190619086208,11.782669219101756,11.782922053184556,11.797681093484782,11.805957985892055,11.809127807617188,11.764901074380743
722,11.951214954497855,11.949701515292965,11.949563610852893,11.981379204353459,12.026395534193693,12.009187698364258,12.035071511422545
723,12.410016852105134,12.414643203454487,12.414693359399166,12.365887634626398,12.334951132702216,12.35212516784668,12.35226650479541
724,11.9913596138712,12.007813588789077,12.007382215653884,12.00466524780861,12.045733746277799,12.032883644104004,12.062270318708226
725,11.912198433400713,11.924265017443952,11.92288342822056,11.942026299563096,11.99173910934583,12.008931159973145,11.998981426117977
726,12.077537265510728,12.08924738607701,12.08794903027792,12.10180907544653,12.119627467075984,12.12230110168457,12.15468702180855
727,11.977085479306982,11.978162837347305,11.977524853587006,12.014387530780386,12.077711243028835,12.039334297180176,11.988708733200543
728,11.907842393687165,11.898835914598116,11.899515033314108,11.867493890092188,11.91196302448995,11.901988983154297,11.897413221117185
729,12.726880975862374,12.725121195531399,12.725524346937446,12.710830852998873,12.780512360483938,12.789506912231445,12.7699823784944
730,11.931254172515514,11.936967160863517,11.93634222918103,11.963626721647735,11.97881817971119,11.982461929321289,11.976739712290936
731,12.405886801821861,12.405447191456442,12.405270107893074,12.425278872300954,12.357336533173099,12.327266693115234,12.334229026858651
732,11.665894855655825,11.66041093987446,11.660494768448336,11.662343281940203,11.66638879106717,11.625201225280762,11.612868027873455
733,12.36243846299905,12.367994820050104,12.367557222324509,12.343745908860896,12.355812159634961,12.39534854888916,12.411798947572464
734,12.431787205889494,12.444192533560473,12.443150305432686,12.503012986399888,12.381520868377288,12.384838104248047,12.357993138105881
735,12.04465190327214,12.052805647569766,12.051581421856065,12.041458198600543,12.008327545939597,12.02532958984375,12.028413355324586
736,12.05239489946274,12.054450203143217,12.053635335368211,12.116730533519652,12.04602017831164,12.107304573059082,12.070004328675362
737,11.5919312115118,11.61070147214781,11.608343196459742,11.676721142800128,11.55541006330764,11.67407512664795,11.643065213699309
738,12.6874609978649,12.679166769074914,12.679575297302451,12.721655327989598,12.660931721527207,12.71374225616455,12.692421668825796
739,12.285202268265705,12.286474875804597,12.286740424057808,12.279592135997717,12.269392360238147,12.298800468444824,12.24584922860367
740,12.039274706819837,12.045334944580418,12.045277455447561,12.000806217889266,12.085782568454823,12.090900421142578,12.079987212021637
741,12.48734990215017,12.489303022082883,12.48918979144502,12.508553716969413,12.406199578038693,12.44539737701416,12.43803574969974
742,12.535646362229308,12.53282409745613,12.533030330907957,12.40706720708224,12.598772241312707,12.428070068359375,12.501322783028321
743,12.06770209590079,12.067937474970735,12.066855976282982,12.091018320014198,12.242725135672796,12.255681037902832,12.24182050939412
744,12.23782676086809,12.246999384222308,12.246393646537612,12.233057261945747,12.195574650213425,12.21845531463623,12.243233501376007
745,12.528813499021583,12.525372828097014,12.525729035060198,12.542248725729117,12.534889319889075,12.528997421264648,12.50917513999044
746,12.865388348897547,12.859210254750465,12.860496078756057,12.851375118462203,12.886908740782367,12.880877494812012,12.874299905262909
747,12.034578749440993,12.03901775833212,12.038988135338617,12.010371551734131,12.047391468937171,12.056456565856934,12.050643127106829
748,12.27358891699984,12.268632934894727,12.269142322500482,12.259886210962911,12.23294401265392,12.261080741882324,12.245565557588453
749,12.208190431583787,12.206915783597713,12.20686048871324,12.201347560668392,12.2121427531501,12.210274696350098,12.176876562389502
750,11.87392213237339,11.874977863180435,11.87511715287365,11.951175132338152,11.932219464545481,11.909492492675781,11.94375377747225
751,12.160024522285633,12.178630131376282,12.176958897830652,12.02750060475021,12.091262784853377,12.08043098449707,12.200008331202728
752,12.013951627808126,12.019515348544992,12.019843627295165,12.00061414511619,11.9283315683042,12.011163711547852,12.00691377169787
753,12.208576058218048,12.207077133514565,12.206823432162153,12.213055592032937,12.257503485852451,12.288650512695312,12.306705897052309
754,12.057830189087358,12.056230352169518,12.057340577990352,12.101820881584414,12.014572935512993,12.085321426391602,12.075461243662152
755,12.164137566083019,12.15845800214115,12.160097742215244,12.20793600675395,12.039225497623619,12.11272144317627,12.094998568185819
756,11.857323370179126,11.875749893042249,11.873753279463426,11.895603932282775,11.946567507547313,11.939408302307129,11.923005411813712
757,12.443665900120033,12.444811217875936,12.445058065743922,12.44302738487624,12.484212852604026,12.484780311584473,12.47946068009282
758,12.36567629285983,12.366473204700698,12.36668546238986,12.37059579921221,12.32739651875218,12.325159072875977,12.31524909318003
759,12.327091078556567,12.321345917675862,12.32176572328519,12.309177991409225,12.282523690601293,12.280306816101074,12.280074960252467
760,12.310098694488001,12.307051545761555,12.307830815993457,12.29723899242214,12.271120932492627,12.298444747924805,12.29724394883707
761,12.274811464717517,12.28625130418795,12.285455040527872,12.267868462809245,12.287060922186376,12.274504661560059,12.307738681302602
762,12.300046646644185,12.289653511217741,12.291658886508284,12.298772009475808,12.350273255663671,12.31403636932373,12.303680999839257
763,12.326801085085291,12.327114505349893,12.32717118247533,12.318960040568223,12.335634907000154,12.321240425109863,12.318972280173323
764,11.834593836082062,11.849852366450836,11.849144411522111,11.79678426533765,11.882858335083377,11.90311336517334,11.872483412819278
765,12.373257968499766,12.386623084762304,12.385090299199273,12.432786899077996,12.323027734264487,12.379009246826172,12.311278728210844
766,11.64744392624152,11.672885066790473,11.671928307491513,11.621733536083617,11.719503668919673,11.600912094116211,11.582713085651653
767,12.104504121433319,12.09902794323329,12.099680218563938,12.1019419934336,12.091041896467223,12.092147827148438,12.07710295875382
768,12.537038865729372,12.535357369842226,12.535055755846473,12.550871707760242,12.540133907029698,12.56063175201416,12.55554607064461
769,12.000933677843907,12.008158281597956,12.00649856135464,11.98257249838129,11.955715448074272,12.00065803527832,12.002352596986617
770,11.963819407818484,11.963564361337301,11.963794806901356,11.99375584616557,12.038069636836921,12.04609489440918,12.04371315686956
771,11.810440115260876,11.800075105542266,11.801852418351167,11.800720926007964,11.76003407301862,11.730863571166992,11.73647164367261
772,12.629752335547224,12.618995939021872,12.62002300599514,12.630825069072127,12.546571510759065,12.544429779052734,12.590536726820627
773,11.985033996298984,11.983955305462437,11.983558119693095,12.071945088090981,11.961436076234863,12.001823425292969,11.990933902002684
774,11.98777018653378,11.993066709427797,11.991738953293344,12.038803217335154,11.999214275905352,11.998014450073242,11.977671011693376
775,12.242234526947332,12.227103265352955,12.229247094829619,12.106917781462775,12.24538762401361,12.226455688476562,12.245200162946778
776,12.134045535257584,12.145458094388237,12.144694400202527,12.167164913266861,12.17401862742954,12.157533645629883,12.17398828700198
777,11.9756797105844,11.974996285791322,11.975140702101932,11.949868294752797,11.879953888735644,11.906429290771484,11.943268000301124
778,11.68117775368276,11.67245198284982,11.671163800688824,11.708060936214693,11.830214930484031,11.700599670410156,11.698128869045133
779,12.747545368571005,12.743412569762299,12.743835301450229,12.774075746529792,12.78389947120858,12.834105491638184,12.757240015761926
780,12.163980227499746,12.172176731219897,12.172135444765575,12.199107417924743,12.219062528043235,12.204514503479004,12.2170092675244
781,12.569360681684119,12.567693116631421,12.567930765985464,12.576075107748396,12.523258645374888,12.55907154083252,12.516587214412485
782,11.93108247418489,11.9410592586326,11.939993623675942,11.95794861284815,11.998977891644,11.991477012634277,11.992197471434132
783,12.203142709966505,12.199973081426657,12.200164114562185,12.060690512896562,12.180258916093887,12.231773376464844,12.217839006896043
784,12.016514790752918,12.027704194805287,12.0270770850161,12.061155106921134,12.035460723027892,12.043761253356934,12.043253370293412
785,11.887324733872369,11.882807879228443,11.881871523263017,12.22284623858481,11.891085067540681,11.941423416137695,11.907474615820773
786,11.451640719895188,11.44111020879541,11.441554051946717,11.464558655428682,11.535198187722196,11.457955360412598,11.538371390192037
787,12.276784049361204,12.27600987001602,12.275940171415815,12.231738971840349,12.211159623089891,12.259963989257812,12.258439992216713
788,11.910622610862493,11.923468792193079,11.923778124849159,11.910337366485727,12.009732985187487,11.9992094039917,12.007120536603031
789,11.783901147995445,11.78595969019653,11.785659805072921,11.760383817029894,11.817362650403378,11.786376953125,11.735320127928842
790,11.93699174458181,11.936158052212265,11.935530395852686,11.939009730661436,11.895164132359382,11.859637260437012,11.835255321567706
791,12.012658746181211,12.025781716182355,12.022632738892995,12.044912370354497,12.0684568419695,12.04629898071289,12.072833529756828
792,12.148515205817883,12.154417551041654,12.154102091589381,12.1360734211117,12.100011515472515,12.104117393493652,12.094388224820408
793,11.819515675911523,11.82274568206929,11.822996220781652,11.887677218065896,11.754447168528758,11.680346488952637,11.607258250015292
794,11.805148595332021,11.81095167198386,11.81010054656837,11.869115214955135,11.79806813187933,11.780557632446289,11.775900886955684
795,11.848272446994311,11.835653390315763,11.835586695308915,11.915430927753363,11.960096467017491,11.921504020690918,11.868655784647276
796,12.127762586965762,12.117420110913054,12.117480802549265,12.128328814127343,12.24371661565258,12.212431907653809,12.220825626489356
797,12.210830713790484,12.187988089141914,12.190546131791645,12.246274456798659,12.219947798081957,12.265101432800293,12.259086975364163
798,12.924033544674595,12.921110394042124,12.921762142946005,12.882336498168945,12.911562162555569,12.936002731323242,12.94741308429894
799,12.701689715684536,12.71672037865293,12.715649316626422,12.699904468769219,12.678564519763608,12.675496101379395,12.626898992035455
800,12.660210230002331,12.65928166147537,12.659308073687077,12.644384594531536,12.700576894015887,12.731026649475098,12.765945025100047
801,11.899936353995354,11.913366415118928,11.911027979164126,12.052458018993683,11.883339843052566,11.8572416305542,11.86353822540392
802,12.406742360937994,12.377298442750634,12.380146513922366,12.375572377845922,12.323406479251204,12.318218231201172,12.2899064939251
803,12.235560213732246,12.23260838722057,12.232948129184901,12.228351930692634,12.280329652954586,12.281719207763672,12.246272182192959
804,12.5715913003081,12.580205914578043,12.580132052668116,12.524320435123993,12.43750564820778,12.459388732910156,12.481134002070174
805,11.776851846150292,11.776772817596758,11.777209149899765,11.807336990841602,11.775732863212133,11.760740280151367,11.749941953222828
806,12.025631192051497,12.024165842693327,12.022549722779884,12.040407955455425,12.095628268637437,12.107002258300781,12.109813888035069
807,12.515028634574415,12.521222573146257,12.521091978474992,12.551838352427692,12.513277558886516,12.59169864654541,12.54196158599095
808,11.878177407829742,11.88816734908332,11.88792930858126,11.91627862733526,11.888351088131241,11.866640090942383,11.875523607772896
809,12.006045374517516,12.022553263722049,12.019119138499375,12.003915072151536,12.062455642511749,12.02919864654541,11.995137459448701
810,11.927478371138342,11.924305149826957,11.923424714570107,11.971929351880505,12.056008599184327,12.00937271118164,12.009470825789167
811,11.977091736104123,11.980303601294379,11.979643590649479,11.97940393145625,12.016935739922047,12.01486873626709,12.028583223169743
812,12.454016303323925,12.451992807727366,12.452879308309107,12.424058909225543,12.427958214603992,12.440719604492188,12.453075403131313
813,11.873173194764316,11.879770756546483,11.878942378680932,11.8809914924433,11.8715270821354,11.842506408691406,11.847960016065578
814,12.178591675710443,12.184953526550313,12.18408277334404,12.191564706409164,12.254810057049099,12.210198402404785,12.186189705022423
815,11.87563187809795,11.871567514357958,11.871629786231907,11.860059663635425,11.98432539788973,11.917709350585938,11.895425224684747
816,12.10207941687085,12.100447662209111,12.101200932567455,12.014391720485039,12.045373937179876,12.08614444732666,12.075672541587556
817,12.319076155026377,12.312140032990111,12.313187126980514,12.26655371353258,12.281583845425738,12.281434059143066,12.278889871360608
818,12.487736815619348,12.485426494941134,12.486911237011162,12.46408891442733,12.391185483940298,12.409307479858398,12.44972315243285
819,11.963680529063787,11.961162321985796,11.962031015560376,11.942765812539609,12.007575143440357,12.003948211669922,11.978301902619178
820,12.11335738487257,12.127574526142928,12.12699375924754,12.10486201931181,12.19237287230405,12.185630798339844,12.179850853447087
821,11.992950235297513,11.98735484251356,11.987850989961148,12.132136015950934,12.04180084371868,11.979473114013672,12.002782508619873
822,12.281791291853617,12.265022872190553,12.265343844761473,12.283109445551768,12.251764960502745,12.252156257629395,12.261010703052715
823,12.066179407107612,12.060762527971072,12.062983694916504,12.07235347311704,12.076348953385489,12.10875415802002,12.131671407581214
824,12.387147023218667,12.390268319060423,12.390284280904654,12.39633968606978,12.288866619510198,12.383134841918945,12.35758144966562
825,11.811427915919406,11.822496452820255,11.821177377730098,11.788088027281443,11.930304094019476,11.899598121643066,11.95898437208927
826,11.462643646962281,11.469152124046932,11.466795839713408,11.508277665618026,11.547819235020647,11.537484169006348,11.594543987669079
827,12.54219488188784,12.540364659163982,12.540828812378916,12.526224361894045,12.49739702397553,12.590612411499023,12.535514619935594
828,11.816091200484452,11.795302698005926,11.79893580408273,11.739672298219237,11.648636685148682,11.575152397155762,11.563599154130262
829,12.113393763990322,12.095368939817266,12.095859329113901,12.137362370732053,12.1264499490577,12.108904838562012,12.112785536320862
830,11.993267799345954,11.995685407208077,11.995509906831401,12.018681985961198,11.998892673674058,11.998886108398438,11.99070913080161
831,12.559488868500473,12.570757251176044,12.569261700596522,12.524006620537255,12.581437973506217,12.606775283813477,12.620143838126763
832,11.924960070650169,11.951820292517947,11.948913990883645,12.183170539868103,11.857744826434002,11.88102912902832,11.86210759461637
833,11.610649735887128,11.627180382251149,11.625497404219107,11.786479817280517,11.707150400366112,11.703766822814941,11.643561709880267
834,11.93284730121405,11.93727380523242,11.936419262505012,11.952467830342588,11.96267563729231,11.928557395935059,11.941519277359252
835,12.110364814163395,12.122783329708332,12.121421959182351,12.084744901560486,12.161894895808189,12.1741361618042,12.209666335695857
836,12.276109974706955,12.267512793864945,12.267877867790238,12.229453184475002,12.220488373195947,12.245989799499512,12.229564453836652
837,12.397577386181885,12.396919916159913,12.397028938738929,12.400379152238068,12.421263498467617,12.407089233398438,12.385454584035722
838,12.309215398832558,12.313117250121909,12.312247985824614,12.326057387561233,12.271836674578687,12.268641471862793,12.233965584002203
839,12.015213775204577,12.032359415652575,12.028582575910358,12.107095391109283,12.083818329096612,12.123377799987793,12.13610237263014
840,11.718603366574877,11.730402784125147,11.729115458004163,11.827997150971692,11.822114214729492,11.73954963684082,11.706512422969105
841,12.046412591449599,12.040098215245397,12.040209487472378,12.030061533856111,12.043033137756208,12.032854080200195,12.004599098602394
842,11.701661945438993,11.67072075870741,11.673099085582336,11.649705990158854,11.587598126328238,11.472759246826172,11.504823536016081
843,12.112880524670118,12.12503460330974,12.123563039742596,12.11572257876384,12.070599048440844,12.168055534362793,12.198006818557184
844,11.944834190828944,11.958859305405689,11.957110549602971,11.955144036209786,11.939588666962239,11.989448547363281,11.957541546483016
845,12.032293829986783,12.034803378118443,12.034989139521736,11.994985094645475,11.997912596882806,12.00080680847168,11.981917007931651
846,13.028805051076937,13.019026342143817,13.020704546293384,13.090888944437964,13.10343918241217,13.080177307128906,13.075374619189025
847,12.343881364706355,12.345943957918307,12.345750339899604,12.350681187464774,12.484458739160772,12.383710861206055,12.414133662400793
848,12.416815764306735,12.4191855845475,12.418759428545188,12.082676100919741,12.358010078567697,12.431440353393555,12.414456082780536
849,11.893746502554473,11.913275670493872,11.910575961947647,11.845834410288614,11.898750380947961,11.926390647888184,11.919198862047102
850,11.91798270877929,11.920515975074526,11.921723944837957,11.904987632804936,11.796353434363116,11.797578811645508,11.776099487161462
851,12.112350575080873,12.123383972767957,12.120044127121734,12.054733694732839,12.06685542902947,12.177513122558594,12.215273229450363
852,12.146477599685763,12.131218087173565,12.133834239176359,12.200101432397952,12.041779834212587,12.090690612792969,12.12408141977467
853,12.458080567548087,12.478368282330482,12.476547756936762,12.481423804824942,12.50507127732572,12.475212097167969,12.453917832855588
854,11.432306925744514,11.426224633665738,11.42715679689724,11.67884421697471,11.383204687518877,11.40771484375,11.440824102949565
855,12.065502752257611,12.065106872971532,12.065138435690699,12.047665134363438,12.03084242444925,12.043292045593262,12.040996616786348
856,12.122992667691571,12.12920480031868,12.128935061998835,12.060472518627964,11.97649442171706,12.064352035522461,12.07030967349209
857,11.948209185873297,11.950077796711286,11.95064065505039,11.980681829297449,11.907104021810346,11.942965507507324,11.978890689130083
858,12.322914705368024,12.315964162984853,12.316203238714936,12.293529717559782,12.239840312249244,12.229711532592773,12.239529519013438
859,12.825195869474726,12.815360396715526,12.815879206726798,12.348124981141774,12.819772138271883,12.75203800201416,12.715567404572395
860,12.44770132722728,12.450388360168828,12.449539325070358,12.428618335551583,12.506756813027055,12.493659019470215,12.468666061789104
861,12.533355487705885,12.539942860671946,12.539073340288624,12.093124873022457,12.421340262566853,12.312814712524414,12.353859929657498
862,12.593865968568407,12.588749053497478,12.589682577513718,12.580099499548506,12.600224252875883,12.541860580444336,12.600994079238141
863,11.726675260097682,11.73036369794035,11.730131851520982,11.729540940494317,11.642307900344061,11.690194129943848,11.634226929189758
864,12.722818261905807,12.73483903809217,12.73476131491715,12.648955422138025,12.594582638055792,12.64141845703125,12.622578531496382
865,12.308794230993017,12.300935360282809,12.301160869849761,12.103376001754219,12.275181848887154,12.2609281539917,12.261790212305232
866,11.730240416928202,11.73495953943096,11.73346930736888,11.827347664740806,11.82325325941696,11.74647045135498,11.72531326824486
867,12.3046696573676,12.309881527174372,12.309807875908595,12.303348956227467,12.2664811373388,12.327164649963379,12.319225670699142
868,12.298409338856288,12.300173800711562,12.299367164826776,12.311697927496201,12.416202263321754,12.300552368164062,12.292124985449885
869,12.31586162153313,12.306978492598951,12.30792499874992,12.251613827912474,12.194701087379281,12.230278968811035,12.249639379175207
870,11.957211761054275,11.96564490258784,11.965254831696328,11.959017041982847,12.025329787929783,12.001416206359863,12.004200176510595
871,12.114383252519294,12.107883721445667,12.108419797460103,12.027900025795587,12.116190191137267,12.158660888671875,12.124674702272733
872,11.994133647612356,12.002496200290395,12.00145048845014,12.010741632657275,12.040615721325912,12.026387214660645,12.03814345006868
873,12.561315576200423,12.556121286025904,12.556987897296548,12.54050403946659,12.525182222084222,12.49508285522461,12.49306200403126
874,11.805176247229188,11.799603170430618,11.79935578613235,11.751751643100636,11.804096903891299,11.833715438842773,11.82953459095949
875,13.08199759991315,13.084622241250448,13.084882489622684,13.095730965877276,13.012487084414682,13.09020709991455,13.149671607706598
876,11.930552029151292,11.928821009073905,11.928542685816778,12.01398921557028,12.01226209270803,11.988978385925293,12.002495076666987
877,12.007911991890834,11.997273450439444,11.999104052827533,12.280757409399438,12.078327336143317,12.099274635314941,12.075955507536634
878,11.954058515964146,11.947865807617022,11.94798511759475,11.973682901705072,11.868337830943881,11.883249282836914,11.932612229490656
879,12.11911005089563,12.094134300474508,12.095106436888301,12.093937225609405,12.053224593460751,12.051078796386719,12.04419120432961
880,11.964218349550237,11.973371088068859,11.973452541985212,11.946028740412908,11.935370444080402,11.960850715637207,12.006292274646706
881,12.216121805678709,12.218819177406564,12.21815903122399,12.161346214649674,12.201971438600587,12.182796478271484,12.183182968651153
882,12.098036012808253,12.116850752969018,12.115963860220546,12.124776070357706,12.064784401120345,12.07925033569336,12.091243737205538
883,11.842251552775444,11.841748874966745,11.841366289284608,11.768775021726954,11.908918479281644,11.906100273132324,11.917008440478211
884,12.448910690339773,12.437763840007108,12.438629781751125,12.417718847349725,12.32106381695993,12.326467514038086,12.318140162395101
885,12.346405526181742,12.334472076734217,12.335535481568389,12.334740559820151,12.284649389463338,12.239824295043945,12.25942529126817
886,12.164413103123469,12.184941862435323,12.182695920380729,12.086389891709352,12.1578570947805,12.193180084228516,12.233714066073496
887,13.169957013903087,13.179372482379755,13.179773109920772,13.194007862657429,13.17386407164601,13.085516929626465,13.062538604677606
888,11.717950674802838,11.72617810892556,11.723719601806176,11.668803939115872,11.689507334596371,11.66624927520752,11.651420787765831
889,11.90524074645123,11.917780282755379,11.914005175572601,11.91540217500489,11.96918141661948,11.99763011932373,11.891676229158309
890,12.379901169252548,12.399131216497405,12.396905837712714,12.228462683624358,12.391720818832187,12.503140449523926,12.444603383719462
891,12.5129788645656,12.512861534464548,12.513429600486322,12.492036598217732,12.496917378308309,12.49046516418457,12.495925122565081
892,12.083656080389948,12.079372905885357,12.079921295507294,12.09822441036378,12.04664765552421,12.085651397705078,12.080858734664007
893,11.885186326532725,11.890547258263714,11.890356903863058,12.058392839218444,11.939074181231875,11.943684577941895,11.96607068276658
894,12.319834078435168,12.317358771466,12.317337294805464,12.310306154387284,12.346699610734786,12.311015129089355,12.346452390528246
895,12.276488744105002,12.275714810198776,12.275963820438088,12.253811110301973,12.254758578882457,12.290689468383789,12.281178094010635
896,11.98711862967064,11.998147197575362,11.997300003396743,12.008338482120104,11.972965253002892,11.975863456726074,11.984258605125422
897,12.097269094608793,12.118692060488742,12.115317995959947,12.054744841132097,12.083322907804332,12.055527687072754,12.097582815459814
898,12.438586154944057,12.436472906716865,12.437132513285597,12.354159805535796,12.341947669520005,12.40368938446045,12.424881433141001
899,11.463602797154149,11.458585430394526,11.458517529907088,11.653873331390054,11.380541752460186,11.413881301879883,11.476476158231137
900,11.978249621462833,11.9739774464993,11.974079159106038,11.929200579652559,11.987418339075214,11.963047981262207,11.909280580816608
901,12.18170360548468,12.189435363430073,12.189051899207305,12.280793602051547,12.2686487652,12.109718322753906,12.197863925918202
902,11.768729527294894,11.78365920251875,11.781597291316588,11.801504056506298,11.857059950510907,11.852604866027832,11.848489792421788
903,12.608950615188977,12.605347986269932,12.606179042730698,12.608565388349986,12.604019206768589,12.60153865814209,12.590166736488131
904,11.980586293425514,11.962720248426258,11.96406925172598,11.93343648658471,12.051165467066214,12.055093765258789,12.086500104617677
905,12.045561551217686,12.038242869103863,12.038520733826033,12.040315801527056,12.014141966861335,11.991832733154297,11.989861030004004
906,12.66846613628407,12.681986673449607,12.681201137900725,12.671533130687274,12.637963137130678,12.699931144714355,12.641192699676141
907,12.354939994750552,12.342336880878339,12.342279216932715,12.327129187428799,12.36078553520936,12.406753540039062,12.375560050491615
908,11.818708800454203,11.824085362941325,11.823618256489992,11.832016128455265,11.945541486484808,11.902647018432617,11.936821146710052
909,12.196106971441752,12.177223072420752,12.17942781159039,12.22508960511489,12.14379339990288,12.17126750946045,12.199073067667719
910,12.731631387105201,12.744903517567549,12.744523138522224,12.721378334935396,12.845196307824347,12.809407234191895,12.788982238412771
911,12.192794478484405,12.190535810668582,12.190127540509097,12.187875190424604,12.20578152806716,12.225417137145996,12.244963971616343
912,12.267876646264988,12.271419500272922,12.270477537641085,12.200975170146204,12.179752849041234,12.193662643432617,12.179311959143538
913,12.230082501077296,12.236819221883863,12.236469519443942,12.218057409135168,12.260573625611492,12.27488899230957,12.235585092836164
914,12.150833286006824,12.141246527855865,12.14200445344167,12.193072042384859,12.1233201987513,12.06102466583252,12.083229708754896
915,11.535022210160665,11.52759246261585,11.526345067005124,11.816110088316893,11.687523978266327,11.594331741333008,11.58560470084418
916,12.766595347507488,12.765582765635985,12.76576119397961,12.78969179902314,12.768699538443766,12.782732963562012,12.814596939115216
917,11.862595450245088,11.868081273451805,11.866728231020245,11.827363708767638,11.854913898239602,11.827310562133789,11.864887772785863
918,12.340028200730316,12.346792602719312,12.345979556107826,12.309493483267811,12.270462626418816,12.33835220336914,12.348230568267715
919,13.012035206119041,13.02460106858418,13.02373242489595,12.776616644257452,12.87953450627861,12.958741188049316,13.009878799698948
920,12.319733509367005,12.322070727364505,12.321728922962446,12.327483062561104,12.336945179900319,12.320779800415039,12.321544967683014
921,12.353881259311752,12.364644879745237,12.363324350405485,12.350209583622453,12.419922739319901,12.400394439697266,12.365289851290102
922,11.971329324932949,11.981289108586282,11.980688270943231,12.076109550441434,11.906420326104307,11.909073829650879,11.864199398605919
923,12.40491512689875,12.400844542854298,12.401093447412357,12.37509974860298,12.39483848883283,12.399727821350098,12.42582315192927
924,12.113293022979414,12.135529160859972,12.135034294701995,12.1285248118491,12.105016590489448,12.118433952331543,12.123183676213003
925,12.436826400482776,12.439651085297147,12.439186391710425,12.414203892670457,12.420717335135292,12.437482833862305,12.435384987117713
926,12.100907647083183,12.097095076278015,12.096667425997406,12.05022117372108,12.162111960021832,12.144258499145508,12.157806053840508
927,12.240755960793637,12.228662122487323,12.230212159764042,12.291810765851398,12.325046297567043,12.2620849609375,12.25442831776284
928,12.470111029046823,12.473535879119044,12.472949701893391,12.448711000141593,12.41505716337715,12.459308624267578,12.48560238406582
929,12.47095139830793,12.471944682177305,12.471978372976697,12.464490767925437,12.423361728844709,12.482658386230469,12.450582342441315
930,12.405064680366284,12.40895179853404,12.409812933166808,12.418300392630506,12.415520968028426,12.378995895385742,12.41385614593422
931,12.052435718549319,12.050933730605475,12.0516620606151,12.073473293717157,11.932698219886934,11.981386184692383,11.951729602078922
932,12.051177048885322,12.049199990473063,12.049729766125614,12.04934436908025,11.988687028763458,11.98257827758789,11.973554452090772
933,11.861636988945364,11.860991291555063,11.86166965791058,11.93380258348276,11.879920087646703,11.936849594116211,11.934891234988473
934,12.498330129983978,12.493840301972407,12.494066010575622,12.46607111920632,12.53304501114719,12.480113983154297,12.474578469008714
935,11.929003850685982,11.930730704834358,11.93030261032735,11.960269463665783,12.064382127622602,12.020784378051758,12.052572166143602
936,11.70622289003847,11.704230920267115,11.705328732423377,11.670265019682487,11.744704069405442,11.787217140197754,11.778607463169575
937,12.774770828023968,12.773462042530289,12.773607263141814,12.77587459124769,12.811643297400977,12.857791900634766,12.843606376960189
938,11.353846516290863,11.347602658307872,11.346676247384448,11.36757875593462,11.298926988738978,11.324060440063477,11.395218688214312
939,12.738430433492605,12.73503512717432,12.736159751912407,12.752472255226197,12.803983841133114,12.821043014526367,12.847329929680459
940,11.843790449665207,11.864202574131587,11.862212837903902,11.898491561381626,11.884424899926497,11.88575553894043,11.872996368386195
941,12.060125861628126,12.046700832708021,12.047067495341853,12.180317429434146,11.921987513269526,11.957622528076172,11.97582591291284
942,12.044061149575557,12.034068061118445,12.034106313555384,12.112167033018867,11.996960549543335,11.973917961120605,11.957044190282598
943,12.048983572016136,12.055860135637728,12.055101037204148,12.042565594106218,12.05325771229001,12.090296745300293,12.098567148303495
944,12.153613531405098,12.145455312323492,12.14586456595122,12.162490224738598,12.116751035250427,12.12586498260498,12.174296834290017
945,11.94515977900415,11.929817361347903,11.93089701831237,11.894939680220231,11.920664919808836,11.888687133789062,11.900275220118633
946,12.076703158424458,12.066006989419545,12.066998648947465,12.098702904729913,12.094833882402115,12.059794425964355,12.11140507774787
947,12.42667194835325,12.413351298545043,12.413564000239347,12.437860533225365,12.419386521645967,12.29128360748291,12.378752748264297
948,12.134265429263477,12.147365461647556,12.146296778238456,12.190898764513273,12.083823279214915,12.126819610595703,12.16787877570444
949,11.813109835721063,11.794704775616578,11.794961439565173,11.884115978988902,11.902725188759822,11.9086332321167,11.86080884202714
950,12.303797434442043,12.309369249288618,12.308283603272816,12.169838583969455,12.164033439673341,12.177142143249512,12.183862425919486
951,12.219391196089347,12.212165102735527,12.213484109258843,12.284214440087547,12.260512742163787,12.22297191619873,12.259485691289395
952,12.373603736476047,12.37416763372591,12.374587930762882,12.366610750583392,12.339720789172041,12.383550643920898,12.351727662784576
953,11.9146194047336,11.934428893651658,11.931512105218152,11.96845269665829,11.944485832080225,11.964076042175293,11.986864488077352
954,12.057295877751903,12.066544949519189,12.065729574663553,12.070685930848386,11.967832304299233,11.944732666015625,11.958515915848924
955,11.946801571682402,11.958874120827634,11.957501325804015,11.907213032257147,11.986523818334607,11.957058906555176,12.026338957427178
956,12.002422233862305,12.014535100529022,12.014206727001852,12.046831706332677,12.033032382919908,12.072196006774902,12.05957282941887
957,12.474742400700505,12.475938278857242,12.476397890560419,12.464636118029588,12.490541038119956,12.481135368347168,12.501142639662516
958,12.139824771668835,12.13887591985373,12.138855941541857,12.161934363248454,12.12855694282543,12.1348295211792,12.137004588520403
959,11.519718525569358,11.520170071536988,11.521337887509267,11.532155751429297,11.525462955400963,11.54976749420166,11.50841585605414
960,12.604956739770564,12.60936843463718,12.610107895392185,12.483646500040095,12.57275568903552,12.537046432495117,12.52179416570058
961,12.123046378228489,12.105240968794929,12.105077710968354,12.004068887166905,12.050672057057819,12.084813117980957,12.058016767492717
962,12.183658225330692,12.176349044738588,12.17591769521058,12.371396117513928,12.233075332354023,12.178706169128418,12.225116819046125
963,12.298100583126288,12.298939988930071,12.299000963189867,12.326984519324075,12.333326158288836,12.318700790405273,12.332047039250835
964,12.28132261605722,12.253345671260545,12.255129431717867,12.237394627411485,12.363992941288274,12.381987571716309,12.418718375592732
965,12.437140221005253,12.42598095136715,12.42728383505834,12.45812719885823,12.504446232975143,12.408642768859863,12.467165533936726
966,11.83348585961864,11.82809639222146,11.828993630915711,11.313497397461258,11.916147991185221,11.942962646484375,11.905562192295221
967,11.872342233256063,11.873388231417254,11.873240012698991,11.906612160587263,11.914766614848446,11.916500091552734,11.878310093557317
968,12.20028792703428,12.195178136844191,12.195724743070715,12.231850370628145,12.209980082196989,12.214446067810059,12.17829745917945
969,12.574535677637085,12.58261537033019,12.582571699536667,12.575521994280088,12.542109029754778,12.547209739685059,12.58650459205712
970,12.551867719346449,12.548797808838188,12.549329565070588,12.581335095663075,12.484096929698651,12.511153221130371,12.533290318449339
971,12.122299428065364,12.119387023129475,12.119487571252698,12.074740740596434,12.105492525453846,12.156152725219727,12.157041313409241
972,12.079028281081309,12.083480879037431,12.082538266648015,12.079601373746126,12.050801434641292,12.061412811279297,12.048343715893159
973,11.790854366362002,11.79724912568905,11.796507876147626,11.779896433115372,11.758475417195223,11.72859001159668,11.726503446211991
974,12.00138434235689,11.984691607720867,11.987318531129814,11.995150095764764,11.984364203551882,11.981449127197266,12.00538976815708
975,11.970344903964978,11.971090700511018,11.970395469903652,12.01141146209123,11.959194342006153,11.948094367980957,11.949929884037397
976,12.566375078937897,12.56185940100704,12.562456046644366,12.554112715146896,12.462475268319585,12.486651420593262,12.544613057067714
977,11.912372666844993,11.881391093422197,11.883877373374734,11.855945584411863,11.94071522887857,11.862005233764648,11.879876398266347
978,12.671206373544424,12.674995361475588,12.67534688860533,12.674679669799588,12.614865789187698,12.654674530029297,12.622094829451525
979,12.480456263070542,12.485635229428437,12.485352079167063,12.496402567592174,12.468691074106507,12.484450340270996,12.456011748384862
980,12.355498697470747,12.340831187656082,12.341421903165374,12.320854602361335,12.274678877213638,12.34078311920166,12.352471399546152
981,12.78274906993562,12.768693946669192,12.771466651764738,12.810967302487665,12.762618699328348,12.754199981689453,12.781909230772145
982,12.196958008360314,12.191861289004724,12.192115406392436,12.132811523309822,12.094552543683148,12.097982406616211,12.150320285514065
983,11.946844506475315,11.974856241415534,11.975566117084028,11.954644406526175,11.900261690309133,11.873072624206543,11.904112419381418
984,12.87236770331382,12.870466909294557,12.870954671630402,12.993054793393831,12.986313034701071,13.00130558013916,12.966126947712104
985,12.050455568370253,12.061703608249713,12.061840872344572,11.98624136618802,12.071704470383114,12.110198020935059,12.096921735712787
986,11.943321981853963,11.926973925547447,11.926763096541498,12.126020132067666,12.030726913868618,11.961491584777832,11.948934614860434
987,12.240118215858141,12.256554890711554,12.255571052868946,12.246313269782549,12.197222045522137,12.265571594238281,12.194574327035742
988,11.881894962459079,11.881651677211009,11.88154275205322,11.8879981213345,11.861116871091829,11.891468048095703,11.89900582643247
989,13.158827856994849,13.165618207039872,13.165472705830819,12.50086554249149,12.680597149168833,12.72062873840332,12.719738762871373
990,12.458545976259618,12.464819635267522,12.464704766913014,12.42278192446145,12.402813516498513,12.446128845214844,12.442107678388274
991,11.95190867497196,11.947319125304206,11.947449160630185,11.976192476577193,11.927801525212118,11.968283653259277,12.00268601791937
992,12.129216922667542,12.131538723705344,12.132707130389184,12.218351344147468,12.14806496408454,12.118415832519531,12.132876654045742
993,12.390727654753164,12.386774968802518,12.387355513587073,12.313668857565586,12.343352156899137,12.3529052734375,12.364552823406106
994,11.886196392927545,11.897280573006116,11.89608177595137,12.044482368117821,11.899929271278442,11.900130271911621,11.8998795661935
995,12.856190277905725,12.854501954640552,12.854625319984391,12.86531335597217,12.89009950303973,12.861804008483887,12.92732843153131
996,11.934709857228514,11.932173256197137,11.932399374093158,11.934108323087692,11.96910381610245,11.962349891662598,11.998392026720476
997,12.466069462952643,12.466062547697266,12.466727200200927,12.428650505001585,12.463691261776098,12.412416458129883,12.441640156413063
998,11.98134728461252,11.972795213595411,11.974626740550558,11.983043364652705,12.018952689390852,12.001204490661621,12.0090039908103
999,11.774249640560587,11.779438506057616,11.778644987003855,11.749411627472401,11.758922930850616,11.765463829040527,11.77001924168913
1000,12.23105874364382,12.222119661346944,12.222484864558933,12.205426846751834,12.256068661799393,12.206052780151367,12.226819982773703
1001,12.347276224446633,12.34679189088111,12.346316618174347,12.296755469315057,12.25553611157868,12.282333374023438,12.32904144683194
1002,12.544885727642537,12.540780858390724,12.541422980547498,12.546642977905133,12.500393258763848,12.522027015686035,12.48951816328297
1003,12.571960765843846,12.581955924847634,12.581905328879541,12.56675777573795,12.606823629946696,12.60387897491455,12.650650542247952
1004,12.044559525933664,12.044256848481618,12.044748284200082,12.042043213383543,12.074145709654095,12.111678123474121,12.127054961614851
1005,11.899056530266781,11.902255537694472,11.90045772698771,12.09692884518478,11.9904935309338,11.908642768859863,11.917929095686969
1006,11.666376809914759,11.645822737943094,11.64769562168519,11.596877880395684,11.73726306469569,11.686781883239746,11.729266488920315
1007,11.834692406288573,11.834704105793183,11.836038540740175,11.81907240290273,11.859199957263153,11.860512733459473,11.823078427751037
1008,12.53891900439242,12.540757225219814,12.54082355139121,12.53153474749945,12.464362003862112,12.460540771484375,12.4419982392453
1009,11.875007370886982,11.877320626207702,11.875641290712183,12.27546628497062,11.885949431087457,11.920897483825684,11.867314723605213
1010,12.606186397774717,12.615068917275272,12.615024185025247,12.560031023723539,12.444659207241465,12.552457809448242,12.558360976316438
1011,11.625193363058944,11.621831810756088,11.621785790773501,11.594429806076711,11.52524067306119,11.525506973266602,11.570374181671667
1012,12.370732708535254,12.380571154953337,12.3793876053043,12.349646038046364,12.379635690629943,12.347213745117188,12.341312378305165
1013,11.908371202873997,11.906418054128347,11.906233289390466,11.967961288160694,11.981892345859354,11.970207214355469,11.969909680124507
1014,11.703882713057341,11.684295693653032,11.686207209104083,11.623696017938322,11.571734204053476,11.58587646484375,11.540340458660108
1015,12.169673457088278,12.163298859000811,12.162669702219196,12.274318532886525,12.148402440006583,12.077539443969727,12.087861881560801
1016,12.246478215660606,12.23770338438231,12.23877797679109,12.225592297242045,12.261413125889092,12.2396240234375,12.228653571178041
1017,12.394663884712216,12.388924291911835,12.389595772487748,12.367357287367764,12.357489631248706,12.342162132263184,12.354278396899074
1018,12.718822368825125,12.723833765810834,12.722982356868009,11.93063006470794,12.63629918997926,12.653403282165527,12.647220681020519
1019,12.131172299326323,12.121235172591105,12.123413388545455,12.199703863920464,12.076348582262064,12.075246810913086,12.074083191414895
1020,12.012986744725755,12.015506610863671,12.014802218039197,12.042664766764304,12.013291540669833,12.01562213897705,12.034464985368697
1021,11.633092107325712,11.611441953992701,11.613480308912687,11.73615671311448,11.613063936002597,11.618033409118652,11.528458772032666
1022,12.120167777548977,12.127341232592785,12.126580236452014,12.13272635741343,12.097861650219343,12.062023162841797,12.097573163906992
1023,12.648163342551982,12.647180805728857,12.646865065652426,12.653787611769118,12.688983663845173,12.707459449768066,12.759966527557276
1024,12.485408021445654,12.486598298303674,12.48668024676865,12.469434531060134,12.542902983363454,12.524031639099121,12.502260530350915
1025,12.034790722555357,12.03669354094461,12.036656022964172,12.043408754650482,12.150820133443332,12.155774116516113,12.172856613968076
1026,11.57937612408273,11.589524331650733,11.58887521626779,11.604597543540539,11.624683287253404,11.614293098449707,11.607265004512392
1027,12.596405991926042,12.57192801678548,12.574572994747198,12.553385205120048,12.594697489710668,12.596410751342773,12.553193386153284
1028,12.706891546202792,12.681493507765982,12.68656382111342,12.62858735775884,12.659156334188216,12.643540382385254,12.670953320321496
1029,12.45308168753984,12.465059912708305,12.464687153393127,12.448961997651626,12.380432161578895,12.41651725769043,12.426849404527728
1030,12.271822647189142,12.2630758797144,12.263760710652678,12.288578980590376,12.201699353732858,12.236968040466309,12.222926289889964
1031,12.240700274972644,12.231697215204015,12.232035867432787,12.2156553364489,12.22427947622273,12.241762161254883,12.26758277028707
1032,12.75465424994013,12.741397400172428,12.742794917131397,12.800504436894009,12.829696852597461,12.87912654876709,12.860791211425672
1033,12.74924516928632,12.747031679980314,12.746799258051956,12.767454267835198,12.821309947005819,12.799468994140625,12.86241688564699
1034,12.078607008961615,12.077378133846121,12.077891019152329,12.08435570019714,12.086687649095929,12.043771743774414,12.037474685631583
1035,11.677730105925257,11.686383442389033,11.686367749348891,11.576234417477687,11.589294485186915,11.598044395446777,11.589801628653891
1036,11.803706189640478,11.787005097112731,11.785678240825588,11.788720850391693,11.762830734687352,11.818376541137695,11.870283281158914
1037,12.378569301039535,12.38581593482924,12.384968942902976,12.39309567729632,12.436301840643557,12.473555564880371,12.432622510823498
1038,12.815084173858626,12.80321948061021,12.804394673677933,12.282698288106488,12.767998595194257,12.80231761932373,12.790472068836676
1039,11.997597766599046,11.99613397385136,11.99708744759182,12.010237770743805,11.989398475881867,12.018339157104492,12.032813356349399
1040,11.308548803281338,11.263540434639676,11.265054433778397,11.10906275387973,11.470590273402866,11.462249755859375,11.515260055379951
1041,12.279445186130935,12.2852787622031,12.284283057469505,12.28089737068294,12.248383907237002,12.29159164428711,12.224230619893856
1042,12.427928953777649,12.42024854969084,12.420834456068656,12.413067583469022,12.387779179057405,12.413054466247559,12.418158376077557
1043,11.916712883953307,11.895391715129097,11.89821321352901,11.944394647168181,11.89458915830597,11.872354507446289,11.902564918712997
1044,11.818712628864432,11.821634188838393,11.821659853593346,11.810550141734542,11.907213650356564,11.842325210571289,11.852933439688556
1045,12.493654352045567,12.494022887624844,12.49428114817265,12.53787413537913,12.507708885325497,12.5166597366333,12.474250659983644
1046,11.62796857940615,11.630938963066392,11.63142504335665,11.591390822057777,11.697276712755219,11.654324531555176,11.62308410931471
1047,12.283772694787114,12.279579965339307,12.280083903170128,12.24581148901114,12.339727906081164,12.278412818908691,12.268383914924206
1048,12.302716838180482,12.298979192573174,12.299873244700558,12.313683508776847,12.286056532458582,12.347081184387207,12.2935587370362
1049,12.033542689073444,12.03139918237994,12.03049532039277,12.135133042617454,12.002775769224773,11.997847557067871,11.991860911170576
1050,12.013345049978765,12.007501659400488,12.007594809753304,12.019805538994053,12.038567451961832,12.032933235168457,12.018721352311788
1051,11.880088704710026,11.864475513914165,11.867294327104585,11.844579830723944,11.847755400750337,11.862262725830078,11.852635221264181
1052,12.00083091613525,12.003342738112146,12.002871298719601,12.034102857848858,12.010232592884662,12.040376663208008,12.031305499514872
1053,11.828303881571077,11.837893066942959,11.837103884968732,11.98273855218876,11.837038333092984,11.882427215576172,11.836904225221092
1054,12.013500273137153,12.01532537401941,12.016376406302253,11.92445727627139,11.911581084691452,11.983833312988281,11.945727374436121
1055,11.43980119321906,11.444818376509927,11.445197966160727,11.529507019105651,11.530589485123084,11.432754516601562,11.421174705368555
1056,12.007378383023996,12.00736506693698,12.00718810550336,12.1399853511379,11.976754111262613,11.953136444091797,11.98306364415467
1057,12.33855993220146,12.334278476451956,12.334729515557363,12.904434524288101,12.389972673890588,12.298067092895508,12.363708277059922
1058,12.09747614642184,12.104749242847129,12.104534937746953,12.106699255699224,12.11838562870525,12.105463981628418,12.097598013002276
1059,12.612809729553737,12.608216544580422,12.609335484263305,12.660544121789098,12.531392190044059,12.590900421142578,12.592612900815118
1060,11.931921680003915,11.906184549119828,11.908153804644092,11.9176648636258,11.97994197136455,11.995817184448242,11.945934280868729
1061,12.75702014464332,12.74232898323523,12.742174791114229,12.730698794806177,12.64233877115629,12.79460620880127,12.696558636477006
1062,11.960624189701152,11.972117582791451,11.969530848092695,12.154813076781759,11.97658338709075,12.024374961853027,11.988643948842165
1063,12.94983219764673,12.94815081040729,12.9498971873369,12.954940610354736,13.001498614644706,12.990880012512207,12.975846100082846
1064,12.062133775357513,12.055182516616652,12.055583750277286,12.155649129567855,12.06159856849437,12.07296371459961,12.105798909331254
1065,12.960659301811738,12.95752279038338,12.95766375912831,13.008415921966751,13.066524183174153,13.010103225708008,12.976352255533891
1066,12.104891209844272,12.110066364150073,12.109102183754665,11.823144982849694,12.105814066675562,12.135560989379883,12.134557083821305
1067,12.325995642653687,12.327167667750262,12.326971513361881,12.300849164716434,12.266180419817307,12.28442096710205,12.271390760899052
1068,12.226556816674302,12.233117568178095,12.232005480137051,12.204739018836209,12.226560323610551,12.22154712677002,12.232991109470094
1069,11.97159521803081,12.040306082212794,12.03826345684651,11.631961535621825,11.95168129632124,12.19012451171875,12.2196980112294
1070,12.55117717248829,12.550152871464041,12.550453696627201,12.52864426933037,12.555301959478545,12.503612518310547,12.51019818106873
1071,11.99293674172569,12.00053194564914,11.99980817043236,12.01095754638349,12.003652687915425,12.036346435546875,12.050646861427394
1072,12.449112209366678,12.44003290802625,12.441055880084752,12.444333085743699,12.44861685025317,12.436139106750488,12.430762872144467
1073,12.657564661962454,12.66484721030939,12.66462214034048,12.616566025588721,12.671858123958234,12.746533393859863,12.725789847154767
1074,12.124136108492005,12.125776922376073,12.125908510139308,12.134411024165939,12.080991729281145,12.115377426147461,12.100247273513864
1075,12.090469660987736,12.088978417054644,12.088920060073548,12.029320226498015,12.10800042827132,12.060588836669922,12.059594076597802
1076,12.073269615811238,12.081580233921606,12.08167769373127,12.109099433882216,12.053633135799354,12.079659461975098,12.04005102306434
1077,11.960593754671182,11.968663465980843,11.96981634777746,11.863850776311056,11.958101758045876,11.979852676391602,11.997577858605755
1078,12.317967657783019,12.319344397514678,12.318954185842628,12.291667933933672,12.22581504243999,12.253549575805664,12.286630183023318
1079,12.502883340767529,12.490722037648215,12.491679335384427,12.470490076491712,12.432844470553588,12.43931770324707,12.4471023472714
1080,12.062592196232092,12.054411894121163,12.054890369296885,12.062967315781721,12.042807230034473,12.051008224487305,12.02299650991615
1081,11.849522027904484,11.846906310690983,11.846466957880706,11.885505683875355,11.89724980377794,11.903334617614746,11.906905570962287
1082,11.848687141772354,11.856907032464358,11.85569918391521,11.955424987094602,11.877336321166275,11.878976821899414,11.878319060114503
1083,12.62397806581186,12.61564016839182,12.616651771779596,12.85729877386295,12.648905242749235,12.651924133300781,12.647427116367739
1084,12.055013942337549,12.060328058938344,12.059814708402781,12.029403367917219,12.05516943712189,12.00696086883545,12.049496326063691
1085,11.693204980650012,11.687983195823934,11.688320218317536,11.765024444402522,11.736087218450827,11.708989143371582,11.646773483597585
1086,11.758892274362378,11.761412331995887,11.7604471212234,11.763896305673214,11.851129923733884,11.81022834777832,11.836002941272035
1087,12.15725392794044,12.183304241382277,12.181045708098909,12.254529699644888,12.208586089340654,12.205979347229004,12.228649177704712
1088,11.970668915533897,11.979760931590087,11.977080147959974,11.934369971052751,11.985834920116226,11.972683906555176,11.929125932192662
1089,11.943117495166627,11.950132154773712,11.95017711598381,11.892330650234697,11.9023061951762,11.91788101196289,11.931635210204414
1090,12.249181452407626,12.249976210934763,12.249997390837608,12.284769162697966,12.266237975226172,12.266105651855469,12.227135574603578
1091,12.295801632408036,12.295594380347232,12.29566915067991,12.288321611259374,12.26353527162913,12.246818542480469,12.245926650667913
1092,12.032235983083211,12.024446977598242,12.025025198511779,12.126133874597235,12.094087483804518,12.09405517578125,12.074080752459766
1093,11.878610293969212,11.887663697886817,11.88780435778079,11.799067407055762,11.757732350900664,11.873552322387695,11.878486305084705
1094,12.147970533907504,12.147129097211863,12.147195403581168,12.173842018977274,12.056156511991098,12.110189437866211,12.098928310555484
1095,11.786650844076314,11.79246292920279,11.792353078577145,11.780123312822957,11.70582415951799,11.70451831817627,11.715213063336462
1096,12.046325892070595,12.033261970535042,12.033276361071623,12.09667272754093,12.03403713059858,12.063748359680176,12.072966949639865
1097,13.098352439145426,13.099309547923514,13.100051555653355,12.103538902355595,13.015240740043838,13.030888557434082,12.9711427661294
1098,12.124715849055365,12.132297186098453,12.132611543255088,12.1492712395478,12.151498726552562,12.196462631225586,12.189786346012333
1099,12.564893522554218,12.56187717146797,12.561623825314408,12.617515871717757,12.722320274983796,12.667930603027344,12.755335310852978
1100,13.29144479512372,13.279289463031976,13.279774749591692,13.290284772223083,13.282708865754817,13.224973678588867,13.172806079610204
1101,12.013582893392698,12.02651005902468,12.025580364578941,11.959021659635749,12.001709418066202,12.033985137939453,12.081568289123412
1102,12.05435636226695,12.059805918335172,12.059290794585927,12.073890624548664,12.18732450715877,12.20596694946289,12.167527174956383
1103,12.361771508812726,12.360014441244678,12.359762972860665,12.300798513425054,12.269978151334692,12.29799747467041,12.268750536501809
1104,11.729564258889598,11.732014230698526,11.73261325694121,11.772887372905807,11.772801034754801,11.720675468444824,11.754563878789753
1105,12.792903255439539,12.78055167992176,12.782034013646953,12.876369200975352,12.647513875794585,12.731744766235352,12.704604650755204
1106,12.633067232100169,12.615113768405902,12.617482269394738,12.62003897607764,12.592043799071915,12.594409942626953,12.602029927186843
1107,12.2365305380336,12.232990126451929,12.233181764451754,12.24664511046566,12.234173762427456,12.234114646911621,12.233936195183722
1108,11.86815272116304,11.871532326527204,11.871306595309111,11.874925954081235,12.011540136747852,11.941143035888672,11.97290513240844
1109,11.891032758119463,11.902128134879993,11.903037712036133,12.082676595539283,12.024201136823276,12.003543853759766,11.97933429032969
1110,12.371349358066498,12.362312095402459,12.3630829898669,12.35113246888814,12.2935547225934,12.309072494506836,12.305000763364232
1111,11.958316240844658,11.965752683424245,11.965396843341455,12.107217830974696,11.957727688404388,12.021303176879883,12.008620600398922
1112,11.815322358564499,11.827632548587117,11.826299905722697,11.825643324345897,11.849935473979814,11.893685340881348,11.897753124011944
1113,12.348453885829368,12.34124828666331,12.341913527309643,12.361110759217857,12.358542471635985,12.354527473449707,12.360549811247363
1114,11.584710130685178,11.576671032364262,11.575294730563462,11.97771775944901,11.65606456460533,11.650097846984863,11.667523001042944
1115,12.3124603563305,12.305118576941785,12.305852956210385,12.240401718841369,12.231574870044705,12.212061882019043,12.23016950576375
1116,12.146372439444702,12.138669622868425,12.138957498612688,12.178815559741873,12.136969055440717,12.1375732421875,12.13086214593764
1117,11.90649645533049,11.903729619050832,11.903878683579713,12.01638119139834,11.912820896972118,11.920876502990723,11.930732536589298
1118,11.868391820591746,11.88540737758808,11.884963108096098,11.85336821353317,11.970676164524974,11.938872337341309,11.935179429139087
1119,11.9759892125766,11.97602161533146,11.975807806022317,12.085420784629227,11.967489437211743,12.021641731262207,11.995105533674545
1120,12.196400455629192,12.180102282539115,12.181334047234735,12.39328000606055,12.085619873488882,12.061473846435547,12.054870236344946
1121,12.224622374504923,12.220818773958118,12.220845915203942,12.22982926872823,12.227729342834705,12.192777633666992,12.204599202403722
1122,11.73056158324355,11.725793365850462,11.726484030471163,11.729171048005657,11.711124591941598,11.699238777160645,11.654683830671873
1123,12.693628463079929,12.696176284598511,12.69674955011769,12.679904647203763,12.6839163835538,12.696371078491211,12.705858508505132
1124,11.750045684963478,11.763825816464326,11.761345570571708,12.15863258787,11.850278570920556,11.813090324401855,11.827507407952774
1125,12.018265797069,12.024719688703446,12.022943431569887,12.036088564019797,12.038055996297452,12.036839485168457,12.02767958210043
1126,11.895861049011877,11.900120915412067,11.89854834204469,11.923917827898622,11.806932515579845,11.850953102111816,11.821944717783271
1127,12.373171673564272,12.369353007549005,12.369454202091282,12.397821950662646,12.402746979227711,12.377657890319824,12.355196688930352
1128,12.409295902278863,12.404148673006791,12.404667912034938,12.384540117735787,12.413462913159968,12.307806968688965,12.357909277761594
1129,11.649624416859211,11.650271902215923,11.649874614616017,11.629063346854023,11.555216187996765,11.568857192993164,11.56517722394429
1130,11.998899900179799,12.003698215248576,12.002776457108363,12.066553439588132,11.98875129188463,11.977910995483398,12.020350600651959
1131,12.204535271985462,12.20972153165795,12.208815255672995,12.306633350936114,12.22725268831527,12.224575996398926,12.166029498521272
1132,11.940636624219787,11.942062303905566,11.940924294899709,11.899122057915108,12.0495064169311,11.933771133422852,11.929497746068295
1133,12.005645490094055,11.997075238092522,11.997416186241303,12.118882026298667,12.02488863775013,12.025583267211914,12.010214901293686
1134,11.662162840474176,11.642744672623722,11.643440714100112,12.175312494955614,11.730287320628653,11.71524715423584,11.638924578860134
1135,12.037555905990033,12.038568894113087,12.039266142213869,12.010288134151011,12.022270667890828,12.037589073181152,12.029050900908766
1136,12.742316088648966,12.739502284111362,12.740217456396861,12.413514875480132,12.743302175747019,12.800132751464844,12.81079270146275
1137,12.158715314526054,12.166315386667236,12.166055586816977,12.154325104843934,12.192948215939083,12.192919731140137,12.17734657606643
1138,11.939498355682247,11.94645149033215,11.946010725326467,11.985033249482685,11.997938646900153,12.013712882995605,12.026568421425992
1139,12.166452246247296,12.164398024824154,12.164467035847041,12.160113806630289,12.169593266603167,12.139211654663086,12.140381589208234
1140,11.894052909655427,11.899358522273863,11.899443658969858,11.929440763662534,11.929733423421796,11.928319931030273,11.926808710223852
1141,11.794353953684892,11.779613267915385,11.78041573379279,11.672232932806843,11.687648036155014,11.76233196258545,11.71763768304086
1142,11.821606441857185,11.819830453017087,11.818981141457103,11.768398946992654,11.863686722337473,11.867481231689453,11.890342010874603
1143,12.247027792470945,12.235424689335966,12.236697654984782,12.330545562687147,12.174332411326485,12.194636344909668,12.173188667754749
1144,12.288854463676254,12.283273622663625,12.283556781287317,12.303169931956678,12.267818772251022,12.254280090332031,12.272711405103504
1145,12.031777689536034,12.04063056583245,12.040232799622515,12.021715438094688,12.02002996017898,12.012825965881348,12.044935901995784
1146,11.984449339289084,11.981652238824083,11.981546445263016,11.948735195650599,12.004426060146153,11.965402603149414,11.981188957682875
1147,11.917772046950002,11.908840465218095,11.911332600344206,11.904819890377837,11.946449246547104,11.953354835510254,11.950552292917955
1148,12.620491810219287,12.615728463265619,12.615979916005207,12.570361979728364,12.64792831934755,12.642241477966309,12.603206714218688
1149,12.091301685625764,12.08535253440695,12.086527638182991,12.113309162025555,12.117523420713589,12.069448471069336,12.086247877956472
1150,12.03536199342866,12.039761429370857,12.039538193884612,12.057039910609676,12.025249008511699,12.03274917602539,12.027250215760539
1151,11.9893634991499,11.973833650667698,11.97552960648,12.018940246568663,11.91003531618646,11.934585571289062,11.965883661415566
1152,12.312305636154058,12.303010112693478,12.303459269624275,12.072775539380068,12.193503199034303,12.245542526245117,12.239452751640433
1153,12.293722365629451,12.315931378546853,12.314277943674417,12.179022162914498,12.296720528797533,12.293919563293457,12.33041822326117
1154,12.828036361047038,12.823880811653861,12.824106108625731,12.838305157044568,12.816800128868941,12.82408332824707,12.836298649395772
1155,12.041807407221865,12.040684332275083,12.040360030615652,12.028877199462455,12.081364386501184,12.097874641418457,12.107370142482871
1156,12.163082854982507,12.160824556554163,12.159757013229399,12.109966660726524,12.220122627300384,12.201709747314453,12.217474485465514
1157,12.855555301660402,12.850005591190401,12.851328863959269,12.826992907708014,12.844940154507121,12.849888801574707,12.861990355096419
1158,11.958867325732795,11.950013196201674,11.950705148381061,11.952810665373937,12.021223763410916,11.978681564331055,11.997829977964455
1159,11.987476770879193,11.995114534812394,11.994391178309105,12.062048769974494,11.958033209345313,11.977361679077148,11.985710464066903
1160,11.732550741019491,11.728032219351501,11.728167608378692,11.874964985973177,11.744203711756327,11.716784477233887,11.67294620745323
1161,11.33730604878686,11.343097620220577,11.342401034585981,11.389409023131199,11.303258522897911,11.330022811889648,11.341423757034464
1162,12.316540597303591,12.319138335346095,12.318856305671286,12.312239799707644,12.26677968171253,12.266027450561523,12.281680712902661
1163,11.305946362849822,11.300567727394256,11.300804283588457,11.55458204430271,11.280597160910824,11.337987899780273,11.396676427330007
1164,12.36804016399895,12.365898601044057,12.366039172498976,12.327016648772016,12.319077903181425,12.296980857849121,12.303867767907839
1165,12.03644521258377,12.04266217007178,12.042862615184939,12.036111644625537,12.032324008703288,12.039778709411621,12.079526946200515
1166,12.310397536752745,12.306380469083681,12.306335815795698,12.260309410127585,12.248507906943466,12.291959762573242,12.296101298896664
1167,12.0493868304087,12.040340916101796,12.040325519284815,12.052360673083559,12.063268797608142,12.079646110534668,12.067216603550316
1168,12.52582583312295,12.527838570700151,12.528009143317272,12.504642528811665,12.509987008104599,12.487298965454102,12.496234436661084
1169,11.868883163833601,11.864000690302417,11.864589372022104,11.877252655904307,11.923420033096225,11.915754318237305,11.922360520221446
1170,12.831683801254663,12.835707450654487,12.83625304112848,12.87124220277639,12.765932002730683,12.876443862915039,12.920708417289816
1171,11.835104020204001,11.837863044547777,11.837768364902974,11.886002883289303,11.906462519358737,11.938311576843262,11.861693425768784
1172,11.72246783832409,11.716476649543536,11.716247658498418,11.707385873031502,11.830937459127075,11.749299049377441,11.709305641755208
1173,11.9184782864509,11.916283375609419,11.916255430190093,11.821670117404626,11.961500946278752,12.076309204101562,12.005739766308992
1174,13.168172440797033,13.15206027430495,13.153798182994626,13.135641755818401,13.221729225637374,13.181020736694336,13.151507185588018
1175,12.098789292466233,12.091964010379685,12.093879331395023,12.079425587698928,12.160225162770837,12.134713172912598,12.16204884112765
1176,12.013646118627683,12.030688455525793,12.026935680837624,11.830637517938575,12.061944161793615,12.043903350830078,12.040565742132033
1177,12.376862474584728,12.37934458007083,12.37907852007079,12.346688335449064,12.3730515374602,12.34303092956543,12.380665405847095
1178,12.281629049103934,12.279504781775383,12.279402123652087,12.238372712206804,12.244164412997723,12.22994327545166,12.249130649016145
1179,12.048262061936914,12.056023862619169,12.053605691063472,12.052761904295027,12.101839227842754,12.049485206604004,12.0334676786374
1180,11.985880226578514,11.989847213726545,11.989223046900603,11.860028871270211,11.998797854329426,12.009868621826172,11.991918469790427
1181,12.656012085095245,12.651047980803135,12.651606670753532,12.658746656162078,12.578972651112712,12.552538871765137,12.563462467237558
1182,12.25884563702851,12.253411646919,12.253440430343012,12.224354747621403,12.259752177425202,12.243968963623047,12.305344003214026
1183,12.418367530090977,12.409412752134713,12.410423119352984,12.41680497710562,12.369858303421083,12.3088960647583,12.352407657842518
1184,12.035549070813692,12.042336558061844,12.041894398237098,12.06945394669602,12.033993616141215,12.016813278198242,12.006201490519407
1185,12.273758215698718,12.282766461253733,12.282839619239576,12.262738336165476,12.201123963960974,12.176610946655273,12.199542376421926
1186,12.026061678250635,12.019526091170464,12.0200939028002,12.102580713162586,12.042340612093923,12.025883674621582,12.051234721957282
1187,11.777752498651799,11.752533015810718,11.753816490472182,11.740338815714086,11.722870042387617,11.798548698425293,11.697250462275706
1188,12.055207387284396,12.041104384102972,12.041140455499585,12.076279338712952,12.195269987756513,12.171835899353027,12.191418298960226
1189,12.22246473584561,12.221924632808065,12.222392906245341,12.225421630713566,12.225481069523639,12.243898391723633,12.22405873646985
1190,12.414913035208205,12.412150963496657,12.412604452121716,12.449032281794258,12.556407272727379,12.436330795288086,12.471740735959692
1191,11.963735016783758,11.964161963470472,11.963433388376686,11.979714265860327,11.99450711759561,11.995503425598145,11.983514138227036
1192,12.19973754643631,12.18679015522956,12.187245949418168,12.193068987163265,12.22642703946342,12.207305908203125,12.199775639574051
1193,12.766637280125693,12.760332665795088,12.761500793354257,12.77974075063716,12.812205919271943,12.805896759033203,12.843440165209069
1194,12.06961641360169,12.05776387609538,12.058414811270602,12.091001448579153,12.160185234898345,12.184090614318848,12.081741247866843
1195,12.81292867167624,12.815519447681782,12.816193619312838,12.822156475839186,12.828919062731677,12.845190048217773,12.83587951797393
1196,12.31140007452301,12.294075762129731,12.295225392273728,12.323197625988108,12.345245872702662,12.279364585876465,12.300150328997173
1197,11.885389705936523,11.881118728234194,11.882344150919737,11.799122807836433,11.938028817490398,11.931931495666504,11.937042529283445
1198,12.602995325704024,12.594207059316515,12.594597896321874,12.308106073325888,12.665503983916613,12.686535835266113,12.652839807862911
1199,12.00201086697236,11.981890303000238,11.985274556403024,11.62711990981502,11.952655372043164,11.91901969909668,11.961785819232965
1200,11.620717853791284,11.639327541583603,11.636472739614176,11.750671483112146,11.822187320608275,11.832597732543945,11.829934572348707
1201,12.463630745819238,12.458713656858514,12.460526164179031,12.457688619685467,12.407264104605513,12.413225173950195,12.39098631287533
1202,11.90141902554242,11.905147915178233,11.904438580732377,11.948649121509682,11.93673837804073,11.935104370117188,11.93304288707979
1203,12.20214633140314,12.215066009993876,12.213920991712767,12.161945863536824,12.331691706144897,12.375025749206543,12.418571909568966
1204,12.318900122040688,12.318262415238378,12.318413295468641,12.34449497346508,12.297797881428487,12.334309577941895,12.345847280257962
1205,12.485986576092063,12.488687126193176,12.488767201495065,12.473123189753606,12.449028690290213,12.478780746459961,12.467501854858426
1206,11.896388096455029,11.900503106551072,11.89998892525326,11.901523661132877,11.952144643663166,11.950429916381836,11.997499083688957
1207,11.967888002157226,11.968377093599079,11.96822432156077,12.005519613053515,11.989474097921029,12.0007963180542,11.993702632596134
1208,12.57345137215011,12.585736731634938,12.58494203408333,12.13335448386716,12.581010975210798,12.609026908874512,12.590423145228494
1209,12.637472866782044,12.627144292116421,12.628024396981285,12.64662524113112,12.703041616834135,12.697234153747559,12.702252243506381
1210,12.111484825381785,12.100313074542365,12.10147282239366,12.126828968354863,12.119057093441072,12.13410472869873,12.114432585372336
1211,11.859865004352017,11.853885204720996,11.853733110688598,12.030950011511191,11.848712152054587,11.898550987243652,11.906517022206444
1212,12.169982862707347,12.167748935350353,12.167679187957946,12.168525683185354,12.213825915113674,12.18700122833252,12.24791213170602
1213,11.822547874215545,11.810382996230977,11.811912613094838,11.810119286426389,11.856487267933074,11.829692840576172,11.82652082143476
1214,11.808935775457646,11.824437560123716,11.822888906565781,11.882386341078092,11.88957683334379,11.873019218444824,11.846355565141815
1215,11.825473976625377,11.830242424487919,11.830614036583944,12.00624104806421,11.81932133334486,11.80803394317627,11.762709720116666
1216,12.66485255033304,12.653200773693703,12.654029763781022,12.689178279843972,12.66490380009454,12.734105110168457,12.771874340121618
1217,12.036436989515432,12.036871931163493,12.03680706464213,12.041813487096551,12.039398236640011,12.060580253601074,12.020735211055301
1218,11.954161559538566,11.938336251171568,11.93996320806674,11.9762228196137,11.854469816249157,11.912012100219727,11.840824788283118
1219,11.745166760364086,11.744386840522873,11.744080261822456,11.729320526215623,11.647553410734703,11.64615535736084,11.652310231303705
1220,12.154546967504826,12.146506880876085,12.14667152497501,12.143088159996474,12.093206283722575,12.13930892944336,12.108434161779705
1221,11.864871632851678,11.872094422557037,11.871373240627173,11.887912499264033,11.889478571094049,11.899422645568848,11.870978918500013
1222,12.253522609596837,12.244421766350149,12.245184000668129,12.234424771011378,12.222602757701637,12.222050666809082,12.234902222709858
1223,12.48978874957712,12.487652759695072,12.48752974955006,12.208939517654684,12.48892705576522,12.466551780700684,12.458590632044968
1224,12.80867096800751,12.816511708838439,12.815908753293026,12.792903879950025,12.811040512014012,12.817489624023438,12.84828614350503
1225,11.408075797598272,11.387890059658602,11.389679536044277,11.459907836645572,11.263272501410544,11.267632484436035,11.381056395821503
1226,12.269239063128024,12.27182212400077,12.270148928604542,12.284897356987084,12.19893090569867,12.171150207519531,12.180502632609752
1228,12.023308604729163,11.978373011186733,11.982678110355517,11.967953118514785,11.988029802878996,12.029528617858887,12.003353521873796
1229,11.594234547240523,11.591951639532692,11.591355552645238,11.649073353160837,11.541015804206598,11.437032699584961,11.461746974498531
1230,12.152119799864494,12.148833490610803,12.14993105210788,12.187700740767475,12.171551826360439,12.157220840454102,12.191930153742225
1231,12.035636334497505,12.029085533053427,12.027651957121241,12.162239872832446,12.076199582130037,12.03891372680664,12.098787941719433
1232,12.173188153361512,12.171930232999701,12.171234003794588,12.194145352315017,12.266392523569657,12.241323471069336,12.278832844024654
1233,11.999090506533213,11.982426997157237,11.982589487757764,11.899180722031954,12.037737829888815,12.041757583618164,11.99804407749708
1234,11.731713645438576,11.745869515723417,11.744190017173693,11.760914453707993,11.779443668122022,11.656266212463379,11.709267168595627
1235,11.77881837369227,11.775746114802798,11.775554985274898,11.806988884798407,11.843201712754468,11.839400291442871,11.819344257918662
1236,12.498543626205391,12.505978217251721,12.504885395954664,12.509045788134308,12.440149177184333,12.472745895385742,12.449955194820234
1237,12.199560706593768,12.206147825319666,12.205195428336529,12.17839978375414,12.166571319466136,12.22087287902832,12.189758326013495
1238,13.180049919302741,13.176384056732584,13.178649337042815,12.478070755380323,12.837917992837424,12.761394500732422,12.81603216756106
1239,12.400345267149863,12.402084798234865,12.402320092222034,12.387601360130226,12.279396767025888,12.274374008178711,12.289284657885677
1240,11.866095927940039,11.873366804000696,11.872735692859626,12.026632059513435,11.834194598611242,11.842338562011719,11.855772763515565
1241,12.28987864162981,12.283185507543186,12.283612913727161,12.22626398534869,12.229136813736696,12.227926254272461,12.225340851100118
1242,12.511705290019513,12.514386142339266,12.514668953497818,12.548300763522306,12.617802756571615,12.565380096435547,12.552622713670434
1243,12.123085926332513,12.120379576718632,12.12099041664414,12.134215690786817,12.099433502584946,12.113362312316895,12.100972412124323
1244,11.99392449906759,12.002721997162999,12.0023443931027,11.987853636548424,12.089730566808592,12.08388900756836,12.079786574783489
1245,12.09140121166908,12.107775646312362,12.107396769664394,12.049460587760713,12.060544906772636,12.153061866760254,12.154362085302107
1246,12.191716372664528,12.198021300553336,12.19719208233212,12.236808632941685,12.182042072475525,12.216426849365234,12.219378859936905
1247,12.528927000921813,12.533386178323772,12.533159684881621,12.503619623287017,12.505680780291895,12.546919822692871,12.52816086984269
1248,12.629129914781377,12.628710511242147,12.629060291814783,12.63588556349852,12.62003619607788,12.593273162841797,12.580764665874069
1249,11.917481498340983,11.906993487704755,11.90823344799706,11.960297150580796,11.944445231258106,11.944452285766602,11.920240317339344
1250,12.304009895449878,12.289313260045756,12.28965345451801,12.312650862065375,12.362640885346668,12.286529541015625,12.303265693029044
1251,11.806255209052274,11.788075861006226,11.788773732893892,11.744633756873245,11.771868000569647,11.74877643585205,11.749540029824303
1252,12.127155101375369,12.121474802184553,12.121432729989092,12.085468141020566,12.086475940616554,12.187236785888672,12.210830958126008
1253,12.079701815802188,12.088351765887085,12.087444635828895,12.073598139184604,12.065055458955296,12.089712142944336,12.076619808009227
1254,12.053863717066898,12.060458449211659,12.059832257196465,12.044249904615459,12.04345039432218,12.032807350158691,12.028844855963676
1255,12.725848821632528,12.72885446517565,12.728317131714407,12.729931945756075,12.668104749831873,12.687520027160645,12.691657942145563
1256,12.60631032500603,12.592410233116464,12.59384726204376,12.614390142719722,12.615321838442759,12.562179565429688,12.630412043882421
1257,12.303310998085056,12.305820159753791,12.305278857725266,12.103134442701561,12.24013483699684,12.153075218200684,12.165183469574533
1258,12.460054609877526,12.46317091951254,12.462753853603319,12.469651983590932,12.46887488125378,12.415796279907227,12.452100077546502
1259,12.683757987155795,12.662289559250016,12.66425233844874,12.687995246876357,12.784167326733664,12.777935028076172,12.790604674328865
1260,11.836869808343685,11.806740547432494,11.80980943212126,11.730482032969535,11.843892030036958,11.759696960449219,11.776152954205338
1261,11.844273262361865,11.841150915405095,11.841125366025059,11.863940959395439,11.91327285667012,11.970458984375,11.917379841714634
1262,13.380146797792458,13.382381313576664,13.384158741214891,13.173415699700158,13.226200822355159,13.195514678955078,13.172192503871816
1263,12.400248847031357,12.393893083101306,12.393787706518788,12.420573890186219,12.546796980749729,12.495477676391602,12.482528609549433
1264,11.944274727659765,11.946466913381386,11.946291141601048,11.960686078861464,11.97243060911834,11.993188858032227,12.001969336961977
1265,11.818061996131938,11.811608647795063,11.81204502995594,11.920500767227473,11.846957706860742,11.852031707763672,11.84901897110449
1266,12.383297453417086,12.33334946687604,12.339668830977875,12.353920372583797,12.402856901639131,12.50625991821289,12.44116270924137
1267,11.819442989457917,11.801543272828972,11.804710314000946,11.775657636728623,11.809090373083508,11.79311466217041,11.780868948036685
1268,12.493322640493743,12.488576162508869,12.48925759514223,12.474609583680776,12.473689274404423,12.51356315612793,12.519165974819025
1269,12.181394834766845,12.179835860529042,12.179939450610867,12.182959202030613,12.23217246674546,12.25363826751709,12.257353052178711
1270,11.977482833041869,11.978611405370465,11.978635220374624,11.985366478882131,12.037341716451206,12.016913414001465,12.010171116236208
1271,12.075011297606258,12.082393785350988,12.080301302382729,12.058752774805093,12.024568946617595,12.095770835876465,12.086744411455937
1272,12.336549332857533,12.348131655185643,12.347289225444483,12.218109487370189,12.30893762471562,12.266607284545898,12.326664226931221
1273,12.502376737795803,12.498500590494341,12.499397148405087,12.50366551009904,12.477363413128199,12.471609115600586,12.482734054832259
1274,11.939724900667708,11.936953514018704,11.936912478645393,11.941030309894051,12.001193213038052,12.006882667541504,12.011701071172475
1275,11.779351953213741,11.783646589596056,11.783460306104933,11.774884511558149,11.826000511608612,11.873440742492676,11.883924479771977
1276,12.254442597398477,12.246466213479748,12.246475751885706,12.236551597865464,12.255292163003375,12.265254020690918,12.272301631557927
1277,12.563151378931895,12.561856409182715,12.562573420430317,12.538585853594448,12.576379953200368,12.509968757629395,12.546852549439903
1278,11.389383804718184,11.394145811596164,11.394008260871964,11.35517218901901,11.354629747943957,11.404640197753906,11.455683388559308
1279,12.120564029806253,12.118311108379023,12.118257178140002,12.012565906090183,12.070099218775827,12.139628410339355,12.15391830859792
1280,12.311852693409643,12.308365231734134,12.30888628777269,12.32010318273753,12.334205935168278,12.289984703063965,12.309180546240489
1281,12.076649526851691,12.092541645696889,12.091229101046535,12.675549516034735,12.01578876556778,12.015554428100586,12.026058401977119
1282,11.648216786106929,11.679610970357999,11.674426542253759,11.83130785002171,11.637552345938332,11.706754684448242,11.68816595085567
1283,11.451892925608915,11.483229018931631,11.475932288601657,11.608448799016719,11.616099185842334,11.580564498901367,11.629225264618023
1284,12.39607888938069,12.393070270199663,12.393556251045993,12.363056013197795,12.336319466793169,12.366073608398438,12.30984568561218
1285,13.006373407108706,13.003737864403606,13.003608191315864,12.805164982132444,13.083891816796102,13.07301139831543,13.072149356894618
1286,12.300640615894219,12.288058861828768,12.289194591868174,12.275638451520063,12.268757241933512,12.262269020080566,12.28243873350744
1287,12.22738606217835,12.230612722751852,12.229640770853688,12.195355136069443,12.14673800411433,12.208114624023438,12.20712286497454
1288,12.312487456925812,12.303614185650183,12.304656409817133,12.28202341188633,12.313064365106595,12.348939895629883,12.339216472286829
1289,11.909238681658088,11.94938725195461,11.949469468192548,11.936331381854776,11.931124356133646,11.993757247924805,11.976736716859111
1290,11.354711852475347,11.349317628475353,11.348100780095509,11.480085643763932,11.410157414730323,11.381011962890625,11.458619632154663
1291,12.222243858719066,12.209881445939308,12.211279124000548,12.178326812509477,12.207377499917055,12.209455490112305,12.185956686173737
1292,12.13494096142218,12.140557403677157,12.140278913687537,12.218555619692275,12.13936716757164,12.150046348571777,12.158041498465073
1293,11.867734216525557,11.871230598214991,11.870358640643628,11.878448724028365,11.921423814483813,11.891654968261719,11.8850600778949
1294,12.315146074650649,12.314653128723053,12.314470925922734,12.26833905437029,12.231096563685929,12.242513656616211,12.250271184363278
1295,11.606872980221784,11.640582722044599,11.635527083305842,11.487919868686358,11.582826521429851,11.53211498260498,11.512954749583894
1296,12.892009834166158,12.89649647669953,12.89619487420938,12.895908804930457,12.946858080036481,12.961149215698242,12.941103737575428
1297,12.290711255802949,12.285918267537863,12.286336670405838,12.244109237272747,12.217267522515751,12.21738052368164,12.219070216249216
1298,11.678700761399538,11.720204242389645,11.719709318362932,11.60894992849292,11.67804937111604,11.670787811279297,11.611321527704156
1299,12.532259026630197,12.529514305618706,12.530037173010792,12.516280271136742,12.532982613667397,12.536360740661621,12.531788197063213
1300,12.528885273274556,12.527789790528457,12.527163336750935,12.545431409429987,12.576918519517603,12.45844554901123,12.535645364833961
1301,11.90114327705418,11.901738909942477,11.901533981795781,11.930736671568122,11.912519781236533,11.96572208404541,11.987773125995567
1302,11.914790257937026,11.908729318648337,11.90880032356848,12.0430263742687,11.923205302349293,11.921282768249512,11.931193127313692
1303,11.87328045359834,11.873352361695225,11.872914240062157,11.9027079320627,11.869971393519528,11.880382537841797,11.878256025694228
1304,11.776192097813206,11.77518677979472,11.775115064678266,11.791381223355984,11.67541394396938,11.708281517028809,11.691387108375427
1305,12.00486480832554,11.996196978201466,11.997173367707134,12.031412280054543,12.060943842821668,12.047545433044434,12.068472881951921
1306,11.829823041252496,11.833399828918873,11.833826815855685,11.842284606582156,11.847409703208632,11.77022933959961,11.80046028798046
1307,12.554705809732294,12.568966289386651,12.567802935291118,12.544641560045081,12.53130724081845,12.584630012512207,12.532486709340224
1308,11.676133888401118,11.697592633741946,11.695139400231174,11.747816800010682,11.778020015055716,11.835394859313965,11.829349836466626
1309,12.180953656788072,12.185857616173449,12.184828891198924,12.315412959112095,12.1391559759164,12.099417686462402,12.122596839881608
1310,12.35210680498014,12.33394192344788,12.336203154453575,12.085277975824296,12.30808963627492,12.350715637207031,12.351315334174956
1311,12.879998670499392,12.881886132541268,12.881291471546382,12.713959039975597,12.816800856995746,12.819576263427734,12.792454163286893
1312,11.930770946222603,11.915383356116775,11.916657685853206,11.915414520445019,11.955554732873152,11.890883445739746,11.919609572078965
1313,12.119376572245159,12.11934382911883,12.119243099894476,12.122872204215303,12.105702065683209,12.112624168395996,12.084488298569925
1314,12.405130111876298,12.408567661919943,12.40891121420823,12.416986855080745,12.423311054728295,12.378995895385742,12.348785852859159
1315,11.696263830552434,11.712855954648331,11.712463817164016,11.87878701339206,11.725131117627207,11.805156707763672,11.835056422182035
1316,12.119914449316381,12.111144367267555,12.112115828494378,12.131120499483592,12.109460318738845,12.111824989318848,12.079955585943818
1317,12.696446226325124,12.70643805796708,12.703644962189749,12.718147861059743,12.610552676664835,12.632285118103027,12.664381108687756
1318,11.936551477001327,11.9468534255176,11.946092115296327,12.144840073137928,11.973345870022431,11.975137710571289,11.99061535556893
1319,12.10169279023756,12.11161359987498,12.110904203461033,12.170172282831977,12.21159479591073,12.154908180236816,12.139856511160808
1320,11.948915756429724,11.945628282087206,11.945636495215568,11.95843244165466,12.00150822598063,11.981708526611328,11.985807350691877
1321,12.388376582706384,12.385885046720087,12.385722578078582,12.164568268634321,12.453461884437079,12.450155258178711,12.44896808368021
1322,12.142220716893325,12.143124752704413,12.143561787098864,12.028321694973027,12.114109921915,12.116305351257324,12.121774599210324
1323,11.883033334291333,11.87330308154519,11.873100967830883,11.815292647900144,11.894853530030705,11.949360847473145,11.858952502789784
1324,12.333985069139674,12.333709514646367,12.333341833130062,12.313712596796304,12.307589839413497,12.329721450805664,12.28812077172813
1325,11.839966811560421,11.851400157543164,11.850417814291658,11.827720663220877,11.802324395307204,11.79386043548584,11.79565358393166
1326,12.460696918500643,12.458575352965237,12.45916860998669,12.43411494172666,12.418507428067267,12.470610618591309,12.416751887831131
1327,12.305373064793985,12.322581275415867,12.321175705949397,12.310367741358577,12.33913390757737,12.328394889831543,12.341186435156951
1328,12.457273716471775,12.464503506476616,12.463452871479467,12.435172634903951,12.490653805907707,12.511798858642578,12.512641481855313
1329,11.821869524881478,11.81396522486625,11.815016189070294,11.916383083937523,11.886206793597006,11.906408309936523,11.84239836530816
1330,12.091886756975546,12.087735934035937,12.088368364199827,12.016912285772587,12.057946857686833,12.077300071716309,12.072988818693664
1331,12.465838126302268,12.451859278431053,12.453605991669988,12.506097884532316,12.466292877239018,12.42664623260498,12.444869981964665
1332,13.069727498737697,13.052767617503363,13.053898311706213,13.183095354611757,13.074580655055904,13.053771018981934,13.018307037623984
1333,12.736624472021626,12.727368630419717,12.727808061164575,12.748998680432518,12.88893521893185,12.84531307220459,12.840547323253135
1334,12.011284048285942,12.02236915040642,12.022117824996236,12.04751253166874,12.07067412917717,12.091739654541016,12.081784644014311
1335,12.605672362532026,12.599901998644983,12.600363342828338,12.6248406443005,12.726340203944957,12.672642707824707,12.709823884183523
1336,12.059972107750614,12.062029989609897,12.062880665152404,11.992000592192772,12.072030603659359,12.000341415405273,12.050921459551128
1337,13.05074112018497,13.048270624011828,13.048631471114177,13.054477372088442,13.008380186414916,13.045587539672852,13.057808967611184
1338,11.921960864959171,11.916416106642126,11.916913737299256,11.92095792997183,11.744836052670756,11.693229675292969,11.694933850983004
1339,12.60901654248368,12.600717225146646,12.602078241959685,12.59128103319309,12.498926780906373,12.487486839294434,12.544058157031653
1340,12.45057052569936,12.44652109167164,12.446618248679876,12.417198958077835,12.443633907362573,12.435596466064453,12.412673314664271
1341,12.28766882281066,12.27744929577009,12.27770312876651,12.311656505557856,12.33043011928891,12.31167984008789,12.263058719402789
1342,12.730267281677133,12.721677129005968,12.721778615401732,12.553063245158514,12.826463669693128,12.706740379333496,12.732994229901603
1343,12.035393716021645,12.032711451142324,12.032125408905348,12.086215272804202,12.02944300705589,12.017010688781738,12.022812313740314
1344,12.569115816028745,12.568187520585653,12.568682828276636,12.5356863327643,12.496764668663257,12.547528266906738,12.502140458515928
1345,12.017600963690725,12.018214044160052,12.01805009492419,12.043296491874319,12.012790663587284,12.072793006896973,12.087047033914487
1346,11.80129293693944,11.796312146993731,11.796619448951443,11.809143610850532,11.838147902757767,11.840616226196289,11.880238388082542
1347,11.798446789855893,11.807504390858403,11.806181318116884,11.817300112032466,11.909009731413985,11.870929718017578,11.889786100870818
1348,12.385955933205137,12.369508071630605,12.372315548362794,12.39246479557221,12.257857143646717,12.267196655273438,12.273886182133001
1349,11.75794155417282,11.774127390085225,11.772212890835721,11.69263655959849,11.83542936034626,11.76401424407959,11.728921164107042
1350,12.33071944216943,12.3407045921244,12.33939899413853,12.310390990101137,12.370544295836728,12.379949569702148,12.328762112340335
1351,12.125320748610283,12.127786024866717,12.12766154061989,12.139934530705313,12.115582897145632,12.149189949035645,12.153588907455656
1352,12.494705142246199,12.50322659091271,12.502584496771847,12.474701894860248,12.4979699824608,12.477800369262695,12.483728961305568
1353,12.13511948630342,12.131250143334796,12.131921879167331,12.165944062364817,12.171480847013513,12.176542282104492,12.183149389683189
1354,12.269044407772313,12.263589925778149,12.26375662403929,12.105882515949068,12.224076853691042,12.267598152160645,12.30234737437082
1355,12.23895736102534,12.243490129836795,12.243237937348956,12.250762715218713,12.301403981638636,12.263153076171875,12.270756114461406
1356,12.356654763382682,12.364491058094279,12.363294985891315,12.43338531966104,12.400002660188688,12.374892234802246,12.496298744581734
1357,12.415635697011817,12.409352823087453,12.409357381765648,12.41509062041439,12.42247315226545,12.422929763793945,12.40005445154937
1358,11.556052450930482,11.546898201197523,11.546903329567796,11.767550579470162,11.714415070010705,11.689083099365234,11.686360696411002
1359,12.107472446224772,12.094676763670794,12.096425411437618,12.116271407795072,12.09421061932786,12.067192077636719,12.077752226847016
1360,12.004316736085633,12.00802096655621,12.007443459365355,12.02930041986986,12.096029618673983,12.027792930603027,11.972811371850343
1361,11.689470245222644,11.691481021859362,11.692062977100944,11.660934839000932,11.597273083607462,11.6303129196167,11.61719594311074
1362,12.947734054211825,12.96289064387931,12.96334261623849,12.982797828987964,13.007764863525878,12.985727310180664,12.991774594196903
1363,11.692641932136192,11.690197626878236,11.690666928909787,11.615482299100382,11.622422767480629,11.674749374389648,11.65007064054143
1364,12.638452093024913,12.619651606368796,12.62109067006443,12.211950112554222,12.63437435383567,12.59925651550293,12.637991860665908
1365,11.90659444511528,11.937631838305707,11.937062640895396,12.059742140055777,11.954860509570118,11.937032699584961,11.934924231111829
1366,12.036104724286291,12.027688352107537,12.028480029778049,12.104806270965408,12.080983773976858,12.073192596435547,12.055206058396651
1367,12.08546859143406,12.087125812608024,12.087287341037326,11.953640237591339,12.184218478910022,12.205851554870605,12.198737109628901
1368,11.774875204681289,11.771837568305646,11.772082782654412,11.651618486717096,11.833516731479364,11.845080375671387,11.886623144185986
1369,12.631041006026454,12.628708255773942,12.629071679800038,12.656583163453154,12.722977311871027,12.746464729309082,12.701081353284716
1370,11.632479749242718,11.621309775149355,11.622253774004491,11.65799464211682,11.611095363181395,11.530759811401367,11.501875096457017
1371,12.307301222371711,12.3158352029852,12.315157405874306,12.291483522409541,12.329126600142988,12.291396141052246,12.303433944339474
1372,12.427951609845751,12.433081290383065,12.433569995050679,12.225656453277299,12.382903588040026,12.369839668273926,12.39926091257211
1373,12.114079970987664,12.105834983885138,12.107221877270016,12.091678405885464,12.082133492225415,12.039624214172363,12.059295419323057
1374,12.54939159158815,12.542143172828101,12.545237136175405,12.608958577614061,12.644074903413124,12.522417068481445,12.55462093770777
1375,11.83805241960527,11.849020055439519,11.847639361829458,11.834777505957433,11.79493347783039,11.762734413146973,11.803542176597666
1376,11.876424546383111,11.866157154494728,11.867913828110954,11.80966044912944,11.87386957456187,11.902142524719238,11.92050535183534
1377,12.473045315714666,12.465404558995536,12.468022993451955,12.460717605659289,12.462233011713268,12.422507286071777,12.405219042463338
1378,11.88465765588574,11.886196512552878,11.885583420730805,12.276536110418359,11.93475190831978,11.908577919006348,11.89433347326783
1379,12.69788074647973,12.708033398020628,12.707266889332008,12.715212455083288,12.750859576201469,12.763311386108398,12.749589976715942
1380,12.570500432405707,12.555444457247699,12.55643644025868,12.591041507600986,12.541632009337293,12.617231369018555,12.545089564439474
1381,12.355252084300052,12.363913800226435,12.363011450025391,12.355496633150478,12.30082351011473,12.331210136413574,12.35029023812088
1382,12.613854547409504,12.615300516165634,12.615216681454177,12.591040541669194,12.657459723139977,12.652122497558594,12.604808302454348
1383,12.043211932491827,12.040111462172897,12.040561395399287,12.02916670681143,12.02841963264034,12.064316749572754,12.03091352360072
1384,12.003449615370405,12.00811951399717,12.007861334874654,12.068015843781383,12.013827477453225,11.986473083496094,12.021958779341627
1385,11.966939460882626,11.966693965963795,11.966342964626888,11.98055905598446,12.039241902435625,12.02370548248291,12.046477605101662
1386,12.37616066873967,12.37581491093238,12.376680910887085,12.350096478880184,12.412870809045447,12.409832000732422,12.421667561625984
1387,12.923486505145156,12.919857186595006,12.92047346170658,12.934704912366788,13.0120538668873,13.022828102111816,13.01725700791472
1388,12.187493457462187,12.195683174055972,12.19563173523189,12.107217021232538,12.218032874536396,12.204137802124023,12.172456335230686
1389,12.469564352102891,12.461721615108813,12.463042184089089,12.47183684364198,12.4148464861761,12.411526679992676,12.389166262935753
1390,11.797300806957285,11.770663570918535,11.772540711159012,11.98559264711272,11.792459935779744,11.7802152633667,11.812462740989142
1391,11.846768278957924,11.856377894342366,11.85532987534999,11.889165516004683,11.898262444917819,11.876699447631836,11.884132554213261
1392,12.215632460986704,12.220130156469489,12.220035131461358,12.260241962928765,12.187598851806909,12.195263862609863,12.197117185157518
1393,12.678109535989758,12.682523612777915,12.682179833968537,12.677776352770906,12.682044350966756,12.73617172241211,12.750664340305704
1394,11.88647887841773,11.897049325050464,11.896051307507426,12.060357830230272,11.925493426533965,11.92788314819336,11.919951126961333
1395,11.7598667233057,11.77019582890061,11.768346548634263,11.756274231601388,11.671279435981814,11.648900032043457,11.582730733087859
1396,11.687962604533892,11.700458650546034,11.699907626311001,11.632858876302574,11.647276772043565,11.712772369384766,11.673005836673259
1397,12.147090193168856,12.160033083300801,12.157793864225512,11.936469338644264,12.08408115853497,12.070636749267578,12.059860049755752
1398,12.051503253949392,12.04241404572867,12.04288043735885,12.106361947912081,11.988964158394904,12.027088165283203,12.095107470909456
1399,12.286654661507576,12.288670715106065,12.288264492173553,12.277736647258312,12.271795758607906,12.270536422729492,12.261536106905746
1400,11.864588368331182,11.883760427570193,11.879676671075648,11.943754948562987,11.887487195868987,11.870638847351074,11.851670807993488
1401,12.040406060093863,12.049282850128415,12.048546956559479,12.024662413493612,12.031657223564391,12.112883567810059,12.138720300009696
1402,12.111826739200856,12.124045036182963,12.122560592605593,12.123825109850241,12.13035246704821,12.136581420898438,12.131809076409056
1403,11.802714221571508,11.801141735624336,11.801762520276583,11.818922019070758,11.850768465329313,11.794888496398926,11.791759111078097
1404,12.383532396344284,12.379484888721942,12.379778194502624,12.415797366667878,12.403196205700683,12.380270957946777,12.383356627784355
1405,12.2467470136329,12.233157804673073,12.234791676575838,12.122307291570896,12.345742969481732,12.241917610168457,12.22900408192946
1406,12.446552001940224,12.454589267870762,12.454079136026289,12.445042959601212,12.427190734630043,12.448458671569824,12.435641466502533
1407,12.065130398054302,12.06221966578685,12.0622636004604,12.057065975784319,12.01192257260183,12.002171516418457,11.981298356031157
1408,12.26708827116317,12.267161168788808,12.268750599737348,12.161639283066963,12.163151589847113,12.21845531463623,12.247810052945288
1409,12.46749270234654,12.465097647866813,12.464705597999918,12.453087121235706,12.485059389346784,12.501258850097656,12.457726049095244
1410,12.402936503139404,12.410811076108493,12.410551934868902,12.440905446146846,12.338382358956213,12.378313064575195,12.363417402720426
1411,11.870976546884389,11.879958533360549,11.879681468051604,11.880121867136276,11.927810039607284,11.954045295715332,11.959587035965635
1412,12.299171328391976,12.286646245223794,12.286972711884763,12.30695615482533,12.320716989219193,12.301715850830078,12.296271124215222
1413,12.275994303187483,12.285929550376819,12.285482647369788,12.22376422962768,12.321717745300335,12.37038803100586,12.398382901582528
1414,12.284052824488427,12.30066636288326,12.299923267264889,12.293105786377255,12.293833956380718,12.33842658996582,12.313094103258118
1415,11.843681943804858,11.839824824096972,11.83914085967568,11.840462523865186,11.830744090298257,11.849116325378418,11.863598657565607
1416,11.743455173647892,11.739699269664968,11.73934871116609,11.857724879604648,11.877526094139231,11.822138786315918,11.81688164875124
1417,11.935307782197574,11.920828279599569,11.92174702726305,12.132756280342743,11.878573316713933,11.907135963439941,11.89566530535718
1418,12.16018899372578,12.161908153897071,12.16212975478814,12.151147238570317,12.14668722594295,12.137240409851074,12.14044227200774
1419,12.051507939085578,12.05466216546938,12.0537901473512,11.995553969525746,12.14313945601893,12.045145034790039,12.048775203117627
1420,12.77960168479887,12.770803385015347,12.771779111430925,12.786442209973877,12.760725343031341,12.78515338897705,12.812225759349579
1421,12.437334885927399,12.438732047837622,12.438700575479105,12.440845615670344,12.408209027057076,12.456896781921387,12.397176751481492
1422,12.376061108349802,12.360716415780063,12.36321473063541,12.203093864104247,12.396295724194099,12.346808433532715,12.340615979800075
1423,11.985315978483635,11.982762313659023,11.982928065335837,12.084192200237435,12.040244773237697,11.989877700805664,11.987542280395452
1424,12.236083885006957,12.226290466589909,12.227161650595571,12.233409967197801,12.242970811470428,12.20721435546875,12.182524769776618
1425,12.037145794135608,12.029487143060939,12.03233229293136,12.043988530135804,12.023820584940525,12.074715614318848,12.066775173688317
1426,11.760121913230028,11.757289236634564,11.755547035313265,11.843699890042046,11.87128733466426,11.901150703430176,11.886471056969448
1427,12.7860190240688,12.797903843352328,12.799012844556161,12.780157683447403,12.694778951666727,12.784688949584961,12.693346315302465
1428,12.502207833623544,12.495995840289662,12.496567847286457,12.479441808556075,12.408835525148763,12.42761516571045,12.431172707322904
1429,11.800313477215022,11.801719503736253,11.801059473838706,11.795734602889933,11.867192238277735,11.876826286315918,11.893130496020289
1430,11.891179609381217,11.890608309872565,11.892009252109158,11.928168039395988,11.934551875775371,11.949254035949707,11.927469342541043
1431,12.320189112923163,12.318392754732217,12.318682963476226,12.133333802163108,12.205745387295526,12.292230606079102,12.235509171685413
1432,12.05268440502837,12.044702937981643,12.045404697135504,12.138707110989845,12.075247553050946,12.083953857421875,12.09541673494495
1433,11.783353209681929,11.782415956912018,11.782355875775277,11.787507856552327,11.76897899720826,11.791109085083008,11.779854181970993
1434,11.432519025868688,11.457072017068409,11.453990363130337,11.467536552857908,11.541381634633908,11.626090049743652,11.672569669859246
1435,11.454001270395848,11.449064892354915,11.448007324971229,12.100164870065889,11.526027377824324,11.435535430908203,11.411831534674194
1436,12.319453376600654,12.322064777334445,12.321659942780599,12.329032794925677,12.292992237742412,12.279459953308105,12.257052724088062
1437,12.794061834672409,12.790071592761082,12.790596435835086,12.825938417109555,12.816494520053089,12.883675575256348,12.883252004923113
1438,12.393698644133163,12.395471090808053,12.394994374189253,12.37754211499978,12.357706608283808,12.335494041442871,12.326882348686791
1439,12.179909956028808,12.188024833808157,12.186333503616368,12.21512170002571,12.131657429558784,12.153070449829102,12.183843996738878
1440,11.875978663372965,11.875365894751628,11.875076248731952,11.93518353401849,11.993915139362185,11.976689338684082,11.965860020169693
1441,12.343125762478538,12.333290590728735,12.333968412726248,12.323549145500552,12.23026919034206,12.246171951293945,12.25038485319814
1442,12.213871560003097,12.202207605133982,12.202205048496397,12.274993813914504,12.261491905303119,12.231966972351074,12.23322920694769
1443,12.262748674643676,12.275497793485098,12.273702709051012,12.306374512167153,12.180646611641523,12.191469192504883,12.16486289705642
1444,12.489012976752468,12.494616310512086,12.494976687931894,12.490507321699297,12.508244497199577,12.459880828857422,12.47210413796954
1445,12.662073794370283,12.644438326752272,12.646750760863295,12.665725377912157,12.795414801309027,12.772058486938477,12.790540143362593
1446,12.27840018867447,12.281249269979739,12.281189904453575,12.292621222306554,12.316673100274356,12.32040786743164,12.368618610072872
1447,12.110836362388453,12.11025105876949,12.109741194921066,12.08792335544564,12.12676362369329,12.127157211303711,12.133880992935108
1448,11.857146534260178,11.85719602748463,11.857218384378644,11.829234528079937,11.97565216134243,11.9993314743042,12.019770664496944
1449,13.656501579408022,13.660309900217344,13.660812613852782,13.621544603462882,13.361827413680102,13.196690559387207,13.17357049610781
1450,12.178312744788588,12.163789701489947,12.165906816167602,12.188462015328168,12.15767109389471,12.126348495483398,12.101325312642684
1451,12.095982218819943,12.085230364913723,12.086506964839234,12.089099124417665,12.121542915498498,12.105306625366211,12.122911043691929
1452,12.534597103091517,12.527599840859663,12.52875563812336,12.503882908122455,12.456009698117668,12.409912109375,12.444998514911171
1453,11.940015831452447,11.945736054584769,11.944993905535622,12.329741891623431,12.000780452567446,11.998176574707031,11.98827815981571
1454,11.701052043590762,11.687919636235856,11.688572283140205,11.713309596097123,11.70804649496459,11.62523365020752,11.586989638802867
1455,11.885964864313596,11.876286016644986,11.875963394830235,11.90899212191066,12.023641308992623,11.901484489440918,11.851715734585099
1456,12.234283128444817,12.231874802737714,12.231980373879882,12.182389355464345,12.220333943902656,12.227373123168945,12.202923769705372
1457,11.831702429743691,11.836417413319666,11.835688877552728,12.089897004250709,11.851129705663032,11.83661937713623,11.817836438818142
1458,12.349142524557559,12.349559237471787,12.34921140385149,12.323030579956697,12.308343998020275,12.248892784118652,12.292168518334815
1459,12.331002857553667,12.327548569795567,12.328378250643826,12.348085551483917,12.336736499971982,12.353621482849121,12.368183507541785
1460,12.05607460726159,12.06274489379982,12.063041563946104,12.037449827328189,12.114215655501031,12.098929405212402,12.128772393594806
1461,12.122343181749887,12.105508015763132,12.107101055852212,11.584259271017817,12.10300405952997,12.107434272766113,12.07635554056814
1462,11.911072679754536,11.908200408834084,11.909067774485317,11.938591259379315,11.930890227699814,11.943869590759277,11.950029517459736
1463,12.095457633349431,12.080718089029562,12.084033030641374,11.889500158824118,12.033019912561901,12.065556526184082,12.09076592939209
1464,12.277764325685023,12.294177678351826,12.291995592838093,12.305891310060609,12.277387161530557,12.231541633605957,12.2348525839008
1465,12.38258496394068,12.381694044849265,12.381781449442595,12.398041760158844,12.355227481471514,12.383007049560547,12.362565791251006
