Id,ridge,lasso,elasticnet,svr,gbr,xgboost,lightgbm
1,11.9088450903639,11.914892605241668,11.913038077326169,12.008607003785597,11.967676594698142,12.011521339416504,12.010413623292369
2,12.079299752442784,12.075600437751074,12.07525613246594,12.071519981325451,12.04052204867725,12.023503303527832,12.020382720174515
3,11.80888294968142,11.794306234587026,11.796199558017474,12.119649662300052,11.770207589877351,11.755372047424316,11.766726036011677
4,11.882469278141459,11.883165661416248,11.88286219044117,11.932776137113835,11.951885285741046,11.946106910705566,11.936188563064025
5,11.947550886747916,11.963786662831534,11.962469802789217,11.943946281812522,11.845085046112079,11.834096908569336,11.824917221711617
6,12.330341209146042,12.33682911246097,12.336267046050876,12.342403270309514,12.313864816276178,12.329185485839844,12.333894454830642
7,12.209843507718011,12.21174827540028,12.210596990391492,12.09953088211486,12.188495606801922,12.138620376586914,12.19211956153981
8,11.912424733017051,11.924266671683581,11.920818432692288,11.926394677390649,11.931834348401132,11.917770385742188,11.938687413420556
9,12.019666479601426,12.025036855140051,12.023490078914659,12.036450567023643,12.063653387627724,12.053534507751465,12.052572960638706
10,11.957585562708404,11.967750859510955,11.965952887962965,11.978595088445763,12.085300422108364,12.085683822631836,12.065280877327723
11,12.047295276646347,12.072416237161656,12.0679372988733,12.026915454472197,11.978085815929033,11.976323127746582,12.024198135399429
12,12.11636809313745,12.105726463553204,12.106405375834075,12.844000839892441,12.136752773524849,12.116107940673828,12.093049942729474
13,11.872800667981451,11.89603120425917,11.893498061220912,11.95971749732119,11.903565173651867,11.901310920715332,11.832521099434532
14,11.957817753727035,11.955009490777181,11.954482920934044,11.977234596052176,11.997883008089108,11.970012664794922,11.997656296975507
15,11.773232149618279,11.779530320997976,11.779176503256034,12.030825735465513,11.780980432996019,11.790675163269043,11.762024661704876
16,12.23408870425032,12.229972013266005,12.231478519246414,12.19726733992326,12.225458756726399,12.205779075622559,12.201997555424338
17,12.15069428507313,12.157955913933453,12.1568893334704,12.111357217287065,12.091166736847395,12.100052833557129,12.10274431572125
18,12.086808297001156,12.082394145845939,12.084180405532033,12.101507062054333,12.049725606170716,12.057982444763184,12.070833472003077
19,12.259760954506861,12.270792775767767,12.267781659397384,12.268248398008724,12.292122383549879,12.262589454650879,12.283559453754965
20,12.644733993257628,12.639188801440769,12.639469524156898,11.96520969767509,12.60571657071166,12.621369361877441,12.601725603565868
21,12.216499182426551,12.21487317078826,12.214608631441473,12.248411388006721,12.181953723574068,12.186358451843262,12.14477838683678
22,12.096428755023586,12.108126534354401,12.107718721891613,12.31282070918037,12.170780984650692,12.122048377990723,12.146698520945128
23,12.230100807815663,12.219725569586796,12.22076334404342,12.10946557284092,12.20240343450558,12.208576202392578,12.203362714001038
24,12.474376159747973,12.474366323740016,12.47396655017979,12.48598500163539,12.468187072492892,12.48780345916748,12.472375384016926
25,12.508199678588296,12.51347330581147,12.512794121230794,12.097424963047148,12.2470525722179,12.237336158752441,12.268581344861364
26,12.103260183316303,12.118521080695874,12.118500846770148,12.095278470772314,11.987289394164478,12.031377792358398,11.991258192814112
27,12.092176362335714,12.103499902126007,12.101928665388034,12.19066689201367,12.15003486691208,12.215944290161133,12.095842465711268
28,12.601589929886217,12.59561251425492,12.596305016158526,12.588481744311386,12.641503125090843,12.549630165100098,12.559033179576364
29,12.711863404838434,12.703518533833083,12.706037546900212,12.75592948071037,12.538548860193984,12.499622344970703,12.458611058264784
30,12.684773257999591,12.687535286936217,12.687537911004055,12.639645319762947,12.536764069651587,12.58781909942627,12.545450143975364
31,11.963263268672003,11.98036590228916,11.980245274573768,12.10433036122354,11.964555143253486,11.958313941955566,11.998183878056661
32,12.660572834938067,12.674351848710318,12.673663577255589,12.663019587568323,12.598286298713585,12.621642112731934,12.659399599110145
33,12.880688947537577,12.890260539781742,12.890091578198808,12.899779238847763,12.982915373772467,12.970340728759766,13.016919770288775
34,12.153697920166346,12.168769856274542,12.162749260364844,12.088618511178279,12.135134573705734,12.289264678955078,12.333965365325072
35,12.371364954709838,12.379114597425247,12.378754146670136,12.406694678773249,12.404595824075226,12.433801651000977,12.415287542755962
36,12.135042202997424,12.141415038200815,12.141483263563575,12.305306215722084,12.122096075675682,12.1580810546875,12.160198827183942
37,12.142547704223277,12.13292352730286,12.134331014198679,11.946678767199849,12.096319302378113,12.162413597106934,12.117765579008214
38,12.915380648472913,12.913266686548411,12.913555772072923,12.92095685244283,13.002207244531752,12.97456169128418,13.040653540103209
39,12.48373602000694,12.492232399474686,12.490953996610846,12.460388714635744,12.452888211195555,12.508336067199707,12.499201119200762
40,12.19577575621043,12.195100791004007,12.19459085303803,12.12671461060622,12.268018024954129,12.238306999206543,12.263153828876852
41,12.085141878664093,12.096571003606007,12.094094244704397,12.090868254369733,12.083083302145843,12.102045059204102,12.094726614401164
42,12.047849392955468,12.052230432206933,12.049073124270057,12.190450376532244,12.066557542057609,12.04226303100586,12.056893190132275
43,11.9593371953554,11.94325747226112,11.942845785007282,12.081595900397001,11.95995515034446,11.936915397644043,11.978715846104125
44,12.112728410273945,12.118556026932346,12.118562473150256,12.137110571511593,12.138174896803221,12.151656150817871,12.210780189249173
45,12.38485269129444,12.382123104172035,12.38219273710765,12.38888471870115,12.394327105606363,12.427544593811035,12.4047026791986
46,12.759999124386775,12.755166088918887,12.756524308656111,12.786992660824888,12.65210249573422,12.706965446472168,12.743574657278288
47,11.857073809238585,11.865726826339369,11.864105030780829,11.823951639537333,11.836996925747906,11.788758277893066,11.787849868981596
48,11.9835993742767,11.976176860951593,11.977487978874699,11.986221827847215,11.96445200943926,11.9282865524292,11.905475481953724
49,12.004529515216868,12.005242174851317,12.004722274618072,11.911739342803125,12.068320944615515,12.052921295166016,12.0534740569433
50,12.166226152709077,12.17223266484687,12.171575787063938,12.074624817719132,12.12722791730279,12.123150825500488,12.12661938705687
51,12.951067620855337,12.942471698116833,12.94304804798626,12.939870059460166,12.977516816022339,12.917548179626465,12.874090319208834
52,12.332626317898516,12.32287248392133,12.323260789932332,12.359374154483428,12.242764053582068,12.291622161865234,12.237092819625252
53,11.510850827207987,11.499543028051857,11.501063408451662,11.523799618248496,11.57358878669132,11.590604782104492,11.604198543406449
54,12.00269636987818,11.989205892040005,11.988268243519396,12.089314542846331,12.045946594656678,12.055662155151367,12.072926329831732
55,12.091573122935165,12.104697343814536,12.103629632505376,12.060546014275994,12.13314091073655,12.16892147064209,12.179017148426707
56,12.235432302667677,12.231342232091272,12.23153031202891,12.062101745283382,12.189344615091102,12.190147399902344,12.204093406717062
57,12.254585100016469,12.251688700288259,12.25178258807664,12.2597377177296,12.256659776460655,12.252429008483887,12.276377762037834
58,12.484889865013074,12.492321782964336,12.492365788774812,12.484646644969246,12.540486649465368,12.455745697021484,12.53079056937119
59,12.13822960329599,12.15113364928642,12.150746021990757,12.354118416806324,12.208707216656892,12.172661781311035,12.159531467653926
60,12.141551084395063,12.130512758358933,12.131907177086939,12.159537293665156,12.18460692948542,12.227543830871582,12.198223157823115
61,12.088734377783778,12.095202994659823,12.09463760016102,12.044816683705193,12.045703479997245,12.027524948120117,12.005432788661876
62,11.633599876083927,11.665191040537694,11.662627760485465,11.682205799386523,11.682203074644905,11.607132911682129,11.631437029550233
63,12.788662269260412,12.780886460582433,12.781301587979902,12.783662183492643,12.884969537386558,12.884815216064453,12.894121815461157
64,11.957458519417417,11.957369117516746,11.956874601514308,12.002537551726084,12.02627627155012,12.02077865600586,12.035590893788575
65,12.273031021711635,12.291129099287021,12.290476965370376,12.160396725786423,12.301682175862245,12.269681930541992,12.285467744793
66,12.053474593825193,12.051574561711073,12.051633549659787,12.043628176100093,12.017502231553719,12.023669242858887,11.967612623210101
67,12.774131442724466,12.77830303471221,12.778501353542072,12.40123482199687,12.734387432076055,12.7501220703125,12.742617342652146
68,11.91584043083217,11.922832191150302,11.921952347601577,11.935968355515136,11.976478034671864,11.978898048400879,12.01909372680484
69,12.08415798412293,12.102237973380277,12.100666197006843,12.102076976831444,12.082334571044978,12.067045211791992,12.07302776138221
70,12.218838350791911,12.19793666804479,12.199629459480102,12.169334897552483,12.223162896008466,12.20222282409668,12.193020030402506
71,12.862547030596275,12.854229383952653,12.85579728280554,12.851256871411179,12.884831246208522,12.890884399414062,12.83692991288064
72,12.271640268140816,12.278533071823174,12.278369379496274,12.251840299283527,12.222352744965043,12.238231658935547,12.234330659107947
73,12.474725911585086,12.462314639827742,12.464614697024414,12.125977184386295,12.571113643889472,12.518828392028809,12.533330185894231
74,12.567121201253057,12.540050498964757,12.543913424298502,12.097424963047148,12.557063764940851,12.528368949890137,12.551380180987593
75,12.396820861053437,12.399120489503112,12.398750623170015,12.384204496057693,12.379383963263447,12.421621322631836,12.413469668870725
76,11.89135880191925,11.909642341607144,11.908168014803406,11.911335994721101,11.906321292299772,11.868400573730469,11.857092017042808
77,11.793858876448308,11.792866991147319,11.793833707337793,11.764623531126485,11.720766405736502,11.721590042114258,11.707866300369277
78,12.34218052874738,12.349850954190561,12.348817966999052,12.305985329450644,12.32834354240439,12.359830856323242,12.339294720201353
79,11.941805708262681,11.958355057816373,11.957309978600016,11.987253688869608,11.876212355076298,11.941153526306152,11.925788740627434
80,12.026868806852436,12.029515043855305,12.028406548665211,11.959455067921178,12.035570658488332,12.056591987609863,12.111940934207075
81,12.650396875361738,12.635077540340705,12.636165624854215,12.672687870554547,12.691516357249615,12.644013404846191,12.637765753138499
82,12.33266872715228,12.341171827628767,12.340754022964083,12.330850308437732,12.400318947347476,12.363192558288574,12.345798807712274
83,12.207736751378208,12.236529967703277,12.231394516506144,12.270124359653614,12.39176790889786,12.333355903625488,12.389481502343532
84,12.035510799511234,12.04869338242115,12.04559350283087,12.191612918928328,12.067858926696822,12.087809562683105,12.019316398722497
85,12.264070379022167,12.251285534626502,12.25316590343201,12.245336308708742,12.190140926057648,12.194226264953613,12.196470082623913
86,11.618828673684819,11.622104946731765,11.621896931658258,11.578097008117723,11.554091381681948,11.520188331604004,11.48409367658757
87,12.314454774077754,12.311893046402682,12.312057022925943,12.273661076082616,12.294022608998938,12.332396507263184,12.318973688447368
88,11.717842059709321,11.718618439297435,11.718921412555156,11.710787407227071,11.748860384245246,11.791484832763672,11.774345924957574
89,11.794115409138524,11.765458607946549,11.769426510646209,11.931612526900027,11.847123964300419,11.804311752319336,11.791654203375007
90,11.899511411319054,11.90073900365569,11.900945877356813,12.016601877633377,11.932248060342651,11.9295654296875,11.939547118613644
91,12.443670316872659,12.443761506359666,12.44456861971773,12.44393133113903,12.462785204354006,12.49117660522461,12.512317883662018
92,12.15203141521978,12.161598380063714,12.161058176190416,12.196201687305855,12.025709317252042,12.126240730285645,12.128695832898403
93,12.435044029063068,12.42545984343192,12.427554499985828,12.369697820831517,12.427819452019188,12.37997817993164,12.402251145663302
94,12.405227931496334,12.41273427837798,12.412832114585507,12.481073650882106,12.645186593130685,12.524724006652832,12.637330460693525
95,12.32282665863065,12.32275336992202,12.32353733100125,12.32497788086459,12.338129967438276,12.314239501953125,12.287690556131404
96,12.132018042258029,12.120401814147332,12.120722005285016,12.153433052145857,12.106395504400538,12.120057106018066,12.119266887380672
97,12.464968440939836,12.458450381129122,12.459554042624365,12.425988804577958,12.439991019016498,12.446098327636719,12.444791159775079
98,12.724177724731245,12.70544702140447,12.707676112038504,12.805906897433186,12.59339664277856,12.4860258102417,12.53942394132809
99,12.304706196549002,12.302596414820421,12.302969377438679,12.3113413801327,12.302687469112824,12.295689582824707,12.287834237670154
100,12.630537489474683,12.640171807882538,12.639917407365965,12.632580419436188,12.551566167767646,12.589873313903809,12.541554645879039
101,11.933813565459905,11.925274817478911,11.92482416364503,12.447115209500017,11.94935973602669,12.012252807617188,12.028049274254071
102,12.179721484492012,12.181648799306018,12.181498817374175,12.15980936802062,12.150741622440131,12.158605575561523,12.156306215045548
103,11.924388426439087,11.915234710036556,11.915148426218597,11.884805275730033,11.888979985349525,11.855508804321289,11.833954775926813
104,12.018030037095814,12.029346124927724,12.028748663546954,12.040664945192095,12.012669921006806,12.042512893676758,12.046848854113225
105,12.4709438997999,12.472141556779528,12.4713666943568,12.485650926807631,12.350996883763921,12.286699295043945,12.260751422742727
106,12.211658026989545,12.181487086428213,12.186193949568878,11.976755226675637,12.188468662587868,12.181063652038574,12.170261316546908
107,12.421657697629785,12.411113451400196,12.41193243801234,12.42321512509547,12.448641531317461,12.432226181030273,12.448223096570935
108,11.770386969368458,11.780440692425598,11.780024590908818,11.758330500738419,11.774608038545178,11.768360137939453,11.725067233729119
109,11.873636612694025,11.863483091394544,11.863390368518843,11.899306360994993,11.868447834396576,11.873947143554688,11.856540054535499
110,12.362348413601376,12.364035073243654,12.364271509171749,12.401168236643796,12.36901004640627,12.31285572052002,12.309886273754953
111,12.798909778048456,12.789713935298916,12.790709020749905,12.817922403159372,12.928926098494024,12.913097381591797,12.900165636386749
112,13.004303866711671,13.000346392991627,13.001701524891413,13.032454234985723,13.06746817172422,13.068620681762695,13.083004428477574
113,12.30263381970031,12.29990589823812,12.300293957465412,12.386693405987456,12.285620594209657,12.28032112121582,12.23292874240286
114,12.391462521693276,12.388569888665135,12.38904607455196,12.407558287568131,12.438340123424304,12.417020797729492,12.424091652743114
115,12.085905346211131,12.09024760796553,12.089488660913142,12.097424961849914,12.074590070045245,12.084251403808594,12.095953290741939
116,11.696245434418547,11.693452961384077,11.693391973503852,11.679943718003686,11.695839538655491,11.643960952758789,11.67766204471879
117,12.082273573820709,12.074149892877239,12.074619820124854,12.094667125160946,12.03179799631375,12.01906967163086,12.046950349983302
118,12.591431944887383,12.564321467352363,12.568749906208206,12.114504478550662,12.46550246125767,12.474711418151855,12.468029250119663
119,11.522149834457103,11.494392549907193,11.50473607338355,11.426212185680487,11.323202420502833,11.37325382232666,11.399196206736658
120,12.50408349203749,12.499037870564841,12.500102889576848,12.520528581982152,12.477606381475375,12.488999366760254,12.482240610871374
121,12.524574507526093,12.519529637994065,12.521497768188585,12.467326535264984,12.365903744990945,12.372614860534668,12.425887856631276
122,11.479008418658324,11.510925184774681,11.503655259589019,11.604235511675006,11.581021553826178,11.539778709411621,11.56530597867464
123,12.279822763126836,12.275136626075835,12.274777158304204,12.304786616484082,12.27720991541525,12.221960067749023,12.228927573520677
124,11.65561276729063,11.633433339114536,11.636209965592357,11.423621781358534,11.695950225599415,11.652685165405273,11.708131693098661
125,11.751961657320038,11.750476669385778,11.749179115154899,11.857850450665213,11.897082416171333,11.822184562683105,11.753240782598448
126,12.923778794701244,12.925739799984699,12.9233077144526,13.117127079476264,12.988056579879325,12.986957550048828,12.962706268900092
127,11.757765193351235,11.756866420809482,11.756803743709318,11.784471089291927,11.761885195271091,11.738286972045898,11.772302157712533
128,12.329929132447566,12.319594989237757,12.32088976268606,12.349321183392126,12.363238581846053,12.303064346313477,12.359749580939845
129,12.365981399218711,12.347925368386367,12.350542533377162,12.353180243607818,12.334047972071875,12.356917381286621,12.361077674979088
130,12.335836868151354,12.368083726993728,12.366905204968097,12.37932842549197,12.377819277575975,12.396657943725586,12.375182803284153
131,11.940222481973395,11.936000890232428,11.935956878997667,11.947002094679542,11.960919053880223,11.946508407592773,11.924934087853394
132,11.832598584217896,11.825813652134677,11.826889985091327,11.796875644175149,11.79648683908437,11.829150199890137,11.822559445191093
133,12.764008302340288,12.762720327446617,12.763268885624495,12.762540809491112,12.72412286196613,12.712118148803711,12.729948218354517
134,12.273719049644537,12.265801077911425,12.267902688118353,12.272463762630403,12.273658847124024,12.268606185913086,12.244728048967586
135,11.953510722158299,11.959264839147785,11.960012192328227,12.025115921281529,12.068690200698816,12.03972339630127,12.030458799670539
136,12.22336471940449,12.225436450495131,12.225302222667699,12.670504044262097,12.079935123899604,12.092352867126465,12.057441687934084
137,11.53509424287298,11.544051729703277,11.54199275335263,11.59471577106639,11.468088959668439,11.51492691040039,11.530594345799566
138,12.05087262098262,12.060439527418644,12.05880675571141,12.036924262094598,12.074442215166338,12.074109077453613,12.087439905138938
139,12.167439988968786,12.171093941525564,12.171048377211863,12.108123365651794,12.109180336355525,12.096282005310059,12.115312627660618
140,11.908098964933691,11.90326476957193,11.902793219308109,12.095774566479086,11.999593622744248,12.031396865844727,11.971988463507369
141,12.447492653407501,12.441558341638103,12.44348326002561,12.123384401636427,12.41169611626543,12.393434524536133,12.400129473001275
142,11.566393798360696,11.571827628907826,11.571402942813299,11.452516527300542,11.449575900587936,11.506319999694824,11.522347904953772
143,13.141869535559284,13.146365580304709,13.144649025460614,13.151166319899353,13.130668408388901,13.138728141784668,13.127634912795896
144,11.76412678898916,11.752905702727826,11.754763618470559,11.853337908025562,11.780911962922252,11.770215034484863,11.695834995236867
145,12.192930448655806,12.192628617732177,12.190887373179415,12.089635193809443,12.216881513258272,12.178238868713379,12.206750138021956
146,12.384501127995193,12.3859105505256,12.384921336909974,11.912817138771828,12.380844293410117,12.380559921264648,12.343697782066792
147,11.520684314462535,11.486123770778958,11.48622132784705,11.523590296800169,11.48744784428671,11.410204887390137,11.506085162264949
148,12.50130091246556,12.514453798639291,12.514293687487303,12.384802262427295,12.499973923978619,12.470013618469238,12.464577353137061
149,12.512033879926552,12.506578183361878,12.506443179516085,12.511305256636913,12.52125519904075,12.522974014282227,12.520953869829645
150,12.260680219803547,12.255853586168598,12.255969444159653,12.228466106036402,12.2229622675513,12.217138290405273,12.227548123588129
151,11.808614822136125,11.806518085691696,11.80587406700712,11.943800409771034,11.929234192157569,11.845561981201172,11.895155794102216
152,12.096368201433522,12.090636743176113,12.090128764003714,12.097202605908691,12.170887705015533,12.091975212097168,12.164624573891679
153,12.5075277506008,12.512888713968383,12.51199122236376,12.502283915103435,12.47256237947949,12.532538414001465,12.553698518112416
154,11.852035775785165,11.857336088192508,11.857534414788885,11.874766992863844,11.803543037262925,11.836183547973633,11.734440800396712
155,12.869131477910143,12.858169786763224,12.859830583344799,12.84617268300364,12.938351453424474,12.926834106445312,12.888556867283395
156,11.994805962964366,12.003845799208907,12.001992821936442,11.992150505898444,12.050510479305586,12.01040267944336,12.060153299623604
157,12.660250042008085,12.668899190278992,12.668682716938637,12.627353042803977,12.686501295781852,12.749059677124023,12.721772812781213
158,12.5798439618367,12.582274274027604,12.58175732214609,12.562011829129684,12.586950068145038,12.621231079101562,12.64535676801561
159,12.678710484989075,12.670780507269834,12.671988553143557,12.698274836850992,12.621327788478315,12.59467887878418,12.648396131725542
160,12.406566815432107,12.400347407039915,12.40115526136144,12.402606192858027,12.335895929668807,12.294838905334473,12.316382860552192
161,11.677038462082525,11.656999482453033,11.657281544079284,11.641612128541079,11.643642852088346,11.699629783630371,11.649760228493262
162,12.77108995010124,12.77201730355368,12.771635306834158,12.769591729961636,12.714534091903738,12.757211685180664,12.696112909049686
163,11.7013112885506,11.696851195195185,11.69701088229483,11.708905495100966,11.673117527748408,11.66952133178711,11.6387386755967
164,12.599722379041273,12.60119193962799,12.600671751066503,12.568994444542978,12.628784967111534,12.598376274108887,12.635539095540242
165,11.957292697347462,11.964183467655246,11.964180327336297,11.973141316132487,11.994232520516697,12.038147926330566,12.062792236830793
166,11.49689280489647,11.481421000039077,11.48220520866464,11.871678468288009,11.454223125651229,11.475337028503418,11.537375026239523
167,12.311087957051715,12.307246234194878,12.307780728708002,12.311379654676497,12.292211240971568,12.287884712219238,12.27550488775549
168,11.876378648396333,11.849908413670638,11.85315026241365,12.259670989190036,11.838331515642725,11.826356887817383,11.88562747767253
169,12.021648978955158,12.034121831707903,12.032644078864987,12.10112600244252,12.00301494833499,12.00258731842041,12.006233381686059
170,12.210480731343196,12.206691230861969,12.206788958675347,12.265126442717461,12.198211558067227,12.220726013183594,12.205580211856072
171,11.66045189303344,11.656131968721866,11.655747321135358,11.898989346520933,11.581951610649872,11.598580360412598,11.57903631439283
172,13.053082180877757,13.056024138184288,13.056105123192085,13.015108048465535,13.019647547558295,13.06861400604248,13.053361160620506
173,12.366022898830987,12.37722550205879,12.374154912676035,12.128382231731619,12.453944940211535,12.521598815917969,12.545031701465398
174,11.978127144685667,12.001515189195523,12.001659457708136,11.912237018373526,11.92769435271262,11.985260009765625,11.987439768194848
175,12.561645922634133,12.562517214485881,12.563276530864778,12.70840305378408,12.540029560842573,12.555816650390625,12.54582110960393
176,12.602764613188066,12.604862817919386,12.604574343795266,12.589982482142618,12.561912465861699,12.623981475830078,12.570495273188087
177,11.920589703243497,11.932706213363005,11.931768495749395,12.127706345653369,11.94847296308025,11.91163444519043,11.925624205067267
178,12.406307984890754,12.399157050374054,12.401951411151055,12.400097676312848,12.389430877687088,12.366134643554688,12.369202443536329
179,11.730158232403529,11.741421392964817,11.740235732741807,11.633756022727445,11.700815419307872,11.716238021850586,11.713484375802851
180,12.218075209112161,12.213467356692744,12.213110020760912,12.248738351682647,12.21002031406249,12.215312957763672,12.165103255572276
181,12.823344919074437,12.821789031445569,12.822922424657863,12.685906282570445,12.761221436802025,12.840775489807129,12.826908493322764
182,12.640611897131356,12.630041932138866,12.631409901642135,12.602282024284298,12.637766934312697,12.64437198638916,12.672084754575629
183,12.357148590685396,12.357140392916884,12.35664897352236,12.328943420739677,12.274727221330602,12.354215621948242,12.378898139269936
184,11.934793921496329,11.942756047686094,11.941497029948318,11.928733385011352,11.886943216769877,11.884098052978516,11.860487865825272
185,12.008551876215087,12.010025936400725,12.010884504500881,11.952100562543212,11.97746087907118,12.00985336303711,12.000594237223078
186,12.176654117570907,12.155475467184704,12.15799425429846,12.192862831897521,12.056350877240513,12.100746154785156,12.095323238088236
187,12.196246404061498,12.188828055966525,12.189549121641031,12.073781626800876,12.22171715539079,12.218785285949707,12.207589136625211
188,12.632353222402248,12.631954423614571,12.632128043924624,12.621126376531134,12.652409764067617,12.64833927154541,12.637372441298716
189,12.172655063914224,12.159906361865147,12.160875557157162,12.056163137270463,12.207308808951186,12.155117988586426,12.191075598733722
190,12.592600951659815,12.592492062494259,12.592135645305392,12.607816334605074,12.568259177237836,12.558493614196777,12.56430543186738
191,12.163888874168116,12.177660570343615,12.177396934678045,12.095730755383787,12.049921060023083,12.099496841430664,12.104745718653604
192,11.673309278930919,11.673262678541619,11.674129957950662,11.594335984539022,11.687677845575518,11.663199424743652,11.660690110325866
193,11.922521757520492,11.921227358610748,11.920255556735617,11.843234251668523,11.914816546697946,11.923629760742188,11.930883352103917
194,11.718232617079929,11.718306801840876,11.717359583232271,11.65953975369316,11.75109544934845,11.702778816223145,11.698003515719714
195,12.58485899671851,12.574603655754323,12.57555685111437,12.566393747866488,12.573445137869811,12.55091381072998,12.506966426212957
196,11.804775508582816,11.80440762940712,11.804409593873967,12.001175124003533,11.878098984846952,11.824380874633789,11.80111929675517
197,12.505517766984394,12.485685046822688,12.48707205931925,12.475899958475525,12.508671520090555,12.435226440429688,12.48178870109733
198,11.738252614152016,11.749757614718623,11.74818444744937,11.76154696585403,11.787765472624452,11.74661922454834,11.751526966635792
199,13.15060436506381,13.13729608897356,13.138782817909021,13.154757660197237,13.145992497060156,13.160618782043457,13.121337186883004
200,12.156553066347174,12.155790017735233,12.15625957719641,12.188902009899246,12.227151742074009,12.212005615234375,12.21089624564138
201,12.050048634687768,12.082529437568377,12.07903744033018,12.114914699555584,12.08451417718103,12.112202644348145,12.137238699203559
202,12.108109115229146,12.125422420819321,12.124550986159097,12.173373842294204,12.114111705150318,12.105585098266602,12.092346350943949
203,11.525191163333137,11.49451819994053,11.49432881227242,11.405830262364558,11.317963764959085,11.362373352050781,11.39162270714174
204,12.920625862016177,12.922898383014568,12.92406398125127,13.042653691200933,12.84007426409847,12.819077491760254,12.863238255257045
205,12.805505393930886,12.793098146265999,12.794206745226504,12.870930137532987,12.8624166364851,12.826333999633789,12.801154851868962
206,13.010794121523448,13.013093413171829,13.013317351908722,12.97762742757324,12.985160042196531,13.046608924865723,13.042211103272837
207,12.133598463844049,12.127132498363919,12.12688262985582,12.110617413225823,12.11636067692777,12.127691268920898,12.123841238588314
208,12.53562805507185,12.52387867561458,12.523493446575364,12.664020483699186,12.473012767741126,12.446484565734863,12.459635844317583
209,11.60081333757537,11.577934135864579,11.579804903816198,12.091360349931163,11.643539323979965,11.585500717163086,11.524328653609567
210,12.485304761829799,12.47874385074716,12.478771854115777,12.50183280991781,12.622072715126345,12.573917388916016,12.633485807862765
211,12.155421155030766,12.156212656955912,12.155325494174503,12.27160584225491,12.08149272841763,12.069491386413574,12.098579706212549
212,12.649348644827224,12.644039477484467,12.64456355137539,12.674976778096086,12.726372803911406,12.718421936035156,12.718215986095379
213,11.900817967743343,11.896350642589512,11.898822453275683,11.888435032341382,11.870126074298945,11.901611328125,11.889447902748918
214,11.657645843443072,11.67437991089259,11.674068692933936,11.607087746341831,11.634540305680899,11.66491413116455,11.717596680819863
215,11.821720002750974,11.819168508058272,11.820009872050747,11.733007401531083,11.909257391209454,11.878900527954102,11.860839144078374
216,11.87457335584962,11.874379287410072,11.873763355990835,12.02236535946526,11.86209793281327,11.905912399291992,11.924930552271373
217,11.779427938850464,11.78290778839613,11.782230722764803,11.783244166709622,11.81967814809071,11.806221961975098,11.726455660257106
218,11.853655052259455,11.856785074185131,11.856163810620506,11.83430079210745,11.831177532120805,11.832742691040039,11.81997893369939
219,12.491553382094517,12.50241192837736,12.501008613112626,12.473527405146012,12.555528687588824,12.48274040222168,12.510176053997114
220,12.005522204396582,12.006280636445213,12.006568263094099,12.025243328466656,11.919808221329417,11.918434143066406,11.911160388824225
221,12.788287532213326,12.773423936768564,12.773967425048786,12.500370043540139,12.874304740380222,12.812996864318848,12.797138892703158
222,12.066627486250054,12.07599939428002,12.075190765516044,12.067159256890458,12.060639612097585,12.095982551574707,12.103537777199058
223,12.248490964857977,12.250017772699577,12.249110397670409,12.277985672383618,12.25779656521094,12.283228874206543,12.260173791968953
224,12.152597924330124,12.14749324785723,12.151372657992535,12.162979914686835,12.115963151812865,12.124969482421875,12.111066385875278
225,12.554642388645536,12.568579923413957,12.56742732477783,12.544796369170708,12.588507237375136,12.60293197631836,12.552294696342711
226,12.890719767293232,12.899180075960302,12.900410177068455,12.930578726954613,12.936806057558835,12.850284576416016,12.897414716788896
227,12.719965403875978,12.722448187554757,12.72110469400436,12.674139622074287,12.833996932013854,12.822622299194336,12.774119512068292
228,13.3537782564436,13.347028947325867,13.348393364208226,13.334597807423986,13.216829833367173,13.178189277648926,13.161592105363159
229,12.242350282582793,12.235291947644122,12.237003455464388,12.297749680341976,12.277780560871554,12.286432266235352,12.303062927667625
230,12.004789091565643,12.002343399290346,12.002025925106707,12.229320752525387,12.030140378579137,11.992945671081543,12.02723123664206
231,12.071775078276662,12.084987087444752,12.082946153556874,12.056145187929406,12.120750644860088,12.084293365478516,12.106354942704584
232,12.34900761739036,12.33794296975599,12.3375358116842,12.333907770603066,12.364362570176917,12.33545207977295,12.319926724400457
233,12.250337524745921,12.250885521865262,12.250649389254926,12.26677395177182,12.270341374353205,12.290863037109375,12.281000155695367
234,11.966598341038713,11.972960358812726,11.971025318074714,12.063566950557682,12.030510665826961,12.02885913848877,12.015419857825792
235,11.832322006871836,11.853699597626912,11.852490387697644,11.83601288237374,11.773614199163914,11.781442642211914,11.731546378117972
236,12.244072987640546,12.245337003760106,12.246286924557877,12.024714507459553,12.242061906219453,12.2583646774292,12.232708618573946
237,12.220835715052848,12.20429317158691,12.205931870234114,12.208264690121663,12.258369350031971,12.198054313659668,12.17942017392654
238,12.735159128577623,12.741712590991067,12.743098831343069,12.726344639593364,12.651049362570571,12.691163063049316,12.71876830656636
239,12.391291645062687,12.386248960838696,12.388520022955545,12.374050122814497,12.335867841293522,12.365915298461914,12.35122415749019
240,11.905029307428782,11.91958518871365,11.918079527987642,11.906385609024579,11.935760258576057,11.928013801574707,11.928770090802168
241,11.967069168955257,11.961494955849991,11.962363352698228,12.110982288848637,11.89966825613195,11.940662384033203,11.876234152047822
242,12.131047944861399,12.126328596241839,12.125646854195896,12.198653469311637,12.104034394441598,12.115079879760742,12.1161485880725
243,12.471690454681566,12.478262227269495,12.478125862595729,12.456348063343544,12.448335872511022,12.451993942260742,12.467577895529036
244,12.619559029288112,12.607015973271537,12.608278591310173,12.648924336220581,12.684096265407472,12.679715156555176,12.718288545417586
245,13.018344330012317,13.018749141478931,13.01921680203885,13.04783750506833,13.03757678363348,13.006823539733887,13.02555470698453
246,11.876880002315026,11.881651218297378,11.880820027714961,11.885796609061947,11.923292874477182,11.900457382202148,11.88852793235002
247,12.254057836910171,12.211784353133575,12.214330809951157,12.215239972232581,12.27902063632829,12.263283729553223,12.198443916376485
248,12.1975419221469,12.18580733661586,12.187725151741866,12.119286247687347,12.160956667596697,12.124044418334961,12.118364640520856
249,12.291593335620322,12.292293692793951,12.292399395053348,11.950878877657713,12.225092956564128,12.253057479858398,12.269614578136087
250,12.914376473356018,12.917624408799185,12.917690600811763,12.917786133147413,12.83548507749079,12.8624849319458,12.881360730236796
251,12.8552419004535,12.852031136234904,12.852439741466512,12.833388628928864,12.854657218397296,12.88510513305664,12.821257653293227
252,12.295314635733817,12.295815583554722,12.295225759478098,12.405151660958396,12.291247203218356,12.254587173461914,12.280198019819673
253,13.140373708529223,13.136643997543421,13.137666466289255,13.1036565600955,13.108149795043753,13.120746612548828,13.0427433572617
254,12.050090296155705,12.045120907461246,12.04537636773798,12.068885974520127,12.039510256676339,12.061935424804688,12.089975625485085
255,12.101741603599736,12.102319196627349,12.10214334405941,12.149530370738816,12.165325673058888,12.149890899658203,12.120464982841327
256,12.351958246707285,12.342584306885067,12.343659613987741,12.371187638444685,12.420197383024647,12.433502197265625,12.370271126787918
257,11.79200329763038,11.817153301987654,11.81318221972609,11.790041453333195,11.92134324333069,11.979398727416992,11.990161599257465
258,12.479035597531595,12.47830197469635,12.477775457999568,12.482306718484399,12.645368875676901,12.583086967468262,12.566512971248079
259,12.386037149760405,12.386024088692132,12.387049705811885,12.372832048679374,12.404517648840015,12.377063751220703,12.380027784298594
260,12.270214117998114,12.272784333827936,12.273952151983197,12.253273100179364,12.246627678904035,12.225814819335938,12.245297229955968
261,11.947639848489066,11.95563340974448,11.954611432554946,11.959510764545527,11.992943419642902,12.037047386169434,11.891098646541499
262,12.312177333615226,12.310630753408644,12.310519716369306,12.309350963800444,12.297070809036104,12.307907104492188,12.306579083514924
263,11.764396188528595,11.74666819310789,11.746363538071929,12.127879440964907,11.852506785031533,11.8438138961792,11.864949482579464
264,12.46107597193809,12.449549542833749,12.448695367524188,12.489911723598965,12.408329830761918,12.453006744384766,12.453647378060506
265,12.049103459754082,12.05202372111772,12.05203708701938,12.074437569754675,12.210753865790116,12.188312530517578,12.186487189933583
266,12.047671746933455,12.038683261899406,12.038779218015534,12.057051450561682,12.077265886605181,12.087719917297363,12.073059595864148
267,12.586243770034315,12.584800369240423,12.585472275687868,12.573572879818347,12.503391813349687,12.536011695861816,12.65150418927869
268,12.137371345372223,12.145427180169193,12.144712911751485,12.155737726153873,12.14846027381283,12.157960891723633,12.127258850614975
269,11.846398269179625,11.881376902971862,11.87702855249695,11.876640827381571,11.858372872470968,11.918547630310059,11.875383480329647
270,11.943261749259435,11.936225306248925,11.938003171571141,12.091440154550957,11.853110398262308,11.800986289978027,11.781481957531229
271,12.999981710859984,13.002480598240398,13.003060143168772,12.994086559490619,13.011354769300517,13.101106643676758,13.047399705977314
272,11.792088438249596,11.791989830579558,11.792685037538114,11.828439901769208,11.713784746982217,11.701476097106934,11.689342125373043
273,11.445692401810946,11.43801380427989,11.436893590703766,11.41870521014314,11.426461224475808,11.382399559020996,11.450160698358838
274,12.478355873299977,12.467088690200999,12.468014259326631,12.217049378450296,12.36392496725637,12.499420166015625,12.46549495384625
275,12.102898758378604,12.111244239700335,12.108799621888679,12.040132932132133,11.994712510597498,12.070255279541016,12.077793209215393
276,11.870041141674056,11.87582896732618,11.874964391786719,11.849175399448832,11.76225939443788,11.799078941345215,11.758279594588846
277,11.882942678932421,11.876634319518882,11.87831274485433,11.91377388188195,11.887699782764301,11.885831832885742,11.863955030757678
278,12.65534377431658,12.678251791206987,12.678594164542593,12.690253018791115,12.637688154150588,12.644401550292969,12.640256415596088
279,11.617580316359499,11.618884760194257,11.618323024364493,11.616712510002406,11.553285133531968,11.578651428222656,11.546932394995292
280,12.275147073778012,12.276443848561545,12.276795481254544,12.282242779258493,12.227950887702825,12.208563804626465,12.214212130454486
281,11.822986078606332,11.835535280619112,11.835234185827703,11.656119579076972,11.803011323938325,11.828971862792969,11.788324256279623
282,11.70644536238148,11.700501520445838,11.70125646198976,12.051842226958813,11.926715450380879,11.856938362121582,11.771774988127842
283,12.459308987236032,12.460491426159756,12.461303259352173,12.470603275514318,12.49012741752452,12.503829956054688,12.510254863897547
284,12.459423715570601,12.464124977269844,12.463875200463566,12.425278413833432,12.477283110063334,12.421392440795898,12.40635578626285
285,12.168467902826016,12.16274915086752,12.162915111645491,12.22377628470422,12.23519849974361,12.205446243286133,12.20433378865418
286,12.058843528274783,12.064650703155168,12.064303606188483,12.147481628599124,12.143691679420705,12.119169235229492,12.108525635842028
287,12.684860471224818,12.692564381367188,12.693048313584121,12.737847401572544,12.592301774399903,12.751765251159668,12.761522058596997
288,12.025748957900388,12.039666043833543,12.036689007466663,12.202212095144166,12.047277123742292,12.069557189941406,12.041896938376006
289,11.711199234666628,11.718915611715728,11.717351443497092,11.704303643192834,11.70490392295451,11.69201946258545,11.683367870167514
290,12.283570236934157,12.281318690074187,12.281635129566013,12.003520614480566,12.235524058959044,12.253559112548828,12.26358526584882
291,11.941674719066793,11.935616360103714,11.936270745279336,11.959336757969426,12.029180266299608,12.012273788452148,12.030671372378507
292,12.006492671988978,12.003420119518422,12.003183569177303,12.031325417665489,12.073491173201377,12.058073043823242,12.080391278533103
293,11.835672722782501,11.841534873314448,11.840340762837151,11.901592301588108,11.837102900497747,11.83727741241455,11.822726923135656
294,11.827088819968983,11.822647513533642,11.823455246330987,11.957002862556894,11.858988104214129,11.901593208312988,11.841478646536737
295,13.066943442490533,13.06776878144808,13.067811069454033,12.27258811174078,13.195143952883873,13.123778343200684,13.1335939028859
296,11.88600960698639,11.8732318249074,11.874266785068453,11.947074142238318,11.952319679109014,11.922098159790039,11.94482075855953
297,12.241702839245082,12.26914820915252,12.265564799187388,12.13006859965831,12.249134485941601,12.23715591430664,12.242718117639615
298,12.32953959942455,12.328137896682868,12.328487874789571,12.324208012979497,12.303955825638512,12.3174409866333,12.306375381328083
299,11.942495831221441,11.946626098629743,11.946170351815942,11.92245575628393,11.944403954278032,11.977852821350098,11.990521983954636
300,12.019275360448237,12.018254091008062,12.018264135971041,12.036152621648695,11.989639056666814,11.990660667419434,12.021119427587948
301,12.333293302084687,12.32515863906716,12.325505351138787,12.186800609563953,12.182798090694149,12.233989715576172,12.219287645380579
302,12.198462955084107,12.170550108064718,12.177094929134283,12.095531509548985,12.268860228342687,12.24734878540039,12.290003716622609
303,12.717443119380812,12.69391346656862,12.696423888113738,12.267155636669129,12.753205011877197,12.767553329467773,12.74210318772381
304,12.26810962963209,12.271161777361517,12.271046609582918,12.264090268896844,12.334584778894477,12.278992652893066,12.264384319659598
305,12.03835981013814,12.03492273950092,12.03660548248243,12.157720422887138,11.944800416195582,11.989705085754395,11.985936818946628
306,11.890102995023613,11.900246981663928,11.899239966436909,11.923304973234764,11.923850104651404,11.912677764892578,11.941613483806107
307,12.249808872083047,12.246258287461307,12.246135796089835,12.19349668929332,12.224553276318966,12.228328704833984,12.214632924175431
308,12.123433565001742,12.11989533575298,12.120385141266944,12.144359381590283,12.148271750223659,12.143020629882812,12.111466173523624
309,11.986057283529776,11.989736599448548,11.988447835461711,11.99692011236874,12.008079652759383,12.01778507232666,11.993124580735383
310,12.049058788929202,12.080176020421895,12.078052078936976,12.171443928908127,12.04047464738687,12.004676818847656,12.006450595870557
311,11.588687868068241,11.612206850921433,11.607228630320389,11.709558796938843,11.710359414188328,11.643585205078125,11.579553826522782
312,12.16225024618862,12.148895616752851,12.15085973171613,12.17820930944216,12.111452798882144,12.09261417388916,12.092714855579409
313,12.42693692329407,12.432325466613609,12.432343864879554,12.40039028448274,12.441029070221798,12.42258358001709,12.454574674862913
314,12.184578567206072,12.183204790586123,12.183037705089875,12.204578063574676,12.209343794657313,12.205207824707031,12.16934190276338
315,12.146864809824816,12.142687714417825,12.14339584120351,12.20422347789707,12.194643975605466,12.213601112365723,12.179734293555867
316,12.692566117345926,12.706517132363526,12.705465134275705,12.693704062473758,12.726084525879196,12.782320976257324,12.808115923528048
317,11.79933825548599,11.788313451002207,11.789238483438602,12.051236161284905,11.748772352157935,11.725613594055176,11.68396895436797
318,11.79427748033199,11.801654005857543,11.798636314101088,12.06794018065713,11.850560427690732,11.853191375732422,11.878182451112536
319,12.109955108280733,12.101434217376745,12.103154946496916,12.174463089612098,12.291881527072956,12.214075088500977,12.2064121818651
320,12.610304843544544,12.608771742760856,12.608632304131612,12.634751422061283,12.600323031459611,12.551993370056152,12.5898658800077
321,11.582958707501952,11.594099489691075,11.592772328056508,11.602164650164404,11.530717126467223,11.549334526062012,11.5257913263242
322,12.092191375450684,12.08854354041389,12.088747699801683,12.018661900487373,12.104792105876953,12.112521171569824,12.134816362517997
323,12.00072928244305,12.022707057147509,12.021068839905382,12.07576435745647,12.062574322216937,11.979742050170898,11.99588400944664
324,12.443926495577164,12.456529747304232,12.455872612387463,12.173178711123652,12.328255964239224,12.333377838134766,12.34806942569029
325,11.620978723463361,11.648983144180717,11.648427366146832,11.463127869558557,11.618518089418586,11.6093168258667,11.591858596443899
326,12.367507338156187,12.361959369712284,12.362955022237411,12.340376181452548,12.36452962969526,12.365766525268555,12.369614341486887
327,12.66273860939878,12.673337406163801,12.6732030141281,12.409188608434672,12.617285954930978,12.678267478942871,12.671722637679645
328,11.898748347512175,11.896567234819095,11.896808318769713,11.866779919970375,11.94925231446443,11.96678352355957,12.033387554628863
329,12.195079303949164,12.193905044245179,12.193856025986141,12.189713570775826,12.218152450524935,12.191186904907227,12.208522252201785
330,12.709740858086539,12.710395841936899,12.710630879353605,12.71143821453607,12.692586840425355,12.728191375732422,12.722797550651062
331,12.051511450600259,12.033861906676632,12.034555832601486,12.003987596261853,12.036971455677449,12.040060043334961,12.049521352951677
332,12.377378511993852,12.377599238793982,12.378338063940992,12.218951085357697,12.44481194462669,12.4450101852417,12.433574546017342
333,11.995900767099423,11.979242718874165,11.981633356749018,12.000634884737169,11.969516295736883,12.015596389770508,12.018083797442618
334,12.039669244392867,12.042451692567422,12.042105937262065,12.029299584251792,12.009184552678933,12.017434120178223,12.011748255499157
335,12.633355798748173,12.631215550516592,12.630974742989805,12.674850948987023,12.778889696422135,12.699421882629395,12.780756822370051
336,11.79713259913911,11.800158489596285,11.799596973114587,11.765224909063495,11.793257951500156,11.756391525268555,11.757524353670748
337,11.99399169061629,11.99940752266417,11.99837521114148,11.961220066199752,11.966559352117962,11.974536895751953,11.98592398857038
338,11.827376596957698,11.819464393774537,11.820190856016483,12.448706356122452,11.833904430772112,11.779107093811035,11.814933024070003
339,12.372396841660153,12.380875848805298,12.379876466635826,12.346659829898586,12.442167749338,12.370339393615723,12.386687511707017
340,12.728638313340163,12.730823240688073,12.729570896575538,12.793804272462097,12.811901121826432,12.784006118774414,12.813055321220363
341,12.444285857333862,12.451672447604949,12.450609234993141,12.41244760004941,12.467594303605352,12.438122749328613,12.438624564231247
342,12.085459378455338,12.071930078646771,12.073670832241067,12.09742496304715,12.085494775459244,12.018548011779785,12.06957454367829
343,12.361806325713317,12.368155593152785,12.368099146075787,12.355101681091355,12.3613886178524,12.319343566894531,12.320937957649123
344,11.936144460838259,11.934051028133442,11.934423893933522,12.031951312939281,11.995405366651916,11.981921195983887,11.992537370459903
345,11.926743552041318,11.920405447800144,11.920532894653494,12.019913325605922,11.962682837175848,11.99954605102539,12.01108757227537
346,11.68985520956983,11.706077280336778,11.705031518669015,11.688841957953782,11.688603249842572,11.746607780456543,11.675024308598498
347,11.930532269664486,11.907877500433115,11.907409198826391,12.077340642530247,11.957215864117128,11.971880912780762,11.906751129033797
348,12.527093755864817,12.54103050527178,12.540964826612429,12.148890497030301,12.535275430799778,12.492142677307129,12.493891843530387
349,12.159323754698251,12.158966059266799,12.160400113339826,12.187932475680299,12.220062025598779,12.203291893005371,12.18195130236245
350,12.072847668479424,12.083446226899403,12.082169991206884,12.047907839465864,12.085516905208634,11.942811012268066,11.996179342541678
351,11.7385970700662,11.736220266530458,11.733380435432071,11.919068524726187,11.799311677722526,11.741384506225586,11.759156688461626
352,12.551748370694558,12.54870094576819,12.548600216414524,12.52612163205859,12.490995748790827,12.494979858398438,12.533814398207756
353,12.537037146876171,12.542874284232175,12.542661067512558,12.601006443404598,12.659984102813889,12.657135009765625,12.680246590351388
354,12.81628797332104,12.814885053942385,12.815747531576068,12.840012191614566,12.820358773125042,12.834479331970215,12.84528584355475
355,12.318804402743792,12.31402255997735,12.313732177370659,12.291499343946766,12.2952230732961,12.309797286987305,12.308496159822614
356,12.006408142575427,12.012519925104296,12.013065552073357,12.02368950419147,11.930259864564809,11.98461627960205,11.961978973340525
357,13.121740340567756,13.113127419729235,13.114797363961067,13.146916955141394,13.147942728560997,13.103021621704102,13.06245320912798
358,12.89767061981388,12.898441939058161,12.898995915926559,12.887227229147042,12.928763652981155,12.966936111450195,12.944957246158523
359,12.372288300949904,12.363272165141451,12.362745255625436,12.386748507901844,12.161225955632073,12.212711334228516,12.167201046718715
360,12.238523104033554,12.214731362673094,12.215736981240571,12.536398340975447,12.306640245590394,12.262284278869629,12.271922007115489
361,12.69566907103324,12.677397239393839,12.682910248582758,12.689395465912344,12.704405496768306,12.654623031616211,12.661352011902403
362,12.781969271274185,12.778631600675379,12.778654096389975,12.811492526120245,12.75832528454926,12.825222969055176,12.855118831799116
363,11.91490356983049,11.91772459963665,11.917513927221693,11.909503587342822,12.051406232251484,12.0123872756958,12.0291988173901
364,12.808250333845827,12.809738848276321,12.810707423901803,12.7967646732785,12.798435140864921,12.819828033447266,12.83234311762685
365,11.753815496681048,11.765317801124704,11.762517086242328,11.35337135436003,11.74383057970185,11.698477745056152,11.644940429713474
366,11.960754864957158,11.940866999202434,11.94371857081721,11.950718095700053,12.075946372217635,12.037168502807617,11.944134224034785
367,12.017218438776501,12.02806607011439,12.027234547828655,12.068535709382058,11.982188671794098,12.046905517578125,12.017399227171877
368,11.592057159897847,11.60657191139432,11.604962104136845,11.589350975488781,11.525214297198517,11.54499340057373,11.56318831086158
369,12.301582748098564,12.300092017968057,12.299398921308029,12.283572724306959,12.284932681611306,12.260946273803711,12.25031517601134
370,11.947179643643217,11.971223638065087,11.970271041344919,11.762688471278032,11.831388917287523,11.811678886413574,11.832608015041162
371,12.24677417353676,12.267001230956668,12.265701586225362,12.265585319504915,12.239684796366571,12.280004501342773,12.279786919376464
372,11.920199716268476,11.93285018436987,11.931399956429056,11.968903175603426,11.953835686860737,11.935521125793457,11.943678421215274
373,11.930363467542074,11.92383711680395,11.925535171674204,11.921257470755748,11.90663523058765,11.840372085571289,11.89804545511951
374,11.682968140008956,11.686500337867594,11.686184231075755,11.716676165834205,11.730806739989287,11.71233081817627,11.707086572931015
375,11.769148820994237,11.771583728721419,11.771154709516473,11.692097514048074,11.891278917128448,11.839414596557617,11.860418968542687
376,12.028660038385944,12.027056636340319,12.02872384603199,12.201864437382401,11.955603989605368,11.983664512634277,12.010613974172927
377,13.095537117912215,13.083902571658108,13.086293785228474,13.104839792742975,13.145085210834079,13.122518539428711,13.061480836750286
378,12.087992295480387,12.091364450646195,12.092257493214355,12.109702679825116,12.089813458089557,12.065925598144531,12.085721607734818
379,12.061313548928378,12.061148547922912,12.062049172820677,12.056725857809926,12.085443722430428,12.088203430175781,12.0790219897261
380,12.3401318471459,12.341339180686424,12.341111871539939,12.309116764313547,12.2988805991221,12.339883804321289,12.301736735900526
381,11.783594507073486,11.79793262471922,11.796656191253618,11.79657630948616,11.878644362720435,11.85866928100586,11.79790298119187
382,12.05147825946545,12.054924260756586,12.053323772386392,12.132180314886682,12.095012150114924,12.110916137695312,12.077510134848724
383,12.013002962067233,12.020199616595846,12.019482416002852,12.077613552709622,12.08193729202205,12.081748962402344,12.044398532637757
384,12.572558113763918,12.57497693390776,12.574419712640724,12.567875552176965,12.556036340868618,12.539788246154785,12.552288810301585
385,12.119828636656017,12.117214663575028,12.117770996344614,12.178648068448748,12.168457827792295,12.170512199401855,12.138347000613685
386,11.999780801797279,12.012089852252112,12.011860208003071,12.043332940728778,12.003067585944697,11.948246002197266,11.96028497829138
387,12.451702728159328,12.452654023138896,12.451906890171312,12.40595193051421,12.397077009250348,12.439870834350586,12.463628444280571
388,11.617491864619247,11.620510848062633,11.619132287909002,11.579406883888462,11.591898059511747,11.517960548400879,11.555010086016276
389,12.020879447951035,12.033066756042066,12.031278946107259,12.026155068726961,12.076032940289819,12.072279930114746,12.057944872946363
390,12.051583919388454,12.062013777264438,12.058105762180062,12.081529968938067,12.085277662165346,12.07008171081543,12.072364339292463
391,12.182304646827864,12.18182470805831,12.181192910543253,12.168118400233178,12.169909052354667,12.201210021972656,12.179291257808005
392,12.255814426048657,12.252596168550319,12.251968734855533,12.24064343325097,12.225057098056865,12.240766525268555,12.225534135507692
393,12.095970860082867,12.106029402454144,12.103840115085418,12.101606725180762,12.015015938989364,12.053179740905762,12.03329347891932
394,12.898834697222533,12.894709781408517,12.8957702070791,12.890460603263792,12.917663031773934,12.911189079284668,12.928668928129012
395,12.402658081328745,12.403367934503574,12.402689844495093,12.382975558183789,12.3500566099427,12.362166404724121,12.346741807526332
396,12.863141005156832,12.867890905708439,12.868813709488498,12.864666775372104,12.84662009094247,12.929872512817383,12.952036239392351
397,12.070308291381085,12.086187820853144,12.08497576084167,12.082443014693467,12.002204245176456,12.023041725158691,12.037827022078291
398,12.135430724336842,12.134527526523721,12.135107274970657,12.16535157404963,12.234793115183992,12.179826736450195,12.186831849137533
399,12.354005860863715,12.35194734082163,12.351816614346646,12.325005539204884,12.357129868371073,12.327277183532715,12.315200771133995
400,11.930003282536774,11.939045200316393,11.938127419957612,11.929192952062854,11.848213967792839,11.895939826965332,11.860852618059553
401,12.110197578731826,12.112627555497019,12.111262577884434,12.117498631997618,12.119580680017528,12.10275936126709,12.07583622265306
402,12.626705202892104,12.615093052233199,12.616445973915555,12.616607115721544,12.603378684673324,12.615011215209961,12.568081765928508
403,12.884539349422324,12.882276268209113,12.882716414516556,12.861948307415336,12.905020774318428,12.906637191772461,12.915265827072165
404,12.092479329293088,12.051854000028488,12.056420398984386,12.113992725449071,12.085525490767044,12.066737174987793,12.09578361371234
405,12.029017586622876,12.03106777354244,12.03152700089263,12.2898132123318,12.063781313412386,12.063567161560059,12.042309640387154
406,11.932107459649957,11.945674512067773,11.944957225582641,11.945669746893582,11.970264035803652,11.94829273223877,11.947556138247217
407,12.51430199961697,12.513318783119082,12.513727961216437,12.51097636287223,12.496721925818477,12.536368370056152,12.521382487786504
408,12.59675839386038,12.605363493280855,12.605240569480843,12.598264728023251,12.577138852319475,12.575122833251953,12.589807906394048
409,12.383844873785378,12.383885169799907,12.384504905918968,12.36799979471839,12.393664865585139,12.353118896484375,12.327692664524076
410,12.316692336537562,12.315963960394733,12.316148635601442,12.330431951723352,12.275520726238398,12.30114459991455,12.276681498705594
411,12.62748504721103,12.62441471069048,12.624878414656852,12.625203557592753,12.598210888725987,12.599562644958496,12.575932758638181
412,12.006271645437147,12.02609706007381,12.024096519720906,11.945195728554863,11.867387918011001,11.947850227355957,11.908948813538423
413,13.0750919348764,13.077131446254176,13.076592117791883,12.947984869295654,13.16741313292491,13.12110424041748,13.145466144431913
414,11.75127270327922,11.761035036882555,11.759822265037972,11.669606137882095,11.737080927721912,11.755359649658203,11.710196766905096
415,12.228344598730457,12.226710844328448,12.226846777208255,12.22774709198151,12.231704984793321,12.238595962524414,12.27335196292003
416,11.958822666686242,11.958732612999135,11.95970957165035,12.001750066812411,12.005547171324471,12.023322105407715,12.042704787359328
417,12.788594557022964,12.803106475485265,12.80294273617136,12.784097867981634,12.871482490401212,12.840973854064941,12.848318735168027
418,11.948541168949712,11.96876912682505,11.966386582844425,11.954913149094505,11.97111701365091,11.961343765258789,11.962588410432495
419,12.3023365376508,12.298524980864793,12.298258941258668,12.322619113332555,12.348746940674467,12.349806785583496,12.370255238663077
420,11.954463539405001,11.93563708330818,11.936955579223826,11.787429126263229,11.890492592555063,11.895938873291016,11.902630119938726
421,11.681943876160291,11.683458846671511,11.682310801090512,11.666146169377264,11.757162329400094,11.74528980255127,11.69480867201608
422,12.32325403529585,12.320414389074378,12.320670234220838,12.293388798078972,12.292883336950123,12.284197807312012,12.280550857920458
423,12.113770164082917,12.114506359581158,12.114538995222212,12.090730649293354,12.120252030846752,12.111738204956055,12.130779363576464
424,12.895337223217691,12.889676019609936,12.892210679266904,12.875542555218663,12.517497263374484,12.473411560058594,12.435378882476844
425,12.282313578111813,12.271718633162944,12.27352355104433,12.327061575719261,12.238847491964464,12.307530403137207,12.342052067451249
426,12.091339745176738,12.084956798337265,12.085587794944951,12.082775004145352,11.913746192625103,11.937545776367188,11.907392267913341
427,12.379681118719098,12.370319907134359,12.371130836855832,12.328727916505652,12.33960155394293,12.332757949829102,12.313566935355801
428,11.887284907573965,11.897922935528953,11.897713573060912,11.955462395076724,11.981726198613323,11.918318748474121,11.959115167076177
429,12.582607213123138,12.567813370694681,12.570421735046029,12.493025308790427,12.673522997326275,12.5676908493042,12.66809917517282
430,12.135007270345449,12.168502458570256,12.165648267720456,11.986762282987561,12.161242952893643,12.212406158447266,12.127828778734237
431,11.979573528283119,11.975749122136824,11.975907285253625,12.00459551944076,12.01671216462163,12.031914710998535,12.03743208349186
432,12.589884143350364,12.579078717859554,12.579591474377676,12.836431279334551,12.488069151031441,12.490285873413086,12.445125086194588
433,12.451359573248483,12.469966905139145,12.469800155568285,12.35934622226525,12.365443547386782,12.296289443969727,12.384666018708991
434,12.574853466296,12.587978240916158,12.586750703442622,12.110029789930998,12.583270589931926,12.635974884033203,12.617851066243654
435,12.035299216230717,12.042774266782843,12.041753941398644,12.01806895448529,12.007344820803795,12.00572395324707,12.006479569879794
436,12.250979150151437,12.251885458991907,12.251955080478607,12.257850054037128,12.285745874017064,12.281906127929688,12.333924438491174
437,11.93816672825987,11.938166275791462,11.93820919516989,11.905962126334202,12.00522977072504,12.011542320251465,11.98709550863098
438,12.045369445017025,12.042925115397678,12.042114923667228,12.022907905677863,12.106731826912208,12.102510452270508,12.054514863612543
439,11.751574483753206,11.724560224175356,11.72597800763825,11.76521676610669,11.615461207756915,11.675559043884277,11.680253993515237
440,12.12981107493277,12.117013650504108,12.118062893990553,12.14501796605063,12.0801688545131,12.144243240356445,12.153795248395308
441,11.5301272781203,11.519260962339986,11.52186628057529,11.851259650411862,11.535438499695355,11.559379577636719,11.637417897937329
442,11.700449490455863,11.698833610435953,11.696029196162602,11.588750201626276,11.811405033696307,11.8180570602417,11.742141806818625
443,12.396821227072618,12.3860024664035,12.386699289852661,12.389564915969554,12.409832588930058,12.372734069824219,12.354373767612804
444,11.82845604374116,11.838653552825086,11.839085544583881,12.056087460617176,11.913279338703271,11.920600891113281,11.935314246611956
445,11.484107438378002,11.489344107542816,11.490005128955206,11.56575277957269,11.372025855188769,11.297900199890137,11.35072271956882
446,11.885342874561774,11.889227717654853,11.88758447303067,11.912174832494614,11.98944733642065,11.954926490783691,11.943031964664419
447,12.161463705772311,12.160570720562594,12.159548985305104,12.230466959409325,12.156096882590873,12.131326675415039,12.144794203366953
448,12.301006157059046,12.307272727612085,12.306185030005208,12.293896702842437,12.250684169711564,12.312077522277832,12.302295699659991
449,11.842149130676756,11.815119541291722,11.819428348348135,11.771874179462229,11.975499107232144,11.965005874633789,12.002151312317608
450,12.510119471223177,12.494784202633411,12.497315926298763,12.522755181997088,12.491545021676119,12.445952415466309,12.474631471898496
451,12.240077067657692,12.240022049534355,12.239590101742213,12.21196256615401,12.19530139734644,12.240106582641602,12.234935820414318
452,12.216495779082123,12.211157777033137,12.211154768978357,12.167799850619167,12.206252142570978,12.196768760681152,12.222173272667186
453,11.952697146310298,11.954488986537184,11.954508419051887,11.989257221353856,11.974481017262281,11.997365951538086,11.991953507272704
454,12.061892532354053,12.060803510328935,12.06080268592991,12.122690746802364,12.109788043955856,12.05260944366455,12.0797693695041
455,12.725691115548209,12.726956810609193,12.726867684536977,12.709492991849464,12.686980915862373,12.739554405212402,12.762679251117504
456,12.259540459311703,12.252058676192862,12.254298697679676,12.118920486817721,12.178645391041407,12.161713600158691,12.164806752965308
457,12.153339795476557,12.16454470413471,12.162788836642557,12.176095142134816,12.17750713921632,12.156978607177734,12.142191449085603
458,12.426475805658683,12.431679017258068,12.431177384385409,12.772443446233027,12.370797487355919,12.415857315063477,12.412567366806517
459,12.429080770797578,12.436131487334908,12.434107442819615,12.597275983817028,12.341949563790731,12.355303764343262,12.414625629628405
460,12.788780064998491,12.800798480136946,12.800493634670365,12.762733101884962,12.754427509930109,12.793460845947266,12.815106054540392
461,11.879058999801295,11.877986934777299,11.87645318737271,12.060225017949346,11.92854200260445,11.916292190551758,11.917085782823042
462,12.770767162958652,12.767634425592826,12.768572969472121,12.721748198533358,12.807212010903102,12.830022811889648,12.808781473479653
463,12.309560020367732,12.313612578059681,12.313445913812739,12.282024673072868,12.31735027032745,12.330795288085938,12.30682854541164
464,11.790225461778318,11.777985736644082,11.776639378310575,11.790835070288702,11.852745935141911,11.90835952758789,11.83925996796002
465,12.471566183542503,12.475629792193814,12.47607941502835,12.483962338504188,12.459873917950146,12.45804500579834,12.437031805285535
466,12.135963083249957,12.144788082313058,12.143915095334325,12.067658184773899,12.050118647704384,12.165484428405762,12.207257882977542
467,11.955400429230236,11.950984600768988,11.952208436862625,11.942756501364807,11.988921868320418,11.934062004089355,11.926998448295794
468,11.748993368742006,11.741649295923558,11.743320545569455,12.005730755830562,11.652322845459793,11.645452499389648,11.657797266900733
469,12.78117444772626,12.78620174274091,12.785639388654433,12.765083606530926,12.71349506757394,12.728343963623047,12.770743096672101
470,12.207900552897414,12.201789800164796,12.202162878882623,12.185437821685055,12.18222107825249,12.208647727966309,12.225222732889268
471,12.864390735850842,12.859432868674482,12.860983724348028,12.773212894255435,12.754438383251959,12.743194580078125,12.738758091492286
472,12.182620612681333,12.18144896541319,12.180877533364573,12.17306568300242,12.22157055516797,12.214646339416504,12.187488501338063
473,12.202026653897393,12.199963434517718,12.199548623635257,12.17265488072762,12.166960779469116,12.188337326049805,12.19907817359276
474,12.41658491079272,12.414845510259742,12.415191957406627,12.472696043351139,12.467264524275903,12.439460754394531,12.449040861704194
475,12.540742796331509,12.554228618142862,12.55301572980227,12.537464740528083,12.582594065622141,12.557782173156738,12.609437082922318
476,12.11092558254279,12.120190142813568,12.120345935738392,12.000517472388086,12.182718196813708,12.156664848327637,12.201978703628805
477,12.763782633745132,12.769193143188803,12.770149957155171,12.74645869934475,12.707632300473854,12.761929512023926,12.781886138375576
478,12.136871088573796,12.133850890540847,12.134390309469094,12.025188137819125,12.101906292673666,12.101285934448242,12.110257044727671
479,12.012656341916724,12.0112280540791,12.011381075686208,11.988801402543242,12.020351804981386,12.021503448486328,12.045411695380409
480,13.046059282046684,13.049560525705836,13.049351598361186,13.089716477412207,13.064830788500748,13.05093765258789,13.040324980031956
481,12.599643157190632,12.599103848339327,12.599288781207518,12.594900998999062,12.594662286689058,12.594670295715332,12.573078945865992
482,11.965390923798173,11.979803317113644,11.979819536685639,12.040209040831005,11.986640195780643,11.92874813079834,11.937976655354444
483,11.970415310313312,11.972122037834126,11.972001407713265,11.948664112443648,11.925600463381448,11.944629669189453,11.988424079208322
484,11.927864943264339,11.929169659875868,11.928335370268284,11.937165317862776,11.932097098570855,11.959232330322266,11.960972272482552
485,12.95163403841487,12.95602579342638,12.957432132489382,13.066976661176799,12.948636231753868,12.940496444702148,12.877400224790769
486,12.293673070376787,12.298433602031169,12.29680224780398,12.104029154819319,12.204544393103701,12.220027923583984,12.230443884366409
487,12.006056979639812,12.010423435023386,12.008318351880282,11.965641714775611,11.915342622805603,11.969558715820312,11.964351267349356
488,12.361692593489735,12.359696321468526,12.359434981501462,12.328680197954757,12.247521042933844,12.27009391784668,12.297472658788202
489,11.984621960247592,11.98635624953497,11.985964604131624,11.995084233227747,12.000952705239781,12.008755683898926,11.99414343988434
490,12.40517039419873,12.402900658895339,12.402876106468405,12.430697832662908,12.439199437289574,12.396613121032715,12.417164737602882
491,11.759409436513707,11.764946721419493,11.763399474202755,11.799379737173314,11.82807644320766,11.781937599182129,11.7549785824151
492,11.865900348970982,11.847045473784881,11.849989920861068,12.054215597916949,11.877443047479229,11.911746978759766,11.822526116349463
493,11.900601738028449,11.914029031754389,11.91319909323359,11.98188183441545,11.935578577466313,11.958564758300781,11.916157798703216
494,11.954786006657317,11.951200671836489,11.951880767782935,11.921043315807179,11.917567226011357,11.950152397155762,11.928745539872063
495,12.634818521713573,12.633169705098949,12.63478002506305,12.521151862423567,12.537621658752293,12.556283950805664,12.532228208172675
496,11.414488163503606,11.396183065924141,11.397572390623369,11.531138157165984,11.380397550819799,11.346761703491211,11.419055068881638
497,12.044938085804093,12.050603473338164,12.048561039728618,12.038433783844761,12.088513475875445,12.057294845581055,12.122307194863486
498,12.349690525763759,12.344447358365528,12.345098999402985,12.363735366201903,12.352185758436928,12.359926223754883,12.357323636151039
499,12.223692770146318,12.224538493663017,12.226267052420146,12.22070805248528,12.186913915998149,12.237537384033203,12.20125739853448
500,12.378324984596869,12.38017869073454,12.379699658630694,12.394001147728257,12.457542002254543,12.449023246765137,12.422248313075015
501,12.201567532632087,12.200068902720787,12.200074757585071,12.224563585283653,12.18810142532653,12.171710014343262,12.17450677671558
502,12.795452262128213,12.813598168230515,12.807821505044494,12.117736249963112,12.698815508228753,12.795635223388672,12.833827754030565
503,12.555851968595405,12.551787271019673,12.553090464694803,12.536256216541247,12.522299151177666,12.522832870483398,12.545738759359766
504,11.89890251860837,11.903512155779152,11.903520970751302,11.772652454833,11.913875046263634,11.956554412841797,11.970891612908067
505,12.095561623508534,12.094820320962054,12.100552597755241,12.129081575541294,12.08271042658116,12.078639030456543,12.086971503923634
506,12.604902095609201,12.605798358068832,12.606938448058365,12.563185993433118,12.502488199381789,12.544973373413086,12.525640860797886
507,12.082153063873537,12.101238732266042,12.09896404890856,12.033057393682233,12.12439669892299,12.123504638671875,12.107525075455255
508,11.985653448191112,11.968356504343008,11.968534760651561,12.11471970140469,12.035670174258511,12.039698600769043,12.074672549285019
509,12.906543516295232,12.879567567102955,12.88066403936169,12.852165096433927,12.93232402728877,12.909768104553223,12.887184344410178
510,12.109940130881398,12.105738093097965,12.105974275787288,12.11433982488332,12.1546769961061,12.143789291381836,12.115927645883191
511,12.472509751724717,12.471974848492241,12.46860864058706,12.118920486817721,12.313012766416538,12.384740829467773,12.389363820652864
512,12.275409966675035,12.278308672660161,12.277707085762914,12.262877320718003,12.24221000626512,12.202935218811035,12.270117720615984
513,11.894177288569384,11.911619122101332,11.908886578906836,11.827242706700904,11.861160990369605,11.907236099243164,11.892654754037913
514,11.96833932327196,11.967777367947845,11.967559950792237,11.981850212787236,11.933646445537066,11.966492652893066,11.954555173168053
515,12.015685521258746,12.01837470135358,12.018013182626058,12.042674429070887,12.014922629561276,12.000350952148438,11.991238932237655
516,12.845078177229954,12.842149574171167,12.842117456437904,12.831383243358674,12.829236729026057,12.85464859008789,12.834255063531895
517,12.151089716038122,12.117762341296187,12.119980589072481,12.163172146007717,12.138261034473036,12.151991844177246,12.187756462308988
518,11.857886963146608,11.875236416989857,11.874848117764309,11.941196955791588,11.807744305234221,11.755094528198242,11.756995011087843
519,11.99761964375354,12.000450165770534,11.999216914515472,12.017912886645373,12.019622621142984,12.007612228393555,12.001023888788277
520,11.830390856692292,11.877833949458006,11.877462772000316,11.919560393394278,11.922405867002785,11.936625480651855,11.944458128842468
521,11.89398241805492,11.877826777585355,11.879730394442843,11.91800915584352,11.919398321639417,11.812825202941895,11.762901523430266
522,12.130894364922373,12.119439632167175,12.119850217100417,12.240260948742403,12.17111499099596,12.155266761779785,12.153487909068794
523,12.011353586748719,12.02077597253744,12.019100890601624,12.007916812901037,12.071887341181448,12.041183471679688,12.030132093213652
524,11.987077883834651,11.987905868854993,11.987762423868828,11.997519601202212,11.953536899938518,11.891151428222656,11.912775486577013
525,12.74539026929267,12.745481996842734,12.745239954289948,12.75491207948034,12.78453136304971,12.785991668701172,12.859136436802709
526,11.91574298928359,11.934600600751228,11.93242888875433,11.894495018496501,11.89992853376017,11.907181739807129,11.912354040538876
527,12.47792776391474,12.478664016297786,12.479611487554815,12.453471819468223,12.423060154867212,12.41214656829834,12.452139415935472
528,11.890126818501342,11.853335601974528,11.855980975284195,11.829461332265307,11.949038648048862,11.926977157592773,11.986789140743795
529,11.388876629151936,11.369484953412085,11.370149443802088,11.463077181235269,11.362457898220802,11.479122161865234,11.52196518120575
530,11.814357240958236,11.82552155485969,11.824853700192664,11.853324810688768,11.764136392396802,11.741724967956543,11.739757305687288
531,12.505716480038423,12.508376892567567,12.506905798551772,11.391631344072218,12.419980230895478,12.415773391723633,12.405572375806235
532,11.983705314214962,11.981512757651066,11.982833412931095,12.001692962990397,12.037895026651881,12.008258819580078,12.028553085398269
533,12.063376459577604,12.053794505707216,12.05433040786989,12.049001132527987,12.068631118401875,12.087637901306152,12.063488879200845
534,12.06257409685813,12.059045174961959,12.058079132343105,12.097361721969786,12.17391021405059,12.126362800598145,12.160448286741985
535,12.196235571955931,12.196414668350357,12.197733335116137,12.106656672727913,12.157691196403071,12.238909721374512,12.216643934069452
536,12.406699247050305,12.394425211624474,12.395342781474062,12.414919359249762,12.44594273938036,12.416342735290527,12.394642655727639
537,11.500925790850374,11.481875259269408,11.483288032440921,11.506404837345507,11.33855500520289,11.425398826599121,11.469119026488604
538,12.38389502527049,12.369549637482496,12.371249360665336,12.347782293123522,12.366366412900678,12.34256649017334,12.316413893857144
539,12.124829435310414,12.137265497494182,12.135533955758916,12.136222423844213,12.130631335960858,12.088017463684082,12.01307275590304
540,12.315596315141631,12.317851027472836,12.313585105344462,12.495960105628411,12.202764477144484,12.191375732421875,12.172399042513678
541,11.74033317841454,11.734126437994128,11.7333200558796,11.890944424395094,11.662019144520494,11.649314880371094,11.59845416585773
542,11.627387747120567,11.615216997089227,11.61703711198951,11.58139830347068,11.519322900305442,11.55048656463623,11.54283890902404
543,12.110935262827086,12.111189271976992,12.112091370233443,12.022610899606311,12.089809010569189,12.07066822052002,12.090206790200432
544,12.254943369692477,12.254730004942703,12.2548281300886,12.256890809638149,12.304578621073935,12.274762153625488,12.298149846371322
545,12.754513824720298,12.752045349039905,12.7535518348811,12.676866818241686,12.734421789161416,12.681983947753906,12.726599488817921
546,12.414770170699208,12.409703936538977,12.410226352676201,12.401061038038646,12.384598762317058,12.392390251159668,12.391605169661627
547,12.359505434536185,12.359853571811803,12.3593260128965,12.3635107403171,12.350896784505924,12.374676704406738,12.346728743378756
548,11.79367591687059,11.800848772815208,11.800019078552294,11.822881775766163,11.857363530314775,11.816924095153809,11.804535112109816
549,11.907231284708676,11.913250425655367,11.912771169186735,11.945003128503979,11.940403476185322,11.905850410461426,11.916499946274403
550,13.215527426247823,13.214602899548508,13.21468261270484,13.254949447027192,13.219539960479795,13.178337097167969,13.150980404725939
551,12.437437994025917,12.437165147779147,12.436899344707928,12.426940142929123,12.41943321011739,12.4525785446167,12.449751839533535
552,12.33848615055585,12.33345537176293,12.334058323612451,12.312417123535294,12.35849359955666,12.393095970153809,12.36429040870886
553,12.809259925708158,12.824268139835077,12.824311096754109,12.801494049493657,12.795995217789514,12.78555679321289,12.762463589126506
554,12.10290431974858,12.10607455810112,12.106387248990085,12.119170801319132,11.996373646536291,12.036595344543457,12.031673541204684
555,12.120051007318033,12.112924136564331,12.112941202803324,12.123284056515446,12.101719945250085,12.180730819702148,12.137734644168388
556,12.331471411867904,12.315277705256145,12.321135915487101,11.936375028900388,12.362202317427656,12.31556224822998,12.339440775034058
557,12.040013649718592,12.028737318889627,12.028175128430332,11.95468481134485,12.073196180290301,12.046765327453613,12.043036394934441
558,11.81758227652515,11.812829895151825,11.813249693916141,11.824204250986869,11.970590620064787,11.958248138427734,11.945525780739633
559,12.83632425660677,12.838363874526317,12.83965925551343,12.844856943358492,12.889229152098022,12.858063697814941,12.846451783632435
560,11.96486458282027,11.947053456569936,11.948953028978414,12.112054068587486,11.942755747452894,11.932039260864258,11.937147416279405
561,11.768446382292005,11.749463997737708,11.751076441951374,11.764185426781898,11.862434859824342,11.847990989685059,11.84363966479117
562,12.572478284178558,12.559372259187548,12.560899092954921,12.540902502055935,12.560969358297493,12.538578987121582,12.523769040041246
563,12.179854336057792,12.191405163320898,12.190031576365149,12.067738591456786,12.206419210427745,12.208015441894531,12.187454579585943
564,11.98165276263597,11.980993912618139,11.981666171369811,12.069803605641043,12.116220392403475,12.069822311401367,12.066694639465368
565,11.554658337656303,11.5502816935972,11.551240134692799,11.532181132112898,11.663629196190886,11.58477783203125,11.601550637612796
566,11.9333357387837,11.911796304019413,11.913745825174967,12.037618188583863,11.98934106333789,11.974077224731445,11.94965530480568
567,12.480793213049637,12.459383281320896,12.462473998951225,12.121102281740876,12.483909666934949,12.430232048034668,12.446116851827801
568,11.496195861936748,11.465621298069506,11.468902141900333,11.520439477581867,11.361039506177416,11.442150115966797,11.499898886549927
569,12.550394276317517,12.559005619293591,12.55824782889881,12.555328092362124,12.655553562567372,12.696830749511719,12.703908378802547
570,12.068262771536173,12.07694785662103,12.076505383569494,12.075000816076905,12.053127120243,11.988547325134277,11.968519234804791
571,12.71937699457454,12.721607421401218,12.722101127310365,12.736788235275455,12.75439397820806,12.763471603393555,12.752044182887694
572,11.912680745256994,11.910275300725989,11.9109231523525,11.914961357110531,11.944359822158649,11.94791030883789,11.920662892582326
573,12.041329225973964,12.02576830915723,12.027395148354415,11.995860680991287,12.125486482339925,12.107635498046875,12.102000848873567
574,12.543846330168595,12.534348832785229,12.535220565797895,12.584518615807326,12.590701412920394,12.559990882873535,12.548742813076267
575,12.840253542943254,12.852106601673519,12.852268208584592,12.846891562057102,12.868084043749745,12.875591278076172,12.92801575810124
576,12.075189133532435,12.079367131702188,12.078958577740732,12.09453689740318,12.050810530185007,12.099104881286621,12.073720463088387
577,12.394149965701635,12.407636147085887,12.407153057726154,12.130410292558468,12.451233273546556,12.430027961730957,12.403820141823429
578,11.845550367987533,11.849280398079246,11.84654046134277,11.830238447255972,11.959783068884507,11.92988109588623,11.893653210750642
579,12.534278999612626,12.538537676325523,12.538850363732212,12.521998101146087,12.533806795601034,12.557839393615723,12.524326980891935
580,12.136968304999385,12.131837690464687,12.132314716479156,12.138802540502596,12.086544682977353,12.167590141296387,12.156379908591212
581,11.742851199714115,11.747920981674188,11.747369836693455,11.758236180974684,11.764069336402661,11.740591049194336,11.73800617593189
582,12.396396122310506,12.39314540237405,12.393919100812283,12.2287509971259,12.355373081795221,12.361967086791992,12.32811366159869
583,12.47588263033778,12.483172025676982,12.482756553949253,12.487524190397561,12.568909850824298,12.618027687072754,12.594854750961314
584,12.074136329089297,12.086104751066076,12.08294322785043,12.079898074710785,12.092444064352993,12.060298919677734,12.051786027200679
585,12.074140760800953,12.075195681544628,12.075209228771838,12.123089165150077,12.10741050658254,12.103870391845703,12.10124585643694
586,12.55997755054232,12.554692685024921,12.55683631749372,12.607931890573457,12.571714544523607,12.573094367980957,12.561538422313514
587,12.51518999326336,12.504950986351812,12.505417060884819,12.451626460162323,12.55198580135711,12.560449600219727,12.570367224786285
588,11.67819235379815,11.668624780840897,11.669642050128228,11.675070616398902,11.81715613919005,11.765449523925781,11.78381232951836
589,11.920228951910818,11.945119550335608,11.9402952214684,11.849461787478546,11.97512999788413,11.957290649414062,11.938199723632875
590,11.820187269994491,11.811094192203678,11.811190405624265,11.769043517314923,11.87222584050755,11.908677101135254,11.875604430924378
591,12.186278741487838,12.161901503372206,12.1649791589397,12.112947752617437,12.185984029195977,12.097967147827148,12.053080675579258
592,12.66798288822654,12.660053950623888,12.66148361952101,12.663254226634717,12.632507238039688,12.585488319396973,12.638834025254786
593,12.49347329179139,12.489787977749112,12.489987845242418,12.48259491014636,12.482664070162818,12.477886199951172,12.462191790467946
594,12.054819555563157,12.051817135942557,12.05192857964398,12.040033243697001,12.100271486054524,12.097792625427246,12.070162843324828
595,11.532395532996162,11.531341811778857,11.530065787900297,11.689446010923188,11.625345519318813,11.612571716308594,11.632018580272357
596,12.050577111759576,12.068804630107483,12.067926078558138,11.998060577626468,12.13534179653711,12.048501014709473,11.99820023834507
597,11.93232285401058,11.954899884004718,11.952336580744568,11.905596162800514,11.789394945508098,11.936117172241211,11.920973347765843
598,12.056118245077444,12.062638007828674,12.060899164255884,12.11320745640798,12.0627198032974,12.03702163696289,12.028992634881279
599,11.994065947120315,11.992767057038249,11.991545350289506,12.018491247884224,12.049109900399307,12.122625350952148,12.034976651445957
600,11.861848418783547,11.856028633195537,11.857262685365878,12.117345033515532,11.911180121778505,11.87790298461914,11.872921231119966
601,11.917727800915696,11.92480765323082,11.92413948033957,11.878654124030943,11.938096679022472,11.938970565795898,11.940386932547801
602,12.240065859607107,12.258907303956288,12.257842661425117,12.273340748674265,12.252266948284039,12.285784721374512,12.244544670462712
603,12.474562529250141,12.479036384367813,12.479050450403816,12.45577448499838,12.491069985185494,12.485013008117676,12.504721657455018
604,12.161802967320853,12.15851843328328,12.15846847170248,12.18570175579143,12.181003777336402,12.185515403747559,12.152163469930436
605,11.859597319365736,11.853035701969667,11.852795437662959,11.86989330701239,11.969581001796637,11.93140697479248,11.931830980762946
606,12.560703349080583,12.559972811376142,12.559497701971416,12.582555411324057,12.51774320633221,12.538056373596191,12.61776143319107
607,12.343564196462731,12.343264150733718,12.342925561310102,12.360707768769453,12.191093373046328,12.280084609985352,12.283998389033892
608,12.73186528208725,12.728175974424573,12.728532208401354,12.709340614227418,12.646164578245244,12.695917129516602,12.63043256602919
609,12.154092672476956,12.157996710629101,12.158085745097388,12.106149835271808,12.093377714575462,12.134684562683105,12.177373456774752
610,12.32028102866104,12.319986183260047,12.320443056445827,12.343030538913329,12.387527438383723,12.338586807250977,12.33969562764402
611,12.311546360042398,12.312544482192829,12.312441133794398,12.287000333879634,12.33584073600479,12.328570365905762,12.35430008758856
612,12.281488824555229,12.295689895575716,12.2940813449701,12.097424963047148,12.198150917150118,12.198432922363281,12.161030245231869
613,12.21111297532434,12.223315984447801,12.223168094000128,12.159290960875861,12.17381264795504,12.208650588989258,12.211763442545964
614,12.564670947474962,12.565828940002104,12.566310806871394,12.557450058083223,12.546498390857911,12.5835542678833,12.541381121435178
615,12.204064809736721,12.180220131826703,12.182760487903328,12.19361607607608,12.31089182517263,12.364822387695312,12.374112399547636
616,11.941114062165795,11.94353712217087,11.943659449317803,12.144548276491642,11.89992111011277,11.916755676269531,11.945563381983025
617,12.6781358350803,12.676735406353792,12.677276093470287,12.323425274475444,12.739115318869155,12.771146774291992,12.74322914367319
618,12.056255956915429,12.061595368230853,12.060998457169708,12.102733908419571,12.04134888340511,12.079315185546875,12.087070678909695
619,12.334305853030525,12.331809593366838,12.331867621666145,12.30802612846998,12.36031642367095,12.3558931350708,12.304236435533701
620,12.832888456312842,12.835484635596714,12.83727867097695,12.635147736345917,12.901897224140933,12.817607879638672,12.784533334244992
621,11.954026453469968,11.948669252869587,11.948621886116197,12.284789120538658,11.982175228569814,11.961400985717773,11.982138686881253
622,12.12366137945865,12.122626632426106,12.122938147569018,12.129025924781107,12.059124233064546,12.088353157043457,12.109715090948567
623,11.882883224953154,11.896138985903715,11.894674007200607,11.916599593475627,11.86444024590156,11.895467758178711,11.900709045437651
624,11.818895951212015,11.824127531382699,11.822733901182389,11.778073930575568,11.83866142020324,11.838883399963379,11.807966183666542
625,12.51430158927871,12.507824133060211,12.507744094517458,12.50138526287984,12.497811435926947,12.513547897338867,12.480200658248624
626,12.044426137484905,12.044448201573978,12.044098619304618,12.056985737764407,11.992602675453607,12.115946769714355,12.13580137223874
627,12.240027066408986,12.242293432657513,12.242010828555342,12.1131219177166,12.299966750725355,12.248724937438965,12.280049345558332
628,12.045161221778969,12.067411060074647,12.067340947133497,11.98867935422889,12.00811729885298,12.020110130310059,12.060525636712159
629,12.764245627501726,12.771868527673185,12.770833445185573,12.754666065245601,12.783246993436334,12.813565254211426,12.815336831612962
630,12.308690494107811,12.316458901421253,12.315609806070022,12.336409749005025,12.299242442875228,12.275604248046875,12.25598054342423
631,12.200702345349653,12.205043281915664,12.204971601981015,12.201163725930325,12.241400650957088,12.200529098510742,12.210515932239922
632,12.23127076154408,12.23350199852429,12.233248106939149,12.237129886148171,12.304620964179877,12.309730529785156,12.322223650593203
633,11.961626174765648,11.973628558201357,11.973236718325085,11.976251340793208,11.934001718050956,11.927895545959473,11.863323150131285
634,12.381705064165633,12.38962559269529,12.390193165807545,12.399926136596324,12.40737525947047,12.369384765625,12.354484328785384
635,12.384656905891108,12.37956879804444,12.38035480104114,12.336072387494966,12.349575533827577,12.39736557006836,12.346661751651364
636,12.22649056790697,12.230058700497995,12.231055372205763,12.044243798782585,12.124955180547673,12.164626121520996,12.199063437676935
637,12.751388287480633,12.748348919635324,12.748601207329342,12.797299581130515,12.859073022641232,12.834511756896973,12.791099464904434
638,12.317486629774171,12.314373819789479,12.31660488557179,12.34662100737317,12.391991243760486,12.381224632263184,12.374350202240233
639,11.88237225074577,11.912320584777454,11.91087716114084,11.68765622640355,11.880204199334099,11.885518074035645,11.910573689747087
640,12.369130108392193,12.366245263055575,12.36669780951572,12.385123122601128,12.341950432366783,12.33218002319336,12.356438724482482
641,11.879474350657503,11.858951025828244,11.860394042211972,11.966896094408614,11.943170551927578,11.891607284545898,11.873697403226211
642,11.968670773953871,11.965942919567812,11.965501410765876,11.947712351772344,12.065295854037084,12.05935001373291,12.061859582311927
643,12.456904836655891,12.462231607063313,12.460823379543719,12.427987648824761,12.468147971431646,12.499414443969727,12.488442101645722
644,11.938685435020885,11.94355982341647,11.942722732854367,12.055927530972115,11.956820436068357,12.01036262512207,11.993861868346274
645,12.40817524760319,12.409178533739258,12.411491342069553,12.430097274341565,12.261962712295244,12.265209197998047,12.318073516733685
646,12.313687646400444,12.310046531684714,12.31029120474416,12.29786647485422,12.29372527320264,12.308259010314941,12.311492741214655
647,11.741869420162057,11.728838149541145,11.73012679142329,12.103430096409156,11.740842351627487,11.722249984741211,11.698524833090838
648,12.322594297893975,12.321029464889437,12.32053229174517,12.1769119050268,12.365770136994183,12.337672233581543,12.384321509528618
649,11.965846343718775,11.966519779301208,11.96568963200383,12.070090006899639,11.999508902090268,11.956108093261719,11.92812417289087
650,11.66848000315802,11.664671354219104,11.664641572968577,11.765373761747913,11.671451609809674,11.674162864685059,11.707105461247075
651,12.312856041765329,12.321374926882454,12.322122104798455,12.244455122997723,12.391178626151445,12.337920188903809,12.350635678367974
652,12.76027915764251,12.746141799046269,12.747600641703555,12.801628499739834,12.802401662841183,12.819146156311035,12.785844774711787
653,11.9180053909904,11.910084596032478,11.90998473006156,12.139184202672123,11.88187518669194,11.955869674682617,11.923939578294512
654,12.43549984040989,12.424913870335647,12.4236225482493,12.348152416233841,12.426958315405209,12.394140243530273,12.440648711930342
655,12.242726817027208,12.23173273040766,12.233525167046983,12.199217250563777,12.232609687053957,12.23104190826416,12.239000272089209
656,12.35676649476384,12.372331073683453,12.372092746128583,12.139854953988053,12.292641157374259,12.268774032592773,12.300237624497147
657,11.979092268975819,11.990449351138293,11.986636905065165,12.035355083441974,12.11327925373902,12.035442352294922,12.043510499075694
658,12.207874798613538,12.20823034064536,12.207014801968224,12.28862213849837,12.326519154205547,12.298453330993652,12.345457163750263
659,12.280503265216469,12.276256836352541,12.27645548295986,12.297169103581473,12.360014429768755,12.316779136657715,12.36787150180485
660,12.917427219507466,12.90986040244468,12.911119173433006,12.89675726194832,12.848164310001476,12.823594093322754,12.824630568540082
661,12.026977564575743,12.017715617900697,12.017548465608021,11.983347358318234,12.058860974883098,12.033544540405273,12.026936722679784
662,12.181930462748587,12.176925637141926,12.177093771130806,12.2198680866969,12.226600325254145,12.228466987609863,12.225426048481502
663,12.307974569255743,12.2890832285154,12.29121406806844,12.273443374967886,12.257582183736892,12.238130569458008,12.210508475753256
664,12.301932526315422,12.307381613368541,12.307386836863392,12.279554495433857,12.243651022243357,12.244806289672852,12.2367127554449
665,12.336642790863005,12.33446348028902,12.334121898667743,12.296903396518749,12.34691964642283,12.282500267028809,12.31281197567684
666,12.488406411412653,12.49786327955766,12.496933037432619,12.48122571269985,12.44092596177808,12.462337493896484,12.464898983462524
667,11.872909749762712,11.877941273581904,11.878091731833146,11.91257189666487,11.966101438578516,11.930232048034668,11.925193850499928
668,12.509628566744919,12.503030668132762,12.503226193793498,12.81685854855434,12.414548543464138,12.468321800231934,12.488561606534534
669,12.02712083704133,12.025791875314493,12.025326665335655,12.047244871810474,12.075473830894165,12.084853172302246,12.079378282534835
670,12.404344489447507,12.401498620982782,12.402362249273459,12.382532620638589,12.362852112765108,12.385004997253418,12.378793756190026
671,11.637467014952986,11.658483229066084,11.65290876173724,11.674932298471226,11.70817098222868,11.708601951599121,11.697435321001556
672,12.006882650304778,12.004567556292638,12.003637600184524,12.227989119319624,12.06634353975937,12.107757568359375,12.044682177148001
673,11.806248813992026,11.794954974476076,11.795459946864717,11.783519337792892,11.710310194545439,11.63968276977539,11.654122710039847
674,12.044176791082318,12.03472749562508,12.033868616867538,12.0873469606385,12.142443020552516,12.147439956665039,12.153365102972648
675,11.996109887978848,12.02326123488654,12.02055286924753,12.050429724876048,11.969965281364527,12.08726978302002,12.042604082574472
676,12.574851822075154,12.565319380593689,12.565838139305985,12.556475260316077,12.572638743332707,12.538655281066895,12.574601505599196
677,12.826401234595469,12.831038658064415,12.829002789413595,12.823723244216332,12.926568701206827,12.963829040527344,12.930270633165964
678,12.583105990855337,12.585398861111665,12.583573142810794,12.123384401636427,12.454724274989678,12.37837028503418,12.384041836471193
679,12.002897440473868,11.999273815050252,11.998257202628405,12.018719213020166,11.944658037443077,12.002891540527344,11.965731761564468
680,12.439248276142848,12.44206381750666,12.442729608979205,12.42038643540536,12.401610656745365,12.481456756591797,12.432594865891991
681,12.828697242003651,12.827286550266837,12.827641494703789,12.834408074272657,12.830050885285821,12.851170539855957,12.85285219780757
682,12.486684407802711,12.492876092952649,12.492544981855893,12.347405760855821,12.504645543630364,12.496466636657715,12.515846386931793
683,11.978976724180498,11.96943477270307,11.968935064223887,11.82596034633917,11.968504019472771,11.998992919921875,11.970479657119636
684,12.285258016176957,12.285318464526027,12.285139685368232,12.260408212834276,12.253832045456736,12.278197288513184,12.281735649531102
685,12.58066753247578,12.590884742081343,12.591272247841431,12.348817329221985,12.551009004352087,12.47993278503418,12.501433671313396
686,11.939283853614958,11.943132691857903,11.942056718754758,11.928234196726276,11.943551108872644,11.939678192138672,11.922191742816178
687,12.414400572600162,12.41233254124503,12.412900328053519,12.401654296745113,12.346718083639916,12.38166618347168,12.33831410018787
688,11.817072932094938,11.817203058065077,11.817541089159997,11.844675573275788,11.764259102100933,11.769754409790039,11.745493535923348
689,12.599986751657315,12.62013692839562,12.61849517323092,12.62125917760599,12.607028023331855,12.579126358032227,12.621730410442597
690,12.593535313868957,12.591657918784193,12.59212802417378,12.603267317961052,12.621970950515202,12.594032287597656,12.585949476135866
691,12.081665713989045,12.085285052984608,12.085328516747598,12.09598742026552,12.030757296860054,12.124717712402344,12.117827183407414
692,12.338232728823215,12.341608657268532,12.34068394169418,12.302705073165912,12.271717223707713,12.340350151062012,12.370856994443237
693,12.426230761697143,12.42217740315465,12.422966250218195,12.428006950999906,12.454201660044756,12.429351806640625,12.427114466919093
694,11.873288939230425,11.87930934366208,11.879761441979314,11.840516283776326,11.91093258136731,11.88592529296875,11.893884922913301
695,12.622127790085859,12.6120843575777,12.61335440636988,12.59738672628335,12.666785046008542,12.677316665649414,12.664864502587001
696,12.03432392948588,12.034620353669965,12.034773887782025,12.04617345385916,12.04409123075716,12.01380443572998,12.013739091308638
697,12.507665147585971,12.517190523994147,12.516310194569359,12.493116194205209,12.479479016922781,12.4511079788208,12.463523729077863
698,12.831687075443247,12.825248075546314,12.824840199358365,12.791820347949859,12.92945637727751,12.93027400970459,12.914696111396673
699,11.99021952564325,11.986879477106253,11.986672155362164,11.874004794199749,12.017891021155538,12.020157814025879,12.047626967699463
700,12.564259160694531,12.560356875274177,12.56109523245616,12.569210003897586,12.462433185954167,12.486538887023926,12.455930859157668
701,11.895425831768694,11.88803458872755,11.887944130272675,11.865585702734975,11.903427370444563,11.921443939208984,11.935979584329267
702,12.112948968547977,12.109972957771614,12.109714616042044,12.1147916621228,12.091230148319687,12.083754539489746,12.094510205566333
703,12.290032130655344,12.289047837766187,12.288896362207167,12.231170094939582,12.269374986709362,12.29096508026123,12.284885416094031
704,12.483636880976235,12.477265922991734,12.477189454640557,12.50322380808661,12.405264610736644,12.49238395690918,12.432568591816095
705,12.180389870526872,12.182213106923898,12.181927790222272,12.193200749417976,12.187583626791952,12.179254531860352,12.159091958229462
706,12.1814861922488,12.180281501863034,12.180728151567033,12.139395707355403,12.228628653523828,12.190749168395996,12.186233088791132
707,12.07590054269131,12.080488414690585,12.080101562315084,12.059198232893184,12.030467785668874,12.052240371704102,12.035368857176083
708,12.718031769761192,12.726021332418584,12.726060836620327,12.74053439473975,12.786323527497908,12.799507141113281,12.817541571565672
709,12.167643560485878,12.1672844508602,12.168386302382926,12.148153789878172,12.201897858862093,12.139023780822754,12.148565365747906
710,11.936064723569658,11.92964709879787,11.929445635640707,11.833910066269556,11.891228397531995,11.88665771484375,11.96185675932347
711,12.276261705340218,12.271961536126955,12.273210232731168,12.233169113789305,12.221867154642885,12.123072624206543,12.14490067698213
712,12.551796433878248,12.545713715413287,12.545879790049721,12.545801697376014,12.532289150304845,12.497640609741211,12.491938380881978
713,12.423048380072474,12.40671191118242,12.408004099360308,12.41112007847276,12.414729474440627,12.361629486083984,12.346304621590582
714,11.835566336447684,11.852930987899011,11.849561721918112,12.23738577970301,11.954319772732942,11.945307731628418,11.930505140997798
715,12.162527802774946,12.174933554362712,12.173473669297238,12.131362250928515,12.16726388193478,12.1268310546875,12.15236386366638
716,12.032752469305779,12.026235666560098,12.02616403549312,12.000019100701884,12.082186770994214,12.084491729736328,12.077023780813853
717,12.299175656177228,12.310229446961399,12.307904038999192,12.325704952039091,12.258910223927282,12.314931869506836,12.303718254959252
718,12.02717421448556,12.049623522541175,12.04751125315409,12.000218960894447,12.002586545461178,12.08903980255127,12.111663369201578
719,12.64400680708226,12.641804843663495,12.641628538092887,12.67261642648187,12.632560879467276,12.712284088134766,12.722284931850826
720,12.335965177743486,12.338033262264357,12.338174583228906,12.312967812941121,12.296767765329227,12.320085525512695,12.32636228037168
721,11.786182425214387,11.785824011128078,11.786229216233973,11.808771321266159,11.791046813749668,11.819401741027832,11.804642905308345
722,11.950696964914442,11.951297263294776,11.95118155362697,11.985398051985555,12.038490916260981,12.016414642333984,12.039377088978043
723,12.411397165457792,12.418789464333443,12.419048016802337,12.37235947985347,12.356146076458657,12.3607177734375,12.373124278477984
724,11.99156609559815,12.01364357393119,12.010312782194728,11.99893841112,12.07027677517077,12.032285690307617,12.044724630380674
725,11.911715835453586,11.921082114876109,11.920504575200287,11.938940979576849,12.009961329308279,12.024688720703125,12.021375949095043
726,12.071539516150759,12.080883502710519,12.079980168299016,12.08626775387499,12.082213730172393,12.100844383239746,12.138973370789788
727,11.969917271617115,11.968652111933233,11.968204372990952,12.004292399946479,12.02781341456266,12.033674240112305,12.033927511881103
728,11.903966466695604,11.898281430780392,11.898700141679866,11.837380369149093,11.879104104761565,11.889817237854004,11.867086718751084
729,12.729657778999197,12.72845462596155,12.728769296882838,12.71026315399623,12.806244947682817,12.794614791870117,12.76485463204956
730,11.928698204757387,11.93419668118673,11.934096563014664,11.96689818178843,11.98794838814473,11.995454788208008,11.979754578572015
731,12.3970115765845,12.39528617283305,12.395469191556872,12.41638176007588,12.38439908087327,12.345955848693848,12.33880776636373
732,11.65127525847828,11.641821511,11.644491258674305,11.652753650379463,11.631995687350294,11.57946491241455,11.601182627372065
733,12.351628587653234,12.356423351336538,12.356178976427566,12.33677397881977,12.355323061410388,12.394743919372559,12.387983755069321
734,12.389458458354326,12.389290477110102,12.38938817664047,12.476951651677158,12.352293274809234,12.334871292114258,12.325081508524887
735,12.039756624817374,12.048652125172376,12.047692916136855,12.036324793198276,12.000323284467687,12.018035888671875,12.018734582511085
736,12.04969577289922,12.055629574563143,12.054045459762083,12.107810653349217,12.042765773672116,12.073747634887695,12.077280267963692
737,11.575419262984965,11.589828554011357,11.587383369981188,11.656750021159272,11.524339932173847,11.61061954498291,11.607661255528349
738,12.68823324234563,12.680162484361786,12.680595219573457,12.715152734668392,12.679230058633065,12.693506240844727,12.701683422820157
739,12.290744714599036,12.29316308173599,12.292832839546591,12.282909346293966,12.268782216753197,12.27971363067627,12.225594226237808
740,12.034504925652719,12.041016583879964,12.041119760199695,11.996898324302487,12.093284649211906,12.07498550415039,12.06405163442826
741,12.481203626870695,12.481553341851694,12.481338048296731,12.502954185667148,12.415286289472474,12.41833782196045,12.444721225636007
742,12.54376669677292,12.543456901415777,12.543279685839991,12.365330918891674,12.559956926421409,12.487283706665039,12.497924115100902
743,12.06368443026063,12.068903997704593,12.066784551177816,12.08897723538091,12.20154148400847,12.255194664001465,12.224718763121396
744,12.235648950683874,12.2427938174389,12.242546699697222,12.238353021533728,12.193331287698769,12.194801330566406,12.2364960947172
745,12.529903833613083,12.525876828371652,12.52632164049666,12.543802364108881,12.525259344697165,12.494795799255371,12.477535111999194
746,12.856794008246498,12.845654625336909,12.848135417116858,12.845927978549934,12.86055621293563,12.891827583312988,12.873743705885916
747,12.031378592772777,12.034429455303894,12.034697293090925,12.000988103001367,12.047973292518865,12.053048133850098,12.053445160816164
748,12.273476539834338,12.270342209396663,12.27079955316031,12.26207930176847,12.267600242578444,12.281105995178223,12.266803786328088
749,12.216026864835051,12.217270922692704,12.216775307500415,12.208752412426396,12.21060199586996,12.203750610351562,12.179957050428595
750,11.872591546102411,11.873321777748691,11.873651280952032,12.03794774713416,11.919236020878795,11.890087127685547,11.903604412166892
751,12.17261460812672,12.1952895235923,12.193445388168955,12.045548271719184,12.186122199112056,12.144196510314941,12.277892589536386
752,12.008869879632892,12.016478542438287,12.016375812244899,12.007884561251597,11.962992268447804,11.981727600097656,12.015294169326209
753,12.206387992376744,12.204692107172663,12.204490560749608,12.21124433189555,12.25765288111439,12.282822608947754,12.300973450870972
754,12.064868407290161,12.066155909376281,12.067051697690772,12.114701834391408,12.018000429783223,12.05704402923584,12.080664887813402
755,12.149244148461452,12.146208879802455,12.148270532295866,12.177592217326529,12.085396490762193,12.096193313598633,12.100845674378098
756,11.857747007732087,11.877421328670772,11.875424552245844,11.902540875317861,11.94347789701991,11.915715217590332,11.9354315721813
757,12.44554457674865,12.447612044302888,12.447357257591285,12.446192711586246,12.542315300981382,12.487390518188477,12.496100052617875
758,12.359041422075224,12.359075643203544,12.359519331972937,12.36780615411978,12.34892178962734,12.326924324035645,12.32914235931164
759,12.333199342560434,12.327818815060187,12.327790501121967,12.310740661068223,12.299695976644829,12.298003196716309,12.28633297257024
760,12.317140294931555,12.313872617516463,12.314308083278943,12.3022252310269,12.272804684794618,12.310860633850098,12.303513058980238
761,12.268906940475125,12.277702560332777,12.27716303857091,12.254940398986744,12.244369746618949,12.267485618591309,12.29676941000838
762,12.288404886055288,12.279111021200967,12.280430578101754,12.285971122643165,12.292980337876074,12.283167839050293,12.315676249541644
763,12.321687757600154,12.319224695297054,12.319293235160611,12.323780893118965,12.313802472631249,12.339362144470215,12.33517975549654
764,11.832523432942157,11.849903306816845,11.849305364762252,11.811163565475102,11.900629640611726,11.877422332763672,11.876270219996414
765,12.37989153774447,12.393302908060221,12.391552361996993,12.437105343615489,12.363258871461582,12.3690824508667,12.330854486659499
766,11.64712915725009,11.670277578159313,11.669278620014985,11.638899608562063,11.678571073310021,11.624140739440918,11.526329994440278
767,12.093411574074732,12.086556874244637,12.086861343069113,12.104451842999579,12.065476459718116,12.055258750915527,12.065422859299561
768,12.526865998490832,12.522096125833393,12.521684200751785,12.53970117063219,12.550429771857685,12.518716812133789,12.545534563291495
769,11.996035030878634,12.006104322728827,12.004427167530773,11.99529247819246,12.014470055092474,11.987613677978516,12.035086519573431
770,11.962777012329838,11.962762251306716,11.962631329242521,11.993454055162884,12.037643514185545,12.04428768157959,12.042114697400072
771,11.807668122567707,11.793912813404688,11.796356665995571,11.790009030132612,11.766211543055055,11.747946739196777,11.7365762265024
772,12.632265322946147,12.622106967940674,12.622961692325783,12.633315909197584,12.545136660314176,12.555109977722168,12.589262586553195
773,11.977134734880423,11.971498609570842,11.970518475326172,12.075021545953774,11.983475657408356,11.997142791748047,11.98581254855377
774,11.999010719131933,12.005329091193984,12.00392387358971,12.03878707378917,12.010301505128293,12.011702537536621,11.965974312385837
775,12.246631487828058,12.2183128265006,12.222519962773529,12.134146700228424,12.240501482834224,12.210253715515137,12.228939414093952
776,12.139352805773681,12.153393304944727,12.152680740857763,12.174183118304102,12.143337529549182,12.161971092224121,12.155738815069347
777,11.980100699184328,11.982095168450071,11.98219055198378,11.953198264903016,11.882984879807202,11.900788307189941,11.893871029769862
778,11.671093598201104,11.662566833594177,11.661238907426604,11.692444237212866,11.744776229670027,11.691118240356445,11.63385998666707
779,12.752126645503772,12.750310845375553,12.750482094470803,12.774519167296479,12.80060378266772,12.826685905456543,12.773799467167981
780,12.164866315335527,12.169857380944512,12.170123087038974,12.201286125150201,12.2587300168197,12.213085174560547,12.213528718591528
781,12.559965571035448,12.556515275687063,12.557281385043668,12.572370170262861,12.522809832428678,12.546875,12.498305696134205
782,11.930823324744065,11.94163154874352,11.94097958881894,11.959117709819246,12.012288367375927,11.98660659790039,12.001514847201655
783,12.208360740178373,12.203136214858429,12.205187466445286,12.062657934357883,12.186214897140436,12.227750778198242,12.208351534930797
784,12.019812189553797,12.037783993254648,12.031634977350459,12.0650437494795,12.033999127964908,12.042299270629883,12.094382316969536
785,11.88508080600747,11.877184787426623,11.876441996358428,12.219424733686287,11.871857826924693,11.926828384399414,11.908710612344363
786,11.450410800408715,11.442325930542875,11.442554910386523,11.441178425781452,11.495732536296693,11.464064598083496,11.492894550813926
787,12.283891415287249,12.283225838104489,12.282993903732011,12.240708922959678,12.221725311116469,12.246094703674316,12.237281114172694
788,11.909207840658736,11.92324230405697,11.923187140963691,11.9142872925621,12.025488959288264,12.016500473022461,11.993106678985031
789,11.786334114389062,11.787991793377506,11.787672120431026,11.770816352019905,11.82203140188467,11.7732515335083,11.745403888114248
790,11.951739105303606,11.952698855213104,11.95109630317819,11.9668573773656,11.904121369919626,11.889970779418945,11.90292168298898
791,12.017927576160206,12.031568617576873,12.029202558600307,12.037043150840862,12.069554216917766,12.056740760803223,12.057014116455052
792,12.150494308241957,12.15394613062968,12.153748601777995,12.135518542630834,12.078696558641816,12.100918769836426,12.093484586889318
793,11.833658013497175,11.837363385102343,11.83717615376323,11.89110904560514,11.715037170631506,11.687734603881836,11.64523192901311
794,11.802880121675756,11.811107291213021,11.810654986067522,11.84150257835153,11.811170573886061,11.752888679504395,11.754313193596706
795,11.839377912415172,11.833819403973838,11.834625514849478,11.891602645668442,11.953597355615978,11.92851734161377,11.884459660419362
796,12.139041172263681,12.13654058480891,12.135952233457397,12.13714321497811,12.271125512996235,12.259549140930176,12.227976229400156
797,12.205888445072196,12.183617917121,12.186552904079084,12.249818705058685,12.271517269995057,12.236356735229492,12.269802932118933
798,12.900178781630476,12.890612869097906,12.891774970056778,12.84448731757878,12.871918667275105,12.94190502166748,12.964252303153614
799,12.704319684554427,12.717690652350754,12.716989712217819,12.693923203531124,12.662663509227295,12.684866905212402,12.658518235360976
800,12.664400767587026,12.663782171087691,12.663763049750122,12.652713797285038,12.694099583703197,12.72418212890625,12.761652955160644
801,11.884087014471415,11.914918429670953,11.909997267614424,12.059316431373782,11.990518295903161,11.86968994140625,11.885906671460514
802,12.399716245677972,12.371590211260115,12.373579648171132,12.373630143677042,12.291173681019972,12.303452491760254,12.271604342329097
803,12.241003158319923,12.239763787353734,12.239830479673268,12.231852526751275,12.231894574143432,12.26229476928711,12.253210523807121
804,12.575306470843007,12.58502023986617,12.584978323508311,12.536009302669054,12.5047347197458,12.48373794555664,12.500877752303191
805,11.77155060450221,11.774453538250746,11.77458637456411,11.795544076580347,11.76385791188291,11.731708526611328,11.745430159631942
806,12.033110474159015,12.031265835306124,12.030582435590233,12.070100904661572,12.123739009550743,12.068328857421875,12.075043783961954
807,12.527371238236974,12.531616410289413,12.53140020286592,12.554800928985346,12.565988843126673,12.569538116455078,12.569045118415648
808,11.884472927318809,11.897939235517825,11.897079794770987,11.927395713565833,11.87006568051184,11.850584983825684,11.877659321472082
809,12.007725748559093,12.02332934500777,12.020336992189195,12.002990834242166,12.034257738616134,12.020275115966797,12.012607873883551
810,11.932857726201666,11.92761924682229,11.926777352074714,11.976325495384131,12.042773540928994,12.009048461914062,12.01040492022664
811,11.977295817366992,11.981167104441106,11.980732072305504,11.977782166618667,12.02846371779374,12.030056953430176,12.019878136127527
812,12.457224146425947,12.454531760339757,12.455105840399233,12.431167226163454,12.41486587640096,12.452884674072266,12.425855234292335
813,11.873330930533935,11.881766964413181,11.880906767542648,11.882704196267625,11.897298506147623,11.869626998901367,11.868220771491263
814,12.176950011800288,12.182023576185,12.181599984204889,12.189955548875202,12.248680902675254,12.221881866455078,12.183074641393628
815,11.86648542996497,11.865113802114385,11.864317797190633,11.842934796987397,11.939729252248721,11.93293285369873,11.885735971030602
816,12.112127002490167,12.115621830723118,12.116207356876895,12.105754287232026,12.006837538642948,12.087119102478027,12.091920299280961
817,12.312464333607805,12.305422196902748,12.306392508183222,12.263224811390016,12.290512516639573,12.261237144470215,12.279639721550177
818,12.478823611122744,12.47515017298927,12.476896118426549,12.466177352822976,12.394937694748036,12.419817924499512,12.442304431136476
819,11.970936817557686,11.970974917017118,11.971381345341879,11.953019080801356,12.025420425151408,12.01372241973877,11.969650011990165
820,12.10672009544081,12.119923381291837,12.119729947028453,12.106459439723215,12.15712565639862,12.17778205871582,12.166909710461049
821,12.00586892041462,11.991865652711361,11.993983997921196,12.13484003042893,12.041703149642766,11.99530029296875,11.99350029805764
822,12.276638933501914,12.260720941667726,12.26083253088384,12.272582266793808,12.263108654109189,12.263126373291016,12.275223156638729
823,12.0650548568319,12.060607100920912,12.062521262371016,12.070741038494708,12.103442107127453,12.111096382141113,12.114122663176982
824,12.389195187851568,12.391182598994153,12.391268839360066,12.402629858130506,12.306447269632612,12.344419479370117,12.366872730742632
825,11.80619899617484,11.81931522083937,11.818099472216078,11.790532074020287,11.932828911671182,11.914666175842285,11.954480707708015
826,11.476565880174535,11.485788935830598,11.485070909900228,11.539616429058473,11.581113212203038,11.59107780456543,11.586511846382814
827,12.54486671306752,12.543112406098976,12.543744807099698,12.526124965099317,12.55283108160486,12.549595832824707,12.532398813688669
828,11.801641926567727,11.777866290757789,11.780581431238385,11.72293267332658,11.632021049459437,11.575400352478027,11.555349663772027
829,12.10675891902693,12.089727808063587,12.09046429692526,12.148876101810007,12.096888202439494,12.099123001098633,12.096614771406404
830,11.987480053835668,11.990581867639353,11.990503828271782,12.022103753555786,12.003227317500572,12.01444149017334,11.980633506579442
831,12.56473244632976,12.57488175361519,12.573514604399842,12.525499210114027,12.562475726441496,12.623982429504395,12.64219554899926
832,11.933488433433697,11.961853843154106,11.958992524670453,12.192233773389878,11.880803974264726,11.880863189697266,11.875359931220395
833,11.600986146739848,11.610935405615573,11.609341151002669,11.761175394360802,11.679466214666123,11.624608993530273,11.611421855686885
834,11.930771730136215,11.936539894353894,11.93614357856625,11.957656833014248,11.89014583530034,11.92293930053711,11.941817142991294
835,12.10461734990915,12.115915321084444,12.114450143030858,12.089438550426772,12.201532784621136,12.155609130859375,12.197297856377231
836,12.268212533125032,12.25957862565864,12.260068279454007,12.221895852404122,12.238005370005535,12.242831230163574,12.246496489463645
837,12.392898839272187,12.390375867604064,12.390879068779533,12.401542628080618,12.451246859810984,12.409701347351074,12.41726330214625
838,12.30242486199533,12.30537901496078,12.304746022032496,12.3149508068142,12.27868339702926,12.26331901550293,12.245173568106932
839,12.01035357678312,12.027866238402227,12.023211960406456,12.110406127948227,12.060456732121823,12.123875617980957,12.17136551435844
840,11.720988526516651,11.729867890554186,11.728573731204456,11.918919064628156,11.74519813256065,11.709188461303711,11.713912391497766
841,12.055027328850379,12.050480030505867,12.049785800612657,12.041241973769527,12.049423500374782,12.035842895507812,12.04505559001318
842,11.698725902057765,11.674947688645794,11.676694909029663,11.65465406026613,11.55952716083957,11.530068397521973,11.548880453983449
843,12.111939450682657,12.127305427960437,12.125642533737864,12.132624268297846,12.099575398942807,12.13525104522705,12.168894994428337
844,11.92929780683207,11.942408328094718,11.94091246263434,11.950472205461125,11.958254642730035,11.985421180725098,11.934236121139742
845,12.040464523543367,12.046352349575082,12.045678738589212,12.011243335619909,11.970330184400844,12.020416259765625,12.002043149043626
846,13.033942146548197,13.025491134370665,13.027345213072712,13.10093666147992,13.110714064841803,13.08707332611084,13.090263571388668
847,12.337338946609984,12.342050558543075,12.3404396259564,12.405907749308971,12.479144239702,12.446735382080078,12.438827115266626
848,12.442719576218181,12.441689376404304,12.442096256376757,12.1100292067192,12.396175283025112,12.429679870605469,12.394403838799871
849,11.889009440437722,11.909657885061458,11.906509841074682,11.851121744921105,11.898352040763081,11.928258895874023,11.920067860148029
850,11.916643190341073,11.918493382814992,11.919669828921341,11.898357347126169,11.813015128941757,11.783998489379883,11.765518651060862
851,12.11610677459939,12.114173378835922,12.112345014677594,12.05534771582672,12.123237945367094,12.163402557373047,12.193498078208851
852,12.1400318698766,12.132459645145815,12.134291194219356,12.118234532733014,12.060419796512349,12.075872421264648,12.114903025973229
853,12.472786032530069,12.492545098560164,12.490855429440831,12.489217078074475,12.500219609499766,12.438658714294434,12.461373640163382
854,11.426193948156307,11.419452084254004,11.420087840289794,11.630007662129502,11.336361804410668,11.386970520019531,11.433510071422818
855,12.059809271091261,12.060072171781128,12.060116624595926,12.0495141043301,12.023623379190102,12.039021492004395,12.032813115154827
856,12.11169237851188,12.122209321125272,12.122080888080077,12.066699537938765,11.962697848884241,12.069428443908691,12.053800443880947
857,11.955186760347408,11.959024592185077,11.959458019853258,11.982456749710746,11.934993666140915,11.955105781555176,11.95258346361748
858,12.318140515908008,12.305767610037098,12.309924454561234,12.296594897204983,12.256723897683855,12.241872787475586,12.244141925116775
859,12.814413071229852,12.79499081203636,12.800988481389016,12.352716073808839,12.884653054243037,12.748350143432617,12.7390927029921
860,12.453134906712819,12.456163869505609,12.455255642392004,12.42706277649344,12.483243189620097,12.487034797668457,12.462277190142304
861,12.511070260421068,12.509108146652945,12.508994577170265,12.118921435471997,12.36228435839282,12.278482437133789,12.34262895087379
862,12.598849245419924,12.595302494148516,12.595869098614065,12.581267080931134,12.60940028237166,12.518183708190918,12.592095265669274
863,11.725736025223021,11.734260276902615,11.731632357502402,11.744858550122597,11.666647050753337,11.684062957763672,11.641083789333788
864,12.72280821591296,12.735919170293757,12.735970103260286,12.637068969905489,12.617850469322935,12.606405258178711,12.63323316757913
865,12.283223120994135,12.26564342081963,12.270340351397703,12.11047091752195,12.243304302800263,12.226327896118164,12.238388767649864
866,11.722200049733148,11.727044150386106,11.724840271867638,11.873268893206468,11.813851227195752,11.79687786102295,11.774931002455826
867,12.312000310224622,12.317766668439702,12.317565038040609,12.30694452497529,12.292509932026448,12.345647811889648,12.321947806784332
868,12.289366704031421,12.288401844595374,12.287235461268377,12.307704080043148,12.32752229084147,12.289863586425781,12.301173781637221
869,12.314258793103862,12.30960496624139,12.309972536052577,12.26351614010047,12.258640932392781,12.328451156616211,12.313157018148665
870,11.952775119997261,11.961161020864747,11.960562957633785,11.960259222399703,12.020087130210989,11.990767478942871,11.988892314420871
871,12.099613514150366,12.102274240007,12.103019394073257,12.030106141093894,12.15915836904589,12.153850555419922,12.132995401426012
872,11.98736814564011,11.990888624972325,11.990880667196661,11.994426447317617,12.043775700251512,12.02859878540039,12.058912243751678
873,12.567094380279388,12.562546990387215,12.563414207707758,12.54413962263835,12.521072735766467,12.508085250854492,12.482411749017636
874,11.798965270966717,11.79068495544053,11.790964570253651,11.742364973371501,11.820396614631248,11.832955360412598,11.823389877290232
875,13.083449935170245,13.087929854612272,13.087876398188598,13.102717878522581,13.038934454772738,13.09638500213623,13.14997331959949
876,11.931952815972489,11.930150286184174,11.92995125560586,12.002224668636005,11.993795966718114,11.982229232788086,11.998149933857928
877,12.014479181926525,12.006637001330413,12.007817958300725,12.282865565441009,12.087829321296132,12.054974555969238,12.077368202399402
878,11.947121436422945,11.944538952761128,11.944386850916962,11.973368139124714,11.885564536892167,11.884063720703125,11.920316531118456
879,12.128978224721578,12.10719485032709,12.107497794274536,12.09968533710363,12.07747620907335,12.059381484985352,12.03275531799828
880,11.95302177120185,11.962753083139338,11.962679610418775,11.914776009721475,11.950330904331613,11.957782745361328,11.980527009825161
881,12.223711077176073,12.226223367601348,12.225340047327629,12.111741228266329,12.22741716139012,12.205472946166992,12.19399732161171
882,12.094082082819892,12.113746161880043,12.112602836754684,12.13515895748101,12.046300354747405,12.072126388549805,12.114309487925958
883,11.843913145188838,11.845784936871985,11.844921132811816,11.778662756721921,11.909072232825165,11.898419380187988,11.888933172049772
884,12.455830764118021,12.444231505495564,12.444793241486874,12.423546868782914,12.316858777956837,12.316986083984375,12.31031561011711
885,12.353282041717373,12.34406090557916,12.344942195088457,12.33284845159928,12.279235601238522,12.235535621643066,12.257976717015469
886,12.152286830966414,12.170631228561014,12.168625404541277,12.081200347778646,12.18388417921222,12.17811107635498,12.212392183307667
887,13.173956953393084,13.184596341315368,13.185408949806888,13.195031502127275,13.196326607806363,13.103523254394531,13.061186770599269
888,11.707047564577636,11.712107977821342,11.710825637524579,11.677518960100796,11.707326142477164,11.642375946044922,11.604242525286233
889,11.910302408178556,11.927383723481078,11.923131362380875,11.938404929373144,11.999311367160079,11.99499225616455,11.927029596397794
890,12.384398781451276,12.408428142426303,12.407138971291468,12.233696150873254,12.360093579028982,12.404682159423828,12.398698314222873
891,12.505576619151903,12.502670152165832,12.503687713327189,12.497194894864727,12.49023800884853,12.502485275268555,12.498867711359015
892,12.078053886596106,12.072891262735396,12.07366643850203,12.093201911175612,12.046956112859686,12.102362632751465,12.080612773559679
893,11.880500130748572,11.888830738015452,11.88659106431105,12.063378969435309,11.928126193704559,11.938834190368652,11.948741587568913
894,12.313449625816324,12.310036283494936,12.31018207521989,12.305129346429915,12.328455509496884,12.320979118347168,12.351170644965
895,12.282526141332811,12.284010815919133,12.284051149151212,12.255626939712295,12.25078717567403,12.299088478088379,12.298792865638164
896,11.984205381709039,11.996169478422928,11.996094270564246,11.996140869845359,12.012159998025624,12.003376960754395,11.981335484991977
897,12.094673035331132,12.110108937458921,12.107282764307927,12.043404290556033,12.055415122921955,12.089957237243652,12.09928100576016
898,12.440959713499675,12.438675381205835,12.439213510895542,12.373763918411983,12.40910837623187,12.41991901397705,12.421379811142627
899,11.471653100869128,11.46394751576836,11.463998845392078,11.644995559707699,11.411667584754058,11.402862548828125,11.491656983013012
900,11.972478448643175,11.966279086177654,11.967266447101048,11.935825056753611,11.974997459067373,11.972376823425293,11.921742804808082
901,12.159180043631737,12.160800825013578,12.161119296471862,12.270156941848173,12.260076952546315,12.107661247253418,12.177180256779376
902,11.769980233450667,11.786099541678738,11.784279299908807,11.798745288740841,11.836102270878028,11.852936744689941,11.8413127417574
903,12.61154569586212,12.609007653568131,12.609421109105698,12.607317235713692,12.575910752753055,12.585840225219727,12.591467183662925
904,12.018486981540343,11.997043218284627,11.997195332746752,12.196019675436784,12.063557551810138,12.067115783691406,12.071511756747963
905,12.023672197963657,12.013714655903707,12.015094916996729,12.02104957014495,12.038701894612666,11.950042724609375,11.90868452746198
906,12.673859536280172,12.687510838444588,12.686322746363683,12.670048568816316,12.672617279038631,12.679672241210938,12.647037601979251
907,12.358976949098917,12.345179825752616,12.345169932759518,12.33143288157032,12.315927809345288,12.395514488220215,12.328083462798153
908,11.819079917613934,11.834074050829695,11.829285521364236,11.831005012224864,11.910217167472235,11.90541934967041,11.927540514330117
909,12.199654941661622,12.189975652872622,12.191712487651563,12.242463977109436,12.159164573522986,12.192261695861816,12.2116136820509
910,12.729454375698843,12.746666520523858,12.745782902952197,12.718689743015863,12.828318277605891,12.819241523742676,12.844985923950794
911,12.19589538195923,12.195608325933902,12.194749910291979,12.185838450586768,12.229845580629117,12.215834617614746,12.217861364489476
912,12.273088410708587,12.276054986894088,12.275031726601355,12.205743750014076,12.207963896548378,12.183807373046875,12.193985697950188
913,12.221852790410527,12.225959920734716,12.225580228511308,12.210335832195991,12.220010654096228,12.251306533813477,12.226174262286433
914,12.147319389325352,12.137900545547778,12.138737487905269,12.192233878657524,12.102589642992331,12.065727233886719,12.093120090358726
915,11.535160085403396,11.527743829254067,11.526270039566262,11.8095461430107,11.674042913894553,11.605613708496094,11.603576495515686
916,12.751407256191598,12.746612803667007,12.749433464765907,12.776593328940889,12.77427295530262,12.784920692443848,12.83470191301919
917,11.866713336171632,11.873566381951385,11.871129663011521,11.83403154034716,11.917886449937326,11.838752746582031,11.853432599313537
918,12.34130170211297,12.346972646258335,12.346480039759848,12.307411660738222,12.304159797715462,12.401281356811523,12.331462891243138
919,13.014789714064282,13.025200354148865,13.023961427137177,12.76009365338043,12.905045693488182,12.951227188110352,12.982674967460351
920,12.314298243745412,12.314999547088009,12.314822499483457,12.33224451187225,12.339481502089042,12.340341567993164,12.331298779776308
921,12.35381015925315,12.369182104171585,12.368014934831695,12.336652850868125,12.427014122315795,12.410999298095703,12.334807243854684
922,11.98038474176194,11.98357662275537,11.984830436590208,12.098311273210378,11.906325987137201,11.889654159545898,11.892707960040902
923,12.3949175686355,12.390591474683879,12.391045537879,12.36764551220237,12.349216483129775,12.406262397766113,12.397212984131027
924,12.106848586419689,12.11896260599041,12.118445882501867,12.066421448371285,12.129056823950336,12.111164093017578,12.127380832553397
925,12.430002769150141,12.429972899376546,12.429821175354148,12.41289154366908,12.444445848012624,12.465620040893555,12.446593278244864
926,12.09422761519006,12.089572623752838,12.089314809756338,12.043827110977842,12.13049225716848,12.153914451599121,12.147293899620115
927,12.251157503198753,12.24209029453547,12.242594526762772,12.292424884163516,12.23521170321077,12.253585815429688,12.236157148267722
928,12.458467075221959,12.460658308732125,12.460391445246653,12.438493169611098,12.429163992568547,12.463068008422852,12.462109784983083
929,12.469458240881684,12.470739508998745,12.470524941229272,12.47571455378118,12.407670159681224,12.473541259765625,12.441318851625912
930,12.414367405693692,12.418075234823945,12.418795684342008,12.422886107631038,12.431712953279304,12.438874244689941,12.460025599326507
931,12.04455877305311,12.038730483551651,12.039514893382092,12.06044938123405,11.964235637136978,11.97816276550293,11.963558883288933
932,12.062731944132702,12.061411335200539,12.061402121410309,12.06512415569217,12.009507300533166,11.986133575439453,11.978770925680665
933,11.856917137155348,11.861647395158993,11.861490976987799,11.924040751528693,11.906262736719803,11.975465774536133,11.94295498396398
934,12.50098926888162,12.496569737630765,12.496244425573035,12.466865769148788,12.508546156560152,12.468955039978027,12.464733424747962
935,11.937851170585127,11.94424475538695,11.942940332300756,11.979855180109979,12.050653824619598,12.049016952514648,12.042088869521924
936,11.707214452055057,11.708199292343812,11.708545305583817,11.679492181592959,11.753925415259502,11.770668029785156,11.775650061731312
937,12.777438283466399,12.774692405573424,12.775639439181528,12.778756584743267,12.800920910870069,12.81730842590332,12.832368390828
938,11.35493175127647,11.343092478871815,11.342554575752251,11.36835487616568,11.31722734581449,11.347129821777344,11.390676690332453
939,12.741857763777288,12.738334195163787,12.739225735660797,12.764780858425777,12.799830376833114,12.806422233581543,12.849214377092078
940,11.855122823955424,11.876999457654948,11.87512624230104,11.902851654738589,11.851189715442072,11.904716491699219,11.9108640328245
941,12.057213917335227,12.043077967965807,12.04445353828573,12.181775870470858,11.960410712660298,11.977529525756836,11.98879186908238
942,12.040043717420376,12.030146748423515,12.030941532222224,12.126010927488938,11.948216835664473,11.97744083404541,11.918948534371829
943,12.044604395138608,12.04733625862426,12.046895293316133,12.045864022415842,12.045895969217327,12.104544639587402,12.073852562740317
944,12.15496137574271,12.141945531767242,12.145458736892051,12.174667460182427,12.132221899388698,12.145928382873535,12.187773538776058
945,11.942212040748759,11.924894390493725,11.9257621352368,11.897187445159684,11.96479379166251,11.884990692138672,11.90583580651627
946,12.07352668404468,12.065038387539744,12.065343707175025,12.10005306245457,12.102774861049264,12.089351654052734,12.0995359266823
947,12.427284155860445,12.411050541334115,12.413979971987372,12.437795237267393,12.446453976418208,12.332971572875977,12.369259663613152
948,12.135425021254468,12.154397895991753,12.152913149534998,12.206909280064128,12.083917776318993,12.137998580932617,12.164168057497612
949,11.81409563799811,11.794861189188882,11.797199465932255,11.876626943503389,11.87921125893524,11.952569007873535,11.888655270330034
950,12.33258856707662,12.345697917836304,12.34313026268991,12.189359076103003,12.166255017915736,12.320521354675293,12.27334239071291
951,12.199252503976126,12.183213857221544,12.184863664871749,12.24897445591232,12.238463542180044,12.17963981628418,12.133399350007577
952,12.37104420998032,12.368798441157372,12.369390347015681,12.368001614670147,12.349543401911829,12.35918140411377,12.356620134783489
953,11.91709536525084,11.934193658206082,11.932020875444401,11.964916708228873,11.931743187594208,11.964072227478027,11.942882821575246
954,12.047518220515501,12.05403501525598,12.05347922019907,12.059524227795936,11.98453024946295,11.971633911132812,11.966162976619486
955,11.933732962121642,11.94856137083223,11.947686257122713,11.940158145639055,12.015204094210834,11.94770622253418,12.029352077889541
956,12.002979376305033,12.014852935840784,12.014771416848392,12.053864924294441,12.024972369963699,12.06806755065918,12.055576663257812
957,12.47604378118249,12.477243780885775,12.477423264524045,12.46216885213607,12.47930494611499,12.473681449890137,12.502652094115062
958,12.141619151328745,12.137672808121852,12.13767384980961,12.147727169130377,12.114152655103732,12.128504753112793,12.13049828709007
959,11.52824031083554,11.527893504015397,11.529196269947317,11.52195621672057,11.535989612331468,11.55504035949707,11.487778705402082
960,12.608736825917386,12.615469321158084,12.616497480251727,12.499169900851262,12.53067131803615,12.571179389953613,12.541808991230418
961,12.124622234937597,12.108338885518652,12.1077818627338,12.001551501509464,12.062870479141337,12.083966255187988,12.066352255839387
962,12.193454664179752,12.186186933777398,12.185322016677844,12.377624682395409,12.327262859712013,12.24730396270752,12.240254274754761
963,12.301911878034486,12.302499219833582,12.302810725050438,12.32858187667137,12.28071390531436,12.339122772216797,12.333939168573298
964,12.259936348831348,12.223020885138672,12.227637284758634,12.252878115911342,12.366766700705071,12.380029678344727,12.393264135246477
965,12.44152792166743,12.432566000894813,12.433697403716682,12.45737657220553,12.42164558787965,12.429250717163086,12.446073668168019
966,11.822676243509287,11.821574092103603,11.822161790929036,11.324538065169133,11.856862462876594,11.890941619873047,11.869742924103756
967,11.869185431960064,11.873730039728407,11.872514427854245,11.903428108794088,11.893381680194286,11.89108657836914,11.883402335101326
968,12.196311979736405,12.191862398101803,12.192009505413589,12.229142624718248,12.227596464801616,12.235156059265137,12.189713029075302
969,12.576448832266534,12.58603054398186,12.585425735481484,12.571278167611792,12.524158499428689,12.57011890411377,12.576139219086135
970,12.553931278410454,12.551726690508222,12.553105760272029,12.58641750447671,12.525967365232907,12.553558349609375,12.584580672610974
971,12.097772453659976,12.088366977984313,12.08852508641895,12.097390172134153,12.123584884909699,12.134302139282227,12.14395541357109
972,12.07651321560726,12.083440838342156,12.082599594976083,12.085650850710277,12.067017099125252,12.056022644042969,12.051506412564255
973,11.793744479669275,11.798883483275306,11.798506981940967,11.772402835213834,11.732557216002192,11.730878829956055,11.731892453195522
974,12.005550865180414,11.98805884037992,11.990435420478871,12.005401063312425,11.972263788023234,12.003386497497559,12.012638117609102
975,11.976720824368613,11.982591702728207,11.981477978822415,12.013978978848437,11.949976286161982,11.99913215637207,11.981179535673617
976,12.571977700697255,12.567184783173582,12.567554146763914,12.557733472093608,12.463257198506026,12.526607513427734,12.545925484372209
977,11.919479456034452,11.890435302110516,11.892586331569973,11.858537957169386,11.969012429929704,11.88962173461914,11.918266057442162
978,12.674529967312417,12.680116659729158,12.68045638481942,12.679169190558284,12.645490236538944,12.652702331542969,12.637983302419489
979,12.481453383637687,12.48823249287366,12.487777038410863,12.499018654650861,12.481388410360356,12.454975128173828,12.473520201141971
980,12.36042305134188,12.337416014343358,12.33771854646039,12.333481191782637,12.267030426576978,12.315189361572266,12.326097235374636
981,12.786359681045315,12.773972125987248,12.77603918176675,12.795416505910211,12.77145696367192,12.746925354003906,12.781529104907285
982,12.19853844179249,12.190248183454846,12.190500270637402,12.14118062486703,12.123037816878727,12.15225601196289,12.131693062144505
983,11.930960167596881,11.92789988710263,11.928953404760204,12.10519188351421,11.868631406132092,11.861711502075195,11.87301509247122
984,12.882556446171112,12.879342810907255,12.879552830281424,12.8303385321399,13.050111796355392,13.00473690032959,12.953108414486328
985,12.05026508905148,12.045595747975323,12.050755161333335,11.960630141469434,12.016159649428895,12.090307235717773,12.103580046459191
986,11.947410658391638,11.9308038054522,11.930852750903338,12.11341682944817,11.975050989131711,11.968039512634277,11.958182534211305
987,12.44643727453207,12.465204216404127,12.464986694091431,12.117344304455353,12.171307496691899,12.241896629333496,12.206031422065594
988,11.880637328093755,11.882387424983552,11.881119845923566,11.891334307696763,11.84682762493069,11.893401145935059,11.872857410090708
989,13.148750893732892,13.154173978958251,13.152028006838966,12.536587305008277,12.701810791335733,12.740567207336426,12.705512808350981
990,12.454368643454028,12.460670169397657,12.46025095001485,12.424083733819606,12.435452692998025,12.450838088989258,12.450952630443739
991,11.959535347670151,11.952773531094884,11.953281031333546,11.943310559707356,11.942088491274157,11.941108703613281,11.970156827013742
992,12.136665499433962,12.146491014202473,12.146706134762754,12.258775944011058,12.13689649428504,12.145631790161133,12.158812028176111
993,12.389841962632225,12.38751055514332,12.387462945026053,12.316382299339718,12.323015422593203,12.333921432495117,12.357391715894508
994,11.894410909889746,11.9122542047879,11.90994211472094,12.034960588388344,11.875183656087694,11.884617805480957,11.87691335399814
995,12.857131469826031,12.855732328553925,12.855524944427065,12.87670210453574,12.91709585135726,12.852726936340332,12.952257874404834
996,11.928985688869554,11.92554665012817,11.925491106418239,11.925941838167345,11.961974846940617,11.997456550598145,11.995413623724302
997,12.458720930056936,12.458247444985423,12.459044202297555,12.42977850758173,12.434014945848777,12.398416519165039,12.435755543786499
998,11.980551546654802,11.972084884659822,11.973667160491903,11.984673592606418,11.991420524948515,11.979063034057617,11.986772118340106
999,11.777014793704664,11.781428747990114,11.781085115424629,11.752453078718894,11.774235179998048,11.753602981567383,11.780521219637757
1000,12.225879261581701,12.209970516561823,12.214600152365307,12.200335858272169,12.263559496716796,12.204977035522461,12.223393636752048
1001,12.340042712945273,12.338470918845942,12.338254871408454,12.296694583167103,12.286542370489384,12.29425048828125,12.309063720972834
1002,12.547203481970849,12.544533777048288,12.545028835915307,12.550128619013318,12.484148979858563,12.535192489624023,12.524796175586744
1003,12.564187003627556,12.573422692966398,12.573633229829111,12.560410398808969,12.569298760184013,12.608044624328613,12.619947791484726
1004,12.053368394963266,12.056452722153447,12.056618640606334,12.05128244114968,12.088942755953239,12.126518249511719,12.13110301423647
1005,11.890478949124748,11.894065033073554,11.892711587380402,12.11118310646811,11.968072622069721,11.930234909057617,11.940184963338652
1006,11.662926795034712,11.646343858033719,11.647368992587918,11.588434314941722,11.652002635015293,11.69466781616211,11.741324888478509
1007,11.832418184950383,11.831155308157104,11.83269626767844,11.823674596847919,11.839628782526713,11.837882041931152,11.82824627760218
1008,12.5371942358505,12.539470872237734,12.539015353509503,12.531977094680999,12.483266585461172,12.492091178894043,12.478850844944272
1009,11.87501467063522,11.878038442903238,11.876744995377761,12.26489492382447,11.890252703095038,11.903322219848633,11.859771227974212
1010,12.60334862292728,12.612835395350697,12.61359861401877,12.559162273023587,12.449393763462362,12.49166488647461,12.51698002117955
1011,11.625542285528859,11.622045491649102,11.622340707786059,11.588248819481494,11.533226477821628,11.534920692443848,11.539377334468314
1012,12.374991528794231,12.385223749294163,12.38439330220305,12.349695751353623,12.386144573709979,12.358752250671387,12.342111432219365
1013,11.90583640029131,11.90549499531173,11.904539576299808,11.97431024293131,11.981700612227192,11.977333068847656,11.985180273583525
1014,11.690263919128864,11.668752499937373,11.670989511717595,11.652525456639086,11.505990235742411,11.472452163696289,11.530358582144169
1015,12.161964222432067,12.156404517409088,12.155626715086386,12.281303259731777,12.155298451864192,12.055645942687988,12.096630232593943
1016,12.238359733128254,12.229343870063728,12.23029244598086,12.214788404540887,12.2411148932748,12.218314170837402,12.217672954057205
1017,12.38523280973758,12.379962567299634,12.380406981164443,12.36322057468123,12.35218136693547,12.346136093139648,12.32335408202292
1018,12.72505910191861,12.729927818385045,12.728895192916934,11.93803588059845,12.690496946964696,12.651174545288086,12.63681560205171
1019,12.123385779232947,12.11109911071404,12.113007965576418,12.201125315742404,12.049390772887698,12.087518692016602,12.07712679470287
1020,12.021178272470861,12.027657967470068,12.026611181178508,12.074919264356906,12.049757552691464,12.03294849395752,12.040988172907223
1021,11.637315104904834,11.618848388860545,11.619925437530819,11.74287518758642,11.645027176886614,11.622880935668945,11.597703825502022
1022,12.114436539345117,12.116695196957853,12.116388258029776,12.149543521190605,12.086777516634294,12.069415092468262,12.095593600403191
1023,12.641196460854527,12.637782473919412,12.637717422276602,12.653581647735995,12.685976931549177,12.642834663391113,12.733927649906443
1024,12.48514727528538,12.484435716293877,12.483964130330577,12.467466582937625,12.533868155900075,12.530129432678223,12.494001202830427
1025,12.030110161699035,12.032879058859157,12.032775958016344,12.049522444701047,12.171174207694307,12.183374404907227,12.164255295322445
1026,11.581108625771197,11.59359925710926,11.591845324720826,11.6203219894262,11.626669105164467,11.655512809753418,11.630844794147952
1027,12.589871366713353,12.562533678953045,12.566303903886414,12.551126136424482,12.590258369468508,12.579944610595703,12.543225685491604
1028,12.701664126214913,12.670671418410455,12.677238188759734,12.63514055315533,12.651189216321884,12.60748291015625,12.660481365994615
1029,12.452945204075338,12.464286360039477,12.463729530173554,12.454090288053692,12.398142556720346,12.390616416931152,12.417767988808443
1030,12.271925582252097,12.26530020357808,12.265985636072516,12.280631273415132,12.215913993213913,12.257019996643066,12.243905967842856
1031,12.239412526068046,12.225080073769394,12.227352481473858,12.221815849311412,12.231556308575215,12.236724853515625,12.26794719922964
1032,12.76376123152212,12.753207094053234,12.754251743558202,12.803833965898153,12.829357277360636,12.86843204498291,12.856584084561346
1033,12.75297805664205,12.750755669578764,12.750500621049435,12.780260470700373,12.764899231522024,12.802477836608887,12.872130396754308
1034,12.073836213917492,12.072531228165031,12.073151560540742,12.089794158959126,12.067970831015282,12.030204772949219,12.029248350126915
1035,11.69625246386229,11.70733589015049,11.70625021469621,11.617360978483985,11.54149413710056,11.645286560058594,11.606029590299425
1036,11.811343738811056,11.7977715403931,11.796479824674782,11.77118699128672,11.626143771807046,11.789158821105957,11.79374439794109
1037,12.374807765311965,12.380834331599392,12.380287747607497,12.386211053232572,12.436797498584644,12.436366081237793,12.395463201552529
1038,12.804981182680056,12.79289094058926,12.795011816775553,12.282875816445449,12.776064545470048,12.741034507751465,12.746337878413208
1039,12.002746284754727,12.003742123088513,12.004609295313065,12.017534759766226,12.016159351578892,12.017436981201172,12.01040817908155
1040,11.309357339041222,11.261546734594402,11.262440916639846,11.123736447436668,11.449918382050079,11.496124267578125,11.491850095682917
1041,12.282216916213747,12.28923749839483,12.288441118657655,12.28246623963215,12.261053239361598,12.28757095336914,12.237727397947598
1042,12.433647006073418,12.427382737120885,12.42780349135907,12.413813953119794,12.399861428383204,12.433002471923828,12.434716510968101
1043,11.90721173675348,11.890089502368536,11.891675715008482,11.93765908773028,11.899332090342961,11.875295639038086,11.93851640197795
1044,11.820440074471898,11.827721401880844,11.82659188711293,11.81208618041542,11.823863630532093,11.891939163208008,11.863655956876588
1045,12.498218131268574,12.500097668661585,12.499907355514283,12.537004941147107,12.504859566034106,12.50178337097168,12.48442758754083
1046,11.630091202963156,11.63457625934551,11.633980988171173,11.568678999395104,11.668695796503881,11.6282377243042,11.587386838109559
1047,12.276006803672622,12.271880008894199,12.272503352294455,12.239817289099543,12.304339020344335,12.275967597961426,12.261172089805413
1048,12.310327999665688,12.30861237323661,12.308966922967214,12.315811759291591,12.338958963864862,12.348880767822266,12.286289401667982
1049,12.019711627268364,12.015319566066095,12.014617398417867,12.138163368508978,11.946088547763486,11.977529525756836,11.96303427614028
1050,12.026122515754341,12.024307416369327,12.023667499908925,12.01920061063549,12.018774933024382,12.025107383728027,12.008736522257268
1051,11.870444508174668,11.854686586364549,11.85605279612679,11.848224849440202,11.79915204818438,11.838135719299316,11.87550241455453
1052,12.00042473381767,12.004961985657092,12.004393994090716,12.033634405887781,12.000867247928607,12.027647972106934,12.052037248074145
1053,11.82920378765287,11.851250930377605,11.846844983508415,12.006672387043967,11.841706026302894,11.83958911895752,11.855614391512182
1054,12.000981054856766,12.006662664355362,12.007531045661857,11.931323963042814,11.946897994475954,11.993651390075684,11.966686665743252
1055,11.450436362538705,11.454387982519037,11.454190430860002,11.55984581293573,11.541566784038013,11.527957916259766,11.486129949382734
1056,12.002286932193368,12.006209805876752,12.005725947644153,12.150377292680258,12.03683081195008,11.955273628234863,11.970685203766273
1057,12.330507727491504,12.323576549369298,12.324215522797578,12.859319255339061,12.375166728347972,12.289802551269531,12.349472972433837
1058,12.094470721537764,12.098711580948727,12.098101696389246,12.106282609057278,12.149151164260001,12.130610466003418,12.087835205088293
1059,12.623017099131872,12.621399523379036,12.621428274248563,12.676317379468124,12.537767426210323,12.668402671813965,12.63904384086323
1060,11.92873776130205,11.9045659974728,11.905530950604701,11.91357551694652,11.979725413679057,12.019060134887695,11.99037739844959
1061,12.747645334199637,12.730436337477972,12.730129437079269,12.736039919196855,12.648190758865946,12.84892463684082,12.786310072326367
1062,11.95533028249013,11.968334143703022,11.966287744295892,12.15581821142626,11.992655017867053,11.979094505310059,11.96658880813513
1063,12.955591900672712,12.95615174636081,12.957598027776667,12.96680525974985,12.95395695228789,12.966954231262207,12.98126962281791
1064,12.063808581235026,12.056172504033201,12.056302123409742,12.153841115496137,12.091757848219313,12.089587211608887,12.110519548311418
1065,12.964862767785556,12.962092861003903,12.962449909880641,13.030480585002241,13.10650880317025,13.043350219726562,12.963647871257459
1066,12.112698931931734,12.121202624688742,12.120244180347138,11.904979330145922,12.141975754848067,12.141335487365723,12.132156053925199
1067,12.319296684295006,12.320201749714858,12.31983723798931,12.29561943668086,12.29143753033272,12.279258728027344,12.28158006366995
1068,12.225864673386607,12.228687781188881,12.22827961479173,12.202472710452524,12.213764864200451,12.218226432800293,12.235522103253373
1069,11.959113261271808,11.998323084546326,11.997950785625656,11.778609863578222,11.958574278251572,12.079367637634277,12.156807292464
1070,12.541670745476067,12.541824482692297,12.541947667553709,12.522289097292035,12.520759759136016,12.476275444030762,12.505809353423798
1071,12.002317092057803,12.015909975710995,12.014350298805804,12.026267117109201,12.016634150402771,12.013854026794434,12.01653585178414
1072,12.453456317587351,12.446154451219035,12.446459541034857,12.44503590198731,12.416382190866342,12.447620391845703,12.444000869991376
1073,12.648058293876659,12.655830895750304,12.655952652224077,12.618663412433243,12.568714714407935,12.63316822052002,12.672143358881717
1074,12.116390065848003,12.115472953886803,12.115984853143779,12.13369323309951,12.117790791789163,12.079473495483398,12.098325255265564
1075,12.096574245033162,12.099089856906948,12.09725463086184,12.035037142720158,12.109551597223263,12.075316429138184,12.074449063955894
1076,12.070238027211687,12.078148392151114,12.078401208917242,12.111444999954154,12.036953948361775,12.067803382873535,12.075651279020825
1077,11.957801214144382,11.9667066119723,11.967544923924912,11.86035628556342,11.992402734485275,11.962417602539062,11.968470289466897
1078,12.316870114071943,12.31789780972809,12.31741042596516,12.297160354133013,12.249542129578591,12.266308784484863,12.282255916343173
1079,12.506977119605578,12.4972845913611,12.49805480315056,12.471989541049851,12.47873003373276,12.432924270629883,12.43248454153389
1080,12.058270084091076,12.048841313216531,12.049986461068936,12.062541936830508,12.051124567728388,12.054137229919434,12.057874161680333
1081,11.847467265021809,11.844727751550032,11.844780162052533,11.892266768304172,11.911641135292799,11.883153915405273,11.867998005357885
1082,11.852635928560797,11.861711950646288,11.861218363137125,11.961115963254805,11.879708815603587,11.880078315734863,11.89366650466527
1083,12.605463031180449,12.592114280126369,12.593515998903799,12.853017217080405,12.644074931106111,12.634804725646973,12.645467855217547
1084,12.055369451419391,12.071712087838778,12.065114325035674,12.025240300078753,12.041821159448244,12.00748062133789,12.042146840368117
1085,11.67105922207171,11.662399470636766,11.663798618861566,11.739629878682349,11.73200671161817,11.664494514465332,11.640002156932383
1086,11.755632095321792,11.760264212300177,11.759391870809964,11.752319282579668,11.82942344007174,11.833931922912598,11.846168612005542
1087,12.136777067327797,12.152439435857687,12.150923288626641,12.243909426109045,12.22179997615995,12.149964332580566,12.180545905042408
1088,11.973208954400368,11.982805450482182,11.979656545298168,11.936348486711374,11.948671381930255,11.979754447937012,11.939442796777058
1089,11.946383282702708,11.955818723178245,11.956285870682995,11.894494517132808,11.901331952916234,11.918508529663086,11.92532244577576
1090,12.253020714320622,12.255614522671141,12.255279501042764,12.28326459514637,12.248272821814725,12.307059288024902,12.238561217604317
1091,12.298250720598677,12.297351831672414,12.298258198045133,12.286630240716269,12.285450532081352,12.278244972229004,12.2310193058271
1092,12.052523618046898,12.034834060226782,12.037517512340578,12.12670488082294,12.09610226301846,12.072257041931152,12.07509519933935
1093,11.8704176579714,11.876138642340164,11.876565932076277,11.789803191981553,11.767558620795027,11.832045555114746,11.830514871800153
1094,12.141419344542905,12.140255948922515,12.14122468891098,12.186714765789741,12.112933725164588,12.111541748046875,12.121285607829968
1095,11.789843160148756,11.797154987064044,11.795803413298165,11.777298641194466,11.689419746099848,11.707841873168945,11.728554217250723
1096,12.066727074087378,12.047135206635444,12.049242748709089,12.121259763815527,12.062228499327746,12.070728302001953,12.063605104058983
1097,13.081357331781701,13.084586289136253,13.08504644955221,12.076482570760039,12.944624640269026,13.024550437927246,12.987466223758602
1098,12.120315451069784,12.125576641633454,12.126319988216684,12.13602288114815,12.184980049759671,12.168070793151855,12.214039442633208
1099,12.569643483737966,12.566650790106623,12.56593492004619,12.622026237523057,12.704750171664056,12.671953201293945,12.752904260417266
1100,13.284941437108476,13.26113202060125,13.267090784497103,13.284187832850433,13.316174117446936,13.237180709838867,13.18949432081179
1101,12.008314464870354,12.020686654985022,12.020140982265383,11.963912871005537,12.018970058352895,12.058136940002441,12.043877350327742
1102,12.047855423976698,12.051551529712555,12.051532586403756,12.061592030391877,12.203832688877304,12.192442893981934,12.157078916155847
1103,12.3678149306946,12.366926628047123,12.366733797418137,12.306706147249578,12.276380651805853,12.315313339233398,12.305166935760122
1104,11.735292950543258,11.741766206678072,11.74214699437484,11.773039330296978,11.721467262507158,11.756901741027832,11.726730255061353
1105,12.802051543760033,12.802567278779296,12.803251626591493,12.912421916793006,12.699188360576937,12.787581443786621,12.734895830255004
1106,12.638531548798976,12.620655940730295,12.62307772191537,12.625130970820273,12.585665132510579,12.56406021118164,12.574369925490204
1107,12.2382601255228,12.232898416914843,12.234869405270606,12.251803581443303,12.246754409063055,12.240532875061035,12.233995723497102
1108,11.876629902923309,11.885218353664962,11.88174977214706,11.885923848628652,12.004619109237664,11.963546752929688,11.975543133871275
1109,11.811072634774815,11.878298434833823,11.872510445322217,12.110029789930998,11.99598707611415,11.993956565856934,11.981487844948202
1110,12.376736478378966,12.368149122714165,12.368634399225158,12.3479145704347,12.282459966472489,12.305991172790527,12.301224140502468
1111,11.97095420724074,11.976374832396585,11.974637255427268,12.114720491540355,12.018592310742493,11.991901397705078,11.999784099944327
1112,11.807339645927453,11.822968255236416,11.821735851184409,11.810873014687282,11.875003083975914,11.83995246887207,11.851997755788977
1113,12.33717345492561,12.32708140320437,12.328334784180532,12.345819472407706,12.368080029022464,12.348039627075195,12.358452001525606
1114,11.586978043585257,11.5825928820155,11.580789653168356,11.95367747124855,11.69401678072265,11.62366008758545,11.617148513276824
1115,12.32026132363652,12.313347024548102,12.313632306995874,12.23965147966448,12.22400526864511,12.220579147338867,12.235621322390092
1116,12.155450235482435,12.148304320359902,12.14772709559441,12.1796373970795,12.15867033812257,12.14803409576416,12.116802965811925
1117,11.896206391632957,11.893662600671597,11.89423920006296,12.026446590975954,11.88029777486379,11.929960250854492,11.936030055682133
1118,11.886548731194686,11.886973426297796,11.886313404772775,12.111985597908689,11.972220041066969,11.93089485168457,11.948664389970608
1119,11.980848120047579,11.98179789183566,11.980970860935027,12.045804489663858,11.991072531339382,12.013297080993652,11.995023193511484
1120,12.20101521050945,12.166909856810568,12.174668806888198,12.392362560061024,12.084030458325124,12.071928977966309,12.047812841537551
1121,12.22053242092733,12.215206363887686,12.217891697702877,12.230838284167191,12.205694542913877,12.212313652038574,12.199891010778623
1122,11.727415538299333,11.723202811290756,11.723985495746398,11.722018906394979,11.69409875506295,11.673542976379395,11.670553917913681
1123,12.698943234264869,12.701964699106261,12.702234993406654,12.67965352682356,12.686502441593815,12.706952095031738,12.694950896676247
1124,11.772849125450598,11.777570080016389,11.777285499857832,12.162203318834889,11.84458718817612,11.81406021118164,11.82499116937042
1125,12.024005348742033,12.031074940366688,12.028907112637093,12.040901421065104,12.043105448448971,12.045762062072754,12.0142045913446
1126,11.892127677212889,11.900714668286707,11.898873581521064,11.948550797816463,11.764484918365477,11.860184669494629,11.799273697575309
1127,12.367275236484884,12.363334093325822,12.363187709700082,12.395579400944595,12.399294384700582,12.360431671142578,12.383805968363584
1128,12.401086999941212,12.396589972058155,12.397108250456448,12.384000965106075,12.378637892786676,12.310399055480957,12.338408875246486
1129,11.649183743511722,11.650639622231804,11.650451072263472,11.63189342250686,11.575213272253654,11.57465934753418,11.553338936411157
1130,11.975132490148978,11.971886888834414,11.97193069516196,12.084345452603163,11.953945662944587,11.940239906311035,11.939958704644333
1131,12.21506708497805,12.207748796645864,12.209402326844925,12.306867065693247,12.208555007797838,12.232619285583496,12.1617764182079
1132,11.940922713852974,11.950372291611423,11.948260399905195,11.915552388794929,11.995052389820023,11.955517768859863,11.945337397866265
1133,12.00088853986295,11.98702617238936,11.991029647200824,12.126087524576832,12.017908756456212,12.039012908935547,11.99208006669421
1134,11.67534971634348,11.64655676169328,11.64871178854863,12.175080694718401,11.740628887912788,11.718316078186035,11.686158865185352
1135,12.028285501342136,12.031205863928115,12.03167479113996,12.00574067173599,12.043797644889512,12.042715072631836,12.029585516572052
1136,12.737306741610432,12.736975258010109,12.737286595902345,12.35389144412006,12.770852088883244,12.799338340759277,12.812283756848698
1137,12.16640020198912,12.174036438175035,12.173318179360036,12.15537919851512,12.164113539858091,12.198058128356934,12.193593600290406
1138,11.93782154429273,11.947438217885834,11.947195939164436,11.982541835198028,12.005968331436563,12.014885902404785,12.033601773816768
1139,12.168138939116245,12.165086746948209,12.165196589599129,12.160409117428566,12.148156693140963,12.143360137939453,12.140902748266901
1140,11.894207204721116,11.899219050037901,11.89872262098618,11.936341740706826,11.908593272345875,11.934773445129395,11.906048317349637
1141,11.804916567532846,11.797818666382845,11.797577387855537,11.675860764536269,11.671317617557094,11.747467994689941,11.694782150899137
1142,11.810074776553702,11.811969190584547,11.810540092476831,11.758114411434148,11.84198856026135,11.874506950378418,11.903139017381339
1143,12.249607168681393,12.240273825440017,12.240542837500083,12.351411688817205,12.161286745275882,12.18757152557373,12.195164064457282
1144,12.273482744898818,12.266435164884918,12.267211650661812,12.287396103177084,12.301822384289522,12.244450569152832,12.26088457759518
1145,12.027347820928458,12.03676964284993,12.036660708307492,12.015021354668397,11.998897542356875,12.00926685333252,12.044069403919371
1146,11.976315965568677,11.97292424936265,11.97270588986951,11.950666573703202,12.004504205204837,11.970318794250488,11.94901098431201
1147,11.92128620304713,11.913715051585523,11.9153117772289,11.910490810645388,11.951007544491851,11.943543434143066,11.942590633502475
1148,12.619361247225093,12.615640912830063,12.615810673103596,12.572630835517927,12.619889165997007,12.651042938232422,12.599422499811272
1149,12.082431889495666,12.075976860637939,12.07598014447396,12.096226146229473,12.109418726063318,12.083901405334473,12.052512974274604
1150,12.025994093189686,12.026794367510224,12.026763511970648,12.050917011422907,12.034505693975374,12.019962310791016,12.016829327358574
1151,11.97781766048405,11.956557066155359,11.958714573164295,12.017766148204558,11.93481895480247,11.871772766113281,11.84554175244249
1152,12.32484740742375,12.317546873163133,12.318913116203024,12.09515645442531,12.200368807032266,12.258471488952637,12.250030859448541
1153,12.274480750107303,12.300932290498363,12.300361176396345,12.18891608794954,12.280636814725861,12.308398246765137,12.261250197189216
1154,12.832393504039576,12.826104188076961,12.82602525984349,12.8421203347558,12.831267019299819,12.83813762664795,12.835956481611083
1155,12.037405975553309,12.036446217900167,12.035635446648511,12.025764046272531,12.09736401649841,12.077902793884277,12.089642125111391
1156,12.172568144689587,12.170161449555183,12.169289188980049,12.115815153777591,12.207073853164111,12.207764625549316,12.224940808845144
1157,12.859368193776815,12.853728293481515,12.854512224492202,12.829759766212614,12.835053863919612,12.850273132324219,12.871193439674505
1158,11.95522975109824,11.94352550317003,11.944713344995932,11.951547647504485,11.995321496878807,12.001779556274414,11.980840269262202
1159,11.981276116801597,11.990643099408539,11.990467139711651,12.059887279774314,12.001965536679915,11.9655122756958,11.987461612848403
1160,11.739872510580826,11.7368116890362,11.737028091852048,11.85222438925453,11.690725958387372,11.67065715789795,11.670408424337676
1161,11.34539286683073,11.350166609737936,11.349501036020758,11.40302417505791,11.352835592177664,11.33203411102295,11.33467498942221
1162,12.313395584900725,12.315518798596372,12.315274321933547,12.30612990296168,12.279229354351779,12.285593032836914,12.295102513074891
1163,11.31011368705822,11.30594444720773,11.306472278086986,11.52179863698739,11.293024533582864,11.351059913635254,11.392755943401655
1164,12.359754116197758,12.358777263897462,12.358750582085214,12.320187645238343,12.322633617405193,12.284884452819824,12.283007152096992
1165,12.03674117177363,12.04494509035673,12.044848839981785,12.033608816597638,12.037745735077289,12.024351119995117,12.043558674621906
1166,12.316193054876388,12.31341965017796,12.312562373453298,12.267958588796454,12.256669515135174,12.297022819519043,12.29905492967387
1167,12.051380610874604,12.042793049325638,12.042012965387215,12.049345664402894,12.064892446100307,12.096159934997559,12.078846603362813
1168,12.517496273875775,12.519143186791528,12.519888991879728,12.497926063421994,12.527850635492975,12.50219440460205,12.482466344672934
1169,11.863250885492233,11.860764934353288,11.8607910978577,11.879448378418697,11.93471696819775,11.906977653503418,11.927493957263458
1170,12.820046609053607,12.822263340220427,12.823285633165323,12.871011754339913,12.797182489516462,12.839041709899902,12.882078437120185
1171,11.837622278811976,11.845642698300427,11.843150091015218,11.88844837441428,11.899735183568291,11.926003456115723,11.865340916943035
1172,11.723993338390494,11.720058771642313,11.71937381205724,11.710343259583913,11.763853876804289,11.795547485351562,11.750847821435332
1173,11.924722328671605,11.922039465971995,11.922866934713413,11.839834058242989,11.966530721320074,12.054296493530273,12.023248835743244
1174,13.141150597950967,13.115401426425787,13.118752002704522,13.103675722931552,13.194198763601666,13.184986114501953,13.159324842077531
1175,12.101637954172071,12.097236125417158,12.099242208029008,12.084149784942934,12.162051002618957,12.160148620605469,12.151514824961845
1176,12.011308348148159,12.026529932498734,12.023390795583484,11.828161122605504,12.050431892129064,12.042412757873535,12.025891690762204
1177,12.36840821941303,12.370059783427227,12.370262045691467,12.342112772911339,12.379941017049637,12.350260734558105,12.362562617153559
1178,12.285694850083175,12.286210725016373,12.285841003251127,12.243415377386977,12.205731225505303,12.220805168151855,12.250815975876312
1179,12.052130056930713,12.05973718066822,12.057456242599702,12.052097728940392,12.086199192301637,12.056394577026367,12.04443060092728
1180,11.99722858867626,12.0056814343485,12.00488860925128,11.852880739333518,12.036238596052716,12.027070999145508,12.031341851640049
1181,12.658033807897187,12.654303207240751,12.654439167053837,12.664936311825391,12.601990907282634,12.619389533996582,12.621265531015093
1182,12.259780275605197,12.25850624442237,12.257851402270871,12.223766837455834,12.283864133563728,12.302688598632812,12.315799168440753
1183,12.423130028442513,12.412887048303235,12.413374876354766,12.421568005812784,12.350383105118691,12.310415267944336,12.3428969803543
1184,12.027148059293195,12.033421407739795,12.033511622102841,12.069313043950691,12.06113933811926,12.033171653747559,12.011515748786476
1185,12.245187419943118,12.243078934691802,12.24347257224645,12.226338937853646,12.153978946024168,12.189225196838379,12.205688178088463
1186,12.025335896855369,12.018003130253497,12.018741141891356,12.100292883773925,12.021301909336874,12.024314880371094,12.046471541862434
1187,11.760754011892095,11.738114776821142,11.738647339369411,11.73186589982439,11.760758260045854,11.736567497253418,11.655919249812523
1188,12.062998789869422,12.051352177297614,12.05077101318682,12.07350523390019,12.205039051071367,12.171852111816406,12.201328583170302
1189,12.226865217254337,12.227026073906387,12.22725145406871,12.22668315386067,12.230980764179124,12.232264518737793,12.230419641644357
1190,12.419984438638386,12.419476628015255,12.419666381648952,12.449281047036356,12.504208079231198,12.442391395568848,12.474013353343059
1191,11.958528486643548,11.958925828071095,11.95798669487139,11.981019017304034,12.005412485352469,12.004552841186523,11.989143080214513
1192,12.201517704542079,12.190853745031903,12.19125545537272,12.194084622928916,12.222133335909335,12.212446212768555,12.22064779046422
1193,12.772309558131289,12.766815909561663,12.767473963903244,12.784970579243932,12.809429225612801,12.778770446777344,12.83668876203369
1194,12.073049298086351,12.069343037672741,12.06878540740306,12.083937225061007,12.163264698557166,12.205953598022461,12.131436167820523
1195,12.826207436947502,12.829269304610293,12.82956281288555,12.833020549273163,12.80558930573965,12.846511840820312,12.829740911754865
1196,12.316344401389248,12.302079909704068,12.302925659607556,12.324250700280079,12.319149844837469,12.260248184204102,12.295374934608898
1197,11.878741638068453,11.874914156342767,11.876258297941153,11.78340386966165,11.924284078448261,11.934478759765625,11.946293797618168
1198,12.590614148249326,12.600858706373058,12.599724002237926,12.311174883894523,12.6468429973905,12.65864372253418,12.670341375635036
1199,11.994703682129991,11.972875853810852,11.975988057513689,11.629033910356016,11.960555649763362,11.959668159484863,11.929033934827324
1200,11.632807521919085,11.65066979747848,11.647715802185607,11.74636485532994,11.831438106061816,11.819886207580566,11.827577699590766
1201,12.458007028874409,12.452662752997941,12.454204770372556,12.45735759553089,12.403748047679239,12.40721607208252,12.407671544442628
1202,11.900015648664755,11.903084751169962,11.902932845159375,11.942259241602212,11.966324317759623,11.931442260742188,11.928509960255584
1203,12.19515886785584,12.202175494972025,12.20197241965196,12.164991609861842,12.300471858279186,12.379650115966797,12.359553807881658
1204,12.317736254314529,12.31708675720284,12.317127909109221,12.342818534702758,12.3430398007753,12.356106758117676,12.351684937760863
1205,12.488504719138817,12.490185680578797,12.490765068762588,12.47547317545123,12.45566645891523,12.484013557434082,12.4989542917163
1206,11.900130575287667,11.906016770226142,11.90539391197209,11.908810290449223,11.968887000866722,11.952727317810059,11.956732240693551
1207,11.984061345096514,11.987670217751797,11.986791711158855,12.017603282356614,12.002447152854554,12.00416088104248,12.001681208393693
1208,12.57574084269584,12.589674572613342,12.588328955485736,12.14629063317807,12.605444355564758,12.614575386047363,12.577790196359096
1209,12.645849629667286,12.637628131168174,12.637892108931688,12.652389192629984,12.69994237138205,12.697925567626953,12.714203233823758
1210,12.108646251092695,12.099739269879297,12.100927994936177,12.120022081083029,12.11117740762727,12.128890991210938,12.107861211943884
1211,11.865764790738332,11.863228000982122,11.862950152126649,11.99656874476067,11.821910682520453,11.902626037597656,11.927427580758186
1212,12.17021846364369,12.169653786873292,12.169297799571943,12.169833858225507,12.215427183611848,12.190726280212402,12.22887812277664
1213,11.817526523371637,11.80815925404394,11.809512659534592,11.808984518210144,11.816259642184125,11.840140342712402,11.843692390165579
1214,11.821721940918838,11.835675954246172,11.834715045916735,11.89510912011605,11.888513365964986,11.882646560668945,11.88959597920495
1215,11.81371103754055,11.82111902412743,11.821319520550052,11.998296964021813,11.771364853456372,11.806126594543457,11.792339853492566
1216,12.666894931346318,12.6570991567643,12.657478878609691,12.690695834770775,12.664318274228165,12.741776466369629,12.763980405718826
1217,12.036083256396282,12.037245931872777,12.036569530392686,12.046443573369512,12.092140375971589,12.023475646972656,12.015646974797868
1218,11.93667890965102,11.914044711499333,11.917131086370484,11.928348660862259,11.851387793925758,11.938374519348145,11.879353079556052
1219,11.740403169108548,11.742002327451415,11.742010744233223,11.721398635851079,11.678861180476884,11.626729011535645,11.621616263915133
1220,12.154682633604027,12.145623388331163,12.145648221751795,12.145187940721861,12.09340155798842,12.14729118347168,12.116211932138505
1221,11.861664083558932,11.871294435546332,11.871018491672604,11.888731268129902,11.88950032057754,11.897482872009277,11.898694964988655
1222,12.258516407554847,12.25003729164475,12.250228753546008,12.238622804786761,12.205563247160269,12.207436561584473,12.19846623899013
1223,12.494777352656087,12.49336349623,12.493779251332437,12.2111283797628,12.476277435421405,12.457076072692871,12.467940255234236
1224,12.815175176110724,12.82485627015911,12.823936936708728,12.791292623128282,12.767571411398263,12.792258262634277,12.818947381163177
1225,11.417449233594288,11.396411278971444,11.397536024159939,11.491330154697438,11.320870417517122,11.3024263381958,11.377686111995741
1226,12.267670783622098,12.27155045444392,12.269838813826167,12.274143609758562,12.207868233054162,12.191898345947266,12.200081049763073
1228,12.016935040667095,11.98233829482196,11.98633433787041,11.966570935224603,12.016996730903516,12.014381408691406,12.052370107475975
1229,11.57770772207569,11.573309177004056,11.573076371308407,11.679089732300373,11.497321548494837,11.423684120178223,11.394360879443898
1230,12.159220013195402,12.157350910021538,12.15804730899663,12.191278449302935,12.14757386573665,12.204228401184082,12.152196436942758
1231,12.023739215281669,12.020924693816662,12.019651935133014,12.154123023105942,12.06113616408803,12.048529624938965,12.082297094112358
1232,12.183730001599491,12.184583203840422,12.18365803238847,12.202721753597396,12.268533495988427,12.232236862182617,12.273911863539615
1233,12.00167381196421,11.988582309523677,11.988262121975584,11.959236600983317,12.026342310802232,12.058967590332031,12.007782365411616
1234,11.723252911434875,11.735701720483188,11.734519345467385,11.773219730645078,11.759422614857597,11.628315925598145,11.65642987055483
1235,11.78281846691714,11.781680239315001,11.78135484891774,11.812909930841236,11.862339690246893,11.828362464904785,11.837588421250079
1236,12.508823266285908,12.516669110824001,12.515414996439201,12.509295800223244,12.511002536103701,12.448811531066895,12.45683614865002
1237,12.20340190813969,12.210212271445423,12.209406790946154,12.176152120206066,12.191287267161098,12.220829963684082,12.21116441702926
1238,13.177091481916836,13.176669555309305,13.17846758265434,12.474840826811159,12.841160088334385,12.744911193847656,12.799169381586166
1239,12.400187735165044,12.399211810895185,12.39977088158262,12.383106003196316,12.281559362347531,12.228948593139648,12.287766631009553
1240,11.865767167536909,11.871811707020273,11.871709539016992,12.02838899789043,11.820918194897212,11.85898208618164,11.862380788784096
1241,12.283746555548841,12.270827566240554,12.275363462600929,12.222888609413765,12.276852403417985,12.25778579711914,12.24539505998245
1242,12.498294575597608,12.49841336908298,12.49923171029459,12.534087937461644,12.552320671893733,12.545426368713379,12.560032509714045
1243,12.121548674476344,12.11338722306926,12.113535580600205,12.125529468589367,12.133412336298534,12.103474617004395,12.081708336751598
1244,11.991692970824488,12.000235277969129,11.999880580847389,11.984397896798178,12.052368387203362,12.066262245178223,12.056573140225812
1245,12.087842466314816,12.101071561582561,12.10136285015548,12.057171802492576,12.113071666106848,12.13390064239502,12.13233439732985
1246,12.197655160357193,12.204788501018413,12.20424864996695,12.243151911817893,12.212874885363536,12.21498966217041,12.208380463505176
1247,12.528344504378888,12.535631505985835,12.535373193934566,12.500933189535493,12.504482847118442,12.470422744750977,12.51657056036303
1248,12.637236365893918,12.638010471340305,12.637933166348002,12.646235527101087,12.63618981264547,12.617598533630371,12.625387127468544
1249,11.920836355936341,11.91103620987569,11.91237615416341,11.960949346693175,11.95690225832972,11.931845664978027,11.938202607080608
1250,12.298593044266457,12.282992048085177,12.283408012928108,12.304204725705901,12.35142600117896,12.297304153442383,12.315542178185268
1251,11.808650242545333,11.782161344175515,11.788599349303945,11.75368435535395,11.74549008211579,11.75003433227539,11.759135497247545
1252,12.127162067436148,12.12456427950707,12.123064816906926,12.085604405092555,12.192849231397027,12.176535606384277,12.198549368269095
1253,12.074646850565614,12.083404125222673,12.082384338264411,12.083089915614009,12.07597969716768,12.047074317932129,12.059598159753163
1254,12.048833856039293,12.05591020811519,12.055137114324815,12.039867158303446,12.029130310041655,12.032856941223145,12.013752513209175
1255,12.716894551098724,12.723425739414774,12.718780093324087,12.71953970485408,12.649915223090488,12.693452835083008,12.697561142404217
1256,12.609327750160901,12.597284027716798,12.598851247836093,12.611567010097025,12.569629470798144,12.572282791137695,12.660541543010558
1257,12.309552528295297,12.310795408524749,12.310469351962288,12.129334325644525,12.21646834729855,12.163418769836426,12.179212086626977
1258,12.453559233170099,12.455499377744166,12.45501237043267,12.47179474202344,12.498847840368049,12.421528816223145,12.440570858363513
1259,12.686402612399556,12.66916290592878,12.670764558614431,12.680507987188383,12.788583881152352,12.785321235656738,12.775870809028364
1260,11.831884777751613,11.806228582037244,11.809029616862313,11.73503999621694,11.84848457915288,11.76084041595459,11.79122654311932
1261,11.84121054768773,11.838110179645712,11.83828191608434,11.871444902780182,11.88689232837043,11.935710906982422,11.946488117678772
1262,13.43433016174372,13.424780318893346,13.426800722218681,12.114163235133843,13.169518424887727,13.184548377990723,13.172909493420399
1263,12.391377638801144,12.382331012203943,12.382434427036246,12.411424163310546,12.509709426966609,12.490011215209961,12.48055013730754
1264,11.941329111247333,11.94450891234656,11.944591079035655,11.974363114097308,12.000334139682153,11.999604225158691,12.029134984037494
1265,11.81569779008787,11.81120411425245,11.811556558527023,11.936009976931267,11.822637543848845,11.822772026062012,11.851518633368526
1266,12.37670542746751,12.325152058227038,12.332248106077975,12.348925093938544,12.397459840760677,12.483874320983887,12.45883807916312
1267,11.818998825899653,11.79747153823999,11.80028255358338,11.789449789398962,11.809636469565149,11.783162117004395,11.788271981621433
1268,12.479428732901166,12.476786050767435,12.47727962931081,12.472438712303045,12.492273607746485,12.470537185668945,12.495360259461245
1269,12.185259704116387,12.184661451837105,12.184935706259976,12.185326638843854,12.226244324139058,12.246156692504883,12.246938001526779
1270,11.97339115380091,11.974825126203966,11.975255275033915,11.985250947772725,12.029837004013359,12.012168884277344,12.012284005062114
1271,12.084058035426262,12.09452004014749,12.092966359875366,12.066565728002235,12.07671966755829,12.082775115966797,12.052778921812768
1272,12.309148388319198,12.311866531365673,12.312936753007383,12.227470124418241,12.321696524517806,12.260689735412598,12.31013918027305
1273,12.502376541759507,12.499216488266006,12.49990636665619,12.498631226156945,12.482256961636482,12.485047340393066,12.49740813107744
1274,11.936711498563335,11.937340773621697,11.936962368400053,11.92971589476043,11.96851672204607,11.992530822753906,12.04027903184006
1275,11.776336699419417,11.785680042631686,11.783456391074473,11.773754476179711,11.835110816588456,11.887866020202637,11.885744090773214
1276,12.260086067164716,12.252800891988823,12.252624478986446,12.235760546643263,12.24588187646277,12.246930122375488,12.233442926555322
1277,12.571634899155264,12.569721704543797,12.570368129647937,12.5497730302915,12.500379536898311,12.513567924499512,12.524937730172393
1278,11.3993748867121,11.406452129181663,11.40478816996491,11.379472016681754,11.368666281484613,11.379454612731934,11.428730622801309
1279,12.13355309141303,12.134037323105707,12.13314932993737,12.075489331980888,12.0787727281684,12.084816932678223,12.115624971266174
1280,12.30607541318921,12.302625127572453,12.303356977823036,12.320501472591218,12.348034404165476,12.3005952835083,12.317354120853512
1281,12.07932978343848,12.093110343509949,12.091753523114484,12.677311660554828,12.029435421238935,12.035954475402832,12.037621575677328
1282,11.652018442449318,11.688356211883233,11.68335076285496,11.866958474742555,11.670247771029048,11.67857551574707,11.693710230106733
1283,11.459322044691296,11.494723511403816,11.48687237376971,11.605979950105116,11.638104092432535,11.5950927734375,11.618960409234502
1284,12.389847152023021,12.386634721568969,12.387127122586978,12.358750889262671,12.363942076788858,12.378442764282227,12.331150321857178
1285,12.994006258130172,12.983358162118236,12.983692468737212,12.820537022539014,13.113779567075225,13.026062965393066,13.090801257458654
1286,12.305464641574982,12.293898451592282,12.294798203301122,12.280985453436482,12.26107691420901,12.2704439163208,12.27352260065924
1287,12.232854169551805,12.235642826045746,12.234698470716582,12.191401836813208,12.15275606284349,12.21546459197998,12.226303727740016
1288,12.317247181997153,12.309922736539356,12.310939708163422,12.284500707094686,12.306794577415456,12.343792915344238,12.337346614298147
1289,11.886721679302399,11.883961138380627,11.884244700591434,12.141811883354052,11.874065989895106,11.94216251373291,11.93193747997701
1290,11.322806596087165,11.365767459049914,11.364500535444538,11.490114632620577,11.396109658460228,11.385385513305664,11.43824534997624
1291,12.224252196613701,12.209489969329578,12.210326046059453,12.17649447176514,12.17114186075985,12.226631164550781,12.183564082462794
1292,12.126876997554767,12.134217869991401,12.131940292310526,12.222310326137451,12.176065209543925,12.16040325164795,12.158904241954996
1293,11.876377286757558,11.878806413014278,11.878212333418377,11.87878886340215,11.908982627259965,11.878640174865723,11.880731646061822
1294,12.30776689960545,12.306493993557043,12.306616331975977,12.26469100782315,12.225441403760206,12.25050163269043,12.255263411964666
1295,11.605226800870081,11.63718171529461,11.632490550844745,11.444839131239384,11.609709522905263,11.528748512268066,11.529990900780586
1296,12.89720608564105,12.902175870871945,12.901892209283872,12.909566243193005,12.936760662199667,12.979442596435547,12.938470682429577
1297,12.284946988054806,12.279956531102146,12.280480846634736,12.245543852918502,12.211504419335503,12.208797454833984,12.21707572558947
1298,11.679977640865618,11.698035843011608,11.697246934706932,11.981122766304447,11.67639840936926,11.654640197753906,11.616204323243887
1299,12.536750612186479,12.534996236920373,12.535353584733922,12.523309843442583,12.541642846352437,12.558165550231934,12.547010732181688
1300,12.527346080804852,12.529680545639765,12.528922787863513,12.551376925863774,12.534792277080635,12.486075401306152,12.528674808811903
1301,11.89766472964369,11.897215788163088,11.89720814792962,11.927331493224107,11.923794289202316,11.952728271484375,11.97789032301365
1302,11.903637045417351,11.894755967665787,11.89504004499669,12.047359765847041,11.906663338010567,11.932670593261719,11.886846039117342
1303,11.875764807580975,11.877195048734336,11.876997899470412,11.904993701316123,11.87051832998149,11.837166786193848,11.852140594333044
1304,11.771816276807504,11.773142735544436,11.773109693646546,11.785201776434677,11.753716533164612,11.714158058166504,11.714807594417477
1305,12.014454655407128,11.996949830773103,11.998628881827223,12.03794196694163,12.055196345695968,12.054619789123535,12.057050942139574
1306,11.826442105288086,11.830661509166378,11.83154314727734,11.838848444554383,11.812342090574212,11.799489974975586,11.792010651861325
1307,12.558028215570234,12.572750899767126,12.571653296975978,12.555803625120177,12.533860402141944,12.577142715454102,12.535175144347873
1308,11.676919919416644,11.696051143343853,11.694385454813583,11.737201196696716,11.753952060588267,11.819785118103027,11.809195522909347
1309,12.205316493641048,12.2052356737519,12.20532555055449,12.3154643856718,12.170870734930116,12.112539291381836,12.142460444055763
1310,12.360146964503747,12.33404080190197,12.338005095629715,12.103958322370737,12.370085114135216,12.319563865661621,12.33557652210974
1311,12.889024887899705,12.885332350986769,12.88493795463613,12.728298563978518,12.840179704631188,12.826472282409668,12.787467516787176
1312,11.929081065066374,11.914842568966051,11.916368775895045,11.931143184749638,11.917481895620858,11.848976135253906,11.866420377095155
1313,12.11952710227945,12.11849663348161,12.118228574528539,12.12422387022363,12.135192918924142,12.124049186706543,12.104890769826488
1314,12.410711578290154,12.416629144620694,12.416876870108606,12.41881701876658,12.402548360583491,12.400388717651367,12.351597346763024
1315,11.68027599327757,11.693789317777169,11.693725581212929,11.816527597466175,11.752795317410914,11.73885440826416,11.779473463114071
1316,12.115897614009699,12.10621914347882,12.10718109065426,12.128939756789533,12.123578053974876,12.12889575958252,12.095259694279962
1317,12.68740978682147,12.694846713628214,12.693072318313183,12.710421870684518,12.608084497957307,12.603339195251465,12.650775813197743
1318,11.947185650226501,11.961000191766756,11.959314168702836,12.151358825937978,11.974505924290401,11.973616600036621,11.98104168296526
1319,12.099116584483477,12.108331340647615,12.108093363472431,12.163868027669436,12.195015289867774,12.1356201171875,12.157182545562735
1320,11.945131326285706,11.941524818185194,11.941472432809505,11.956502845060491,11.997138494626741,12.014196395874023,11.97963971131627
1321,12.382252479078048,12.377943887075569,12.377653819398944,12.172233060928358,12.459760638525463,12.480250358581543,12.467937243852845
1322,12.150938279631172,12.153397046494392,12.153135109656029,12.046105476460362,12.129500393238084,12.129705429077148,12.147680638298656
1323,11.889537858457919,11.881271409009416,11.881282494184578,11.829714519814699,11.887554148485407,11.878758430480957,11.8643526944953
1324,12.34023439967288,12.340237786241069,12.339723648880891,12.314679825940981,12.337277506399513,12.342117309570312,12.28796896673602
1325,11.840579361774228,11.852133513206223,11.850826909516933,11.825203988430195,11.776126580447436,11.759822845458984,11.80922546882083
1326,12.46410197658722,12.460843425623953,12.461134745604076,12.440496000246895,12.432745014854406,12.454238891601562,12.44635012828678
1327,12.3001879914423,12.317275159456512,12.316111077104303,12.313808506905987,12.358594517382723,12.333290100097656,12.355028683617205
1328,12.45069408112034,12.457677767554001,12.456385641572393,12.425365064800712,12.482081778207533,12.487037658691406,12.50248581750341
1329,11.831730443136708,11.811550085460922,11.815326886955571,11.87001958498949,11.810241172389517,11.841024398803711,11.824478393302556
1330,12.082402280410186,12.075259640521717,12.075929974281797,12.03489664284419,12.041941642078134,12.070886611938477,12.07454924830176
1331,12.467956980382176,12.453407563137587,12.455799186621407,12.509111008534578,12.427085921714694,12.412022590637207,12.401624384526805
1332,13.068341918823918,13.052902276985838,13.053504183944458,13.073839941046703,13.118897384236899,13.055965423583984,13.009616383620735
1333,12.73928606058687,12.729105396517035,12.729429053773014,12.752576549347399,12.864786417264675,12.844645500183105,12.83899351931552
1334,12.015007311406386,12.026068144811925,12.026127570980078,12.048729970599995,12.07569551573605,12.075688362121582,12.079792037341921
1335,12.611263190837251,12.605686498833743,12.606347879664167,12.630781168803443,12.692736070930179,12.668001174926758,12.699317273738814
1336,12.06238410321105,12.069056407080069,12.069342500495319,11.990093667342075,12.039584571206616,12.053842544555664,12.021180130295305
1337,13.055662523957979,13.046925501271504,13.051588684220901,13.057209690023345,12.998569909909495,13.011457443237305,13.086128131034423
1338,11.932262626089482,11.928307861873558,11.92852581493537,11.928971130364497,11.772510938866596,11.75805377960205,11.713112469580656
1339,12.604813012373938,12.598354904401138,12.599483984778187,12.584100231950377,12.573749415779924,12.529890060424805,12.501075626027026
1340,12.444073207851787,12.438510037978022,12.439121296427736,12.415798580588921,12.410498978965093,12.439677238464355,12.408946923417993
1341,12.29177602801241,12.282643476372467,12.282940991654286,12.308170324106642,12.310826885841154,12.280821800231934,12.258079296889553
1342,12.713004229406,12.702687427743365,12.703764300195369,12.550844518504176,12.837520508841315,12.702484130859375,12.726586743810389
1343,12.041624057035857,12.042950377968866,12.042431297362302,12.077182165942709,11.97564170990698,11.996746063232422,12.02355396346251
1344,12.569056907302594,12.57049581659927,12.570347438783068,12.534074136704472,12.534069162262126,12.535510063171387,12.51315804008331
1345,12.021774559575631,12.024482623110243,12.023637238618882,12.03569091881372,12.095838621735465,12.091835975646973,12.073990374620768
1346,11.799943830250955,11.796162696435571,11.796808457042884,11.800453847283233,11.817844141605002,11.829904556274414,11.874378091145012
1347,11.796531018060055,11.805866199205012,11.804557104715055,11.818728574944606,11.90729527325823,11.884234428405762,11.896175925532702
1348,12.365059794831085,12.34192921755332,12.345250541352131,12.365114675780035,12.249267693945711,12.273795127868652,12.267759422157129
1349,11.765194589897778,11.784207724630544,11.783332093731719,11.708332640322398,11.76484391747267,11.809572219848633,11.755736973789544
1350,12.323416694415188,12.33165849384784,12.330609981874973,12.321412410881301,12.356777987457653,12.369153022766113,12.330291770220496
1351,12.128595258417898,12.132917940122239,12.131638609015997,12.141757451067157,12.14815039905789,12.139260292053223,12.140329700587504
1352,12.496398437750655,12.507647672865254,12.507064622033354,12.478036364290208,12.48034511933787,12.457101821899414,12.486856590056169
1353,12.13052062604772,12.128294199830682,12.128676710984093,12.166335791723597,12.151633821467433,12.152068138122559,12.17402663547834
1354,12.256954014458548,12.250188721928412,12.25180169227704,12.079621666441948,12.209754390421905,12.246432304382324,12.273045450491361
1355,12.239872115273085,12.241762075042885,12.241862527287106,12.25343397943897,12.283118106692452,12.274666786193848,12.244804315754623
1356,12.355863866251475,12.363241868885144,12.361677194888232,12.421011236835703,12.331613866458037,12.426798820495605,12.510758538752786
1357,12.418876737956378,12.41393644279271,12.41403893297677,12.415704340013463,12.418380983973483,12.402909278869629,12.418097583034024
1358,11.565506244080943,11.556850396093576,11.5571028678107,11.767653024720254,11.6782298972965,11.73742389678955,11.721147195638746
1359,12.117343528227778,12.103373007173257,12.104676084855525,12.125114063203888,12.081100931161505,12.057640075683594,12.050985241580445
1360,11.9877476933644,11.990680493508242,11.990807350799605,12.030887527758003,12.022026568340397,12.053584098815918,11.960132820733294
1361,11.69123231594656,11.695064966940045,11.695342779339422,11.6585029228142,11.644164290213624,11.639012336730957,11.648851686155883
1362,12.95082846440561,12.968923930590357,12.96915717577281,12.987562640172133,13.02332303389211,12.981382369995117,13.005864344612348
1363,11.700265572817289,11.700299078517627,11.699715013967737,11.652064392892685,11.590195839839268,11.676417350769043,11.616678333502191
1364,12.626509774674009,12.602253288434452,12.607184688585141,12.200930509024108,12.60877378397587,12.595314025878906,12.583750817981342
1365,11.92852477076622,11.922871984921509,11.924441298987121,12.118920486817721,11.945291661115991,11.935897827148438,11.95769483789568
1366,12.043553143648857,12.039717603420586,12.040571942013116,12.066568975046822,12.11805348839091,12.12216567993164,12.095455183166802
1367,12.091750057095123,12.089033568707812,12.090457399541929,11.970983921057156,12.233630919171482,12.174646377563477,12.21903775191241
1368,11.788414570329465,11.787075667249937,11.786907533734725,11.691819914953454,11.827353971659543,11.894330978393555,11.893672620286125
1369,12.634324720928255,12.631924443520571,12.631840581936268,12.660515657408995,12.70677217337979,12.715776443481445,12.70408696057945
1370,11.642461702729218,11.632687626679486,11.633237873478985,11.670544163818134,11.66491670527281,11.590441703796387,11.543174637729441
1371,12.30012702866901,12.30849590074696,12.308114260489926,12.282195570734576,12.302535255071955,12.298173904418945,12.297540924601815
1372,12.41478381954749,12.420927527091646,12.42196131318848,12.218054245784714,12.331716164183314,12.341593742370605,12.370397793561253
1373,12.111269448542174,12.117625368350017,12.115856681143795,12.088773867643813,12.09332618509504,12.062932014465332,12.075445767248238
1374,12.524844318091025,12.542922343357237,12.543793768253497,12.57465746996872,12.595484136422709,12.526061058044434,12.507221462743201
1375,11.836300844200506,11.848464059056212,11.846902426264563,11.837311757913671,11.807217864476279,11.778655052185059,11.79616421871978
1376,11.875623774907032,11.86678228033749,11.867701219625312,11.809532858958244,11.908445046136958,11.915892601013184,11.91967582135562
1377,12.468549712760487,12.457865353413348,12.460071216531905,12.440851311290766,12.431904662934695,12.43021011352539,12.399818018553718
1378,11.890136768942547,11.897679834241679,11.896470931667457,12.322290470652185,11.929026214114847,11.927762031555176,11.907052707997115
1379,12.700626805501011,12.713359087789712,12.712235102993533,12.717908196516424,12.743840486634623,12.735533714294434,12.755464497599805
1380,12.573861624492132,12.559829643166152,12.560649503602903,12.59876971086858,12.515846259642666,12.595348358154297,12.541886195958595
1381,12.352862509907428,12.361886040590985,12.360772247966654,12.352396470934584,12.30742029286875,12.355528831481934,12.346668614288713
1382,12.616330514636687,12.618279885310274,12.61795555970231,12.594280428482495,12.63904014661963,12.675446510314941,12.615344791053076
1383,12.042739834262546,12.03945547339758,12.039884957167887,12.027054916708375,12.027991407483666,12.075231552124023,12.024454264920426
1384,12.009603355835562,12.019488023910952,12.015479320608689,12.073487124276406,11.987660070126278,11.997711181640625,12.036754803131275
1385,11.968583245247496,11.967261751448481,11.967004510645024,11.981759573028512,12.031650177298145,12.032852172851562,12.048137016011767
1386,12.366879450616004,12.364824053756735,12.366041889574815,12.347108202944911,12.377120650706892,12.404223442077637,12.391216112912955
1387,12.924623024273972,12.921452464340739,12.921783941397134,12.934229268849403,13.022992519118244,13.037461280822754,13.019447323422444
1388,12.17377449373677,12.183758454674246,12.184203590498605,12.114719706067142,12.178535903203338,12.146642684936523,12.140941874494056
1389,12.45925211459925,12.452195673337481,12.453308801515016,12.461211688933753,12.398462526614095,12.414024353027344,12.408998213122725
1390,11.805583009607876,11.783103039826992,11.784573109859195,12.027661097808174,11.830938072997755,11.81626033782959,11.848280518366664
1391,11.84823626194216,11.861223689963353,11.859522182260857,11.890046070553531,11.900362558941739,11.87880802154541,11.867894650772499
1392,12.207778687051075,12.205705172028033,12.205427548237934,12.246363599734842,12.14621319571841,12.173304557800293,12.189382876219343
1393,12.679867530072755,12.686272227824757,12.68560778818957,12.682235154251366,12.647103292803978,12.740836143493652,12.747517623916828
1394,11.885635701261336,11.897650714787758,11.895875829066524,12.052175608105832,11.961450497374004,11.897615432739258,11.888511990802789
1395,11.764419868823044,11.776387081337154,11.775104900123804,11.772080522747622,11.695265982482827,11.63171672821045,11.580625980411584
1396,11.681936117270064,11.696909816777502,11.695640205649068,11.633234020316275,11.650983265158853,11.679162979125977,11.668629643683866
1397,12.152057276672348,12.167468473198848,12.164873154870559,11.940221606308649,12.084408991978362,12.117415428161621,12.045895383683213
1398,12.062533544876132,12.055599213724333,12.056145466443741,12.12266578807254,11.978330811808032,12.024435043334961,12.071442788048381
1399,12.27965968492314,12.280166494015916,12.280069092858687,12.272726107159762,12.266422531309969,12.27965259552002,12.275687937849336
1400,11.871210612037565,11.893515826202028,11.889776962952004,11.952985039452237,11.891070377870317,11.894302368164062,11.869902271060184
1401,12.050224420015056,12.061228782128484,12.060447859958346,12.037092161060798,12.06135143938271,12.095590591430664,12.120466666235846
1402,12.11763937033107,12.128278974887996,12.127110516664358,12.124782992042503,12.112372422859409,12.143412590026855,12.116023343844304
1403,11.80548771371498,11.804183401114853,11.80516181390861,11.825866671999421,11.860915851341005,11.810918807983398,11.817995572129693
1404,12.380641269237334,12.371207187295067,12.37354064421444,12.413906741388313,12.398751435375605,12.400903701782227,12.386292398450534
1405,12.251643914028223,12.244694039734446,12.245691461273044,12.13437752596261,12.350165649963435,12.241629600524902,12.259997017805453
1406,12.438273713146812,12.44317940053691,12.44307740019727,12.440167974183666,12.441238120562588,12.443238258361816,12.42519146124521
1407,12.059368685979466,12.0575400617006,12.057644267294714,12.059829353098186,12.003457935111216,11.992897987365723,11.987214607079501
1408,12.27651478822003,12.278994432036926,12.279754252837854,12.207730745760546,12.179784176671614,12.200360298156738,12.222155457641882
1409,12.454293263836455,12.44678089808685,12.446301378846266,12.455802280788996,12.481613644828634,12.522804260253906,12.504956291810664
1410,12.382399465964419,12.386882212636586,12.38716060295222,12.424998458301603,12.398840435369783,12.373135566711426,12.352327663783242
1411,11.86358693453668,11.876464816400658,11.87389542959915,11.880147287122064,11.92186355836072,11.961189270019531,11.980283937192636
1412,12.305691878287856,12.294850109553575,12.294866891845526,12.305679996141121,12.332343778509882,12.291983604431152,12.32910193368077
1413,12.293318917622122,12.310014198501698,12.306155037184014,12.234835273656225,12.390834601530074,12.38405704498291,12.415420003893518
1414,12.292431986739219,12.309961537382476,12.309231939570546,12.291707838536997,12.333886723263102,12.369373321533203,12.359511324462066
1415,11.8533445910264,11.855414275780417,11.854464599592621,11.833461126649203,11.849478886976733,11.881421089172363,11.848424256536555
1416,11.746931221160864,11.744929242885915,11.744179006861966,11.842432706241768,11.803171387926843,11.830353736877441,11.813897302027184
1417,11.947152772028716,11.912693773776677,11.922771311440872,12.135873089774279,11.91802543893727,11.877942085266113,11.905604112668723
1418,12.15555894104766,12.158984215606157,12.15895754367242,12.153122670728955,12.135065246512744,12.18015193939209,12.169167742400612
1419,12.049606540306842,12.049192076481967,12.04869662663398,11.952148605598078,12.149090203773417,12.080875396728516,12.05109438703522
1420,12.779317484287535,12.77087224471549,12.771923743525885,12.786567956671606,12.719472208092318,12.76784610748291,12.816410737400902
1421,12.4315387195159,12.430753308541703,12.430916894564083,12.435094445843061,12.451701243808897,12.419771194458008,12.392797456133366
1422,12.36390167891602,12.345094320130533,12.348211211173666,12.169259066810882,12.333194588637271,12.323979377746582,12.319661960268473
1423,11.981963996816544,11.97822442821883,11.980440379445854,12.066941932812892,12.009455974867038,11.996023178100586,11.99651198477314
1424,12.238949638363874,12.229564923172529,12.23044374798964,12.233526224221775,12.239692611956574,12.22182559967041,12.206756702170853
1425,12.037111904831798,12.03010168516017,12.03287726927223,12.037089259109342,12.014640597342432,12.065881729125977,12.07094406094026
1426,11.764242053806518,11.764594343372654,11.761974804246304,11.812206304860316,11.8388855190242,11.869955062866211,11.901992761567953
1427,12.788401682941402,12.805490490025555,12.8070363348535,12.795568880957958,12.729346168678305,12.813039779663086,12.704688769040194
1428,12.506585670333262,12.501047805634439,12.501536743453611,12.481583604132043,12.41563760064381,12.42525577545166,12.43916646927993
1429,11.79930189520987,11.800034195047154,11.799627149703422,11.799876440464587,11.871842743900748,11.86951732635498,11.885698282246572
1430,11.891044144964823,11.89155249089747,11.893344628673269,11.930833308115613,11.939038089563297,11.9315185546875,11.875083471698314
1431,12.320823049598037,12.316869552756199,12.316695778423044,12.153153725449082,12.211925890874257,12.27499771118164,12.251642465373806
1432,12.05769992557403,12.051972263235522,12.052424719397708,12.152115039904665,12.08019037983186,12.09304141998291,12.104166353595287
1433,11.7826064677818,11.784746901177268,11.78477651429247,11.785657582143822,11.773158238227559,11.78039836883545,11.805907081193316
1434,11.381018540998962,11.413790405178542,11.409084322779638,11.414502903292739,11.567786127797707,11.620025634765625,11.639287543775714
1435,11.444461540297322,11.432729082874543,11.433173122087823,12.119649754901431,11.482302739774223,11.428616523742676,11.385838838186261
1436,12.312167640885004,12.313609839517925,12.31334420590618,12.320668417126935,12.291708769830139,12.276493072509766,12.267422286688598
1437,12.795874032233346,12.793549386266141,12.793795140034396,12.824770701917089,12.846919598974974,12.871768951416016,12.89912157228639
1438,12.39730763633018,12.400518553340468,12.400193837507315,12.37909574557239,12.35925069722166,12.345746994018555,12.345087062837106
1439,12.19487071100298,12.204867467537355,12.203838252733659,12.21048785230137,12.102852236728173,12.151019096374512,12.167227040742674
1440,11.872786508749776,11.874006515012693,11.874021511767197,11.940554898036329,11.973243049547648,11.977376937866211,11.974313112725762
1441,12.346623122490106,12.337628101487574,12.337804330820457,12.320880441128159,12.226822150478831,12.245878219604492,12.232988037249243
1442,12.216100072170649,12.203500177195371,12.203771008610612,12.275615275271882,12.242865395205454,12.229968070983887,12.24178660838157
1443,12.268084937070455,12.282285151523318,12.280119637933348,12.302841682826129,12.22974875403613,12.183798789978027,12.151636516275918
1444,12.493985276272912,12.497498565601829,12.497298496780566,12.497255693667858,12.51255636299527,12.46973991394043,12.484779966358461
1445,12.666283366989386,12.650161559704284,12.651947055264738,12.671701863542754,12.763890152224878,12.790704727172852,12.805263815174532
1446,12.27498426050363,12.27763420785225,12.277468694778698,12.294068053831786,12.336699832322628,12.309219360351562,12.354934550249213
1447,12.117647730746619,12.117782006017832,12.11751571739551,12.10313079979425,12.077703332175274,12.149882316589355,12.142595464440964
1448,11.857877982036225,11.860535605510924,11.860206833175392,11.83244065140203,11.943966169973306,12.01799488067627,12.019238845213343
1449,13.60965945875882,13.640905904147406,13.638430397186852,13.540848040359663,13.334381249213852,13.177090644836426,13.174897188145916
1450,12.177018932167607,12.16016529020678,12.162222599527054,12.184035162593622,12.139621921417925,12.156124114990234,12.130695421905035
1451,12.087879437361636,12.075089342844905,12.076610476209215,12.085140610080169,12.126101561128564,12.111320495605469,12.106700016830409
1452,12.535164150151438,12.530039180678848,12.531082007945532,12.508823204651051,12.426905121120809,12.415295600891113,12.470224923077705
1453,11.948699717362137,11.951710370713153,11.951171234493515,12.382017495706464,12.010553870832508,12.000495910644531,11.97975677211029
1454,11.702202138768227,11.68984876219155,11.690596816244545,11.72429593998807,11.69533055229497,11.637313842773438,11.592690503574945
1455,11.895940157492781,11.892747688485239,11.891684356030678,11.930021848741003,11.95180284450019,11.959615707397461,11.901267329594782
1456,12.234036065057895,12.232522396665804,12.232484183157222,12.185799844806105,12.218619923425962,12.213001251220703,12.216702826060073
1457,11.82846705160246,11.833949392888522,11.832763610733977,12.06329642265591,11.867141283548401,11.829428672790527,11.820985032167535
1458,12.346777899521618,12.352746890653986,12.349057893563192,12.322967406439286,12.280533282775307,12.237618446350098,12.28467799626124
1459,12.338615462753319,12.333777944716891,12.334033442054643,12.346690213674856,12.30667521215026,12.313379287719727,12.354840102894816
1460,12.049673194208413,12.054594257786697,12.054607077550635,12.022735845870953,12.119747382097051,12.087217330932617,12.100492164945209
1461,12.121116400883711,12.104969611507856,12.10587962033926,11.590463043563084,12.096944165031813,12.090608596801758,12.07267317216998
1462,11.90358785325154,11.901514149102029,11.902529193302275,11.930901443027993,11.958075417813367,11.988204956054688,11.946248164842421
1463,12.087415231374715,12.071643054638468,12.074690883483727,11.909980789974501,12.036927383756119,12.049705505371094,12.073597755304652
1464,12.272093025646178,12.285211103798968,12.28387167328578,12.298405612205855,12.250498327650297,12.256860733032227,12.23940754787073
1465,12.387039832023966,12.385762041069214,12.385272758166018,12.402349641214418,12.308618687548037,12.394086837768555,12.387153343725354
