Id,ridge,lasso,elasticnet,svr,xgboost,lightgbm
1,11.912027153092883,11.91695734526586,11.916639316117381,11.999511894841842,11.990074157714844,12.008207320899498
2,12.08598603817423,12.082502915225076,12.08240175544098,12.110607663678799,11.993138313293457,11.972851449384498
3,11.8139212475899,11.801450355491049,11.802222666420693,12.117303293838766,11.754786491394043,11.788485035163664
4,11.901114628475657,11.899920029385498,11.899407891182346,11.942046685520138,11.937381744384766,11.946513654167221
5,11.944242919105793,11.953425506715035,11.952897551993798,11.92299851974165,11.880765914916992,11.860142811985403
6,12.338729271722936,12.346154009335724,12.346003822308004,12.354763074047392,12.37735652923584,12.350916750915875
7,12.201663059356465,12.196339504319425,12.19608105700774,12.096202374015416,12.131182670593262,12.154693904210905
8,11.888886437750072,11.897962514442604,11.89692150719293,11.912702196326011,11.893675804138184,11.909879903818936
9,11.989857036822524,11.992240318192247,11.992362695852862,12.051161313617651,12.041969299316406,12.039023569928519
10,11.977451694305296,11.989132595215377,11.988074106097125,11.974216975039464,12.036802291870117,12.045403400375585
11,12.049965491220934,12.061950599878458,12.060076679516412,12.036104923837286,11.945902824401855,12.028411658793999
12,12.08767304726628,12.084740267291787,12.08535314310173,12.540342826568645,12.10312557220459,12.085880047502696
13,11.888428178019664,11.907484065620656,11.906321429262583,11.988385928946325,11.929505348205566,11.910491028963595
14,11.950474020894712,11.948235885519617,11.947834081164293,11.998030018481906,11.98712158203125,11.984472142733525
15,11.772519964165566,11.7765559797908,11.775856857930924,12.03870961264388,11.786358833312988,11.780052358576677
16,12.18573344335601,12.184705982544015,12.184980362563493,12.181783670495806,12.193620681762695,12.194859521254076
17,12.149192560148274,12.155149217715348,12.154407548260494,12.064590690616843,12.056916236877441,12.073807134319955
18,12.109687404024886,12.106844737372054,12.107539376401,12.103726073592911,12.044779777526855,12.04272209243328
19,12.244932675151118,12.254115753737155,12.252562155846958,12.241388080619105,12.284289360046387,12.282600204203412
20,12.65372330538258,12.647705692149186,12.648490369558766,11.98655621563419,12.605400085449219,12.586504572291975
21,12.196128830702515,12.197841885493,12.197988731846197,12.223752651440671,12.160346984863281,12.164938445075467
22,12.099493679226814,12.100183280227869,12.100067683997795,12.229324035483536,12.092377662658691,12.154003892518324
23,12.223073085926238,12.219466378888026,12.219453174776023,12.064033887341685,12.261394500732422,12.225753481609681
24,12.47394368099186,12.47540538419063,12.475269883308702,12.474805621918112,12.502809524536133,12.474807506259069
25,12.35519134216023,12.362036368962602,12.361672062278403,12.065178114013253,12.306452751159668,12.216972282463283
26,12.091903506804702,12.103936700358053,12.102546733638658,12.137201662166108,11.967633247375488,11.973522865363975
27,12.114123301412794,12.11872331273869,12.11748437417424,12.151631125311212,12.162079811096191,12.133114861475551
28,12.599496338537268,12.598829586938123,12.59889345694988,12.584422538175023,12.612724304199219,12.592593495280568
29,12.721629537524745,12.721420234984947,12.723017315888105,12.745684584418786,12.582509994506836,12.61353134154761
30,12.67505342007449,12.678522867270123,12.678443172889722,12.620764869797405,12.624275207519531,12.57231677452906
31,11.998849051717473,12.041493704970499,12.040549128348498,11.975187393656908,12.012104034423828,12.038528155536117
32,12.667960111915873,12.67142144778291,12.67113098368624,12.685785440757236,12.644526481628418,12.661957832564026
33,12.887502611801049,12.88609348824485,12.885782845125151,12.878966976429293,12.987678527832031,13.03298330314932
34,12.074314645211148,12.07622091690353,12.073728410270906,12.010392048513538,12.245522499084473,12.25398547503097
35,12.346717002666164,12.356718488300888,12.35591644696572,12.371446150157183,12.46299934387207,12.456738416762235
36,12.140528849337231,12.140204186567178,12.140448095241739,12.316831671750876,12.145244598388672,12.146111242080318
37,12.150365205316245,12.188066527644757,12.183968598312125,12.145133511571068,12.11352825164795,12.12691707599327
38,12.89926139425301,12.898616559999935,12.898708957170768,12.89309291196128,12.986924171447754,13.038972353753568
39,12.470054618142782,12.477611183381724,12.477073187573865,12.445905036479655,12.513360977172852,12.489567609947807
40,12.198458963999325,12.198297784623866,12.198652222158,12.128018337350632,12.206439971923828,12.23698088758365
41,12.089112170201052,12.08647800946023,12.085189155534874,12.076723424040878,12.112927436828613,12.092153930467846
42,12.049324342308404,12.060338960492528,12.059043369995688,12.244908929995493,12.10326862335205,12.056191564163747
43,11.950083427630426,11.94005086614045,11.940766572728796,12.07834120546817,11.956121444702148,11.907977953653392
44,12.126273448131622,12.130363077057979,12.130565801512786,12.122076219594156,12.15926742553711,12.165452104400728
45,12.394028433774182,12.396174651509558,12.395896528634383,12.379479170284249,12.434316635131836,12.414641472061666
46,12.75667278773363,12.755581470917429,12.7565172175083,12.750074141017183,12.626404762268066,12.688634405886532
47,11.812585983556536,11.816791122056323,11.816126047932023,11.829241282437906,11.777775764465332,11.739352440820054
48,11.978639060493352,11.975127682815957,11.975739691435566,11.982664312260486,11.905962944030762,11.897219551426733
49,12.021155754371224,12.02457725531399,12.024174230527267,11.906323239390446,12.024837493896484,12.04532131424979
50,12.143875172046108,12.153191210218308,12.153206270568473,12.036228002466954,12.114994049072266,12.138198265681936
51,12.939006402235803,12.938520582361988,12.938606927020489,12.950220225630769,12.977296829223633,12.928069669570283
52,12.364622233153721,12.363706004572709,12.364761705494134,12.37134675111449,12.300600051879883,12.33870756674997
53,11.548996406196249,11.544528290762642,11.54508838242999,11.56412375926648,11.604259490966797,11.602654444503735
54,12.009385319270406,11.996692976588468,11.99661787250709,12.024811656558382,12.084842681884766,12.051622536888436
55,12.11893846319149,12.132454284356182,12.131521218308295,12.08127104787311,12.076637268066406,12.083461884315737
56,12.236901379258697,12.238407850283496,12.238331057020673,12.108948549283683,12.189823150634766,12.196918716756853
57,12.25194389691426,12.252083832085326,12.252230061598656,12.240218479798633,12.235424995422363,12.262129872415523
58,12.49184235621046,12.489441892267752,12.48958531496315,12.491240758155893,12.508785247802734,12.560040277413618
59,12.13166844602827,12.141070958966,12.140388893917754,12.310011941132569,12.187773704528809,12.16274130679205
60,12.17789001904219,12.176665387812353,12.178096156510344,12.140408805953292,12.256332397460938,12.222524602793435
61,12.082707032872026,12.087867647657545,12.087682425938453,12.040354748775677,12.034433364868164,12.03893898442456
62,11.632136954972719,11.645692549368889,11.644280584879093,11.69822926341693,11.660433769226074,11.700176618047854
63,12.796831623610597,12.78941368767703,12.78979502101431,12.792045009224594,12.87675952911377,12.907163274366978
64,11.964876748809532,11.963942566305475,11.964014569604695,12.009625873420694,11.971548080444336,11.967014062559686
65,12.27283506868848,12.281794192401314,12.281159442705754,12.163957789328707,12.320109367370605,12.298936892912943
66,12.023565823518673,12.024183654553209,12.024631543371932,12.116535464129576,12.02249526977539,11.983234633985804
67,12.791870864405583,12.794150252524553,12.793975204844731,12.399914621661043,12.788594245910645,12.770585117789967
68,11.907016247944648,11.908947978973094,11.90841766265481,11.928022853853692,11.974016189575195,11.966486478509866
69,12.076536147360072,12.08592623203352,12.085323849447944,12.088919154706883,12.066546440124512,12.051132160437302
70,12.205848208572373,12.191325456725957,12.192682449019104,12.155050157283586,12.177597045898438,12.210799426368256
71,12.843267337843095,12.840757120972341,12.841445230293564,12.846837043662992,12.832050323486328,12.797080081195132
72,12.269765846159709,12.277743994275246,12.277403332949364,12.252995328307607,12.254905700683594,12.251767034782558
73,12.467511925475517,12.460661596479609,12.462029536737973,12.120895908154344,12.477283477783203,12.497695049116274
74,12.576996408882742,12.564767298523588,12.565712293523367,12.065178114013253,12.639250755310059,12.59646154907067
75,12.387070222004098,12.390894253847168,12.39060335453092,12.384652939469817,12.411890983581543,12.426541141853582
76,11.911778346765594,11.932115224998455,11.93168858323197,11.940248866625232,11.871003150939941,11.859688834272601
77,11.76440380454693,11.765802493026875,11.765599903150358,11.759636912154502,11.704874038696289,11.726558495829012
78,12.342518505099575,12.347525212629979,12.34700935939516,12.318239513240805,12.367067337036133,12.34746812601126
79,11.94415930446829,11.957656763169885,11.956772249235451,11.955460194276194,11.961568832397461,11.975495910977008
80,11.98894840227404,11.992072438186865,11.990992263281859,11.963325678138391,12.06869125366211,12.06206989988925
81,12.64880546989189,12.639592285488323,12.640853510197342,12.696373956514922,12.618958473205566,12.615467616127964
82,12.338873935259805,12.346210065219738,12.345801274658132,12.328632000199656,12.366113662719727,12.347239545249254
83,12.18640813990181,12.206672532449904,12.204438909920595,12.309454372691166,12.368453979492188,12.359833881338849
84,12.014435381461022,12.020586444164287,12.019510545201289,12.10357270454323,12.002007484436035,12.046904350656916
85,12.256875250496481,12.253244873743029,12.253717575199767,12.245443198442542,12.20564079284668,12.196174279162316
86,11.60586288667592,11.609164904683443,11.608398522932202,11.602669841491474,11.554337501525879,11.521334342332318
87,12.280117572842508,12.276089665161214,12.276205431359255,12.278519545916964,12.323417663574219,12.332231796848998
88,11.719323075389973,11.720876853191706,11.721005283257512,11.70965700318547,11.696871757507324,11.73581725210119
89,11.812665262243163,11.797435448390889,11.79950582943015,11.937009473177465,11.821824073791504,11.766293054542924
90,11.9050990483148,11.904374448557597,11.904311202691094,11.999574847360355,11.936223030090332,11.921062354406784
91,12.442560654522403,12.446897873102452,12.4464297889204,12.464906836680372,12.513769149780273,12.516070066248822
92,12.153443372931592,12.161142465044847,12.16140529239454,12.067632563999808,12.076473236083984,12.121588148336738
93,12.42314676145701,12.429147494492776,12.429807510552543,12.368547041086321,12.40874195098877,12.386411860977475
94,12.45600473219688,12.451530004413236,12.451860928680784,12.292328208202038,12.558158874511719,12.600636334318875
95,12.331485166560984,12.33061889356449,12.330601806895524,12.324801648949212,12.328378677368164,12.30788145476444
96,12.167246803883305,12.161778901155053,12.162482371900232,12.133596611371686,12.076520919799805,12.103008256311961
97,12.454311853451225,12.450863722473477,12.4512502656563,12.41057121503036,12.418946266174316,12.379143722916089
98,12.776104469245361,12.768791546551661,12.769253077934792,12.763588995578024,12.588089942932129,12.582249483702496
99,12.306332065685963,12.307123211614782,12.307282093995079,12.334905010396962,12.254076957702637,12.296691121574375
100,12.616427672332765,12.62582392251017,12.625082980465894,12.619859367351278,12.557159423828125,12.51741180706012
101,11.942567410253792,11.934214934269306,11.934404710347772,12.421505782272893,11.99417781829834,12.052317075935763
102,12.194572165386761,12.196012272957137,12.196121412784464,12.170183112869477,12.173735618591309,12.14972173833257
103,11.900253270302514,11.895282638206039,11.895081669136033,11.866280663136031,11.844977378845215,11.814514403136378
104,12.038451070605939,12.04560981601978,12.045628930070501,12.061890778524605,12.03118896484375,12.039836425557798
105,12.473000862772027,12.469754567833961,12.469472684581236,12.485666690012422,12.307432174682617,12.243546711505601
106,12.213340912024552,12.20122301580607,12.202962604640302,11.92426111302003,12.164397239685059,12.20664783283293
107,12.407338944408721,12.396403290046154,12.397200482412499,12.4395798706418,12.439180374145508,12.426216002518984
108,11.781453514590323,11.787966119711156,11.787489160845183,11.784383773433916,11.71783447265625,11.764188754699669
109,11.875015152465913,11.866393643960643,11.866565187326584,11.892045209645987,11.878893852233887,11.854302312340229
110,12.35703515327764,12.36176841498837,12.36191801581651,12.39488175228353,12.3429536819458,12.327409337171048
111,12.792865066512736,12.787483056889393,12.787870166854827,12.82090826796513,12.926430702209473,12.917767417322697
112,13.02974913376842,13.022152994332536,13.022008566294453,13.023991199450789,13.094374656677246,13.036878802948946
113,12.324359809350604,12.32360659153644,12.324131206446653,12.345703349730655,12.247491836547852,12.237156752824447
114,12.406695910270598,12.407964706652306,12.408106084936914,12.418978400057648,12.435431480407715,12.423368029503663
115,12.072793636400565,12.085480149002244,12.084181010903075,12.06517811302018,12.155956268310547,12.14414670958356
116,11.689038996114512,11.685261110023415,11.684984682728697,11.687007817787892,11.637655258178711,11.640714258600612
117,12.121180021999923,12.112380279034628,12.112220282312,12.053201728499529,12.038323402404785,12.07968137658197
118,12.60103267846782,12.58850903654617,12.590085401213948,12.117188619651236,12.458504676818848,12.49698963595083
119,11.527215066549523,11.522650962759977,11.524275448529282,11.431804845185756,11.385756492614746,11.384321497016675
120,12.51127176788945,12.507553464087689,12.508006369912566,12.52647281471989,12.461899757385254,12.442833198744227
121,12.518182354076723,12.515499848844211,12.515972188542118,12.471307059562598,12.36783504486084,12.395616613384357
122,11.48065231068606,11.48859047741298,11.485743939626058,11.626534957881356,11.572938919067383,11.569616281322572
123,12.277024780699458,12.270787460446462,12.271113276795006,12.291509261054903,12.281290054321289,12.235970916823014
124,11.703736588340679,11.696237467996792,11.697947086451522,11.642591335859528,11.556401252746582,11.66387733930861
125,11.783878995675384,11.789092221970844,11.788278494325395,11.85649559138333,11.91983413696289,11.839458721999241
126,12.906624717724858,12.906743243389734,12.906288593182088,13.085734335360094,13.001714706420898,13.033028947643887
127,11.78470044430692,11.779050933189492,11.778817816738977,11.807141021195143,11.719489097595215,11.73711370091411
128,12.337268440174421,12.334442473420573,12.334948665907262,12.346277625152652,12.381856918334961,12.38906766552669
129,12.363660748434036,12.354066899276594,12.355940373663845,12.345684171108354,12.334322929382324,12.309283497266902
130,12.342962375302877,12.365061809397307,12.36385241796886,12.345761493561314,12.311610221862793,12.377648374478387
131,11.955942225766092,11.95448136337307,11.954278882232638,11.953123429625997,11.966935157775879,12.002864003928336
132,11.815503167914102,11.822906518558737,11.822774457756045,11.824238517594502,11.79341983795166,11.762840726553142
133,12.749155927608232,12.752200599017755,12.75237727992329,12.758496929786947,12.658363342285156,12.676818607325226
134,12.269557612699394,12.267407648769018,12.267644969093721,12.272286095781233,12.272294044494629,12.250065641240809
135,11.946883366973275,11.957210747071208,11.956476518012622,12.021815123329917,12.023012161254883,12.009407217549793
136,12.16396961245738,12.166497808486524,12.166407638714603,12.186098336723553,12.07972240447998,12.099683538032597
137,11.521241629840276,11.529952149660796,11.529588462619257,11.612514084624959,11.621965408325195,11.679082027488489
138,12.076906244840536,12.080605978744869,12.080237655728398,12.024630052101573,12.053823471069336,12.061555878994385
139,12.153285850847125,12.157185711366097,12.157335401477695,12.110723985422874,12.080179214477539,12.1036615663999
140,11.91738575780108,11.911885855798987,11.911661397051498,12.094661457897704,11.959816932678223,11.928892484893648
141,12.45523646142685,12.452205858156802,12.452964474578469,12.109612077721954,12.449654579162598,12.423185408305994
142,11.5405513901419,11.539983391126885,11.539854505787531,11.534609481221796,11.480118751525879,11.486454387319311
143,13.123973555681928,13.124973577656286,13.12486275243655,13.098001203731465,13.155647277832031,13.145197520450456
144,11.776610245915265,11.768973738978183,11.770274579335393,11.87807741092058,11.71895694732666,11.701776314752676
145,12.162064387512812,12.159703734972926,12.159535261421027,12.088804772284929,12.132649421691895,12.13408892228275
146,12.42093352871889,12.426011208826209,12.42612686092182,11.901033784745387,12.313005447387695,12.34129590379512
147,11.542046306092065,11.510920552415625,11.51140727065812,11.559925460258496,11.457777976989746,11.577716335297422
148,12.494678909182895,12.504375193776232,12.504123573810503,12.421917025119523,12.463825225830078,12.442209881566301
149,12.507432524115949,12.501947178983784,12.502496586683991,12.49768396678514,12.516962051391602,12.509314687537364
150,12.247668124642633,12.24918299775785,12.249179096247227,12.215242194332165,12.23490047454834,12.244679196233689
151,11.802356646885391,11.801351298841517,11.801001007368365,11.97304898349342,11.891804695129395,11.863971677959555
152,12.10854800242787,12.09956715668171,12.099808336479839,12.032487626421107,12.131819725036621,12.167655160679463
153,12.470448095194287,12.478074621311507,12.477527333242714,12.487045618500986,12.502751350402832,12.558829719473165
154,11.860995461459153,11.861186831262227,11.861146813690715,11.887986624299948,11.818882942199707,11.765888143120112
155,12.867097552887069,12.860217054206272,12.860691280822858,12.852825412749873,12.92221450805664,12.912996304515358
156,11.996936702478052,12.002222114545445,12.001488856013406,11.964429411895132,11.976405143737793,12.021506021062482
157,12.684392552457657,12.68647552236054,12.686237417895242,12.631576710745453,12.720210075378418,12.734408505434079
158,12.560043453779715,12.563415131612246,12.563746142578463,12.554570706714017,12.582540512084961,12.602161100855122
159,12.667941446074972,12.664649512926756,12.66519280663551,12.700959308732536,12.589522361755371,12.624772829009423
160,12.409052058715067,12.410203147187017,12.409944494230599,12.47559256857442,12.345267295837402,12.325056396403848
161,11.666764881263934,11.648289853786597,11.64845622158844,11.626770936930527,11.599003791809082,11.581566562442909
162,12.766656638317242,12.7683988867833,12.769448280011742,12.754242059171911,12.70754623413086,12.708201483953768
163,11.689723914137137,11.682778530917275,11.682290868127366,11.710570689049657,11.671451568603516,11.635489717938922
164,12.601646449228417,12.604772102705134,12.604470573778984,12.574948815719399,12.602495193481445,12.599601153767205
165,11.979466314238712,11.980804756294347,11.98086790899464,11.972360020855188,12.086655616760254,12.083287389879485
166,11.543675905838677,11.524960898241073,11.52629176850345,11.877725189299492,11.537413597106934,11.636519545012115
167,12.35824418290483,12.354083519766998,12.354876512780455,12.307298325938842,12.277252197265625,12.278797255444067
168,11.878859521972103,11.871884633332195,11.873522529631988,12.298920389589215,11.847198486328125,11.854028098060503
169,12.004919944011842,12.015304494183495,12.014781450679571,12.083036471921067,11.998586654663086,11.969702847768566
170,12.211818223841615,12.20906048244858,12.209365641778389,12.304976718399754,12.195764541625977,12.229531112608736
171,11.661177827250626,11.65516695963895,11.65467144493207,11.914975780210858,11.603609085083008,11.624119231422629
172,13.050531438299414,13.049471849376683,13.049453879023527,13.03799903688404,13.096479415893555,13.093207131524128
173,12.37515361945995,12.375387605284198,12.374348710567967,12.11966242414526,12.51484489440918,12.568750123291386
174,11.94970360794445,11.963558009157916,11.96375467271382,11.824337082542518,11.999112129211426,11.965600076301383
175,12.564309605009841,12.56701113034156,12.567223858221372,12.69173293091375,12.547869682312012,12.50447323343703
176,12.592971266408856,12.59260674223086,12.592818775398154,12.594747128291393,12.622182846069336,12.572016009581269
177,11.915732502304824,11.923154962507954,11.922184768047028,12.113418976114836,11.90117359161377,11.906004160725388
178,12.414935910316924,12.41375261458562,12.414108806693735,12.395394785718945,12.360878944396973,12.391953965912396
179,11.699792934129569,11.706713355055964,11.705996458095138,11.637625738413389,11.743033409118652,11.727598918256056
180,12.175309045622159,12.176152719847208,12.175800545059214,12.213508546917577,12.171831130981445,12.165959537704953
181,12.835522514735034,12.83217897944094,12.832571535688292,12.632035648200862,12.802562713623047,12.744548233979787
182,12.625696585353502,12.62512854891679,12.625865797937827,12.59260924080108,12.618692398071289,12.62589178042845
183,12.341178406493196,12.345357680956608,12.344613141781416,12.346637768579736,12.32855224609375,12.41805919498415
184,11.908598059579333,11.91318894301734,11.912303628808694,11.897458254875122,11.936001777648926,11.908282160632703
185,11.89323039547781,11.891149410475577,11.890252308266147,11.923443510066589,12.024642944335938,12.008367123005371
186,12.186667905941722,12.16836774350671,12.170039938624546,12.178000345004035,12.1288423538208,12.136263961352897
187,12.202298345432887,12.19394195850234,12.194947486789426,12.114739495086003,12.277371406555176,12.17841592762236
188,12.620141533341442,12.618857254607741,12.618841107667553,12.617924429196812,12.622785568237305,12.632376630887421
189,12.19739669485857,12.199421693991388,12.199277907553634,12.045743335304673,12.159430503845215,12.150248970291932
190,12.562101533874454,12.562218698825546,12.56208519546383,12.582880383822387,12.577507972717285,12.560429726718029
191,12.126636382302399,12.134062955821554,12.133733879948581,12.10075218242137,12.103229522705078,12.12989329623386
192,11.665101575508181,11.660782863381971,11.661495228423522,11.566954863263568,11.670890808105469,11.621734942962124
193,11.92887768905067,11.935538884570585,11.934642482277722,11.895591928270887,11.914589881896973,11.8638566375634
194,11.720539314032326,11.710647080059964,11.710684912380342,11.61272274160715,11.696779251098633,11.684892997778956
195,12.58087378653025,12.578719729255456,12.579482104490316,12.579378191525274,12.584663391113281,12.572350538146368
196,11.805081552063886,11.802376903848215,11.802124950864354,11.99442910506103,11.768242835998535,11.804569811652517
197,12.517044541155675,12.507140866082493,12.508319687579132,12.491352654292015,12.421112060546875,12.456765445049697
198,11.727385935297134,11.736317989083586,11.735870290974631,11.785408791548853,11.782835960388184,11.72935762474996
199,13.162938456376455,13.155733859766368,13.156788758793518,13.179362526207683,13.131945610046387,13.089190503502623
200,12.092825304785237,12.093603386858192,12.093511606861808,12.164659219555286,12.205930709838867,12.172411531738913
201,12.056687839080979,12.074893056241304,12.074288420153248,12.079026224217035,12.05557918548584,12.102582500768312
202,12.084473265964979,12.086851904729023,12.086514032542798,12.172146407765823,12.108120918273926,12.130758102377364
203,11.589361177033359,11.569853954095416,11.57052331486387,11.361514079419548,11.373529434204102,11.43946210757015
204,12.891947072223067,12.890519083571295,12.891272125243816,12.979727179301154,12.835190773010254,12.88192432694347
205,12.806307389615716,12.801363691719128,12.80195493089137,12.84266690557379,12.81698226928711,12.825076503330468
206,12.962317142886992,12.961188011599765,12.961261125804262,12.895783366644558,12.959206581115723,13.018960940840252
207,12.149689446906656,12.15168218655712,12.151676675006502,12.234108304635793,12.171852111816406,12.173018109095077
208,12.523426625678507,12.504533770359378,12.50562148599714,12.766758339953938,12.43411636352539,12.460091008186021
209,11.642902246326353,11.626294823480299,11.627352435985703,12.065746949012782,11.675168991088867,11.569812853763537
210,12.464676979006244,12.460581884850427,12.46037918015652,12.48558011859485,12.555777549743652,12.620479610613133
211,12.150734128857513,12.148651048200511,12.14860758324911,12.250998591397245,12.091933250427246,12.12571055140768
212,12.677106552463886,12.675119304196794,12.675419475770154,12.671666997013778,12.759045600891113,12.786836963583546
213,11.881343741050456,11.880353171146872,11.880563706992545,11.885129094386901,11.869234085083008,11.860244999632666
214,11.62225441406118,11.63291690704214,11.63273983434469,11.583219748847755,11.74532413482666,11.753051380581647
215,11.808516838481346,11.801408760826682,11.802288233704337,11.714315259698616,11.874930381774902,11.854701958608523
216,11.844033497712479,11.846308056172665,11.845626237447496,11.970353355579316,11.939485549926758,11.876627854225887
217,11.804814346867222,11.811494720991405,11.810688423622647,11.79571870655859,11.823295593261719,11.74858819059688
218,11.79040970282801,11.791181798820002,11.7906616257003,11.834418805247012,11.824976921081543,11.786101570918095
219,12.478054289300996,12.482950806001739,12.482460851475883,12.476257773177647,12.511966705322266,12.519259155632572
220,12.010800695394535,12.010605251632203,12.01003163484695,12.019167477182705,12.013273239135742,11.9753626532288
221,12.767357014035028,12.763659746709816,12.764263349727516,12.524718685421123,12.743693351745605,12.747472501774492
222,12.084417843704564,12.088511251903206,12.087922418230583,12.086137401262617,12.091802597045898,12.100066689382126
223,12.2454416807138,12.242509410009724,12.242608597837869,12.279307131316086,12.297433853149414,12.268885161815474
224,12.16462669438582,12.171421923913366,12.171506184088944,12.17611067447824,12.124006271362305,12.112498537258878
225,12.561578389453834,12.567009917940593,12.56671941988602,12.539338340292364,12.614173889160156,12.591691001998825
226,12.913615895373265,12.914589329047594,12.915164374300195,12.927724271261448,12.911364555358887,12.916421302009809
227,12.716163852524746,12.718076626217622,12.718049246032821,12.675324043356445,12.818495750427246,12.819691788573206
228,13.368594925971669,13.360312149231172,13.36040809790958,13.355337482892297,13.192535400390625,13.142149457789023
229,12.23386214924894,12.235140626290349,12.235909598711574,12.275209393708586,12.26924991607666,12.298859222677839
230,11.976045953005071,11.970860708883789,11.971258136882925,12.277565653744832,11.99001693725586,11.993929623324755
231,12.079532522755757,12.081647398670267,12.080141502316541,12.076722899531408,12.092299461364746,12.096343944735187
232,12.324755757661356,12.32612676810251,12.325931799632277,12.329143780386293,12.301206588745117,12.354947904404513
233,12.264451967663948,12.264498207818418,12.264857385087668,12.275079983768608,12.275290489196777,12.282054103012571
234,11.96563624347612,11.974561370880688,11.973822954499925,12.093559775157653,12.015434265136719,11.983719027973816
235,11.848793334188583,11.857632840556597,11.857389428381108,11.851551468545914,11.80906867980957,11.728399697266799
236,12.246377465063274,12.247233267069594,12.247885803518564,12.027032442175052,12.265616416931152,12.21194477693386
237,12.234181878274619,12.227938299566317,12.228786956204702,12.222464268175699,12.218591690063477,12.164154727416475
238,12.773260997496871,12.778058403339616,12.777165959463193,12.7518831373171,12.737772941589355,12.734157912803436
239,12.390837580969148,12.390437235278462,12.390799695628356,12.36998077421856,12.356348037719727,12.378553392606575
240,11.931189685054441,11.934918274852896,11.934457313969098,11.908689868482554,11.936286926269531,11.943112583218236
241,11.926126473798009,11.918844118178441,11.919479257539248,12.087907888383416,11.888676643371582,11.832173469301488
242,12.099318292534154,12.097560304957552,12.097172856731213,12.19970358736577,12.07194995880127,12.111617769262498
243,12.474347870554059,12.479074944698636,12.478936638020622,12.455064363657078,12.42112922668457,12.401404726686721
244,12.648939112465863,12.644350938760581,12.644838935172913,12.655860618524219,12.702926635742188,12.655276882844257
245,13.001892596373661,13.002524021549807,13.00262994518031,13.028529812701027,13.069581031799316,13.05564259134197
246,11.882172444232962,11.882467926827404,11.883012987407938,11.910493662337103,11.862872123718262,11.84915640587631
247,12.28430205817481,12.260975711395577,12.262614498899643,12.204485598829045,12.28618049621582,12.210669968407522
248,12.196459768818332,12.183432428058257,12.184955956142323,12.108981526282777,12.129998207092285,12.111480421633162
249,12.300498567143634,12.302722571804143,12.302971894274972,12.156664497477399,12.25771713256836,12.234370841691904
250,12.924430339552366,12.919079705479774,12.918576024910696,12.916298163586601,12.84078311920166,12.79585909290602
251,12.835143667574693,12.835524453176628,12.835500569237464,12.82068647346719,12.867230415344238,12.854957148481738
252,12.318251342811088,12.321300323283824,12.320893692568857,12.409027118131087,12.282055854797363,12.240302174577113
253,13.125623488928355,13.121824225546732,13.12207885876751,13.09307405424023,13.064571380615234,13.055106717105547
254,12.05524544710194,12.051675815047528,12.051415387270126,12.04971399614151,12.100541114807129,12.095950700493308
255,12.124841566850593,12.126263616833821,12.126074602549346,12.150720866784502,12.17375373840332,12.162181640586205
256,12.340403504225652,12.334033943605451,12.334575581459076,12.363555461465442,12.4462251663208,12.382689180954685
257,11.77789003874792,11.799476970347934,11.797541694358936,11.782611708272334,11.882242202758789,11.88545125607427
258,12.499440401119921,12.499363253777254,12.499215640425398,12.46792565754754,12.579085350036621,12.606064852298621
259,12.369556001181904,12.372490217821518,12.372500321651819,12.38070266239722,12.411470413208008,12.42910429090847
260,12.20434646923216,12.207530197610161,12.20757012207825,12.217835445526537,12.20850944519043,12.232826626910153
261,11.981756783404721,11.981843340086535,11.981663576476812,11.990902817672346,12.018219947814941,12.017192972995533
262,12.314486840811227,12.316043093169453,12.315858279818078,12.309905718339548,12.303838729858398,12.29761710428677
263,11.76936917142432,11.771231280940182,11.771071155033681,11.788914142470258,11.840872764587402,11.84899296515406
264,12.462063344083962,12.449690786327398,12.450399867899263,12.493390681496397,12.499247550964355,12.484796656470253
265,12.057003781181587,12.061220296854556,12.061216379884208,12.076843292394933,12.12470531463623,12.120208788483277
266,12.039729921572224,12.032474542136717,12.032927003387401,12.116974521047142,12.097587585449219,12.08168842324732
267,12.572001353201822,12.574433434129705,12.574459596648317,12.560374854573176,12.53946304321289,12.620518428839329
268,12.154497849438487,12.162131436813837,12.161440747475472,12.162546961849454,12.156926155090332,12.143023073809385
269,11.843668201612928,11.865493186743128,11.86381389778282,11.857737531291354,11.909557342529297,11.899657159257293
270,11.975824413203313,11.957322371020835,11.959125710050653,12.200970355055253,11.874504089355469,11.823583724719189
271,13.03040204857079,13.025247370725886,13.024908612169547,12.985621890298894,13.054693222045898,12.973807621241532
272,11.7981465039344,11.794526083884488,11.794492016549333,11.88724280174233,11.709860801696777,11.636075276408429
273,11.487845161948886,11.48045293934361,11.478973214890718,11.464235795807895,11.453605651855469,11.541666149249522
274,12.494612547671608,12.492678590546879,12.49346378131017,12.21980198267926,12.426324844360352,12.47753184426087
275,12.118704927870677,12.116565785762024,12.115773004598928,12.051052108963333,12.055849075317383,12.091879633141774
276,11.852881901495943,11.855158432557856,11.854937824170804,11.852008208198175,11.817888259887695,11.79992399545814
277,11.902716398373686,11.898997696104606,11.899754664755768,11.947080839557481,11.863287925720215,11.858013228703806
278,12.671578911517015,12.676831411385637,12.677167998093283,12.658488346404816,12.553193092346191,12.549863228956003
279,11.589539495324713,11.583629686467697,11.583394294884863,11.591304483673254,11.516353607177734,11.52232238978589
280,12.268541004788426,12.27015771621366,12.270630425995254,12.259036373023925,12.205877304077148,12.243268454734295
281,11.82378226857895,11.831755431894983,11.83159172789287,11.70358304896689,11.798445701599121,11.779342801096144
282,11.707152781485137,11.709090512192812,11.709138569341864,12.265027205176402,11.823579788208008,11.709476787978824
283,12.504398351124383,12.504869030580457,12.504746996993811,12.485586143647106,12.523179054260254,12.509554060218232
284,12.458686977292382,12.462085119832318,12.461954193719738,12.429493059862716,12.42770767211914,12.406347780196953
285,12.192184810899558,12.185588035493668,12.18559129141141,12.234249376519987,12.204113006591797,12.20190095481837
286,12.066183122351173,12.07507494060156,12.075124294335264,12.12670243582462,12.129805564880371,12.095696932836272
287,12.686980006055627,12.69355050598216,12.69312741120576,12.716788480158542,12.767242431640625,12.75890302676579
288,11.984491990721187,11.990259099923732,11.989504078727215,12.21140829920161,12.025127410888672,12.03214101867563
289,11.714188683565183,11.7180100155546,11.717240500579889,11.69607628967353,11.716334342956543,11.706304077257709
290,12.285993821208423,12.286419691086405,12.286544406910616,11.990266100098404,12.281081199645996,12.238476016443313
291,11.967072272266426,11.964011674030283,11.964279503788935,11.973484909097689,12.008769035339355,12.024768834622156
292,12.006993308272754,12.00402601556759,12.003987395541698,12.053290337749624,12.03928279876709,12.064020358502523
293,11.84472028626296,11.84912860642305,11.84849988035529,11.897184011678906,11.770084381103516,11.761565204491546
294,11.860239921939945,11.855188215932321,11.855239043818145,12.158885921147434,11.837461471557617,11.851274454195668
295,13.05173273059987,13.052835188230647,13.053441478805915,12.260138614316194,13.071005821228027,13.101243578427315
296,11.882102019638838,11.872433250450639,11.872303621986031,11.886389259495981,11.932791709899902,11.955400247331324
297,12.26972441623275,12.282430165894628,12.280649365703237,12.114866559168272,12.246374130249023,12.245413723660322
298,12.348915572632496,12.348922257539947,12.348771390206315,12.335452272672969,12.314027786254883,12.307181896148967
299,11.958356440691885,11.959445892010725,11.959042678965968,11.920059297398769,11.979284286499023,11.99068200159866
300,12.032854284742228,12.032366333927335,12.032156443577028,12.05309820680499,12.000715255737305,12.02106109636839
301,12.327437490552551,12.320991200411955,12.32150096224449,12.241576303484589,12.24252986907959,12.229533459110007
302,12.183551721906175,12.169108969634841,12.17213052757643,12.093617835019975,12.25871753692627,12.179862072984653
303,12.700834215377164,12.688958477649344,12.690498974407227,12.684195513386165,12.701776504516602,12.668126957885079
304,12.276752232175648,12.282352782890644,12.28213967492851,12.2665863467032,12.287317276000977,12.269717707261712
305,12.035007167698865,12.029272016312976,12.029613846555216,12.201425058946993,11.988675117492676,11.974157802532796
306,11.887821254826559,11.891959895053825,11.891718724773547,11.904689000777362,11.929313659667969,11.941838615799155
307,12.234712172365592,12.234490027426386,12.234619092509494,12.200013341945947,12.241045951843262,12.22035830928099
308,12.131708282972427,12.134121473996673,12.13446333572063,12.133936774983093,12.109772682189941,12.112966128280359
309,11.970906254069625,11.975417128319865,11.975216771951036,12.095795684892305,12.001303672790527,12.014911045097104
310,12.028624447099682,12.051573555436308,12.05025789334912,12.143198634469314,11.986977577209473,11.977401414519054
311,11.581695768848299,11.586016212911,11.58394488082944,11.701836474071547,11.685375213623047,11.555269337381409
312,12.176409769429497,12.168221360834696,12.169495844132312,12.17787595074454,12.109342575073242,12.121764001958978
313,12.430871185218388,12.43411427535831,12.434193000564791,12.400889982271153,12.406006813049316,12.416207827653183
314,12.176707677306869,12.17229721811577,12.172311451682836,12.205707119263437,12.162227630615234,12.181608906015349
315,12.148362952037482,12.151777205456815,12.151997666204114,12.198053090013541,12.200445175170898,12.191062171015641
316,12.712899619063542,12.720661401371734,12.71952629975977,12.702451356849178,12.79942798614502,12.875462146529753
317,11.810796696421312,11.806902752135564,11.807405919886849,12.202787227867537,11.759651184082031,11.752810230296356
318,11.78761882648168,11.781327998109758,11.780894493819048,12.077379900603365,11.77448558807373,11.798742717436609
319,12.134263237100281,12.128579327656105,12.129477119807284,12.061335384261206,12.162449836730957,12.152831956223356
320,12.600918071159883,12.60041425210785,12.600834373549544,12.62177064955212,12.565423965454102,12.53554359627252
321,11.574875370744985,11.574267000845635,11.573168025049933,11.61545437450444,11.556463241577148,11.563820007202963
322,12.08010249196784,12.077513324911713,12.077561850909058,11.985255071913917,12.091997146606445,12.092695908657936
323,12.023354373585214,12.041244275774035,12.0408833199706,12.079230720794019,12.010948181152344,12.014180584080489
324,12.479449364355752,12.489692220098446,12.489280507373888,12.172411749649994,12.332409858703613,12.36645498380505
325,11.654808717845603,11.681039546063563,11.68013223557497,11.508482192749687,11.689460754394531,11.641134868330571
326,12.372693434422313,12.372448566964408,12.372801356266429,12.34263601594606,12.361599922180176,12.366681793226679
327,12.635283320250378,12.640492684632267,12.640285218775858,12.392151379641673,12.653451919555664,12.682641817927697
328,11.860219064293387,11.85757258944732,11.857263819607342,11.840718500575335,11.949063301086426,12.013589969938081
329,12.189621180359904,12.189145859791852,12.189143480612582,12.197249374062674,12.199321746826172,12.213973440772799
330,12.710693309060549,12.711658454449497,12.712053713088428,12.705576431276148,12.699108123779297,12.722754860971584
331,12.064413179810535,12.056542673742737,12.057490838025014,11.984880733565998,12.07470703125,12.033527661095489
332,12.359919541776103,12.352764920964042,12.35373386688594,12.301543356854271,12.442981719970703,12.414976974033094
333,11.976623325725342,11.964172740406958,11.965403034568249,11.997477813129002,12.012503623962402,12.003772033848085
334,12.077797096894919,12.078945348613084,12.078641277944977,12.03547685467984,12.021492004394531,12.031196696205141
335,12.64461355105107,12.642225477151564,12.642284125171585,12.66680131688556,12.677009582519531,12.726898644660833
336,11.719554334088294,11.720841835665386,11.720233539408547,11.770747358771839,11.743804931640625,11.745679387994683
337,11.978124512926119,11.982515805921881,11.982185490698285,11.952470357989162,11.971939086914062,12.002055666539972
338,11.83759047459407,11.831456406731428,11.831655943869139,12.416180076360938,11.846918106079102,11.84544248030843
339,12.380884524970732,12.38395028365471,12.383638305015152,12.359023880520324,12.374557495117188,12.393163838818177
340,12.745340380023423,12.74739325153773,12.747296250836786,12.812652851300523,12.769436836242676,12.795351483621753
341,12.434084115513715,12.439694633100716,12.439207762985443,12.40034009167242,12.451445579528809,12.446496592319734
342,12.03098468136186,12.027827410666589,12.028055673864593,12.205189360938936,12.053452491760254,12.089291942319516
343,12.35316010250611,12.356408842521517,12.356342411267365,12.361934202282818,12.318011283874512,12.32177733259496
344,11.92135047769123,11.922788950604058,11.92244099123276,12.040801447123687,11.972519874572754,11.956723371414421
345,11.9543403778668,11.946034595946042,11.946198698511683,12.056655707125444,11.967227935791016,11.97365855874411
346,11.706396637561628,11.715724988451287,11.715502968412201,11.73363231067226,11.751876831054688,11.705107949510479
347,11.898878000649967,11.87550016494448,11.875724729526828,12.01442705905527,11.896332740783691,11.866292982306529
348,12.51873190448217,12.526015853429794,12.525534356500147,12.143948290694512,12.503715515136719,12.536879439545755
349,12.110788956625841,12.112071874706034,12.112360370454473,12.16138818622369,12.201146125793457,12.168060860736352
350,12.098943198376675,12.104133215583055,12.103224156469004,12.053785064068482,12.024147987365723,12.042774838858943
351,11.67794161760334,11.67075624409193,11.670102094365907,11.877713550394535,11.687457084655762,11.753287530773214
352,12.527100748713952,12.527865270945313,12.527744909132496,12.519674154627914,12.529403686523438,12.553111271052037
353,12.558572549512789,12.56405041219195,12.563929453378474,12.60096495431175,12.602216720581055,12.622697370622776
354,12.820992521631764,12.811734658558064,12.81178538843831,12.8397096579683,12.861795425415039,12.81728950616979
355,12.319765944920306,12.314116993073212,12.314480197609914,12.298364868967424,12.275386810302734,12.312712965253809
356,11.99966543590157,12.008449868475633,12.008569543874481,12.00671361527571,11.968585014343262,11.956777028928842
357,13.15661233337089,13.141424695108315,13.141900101492594,13.157903932731996,13.088815689086914,13.05595254889844
358,12.917139585182602,12.914053721248488,12.913729049654206,12.915053344767191,12.983968734741211,12.941451438271793
359,12.368854148716007,12.371646685604222,12.371096687232962,12.346365659789704,12.212936401367188,12.232082319517852
360,12.223207470203343,12.206903566036578,12.208008011414979,12.204148045381453,12.224077224731445,12.207542499690424
361,12.720131030469856,12.71165025951387,12.713132993537062,12.676921811371493,12.651854515075684,12.64596361749568
362,12.763844034613054,12.76706789114788,12.76672119969151,12.812767388813347,12.795549392700195,12.810476923125
363,11.874337439680708,11.879403472176609,11.879247576990629,11.871852342820047,12.010719299316406,12.001514352844657
364,12.823853653069795,12.821761917338033,12.821790678801365,12.804368181776468,12.844367980957031,12.823263914421828
365,11.761962144361553,11.775917177346315,11.775087377704626,11.477900286498054,11.721692085266113,11.711845299321316
366,11.951437169621208,11.94236712483763,11.942221819919089,11.940566036577396,11.977643966674805,11.922931857693527
367,12.031959253431664,12.029785695935598,12.029798131151802,11.978284231526365,12.019676208496094,11.999365274661237
368,11.543202255303495,11.548993966860797,11.547432097388468,11.595541506754468,11.550458908081055,11.574911894735536
369,12.28910402606976,12.286868032084973,12.286597689051638,12.274911075672629,12.254767417907715,12.265324456037899
370,11.913387904625749,11.934974612178822,11.934137356569119,11.758025303235941,11.854148864746094,11.862425127652264
371,12.260793518959122,12.273478680584535,12.272508471713932,12.2629352700278,12.264349937438965,12.273555530903304
372,11.92162267143183,11.928520607575125,11.928022170913547,11.964482142437177,11.95469856262207,11.932944838546476
373,11.86882642844784,11.864743398735824,11.864529412466874,11.900870889723958,11.911406517028809,11.89912783859828
374,11.698847141516904,11.697958940238903,11.698037469141166,11.744051200704238,11.762152671813965,11.746000515234476
375,11.787863305172886,11.78868529793023,11.788464766614283,11.626980492061952,11.836564064025879,11.868106185468218
376,11.972288140082043,11.970236799934066,11.971240634028907,11.780326197738649,11.988672256469727,11.995490346784635
377,13.114614742231497,13.099749243703714,13.100565182967042,13.12610533394134,13.139840126037598,13.081220392551433
378,12.102555946979667,12.108369961785412,12.108641589246691,12.11624760343275,12.053102493286133,12.059717511229328
379,12.074232832117792,12.07280060164445,12.073236031013886,12.061057262985138,12.073229789733887,12.063519098618237
380,12.338424807391904,12.340490686548472,12.340685508398074,12.317228142752846,12.314167976379395,12.306208558934248
381,11.793349922891908,11.80114052777996,11.801466717165292,11.803054489154786,11.863051414489746,11.817398131810187
382,12.032972396858126,12.035767609849765,12.035000327990872,12.116113467477849,12.083681106567383,12.048469142393897
383,12.038471678187303,12.041803042388088,12.04177391769705,12.096930288475699,12.06386947631836,12.078418647031116
384,12.585777587971746,12.584972897307553,12.584933222632218,12.572750483163569,12.529088973999023,12.550740996730449
385,12.13360823174953,12.130505455706807,12.131244730377883,12.202757133583162,12.164895057678223,12.157688482142362
386,11.994432562335009,12.008011535566316,12.007564733890012,12.014645110860787,11.960103034973145,11.962107446330577
387,12.432187056659759,12.433496734041972,12.433424149238865,12.38878797067051,12.436667442321777,12.424947436667793
388,11.618647089419875,11.618978223913778,11.618006623738815,11.581473625394588,11.5294771194458,11.493423029069708
389,11.97541367238496,11.980911814553554,11.980150213771056,12.026452509698972,12.086394309997559,12.080194173893638
390,12.016667444312892,12.020520812287854,12.019788819236057,12.075816327122405,12.082005500793457,12.095761428309089
391,12.191309718002163,12.191677789493404,12.191688634064029,12.177783313272661,12.193779945373535,12.17122399544787
392,12.25413733388572,12.250364640090524,12.250154223884541,12.29422172245326,12.233343124389648,12.226330395730185
393,12.10409863058017,12.10662444778587,12.106827272062946,12.10024889043532,12.047279357910156,12.070594623298538
394,12.90333485050852,12.900530199100047,12.900792170784236,12.872468019447533,12.880733489990234,12.945579083678195
395,12.377776263766552,12.379116614845996,12.379168581523707,12.382990305639433,12.33072280883789,12.373845390979644
396,12.870208888791055,12.873664077481667,12.87446454504682,12.862676898069562,12.945987701416016,12.99083877687763
397,12.053881401806626,12.062221081741438,12.061636371717219,12.05445452239533,12.015663146972656,11.968634581834392
398,12.14824269493081,12.156012713551362,12.155573852109336,12.13403588539144,12.153529167175293,12.162683943404563
399,12.348100627097296,12.34658223634805,12.346771080064343,12.33426835684212,12.318347930908203,12.312499928141403
400,11.916129177287472,11.921011217680789,11.920881433640377,11.912963620438038,11.925151824951172,11.907133901187727
401,12.103861898169773,12.106268350689625,12.106197931841333,12.123391426924226,12.072660446166992,12.096978194484414
402,12.638559634869397,12.635594458804869,12.636120136621024,12.635538473743399,12.628769874572754,12.636295669080624
403,12.868216207386109,12.870477969802478,12.870599887061816,12.863313985136125,12.891514778137207,12.890126198597123
404,12.068226934512321,12.045338625686897,12.04661010624038,12.094909224857917,12.032611846923828,12.078894411200391
405,12.015858183565294,12.019741418885358,12.019497311326301,12.219958842441853,12.0568208694458,12.023792787189727
406,11.934959700537991,11.944921924821832,11.944618593234873,11.95402867202551,11.991644859313965,11.934046290637234
407,12.517675328899013,12.515328133587309,12.515502553268888,12.504353005678466,12.503616333007812,12.507564180368512
408,12.608276206760204,12.611389548359387,12.611370780946315,12.598038816351103,12.538209915161133,12.583584507882877
409,12.3640215217963,12.366140770150157,12.3658467873316,12.365430137450605,12.309745788574219,12.33764190695325
410,12.305672507942845,12.305765991515893,12.305813942457146,12.302162108700058,12.29035758972168,12.277585513162451
411,12.618372848413841,12.613104110185407,12.613420981170469,12.615122745956295,12.63161849975586,12.619870453499898
412,11.977023501017223,11.985688135322995,11.98478998760876,11.918119825273713,12.002964973449707,11.971031443289132
413,13.096209112311254,13.094242937351073,13.093710667643897,13.01568707388972,13.142460823059082,13.122143742447491
414,11.705156463925992,11.719844790281487,11.718687363947224,11.698497839553653,11.763419151306152,11.71150899680167
415,12.233336829811403,12.237013510220644,12.237122627911813,12.227891967947158,12.249207496643066,12.24899146145204
416,11.9868145216789,11.984214475150146,11.984418236193228,12.009559228435883,12.034463882446289,12.04898731100057
417,12.798749406848488,12.800675714373115,12.800164232120855,12.80140934302709,12.872580528259277,12.850720542820081
418,11.97657540363451,11.988197253255631,11.98764211558959,11.981755361885435,11.957317352294922,11.950460554274335
419,12.308893302841573,12.310173434258068,12.310262276190814,12.32862300163088,12.352814674377441,12.346385421883248
420,11.943136716848619,11.942588853101961,11.943466620610259,11.77390156216268,11.873945236206055,11.899150176709389
421,11.694546298197572,11.695575241953108,11.695110298232557,11.691070321345444,11.772172927856445,11.74840769629502
422,12.317265704429651,12.315566213306857,12.3159402838993,12.298860950266564,12.285663604736328,12.306894833646655
423,12.051512735697647,12.058608373238688,12.05822031246576,12.086508073897399,12.12708854675293,12.123355857520297
424,12.818104214037414,12.829037865590617,12.830345543953408,12.810485745056654,12.670580863952637,12.678357390265377
425,12.291836439651124,12.28815504594556,12.288650662391127,12.304494416469897,12.268339157104492,12.315102676762503
426,12.096414965624277,12.091010940512165,12.091599428766827,12.12932570064336,11.941832542419434,11.961211763113699
427,12.367888987027323,12.364453182503901,12.365118688827428,12.342261266703929,12.321538925170898,12.331062004059655
428,11.897638417617566,11.904247762067625,11.903714418581195,11.939349327764369,11.965761184692383,11.99219523444434
429,12.664294507123522,12.64899867813384,12.649870375599713,12.560253586835422,12.625412940979004,12.661166419859722
430,12.114247237699802,12.12915702348915,12.127587759736327,12.10836085733901,12.15928840637207,12.166344842609165
431,11.99340405381565,11.99162397944385,11.991159049845729,12.007991846452171,12.064058303833008,12.033091546970613
432,12.54181554666651,12.542324663517736,12.542793143401434,12.85143648328002,12.448539733886719,12.45207652637099
433,12.403780043237019,12.40684848758657,12.406511838788255,12.382302733847329,12.386080741882324,12.419999786675437
434,12.560043971173315,12.562060463750111,12.561979274033767,12.086228074008119,12.624799728393555,12.644726823690528
435,12.059928123222145,12.063751705349441,12.06340235124734,12.017241913405087,12.023938179016113,12.031886500471913
436,12.253861397675683,12.255068425931817,12.255229791723107,12.258198171561071,12.298476219177246,12.29032630935384
437,11.92056371066309,11.923484266322445,11.92328644220982,11.913628344623493,11.977287292480469,11.989349980932246
438,12.037440119448535,12.035872755968127,12.035997090876153,12.010748068258719,12.075328826904297,12.035958266333408
439,11.742821892743093,11.721846193280857,11.723475621913948,11.793756271973711,11.65918254852295,11.634483414667226
440,12.150259465063913,12.149164823878188,12.148846470474664,12.188170851629085,12.122601509094238,12.135984156205222
441,11.528207598192502,11.524087172976195,11.523881318486023,11.842145170858917,11.53585433959961,11.57670267071407
442,11.706164311265999,11.692823740803428,11.693074298408538,11.644115992083252,11.661072731018066,11.61841559201767
443,12.41435135124642,12.41129221182831,12.412082748607979,12.390494916185848,12.316180229187012,12.28593141251152
444,11.846382932571407,11.851077037288341,11.851376244005003,12.024574460180967,11.95370864868164,11.966764299416482
445,11.525941777100476,11.51646121440383,11.517029460000309,11.511664344511395,11.342415809631348,11.389265926436074
446,11.892937839705189,11.89347404746898,11.893086027025646,11.89909025486844,11.952908515930176,11.95453626085953
447,12.143814401590351,12.13942847408323,12.139644545179683,12.1723602654356,12.152494430541992,12.14018787181264
448,12.300874195728046,12.306736549339911,12.306204695282805,12.304855986035616,12.318646430969238,12.333057253999788
449,11.829926379816042,11.813764857902672,11.815450310339077,11.820329749957002,11.978803634643555,11.952843928508196
450,12.510105245232612,12.500034689968752,12.500544901513274,12.506822829527898,12.406909942626953,12.405081490700793
451,12.237741603678561,12.24272739480505,12.242573718263037,12.217763998765776,12.227828025817871,12.215196973347915
452,12.224041950280505,12.225509693634125,12.225355083205574,12.168757841985826,12.196647644042969,12.214612939223349
453,11.960243999177871,11.960868816342016,11.961114342999982,12.009801321997465,11.99496841430664,11.992122539133875
454,12.06495478750059,12.0610849223102,12.061128216517721,12.104600235128663,12.060820579528809,12.060147807833678
455,12.724379978362418,12.723446032595739,12.72395918602956,12.709902141254382,12.711282730102539,12.774379905834163
456,12.242457213309859,12.241333246325425,12.242126284477346,12.120191388176378,12.171605110168457,12.172991560458925
457,12.151664363793723,12.152470305032077,12.15168381450968,12.183979178820731,12.135354995727539,12.11863556677886
458,12.383598001468494,12.387256846539186,12.386992082247085,12.365937207756026,12.42967414855957,12.434237649046908
459,12.425358970491887,12.426573579820982,12.425815304828923,12.511428081073088,12.334297180175781,12.459564929687152
460,12.821365033773814,12.819689583107966,12.818743409686816,12.783103663321699,12.804396629333496,12.801525919987547
461,11.874267363160321,11.872895488273599,11.873626317838285,12.011069732865229,11.933215141296387,11.945367245622473
462,12.782510778522427,12.775166362117334,12.775589537418778,12.699516196734907,12.835297584533691,12.825995121605208
463,12.30369423352062,12.306979420922282,12.306654851561309,12.283638633291337,12.348515510559082,12.330292535910827
464,11.829730319235082,11.81143656857721,11.812843542380667,11.856297406294424,11.922850608825684,11.856881247520477
465,12.461601967481972,12.467804684169533,12.467758209804492,12.477898108718888,12.458415985107422,12.408198927570348
466,12.115380189084165,12.123027980634195,12.12203699386053,12.065510694499455,12.172222137451172,12.185522865429444
467,11.955831700615247,11.953564196747442,11.953963037847531,11.956220021917495,11.895501136779785,11.820517901808694
468,11.76489782415828,11.759137474937774,11.75958501304949,12.028957180300127,11.687013626098633,11.681753137779388
469,12.769401539349868,12.770946379721966,12.771179605753797,12.758944539409587,12.758051872253418,12.738905622436127
470,12.2086605855332,12.207597419639965,12.20829009867693,12.18065656566834,12.213123321533203,12.214198450489667
471,12.890606600247816,12.880876206040258,12.881528017437478,12.81730560368879,12.72795295715332,12.73130216599756
472,12.176130209953794,12.176167448870586,12.176254000544338,12.177134764702728,12.218276023864746,12.209426907295118
473,12.218713176351821,12.219431820654249,12.219527686351036,12.180282576474895,12.185755729675293,12.210434874553359
474,12.395048122246259,12.396874170564741,12.397026485677369,12.46334468841015,12.3897705078125,12.431188950967172
475,12.544567113668727,12.551789733501307,12.55112111748587,12.532133123474283,12.554434776306152,12.575882608341747
476,12.142776986705583,12.146746265359596,12.146136715936592,11.977100044829559,12.198694229125977,12.189936009920809
477,12.789150713481751,12.786912617778167,12.78725140950732,12.763229163389997,12.683293342590332,12.748213732155786
478,12.0528788457732,12.051981956125822,12.051717110111566,11.903052185150583,12.127557754516602,12.128412920144047
479,12.007757137208955,12.007836821192635,12.0074920072181,11.989463060271468,12.05415153503418,12.050104770761898
480,13.028481261510967,13.02870965912481,13.028645590439151,13.066964112978981,13.085384368896484,13.085025054971673
481,12.603039736232326,12.602215684282609,12.602577357026812,12.619274096794173,12.563344955444336,12.583662619357224
482,11.989928410511183,11.996386603861511,11.996122015954867,12.044254295420773,11.947245597839355,11.981601794740085
483,11.98596394393845,11.989821804804109,11.989675369633625,11.978158094502524,12.054320335388184,12.06174561110292
484,11.925392226725334,11.92338989180749,11.923842536528332,11.91837532344288,11.967308044433594,11.978124870886246
485,12.965463980429753,12.968036979191798,12.968215665189375,13.084297726715489,12.886292457580566,12.89656790222597
486,12.30059831870917,12.302068300765965,12.301924246185354,12.075649181414267,12.2435884475708,12.25201580497298
487,12.006520905040878,12.003301313195106,12.002448154195488,11.978612480506998,11.983363151550293,11.977940519410824
488,12.354615178313367,12.35273803215509,12.352787621411059,12.325722431829991,12.28322696685791,12.311555697787044
489,11.988761254329248,11.984051099863368,11.984274000819562,11.994350134951556,12.015326499938965,11.983659514575429
490,12.427983090658804,12.425712106518882,12.425881619845537,12.422220345369201,12.429828643798828,12.398677535972991
491,11.766165080203958,11.762048133579503,11.761435921739146,11.820636190692644,11.748600959777832,11.714012808847672
492,11.87607090682221,11.860140848242768,11.862374338630094,12.051233725442419,11.88322925567627,11.832625467871214
493,11.900435572851757,11.915237664111189,11.91445880266456,11.945516397567836,12.002614974975586,11.947528314894651
494,11.955194117687991,11.957363710690242,11.956812047798637,11.903096260664267,11.957361221313477,11.952296039205738
495,12.66611866365689,12.675101781785544,12.67494078234398,12.48903476853777,12.601377487182617,12.56671124236853
496,11.422597334658914,11.407949746607226,11.408755374775376,11.49563135378123,11.384122848510742,11.439457847191726
497,12.040567763716076,12.039553470021438,12.039030602211898,12.02223701206306,12.036078453063965,12.090055292903772
498,12.354727750638089,12.355219010774125,12.35582786341818,12.362803195499968,12.371631622314453,12.375888554044765
499,12.224979250450538,12.224819272251363,12.225713164027052,12.20899938341147,12.258035659790039,12.200294268075014
500,12.398609463658211,12.393918041890448,12.394323198854346,12.40478893269519,12.436583518981934,12.40794748160123
501,12.200360148033752,12.203042968505565,12.202951692257393,12.210465815388662,12.161410331726074,12.15193517739061
502,12.72689692628367,12.733510588736523,12.733095182735383,12.435664489048929,12.728143692016602,12.754982886015782
503,12.549092721990643,12.549205051614546,12.54956277819933,12.53072983743369,12.470577239990234,12.499222223287301
504,11.914538898976144,11.916928449627882,11.917001482366052,11.80973939840358,11.959417343139648,11.948409327664391
505,12.140077878564332,12.13866703463835,12.139821813875662,12.117095354041336,12.093274116516113,12.101903102740172
506,12.570130038137185,12.564018570636607,12.564808561142273,12.531438471252477,12.43691349029541,12.472066403915543
507,12.110869840555923,12.124559561466345,12.12339597789832,12.065050978489346,12.142342567443848,12.0964166096193
508,12.027636289488576,12.081768163944897,12.083357121128978,12.217569463497824,12.028236389160156,12.009091922286668
509,12.912349280301475,12.902917811940656,12.904141409254617,12.86152903028583,12.889670372009277,12.871336024330134
510,12.097985826738785,12.095474835045176,12.09552700689412,12.112651002478618,12.069353103637695,12.060356322720747
511,12.438589080134243,12.446218375174391,12.445873296184486,12.120191388176378,12.358193397521973,12.303804705050304
512,12.287177027707607,12.288740899157965,12.289392722018217,12.27018784185529,12.20986270904541,12.232560324962716
513,11.908921108994713,11.91759003767199,11.915672774584346,11.829003897755786,11.963959693908691,11.922625480243074
514,12.013194750251722,12.010800838206503,12.010588914854567,12.011865349538976,11.971617698669434,12.002628315991986
515,12.035266339044037,12.03259682247216,12.032474299049607,12.062245610062398,12.01977825164795,11.997939559297174
516,12.847413143786587,12.847660658125228,12.8475245090159,12.839506048962615,12.905333518981934,12.941063892117457
517,12.156397938938408,12.143523320372148,12.144327031219147,12.159661041746125,12.132590293884277,12.20648719118474
518,11.859317743937712,11.867327358989073,11.867469457091152,11.886867407530639,11.784875869750977,11.778902005640967
519,11.997735315760533,11.994679986882423,11.994231330906464,12.032209144954328,11.990129470825195,11.977575193168846
520,11.881738288133661,11.894924361294061,11.894763469191385,11.955589729795776,11.94813060760498,11.97469544183939
521,11.899107480800827,11.88676231969584,11.888562755869454,11.971453460546767,11.8294038772583,11.742546970135626
522,12.140197805114054,12.131169760824978,12.13145713470292,12.151197853984186,12.116252899169922,12.156539631142868
523,12.023986177681719,12.031540169629618,12.030611345812526,12.0315439743154,12.088395118713379,12.02683033180847
524,11.957032370393184,11.956353876407944,11.956408097973316,12.09638127228661,11.907906532287598,11.944693630273889
525,12.733620864395728,12.734119859265057,12.734123699457031,12.740988589258304,12.80953311920166,12.840270520544818
526,11.87948525220634,11.888129690344849,11.887786669926141,11.872228447638065,11.887467384338379,11.882513497852194
527,12.482950587506473,12.4852031966827,12.485669838791758,12.444225257314036,12.398761749267578,12.445116453256858
528,11.814092715585835,11.804144096246416,11.804668608867763,11.741120568903835,11.811440467834473,11.887336462284063
529,11.416796682411682,11.385990306724436,11.386393205393539,11.511805206570351,11.500838279724121,11.58061136079129
530,11.781926566939722,11.790215923511738,11.789523876583653,11.86569362413364,11.738496780395508,11.741465163723031
531,12.4491073412915,12.45217668535326,12.45213488014313,12.443828473929791,12.41323184967041,12.388427197488557
532,11.973985820386448,11.980200214779277,11.980244182660481,12.020268180706747,11.983078956604004,12.043153361803748
533,12.06196958623812,12.055841193002019,12.056360459181894,12.034411089342766,12.048239707946777,12.040791076865746
534,12.063423390972183,12.058268044607345,12.058133127872313,12.098760430863264,12.08257007598877,12.070686331619353
535,12.200228063482447,12.216395190365441,12.217216366803395,12.1881653726503,12.288834571838379,12.247670058385706
536,12.443952196459644,12.43922439326123,12.439722002837549,12.41149112407737,12.40170955657959,12.347170260205559
537,11.529867075477815,11.51088015712951,11.511348564711756,11.48524158420768,11.408357620239258,11.447750495447032
538,12.357229002669387,12.347929135641772,12.348889176021718,12.340254703611363,12.336908340454102,12.344288118857621
539,12.113631691916037,12.1230167523287,12.122845149817932,12.098929459262337,12.105192184448242,12.075553486250518
540,12.281073574247419,12.27302359521776,12.272177553547776,12.440970594689968,12.13648509979248,12.136334534279108
541,11.730705635814791,11.723589112107902,11.723498268571513,11.841551849351363,11.59165096282959,11.605181207496942
542,11.647209763061232,11.638832200317621,11.639483031618767,11.584546266178329,11.474629402160645,11.527107469203997
543,12.13692304878368,12.137672640972454,12.13843161096809,12.010644826125482,12.080558776855469,12.086697091434461
544,12.244754275312577,12.24862580444716,12.248423947379068,12.251462225141648,12.24744701385498,12.284631142577608
545,12.754977808439449,12.752723006253307,12.753451453292604,12.646847989611716,12.737103462219238,12.758631787081208
546,12.41753202460102,12.417172069683748,12.417511835578289,12.407598507134281,12.425884246826172,12.424476269139271
547,12.357647990658869,12.361245849003508,12.360960703355788,12.3562296947616,12.400354385375977,12.390441247241073
548,11.800901915616866,11.80440235256789,11.803990193238057,11.834782418687736,11.864742279052734,11.82508071062495
549,11.903517748941065,11.907384807679403,11.906787298879408,11.944240696526307,11.895289421081543,11.907086815611386
550,13.215219621302097,13.211393789435336,13.211183606197281,13.22456034402691,13.194583892822266,13.142454406353856
551,12.448429270382851,12.446987556371727,12.44696228029875,12.41481630861579,12.45011043548584,12.436917542892402
552,12.34237893360267,12.342005640809628,12.342235078210624,12.322185330839176,12.399935722351074,12.375224485663768
553,12.837115588852301,12.838513318865594,12.838222158807403,12.81864387175347,12.795754432678223,12.77846122564207
554,12.058609756913615,12.067891827412247,12.067943670401247,12.025156325090082,12.014694213867188,12.083730899212654
555,12.172794564606878,12.166309328919475,12.167010313596924,12.131276031545179,12.140130996704102,12.158783306876247
556,12.332550182179842,12.35130838268949,12.352507019645365,12.337570949953196,12.450551986694336,12.481319273865894
557,12.054718151364593,12.051725812880195,12.051370624990096,12.004839698100504,12.072933197021484,12.097337958424456
558,11.82155029347072,11.820976559810937,11.821101721492388,11.822065079546729,11.935009956359863,11.917168369577283
559,12.87228459842728,12.86976772562966,12.869818124043421,12.868351215536983,12.877593994140625,12.895756317835993
560,11.921930640256859,11.912052928880179,11.911799062515945,12.065178114013253,11.922303199768066,11.897865586475108
561,11.767103062493609,11.75731636740998,11.757109744940713,11.75399147568081,11.799626350402832,11.803275957245264
562,12.570200366086857,12.564797685735536,12.565004200375567,12.561231678817762,12.524004936218262,12.486149388335907
563,12.189920524969807,12.18994425436877,12.188983298539199,12.024651475402838,12.196840286254883,12.175681085958006
564,12.004736780858364,11.9945635504491,11.994776180654899,12.174668180061458,12.127713203430176,12.125857615481628
565,11.606252644453743,11.602476626549798,11.602776580152424,11.579729504528789,11.506132125854492,11.556876421433833
566,11.945301692842891,11.936177539501058,11.936517222508602,12.151669692738235,11.977128028869629,11.930510108245008
567,12.472298856129783,12.461705780467291,12.462821239206479,12.092490753062261,12.427639961242676,12.414469755661624
568,11.48186746707842,11.465103996536833,11.466276433694064,11.503637581849683,11.435521125793457,11.496716382629687
569,12.546041508898181,12.55139065183622,12.551162428620987,12.547451837574222,12.648795127868652,12.64910178070684
570,12.100774240874554,12.103037737149629,12.103060073985999,12.104563564528318,12.028857231140137,11.999431634321477
571,12.741830566633654,12.7377463483891,12.737949055715792,12.747336129032341,12.749591827392578,12.770782198002873
572,11.933433144592202,11.929233546624198,11.92903083944016,11.933522110184366,11.96605396270752,11.94698983716823
573,12.044448444853348,12.03320647259358,12.034240294086777,12.030242116790998,12.090316772460938,12.114800643661736
574,12.554466861742918,12.5507646958869,12.551215794498914,12.557827755439078,12.524343490600586,12.539434733984034
575,12.854696917471387,12.858429729651753,12.858211780878431,12.842711914483838,12.867949485778809,12.959067712742865
576,12.091041814093042,12.095938010336962,12.095595202237478,12.109894054232889,12.108439445495605,12.099466002226142
577,12.422121769180924,12.430840814146192,12.430367428627568,12.107639207127502,12.495266914367676,12.458488800490114
578,11.846605048676452,11.847795612650154,11.847162154476718,11.829580169876696,11.889018058776855,11.87834254903486
579,12.53700980319355,12.540336706433513,12.540171990369153,12.532434934972141,12.506515502929688,12.513800367782062
580,12.13799212220902,12.142913260618,12.142742358108997,12.166895441109942,12.161048889160156,12.149366654364776
581,11.758022716426485,11.759592618649956,11.759821441565874,11.740566850823583,11.751862525939941,11.791428105678891
582,12.429496861774838,12.43262272377156,12.433217138087848,12.257098328337268,12.381932258605957,12.374771635508564
583,12.497252963341174,12.496909507180744,12.497366880163256,12.504651117901581,12.605663299560547,12.608789928560272
584,12.096972386693267,12.10289881134901,12.101158097591954,12.077411199033094,12.041872024536133,12.016349226262637
585,12.136030797561792,12.1428239278312,12.142719575768409,12.169177136655247,12.114640235900879,12.097003137718467
586,12.592801171316307,12.589262360648645,12.589685289682407,12.626924907689293,12.556037902832031,12.58454444230755
587,12.50898392480333,12.500785230204768,12.50204671263761,12.447809334344434,12.557989120483398,12.545505192366319
588,11.691279467569633,11.68900881691711,11.688450212712805,11.690225403105714,11.799524307250977,11.824369872661373
589,11.898244218923242,11.904372260714743,11.902839608873501,11.862921959232231,11.953882217407227,11.927351761762273
590,11.825741024816274,11.81863796039486,11.81826375550841,11.780953667364734,11.903087615966797,11.897413002481429
591,12.157042025868543,12.143846072387324,12.145560413705676,12.082374005146885,12.087873458862305,12.100933626730326
592,12.662696052507743,12.662182841940671,12.662754523032453,12.673364770235588,12.612295150756836,12.652044554911194
593,12.482449939434495,12.482578255783555,12.482689350443339,12.492970914929534,12.480460166931152,12.431940975043815
594,12.052520205360233,12.048886163578045,12.049760379143839,11.997583375918545,12.043723106384277,12.049649863489996
595,11.539319541365689,11.538516304802906,11.537831784556905,11.739244232193801,11.575190544128418,11.62638791946656
596,12.06222331074931,12.08254102125197,12.082784967151202,11.9454015907781,12.054582595825195,12.040166531356283
597,11.923427366111888,11.932503361709099,11.93166365135751,11.85745268913877,11.864177703857422,11.892043996144904
598,12.059460163865095,12.056266819744026,12.055776374205179,12.11039706502413,12.04372501373291,12.004404606184226
599,12.01059804755476,12.002135811071144,12.002015707580616,12.057733783450853,12.129639625549316,12.059555197352841
600,11.840671333747329,11.832723883460888,11.83311468399222,12.086228074094628,11.876693725585938,11.82872405776019
601,11.90501678047539,11.907635266009905,11.907415862918304,11.88117259898703,11.950910568237305,11.943532420753334
602,12.240866605241697,12.246499442755086,12.24547480398171,12.272057431922452,12.269515991210938,12.2692417095134
603,12.492971690615065,12.495913072023358,12.495822934045394,12.457532891807482,12.493037223815918,12.478107949345727
604,12.173211240217698,12.173462313231232,12.173429939103915,12.188755386272193,12.142496109008789,12.108674772555592
605,11.865828606102706,11.859946859671467,11.859504748652428,11.87658791240798,11.923567771911621,11.913985419345897
606,12.545781981386096,12.546815514614092,12.546971110751825,12.602306998580419,12.559832572937012,12.617094121684557
607,12.33483975570982,12.335989651593868,12.33588674512227,12.345128005491093,12.218153953552246,12.26269126658682
608,12.723708142437072,12.722663267438016,12.722835479300205,12.7063181892543,12.687295913696289,12.628229493938372
609,12.144906935992022,12.151936099060512,12.150646546639813,12.11572295916552,12.168063163757324,12.17132344950454
610,12.31974951196334,12.320680091207512,12.320893152703187,12.351567411854838,12.304332733154297,12.33346758107036
611,12.303139617887922,12.305649253191177,12.305620797897603,12.292408885564354,12.316884994506836,12.333032782204135
612,12.29417790857117,12.30556230377029,12.304436103496206,12.065178114013253,12.229292869567871,12.201087298637612
613,12.202140465798605,12.211153432681861,12.21041245797,12.165347366097798,12.19270133972168,12.16998914889572
614,12.573984417590498,12.570824267049726,12.571210171812696,12.570169896333043,12.626879692077637,12.599851331603501
615,12.200878691699453,12.183324755894386,12.18523728968652,12.209406569301096,12.36279010772705,12.408835994184978
616,11.950813553788377,11.954311696375552,11.954302253630381,12.107545854217147,11.9222993850708,11.902836806031718
617,12.66910130763957,12.66775191636631,12.667809432946328,12.559118464558281,12.741643905639648,12.796182912675496
618,12.079510521523524,12.090981042879614,12.09089113482514,12.015844739971076,12.06144905090332,12.077055290162068
619,12.330804467531799,12.329107613132392,12.329444695443922,12.30974236712306,12.354096412658691,12.353247680144452
620,12.859542908913998,12.857671503919951,12.85755367039774,12.637369993366253,12.878327369689941,12.779015578342921
621,11.955529234965216,11.980124176403427,11.980241522458355,11.921856401806146,11.929584503173828,11.963695144798615
622,12.121797516444131,12.122864799169044,12.123447238003155,12.113476452400397,12.08508586883545,12.098947495006659
623,11.885127028917568,11.890152613107187,11.88948438469364,11.922138151251856,11.85369873046875,11.887895221285703
624,11.83558160201434,11.839630733932252,11.838252970100017,11.834688131506265,11.887575149536133,11.848097678383619
625,12.523297210674816,12.522699761783302,12.523123677729352,12.51666854524001,12.49618148803711,12.50722174695155
626,12.028183065539741,12.031866905819573,12.031954640534856,12.069886089752067,11.983414649963379,11.991500820589248
627,12.254657892247435,12.255765172232074,12.256354545100503,12.161214833549373,12.243987083435059,12.244803305515653
628,12.03820777964076,12.047832657545985,12.04758455680998,11.994338281062745,11.996167182922363,12.054784360207313
629,12.762013002356644,12.768656966003501,12.768027807575569,12.751427633015712,12.778103828430176,12.789261364608285
630,12.298655207087961,12.30097715216402,12.300871337272067,12.327671748398432,12.254698753356934,12.225231665313785
631,12.145721381920657,12.15264246214309,12.152385150138251,12.174824602060635,12.191471099853516,12.144270703996218
632,12.228687498372015,12.23276358106049,12.232809285342487,12.242661283371266,12.30469036102295,12.324982803755054
633,12.039140851123554,12.043856324683512,12.043893519183403,11.99714385485737,11.912450790405273,11.966361282920639
634,12.394738344941851,12.401971313097878,12.401957226983333,12.401345298831547,12.422916412353516,12.377083144532843
635,12.386853475390845,12.384150603225624,12.384373376996223,12.336017568204902,12.381523132324219,12.341627998422489
636,12.223433709979686,12.223001813376364,12.223896232122366,12.088551153909783,12.135825157165527,12.181508975072585
637,12.771410924194623,12.769616390241847,12.76941874851023,12.789402389574462,12.826117515563965,12.788729141987602
638,12.310597470773752,12.30849079572913,12.308896327964892,12.324454892309113,12.367147445678711,12.373349126793904
639,11.866726156065937,11.89153406617646,11.891454138421873,11.630973864826503,11.794303894042969,11.834713822847183
640,12.317171209859561,12.316702936622274,12.316798403334419,12.371253844874312,12.337567329406738,12.352403201921646
641,11.919116568453923,11.90184521920166,11.903738303621076,11.948297446674799,11.873504638671875,11.849515655711844
642,11.974005073488147,11.97413213100954,11.97417100587483,11.959611789627314,12.023913383483887,12.026268835201058
643,12.49375953306116,12.497176165195,12.496673452306613,12.442225399677888,12.446014404296875,12.479393832404696
644,11.943722521830704,11.945097715193011,11.945549064241975,12.06716170660091,12.027493476867676,12.030995110528387
645,12.41122935191161,12.41758486782681,12.417918379425613,12.423294807994967,12.324563980102539,12.263145279879499
646,12.330555884056706,12.330406510707608,12.330769286889785,12.299793302217083,12.30980396270752,12.30912270188869
647,11.745338672957269,11.76448505669572,11.764732130980061,11.795546462089941,11.748882293701172,11.756649966097573
648,12.309691679782171,12.311453592302685,12.311140297632678,12.180337958748254,12.331053733825684,12.31852743396174
649,11.958923048876194,11.96172761355825,11.960828470077542,12.08144812459599,11.936079025268555,11.922463035524174
650,11.665904678506081,11.653582005535142,11.653641068721816,11.815240069465657,11.643741607666016,11.684640037022511
651,12.356090756939285,12.363828263474812,12.364417723398343,12.244219907913765,12.388672828674316,12.368306727192957
652,12.803272743465717,12.792853647429745,12.793395356288666,12.817243855423456,12.81356143951416,12.810494408626402
653,11.934243750673081,11.923205170578306,11.922863241677241,12.135298592347139,11.932822227478027,11.892377932992336
654,12.401427127666476,12.388515225284358,12.390018310594867,12.426970135838559,12.405884742736816,12.374964423659218
655,12.25331867572685,12.250208633732441,12.250760305740025,12.205248687131235,12.240309715270996,12.280140274058317
656,12.374805959312917,12.377553678819929,12.377717162191084,12.120095007721533,12.27793025970459,12.286408957535828
657,12.00078945592118,12.011690810742666,12.009882416772182,12.006269317164694,12.024662017822266,12.093405186045546
658,12.216786625278948,12.220555572061498,12.219549479844872,12.231490464879336,12.248319625854492,12.290133725082734
659,12.279129404219818,12.280520346513986,12.281030747971533,12.294493237515935,12.270990371704102,12.26348179830534
660,12.909957558366887,12.899409825773752,12.90009996257366,12.90564063686882,12.832561492919922,12.868969381619626
661,12.054400302522916,12.050854054088939,12.052065041154757,11.98308921522427,12.003227233886719,11.99047039919228
662,12.173424429784975,12.172313532892876,12.172321699752098,12.219080071251819,12.215474128723145,12.219132268601838
663,12.267488282930215,12.26155728953614,12.261899882304382,12.242110864437118,12.257365226745605,12.210555028243613
664,12.293923501018861,12.300563171351817,12.300334810535592,12.263359149512972,12.267290115356445,12.235076187680884
665,12.347795485537649,12.35021536908236,12.350568660830387,12.312124380779219,12.30026626586914,12.306896031482358
666,12.483638886588206,12.489844245025454,12.489107413583344,12.48772261952085,12.44420051574707,12.451975122895345
667,11.872819766284325,11.876877674973802,11.876714319720941,12.018226644558691,11.900440216064453,11.931446448470137
668,12.494000720857233,12.495180593700352,12.495848581405095,12.767539230819583,12.46578311920166,12.475488158376699
669,12.028394049969325,12.025763387492864,12.025589191360075,12.038224122664863,12.095234870910645,12.136382586965333
670,12.415903336405158,12.414188706675544,12.414527701902077,12.37121625727617,12.38163948059082,12.368210640655485
671,11.607365213775733,11.606339672780889,11.603025546564307,11.749942450782076,11.697883605957031,11.650338815495639
672,12.01629758314459,12.017495232965805,12.017055849365205,12.223741686497357,12.112327575683594,12.080306398247611
673,11.782412963419878,11.771321020753714,11.771054159688074,11.800175948366128,11.686884880065918,11.659730983475301
674,12.052321964780514,12.040918060627776,12.040812405093634,12.072377751628672,12.144781112670898,12.127719728982711
675,11.967382345541024,11.982885642776589,11.981322645555986,12.13409056506408,12.006994247436523,12.033137062190908
676,12.581407402678419,12.577090205092475,12.57791338677373,12.570939113784274,12.63471794128418,12.649506659426137
677,12.817194258972467,12.818066870856978,12.817505875284825,12.827430615441717,12.946051597595215,12.982704310629313
678,12.356657224879683,12.364036128361203,12.36439373626939,12.40293100438119,12.359090805053711,12.384575901580172
679,12.05457289083201,12.049120388350792,12.049420489188057,12.014487401051982,12.006628036499023,12.0169905063052
680,12.463035849117162,12.460067693410235,12.460199856741434,12.429593062815457,12.44382095336914,12.43372563321997
681,12.833564271127562,12.83143139859214,12.831472854350846,12.82880003681378,12.829793930053711,12.864256875196528
682,12.534162519127287,12.543129042563775,12.543045531079464,12.385335903229427,12.521366119384766,12.496523080821325
683,11.94018737882883,11.94124572833429,11.941627604122854,11.955620108229146,11.94260025024414,11.89642040202809
684,12.286824265143212,12.289942690715192,12.289852890284381,12.262745746254076,12.264307022094727,12.267530398780053
685,12.594413283801728,12.599157397049131,12.59974762638974,12.361541162434996,12.552504539489746,12.574704663560002
686,11.925092310254605,11.925837609510342,11.925261031771766,11.95096465022673,11.940325736999512,11.929768780886802
687,12.409083576959944,12.40680604876167,12.407541677588021,12.415929022724107,12.35555362701416,12.33990494842167
688,11.79477359161356,11.794907892495505,11.7943860810445,11.839616630083079,11.744892120361328,11.688731891567889
689,12.615529239014451,12.620261423708271,12.619807679879115,12.668787865723585,12.56659984588623,12.65039017847833
690,12.587347528949088,12.586712750335444,12.587291805308762,12.600597584337986,12.56882095336914,12.521019833784877
691,12.078179275249214,12.077720866693099,12.077740168480682,12.01123689845235,12.069637298583984,12.077708668853122
692,12.322832800969344,12.327993098901581,12.3272354231802,12.32296359732147,12.32672119140625,12.41951319686679
693,12.405641578966446,12.399076505747516,12.399174732970657,12.427557325893728,12.401576042175293,12.412025675048266
694,11.877769609908988,11.8846196604558,11.88435606001105,11.901900499717216,11.911730766296387,11.888756075656115
695,12.607038849068323,12.605051926696841,12.605687593962564,12.5848941078205,12.657079696655273,12.711318974527963
696,12.068824131028698,12.063720557171804,12.063984873470401,12.075604326197036,12.018898963928223,12.027998250433154
697,12.481107366579465,12.488567339607073,12.48844462567308,12.478292996326163,12.457965850830078,12.464321349110868
698,12.791725461680194,12.788366676755505,12.788216546036981,12.769370181198736,12.882285118103027,12.872959701899545
699,12.015552588652067,12.00536849511675,12.005746880136849,11.905387452040166,12.036786079406738,12.044050623507005
700,12.561863567372471,12.561252643500868,12.561848665413173,12.527883498580277,12.458279609680176,12.46048814597893
701,11.895701569274031,11.888068627864689,11.887934806051375,11.881475037593058,11.871319770812988,11.91618600280444
702,12.109030635186313,12.109738903826623,12.109500800561035,12.105691815480919,12.072367668151855,12.087355755712688
703,12.268228543646059,12.26381944102463,12.26409708189381,12.255911535556631,12.330957412719727,12.292983650616954
704,12.487105663533475,12.477100905725608,12.478442571632819,12.505986807089377,12.421040534973145,12.390445271116496
705,12.187523122842896,12.192967285131887,12.19261263004757,12.191612540858536,12.180950164794922,12.168242867820782
706,12.173696829088358,12.174264040594618,12.174433498638303,12.138422926660398,12.185539245605469,12.179256486116795
707,12.096007264789428,12.098220840129942,12.098311020750181,12.052508584742823,12.03453540802002,12.038613631548637
708,12.735953660797712,12.735335473365726,12.735087467152795,12.7502694787911,12.801603317260742,12.862612293442076
709,12.187939079158857,12.189836942004046,12.189663337311051,12.174261875657058,12.15607738494873,12.145117397635047
710,11.955794099811087,11.94246479790139,11.9437554805515,11.742695448509773,11.904635429382324,11.95872424400294
711,12.287775250133032,12.291699010473593,12.291887377434783,12.240489507266075,12.13029956817627,12.138378427178655
712,12.54184111610119,12.538753135052643,12.538886361409967,12.456581421267488,12.556768417358398,12.552838018338646
713,12.442662254397552,12.436978267239734,12.43729432342244,12.41912629355316,12.397502899169922,12.403370989450563
714,11.85347963725177,11.898488932565495,11.897445419068113,11.879788523372845,12.014660835266113,11.987663957293305
715,12.122882191944907,12.130750259616997,12.129836357264006,12.101328893377957,12.139036178588867,12.182737956764514
716,12.013858733124659,12.006285221373155,12.006681263204591,12.002067237802795,12.051708221435547,12.116615923780758
717,12.305638063991731,12.31412572509984,12.313233506786224,12.327045792352365,12.300919532775879,12.309818996249222
718,12.04130439210494,12.050258445897725,12.048742561204934,11.984046407366208,12.060081481933594,12.080426798455248
719,12.66122403433746,12.665616543344022,12.66555031481517,12.683787804023128,12.70203971862793,12.730656977352476
720,12.353955403835021,12.356338732417528,12.356576211879478,12.326446065193428,12.316609382629395,12.326469823530845
721,11.787765676090732,11.790620571451951,11.790925343780216,11.78156537703838,11.815204620361328,11.833523079393657
722,11.942316857636031,11.93830570325702,11.93838054557767,11.968032581156635,12.005260467529297,12.000832219148805
723,12.408302077328054,12.416625157033842,12.416759285626608,12.350795670784208,12.374910354614258,12.35657479997338
724,11.999541665615604,12.00507249305219,12.005070889855016,11.982020933177521,12.009114265441895,12.050033452669444
725,11.9124583813138,11.92265177825611,11.921777504283076,11.938947769138174,12.036476135253906,12.008014991779357
726,12.0847176799213,12.092453416027563,12.091873423440667,12.11799173256867,12.107354164123535,12.127519883589686
727,11.979635605250628,11.979161917750224,11.978982890600241,12.011546439068615,12.043033599853516,12.027523639477387
728,11.910181635099105,11.90849219673863,11.908769163839098,11.861065946271179,11.925756454467773,11.86519733306844
729,12.743995560669154,12.736503986123282,12.736739871375564,12.708854139680817,12.782665252685547,12.767517044580625
730,11.914231971046398,11.925511521726266,11.924242075002184,11.953582138759497,11.972143173217773,11.949093498571125
731,12.388235753505187,12.390985384912005,12.391159071770497,12.421730211807429,12.378670692443848,12.39736473366148
732,11.641254244119146,11.637920999744901,11.637521685930356,11.658197188825493,11.609646797180176,11.602943891447792
733,12.372328584843789,12.372234373855065,12.37237208170608,12.349562603147561,12.391016006469727,12.41252301164319
734,12.441972876251555,12.44694964599988,12.44661501132886,12.517580213430959,12.332266807556152,12.341668683904938
735,12.067336013185429,12.068918904708278,12.06839712764436,12.037001627273707,12.028216361999512,12.03376898955912
736,12.056933896405253,12.062741678846656,12.062454185208182,12.195279067566261,12.086973190307617,12.07848390153561
737,11.598991457568939,11.61287479792047,11.610611705388507,11.744041201643265,11.63244342803955,11.671179981076586
738,12.672884686125553,12.668126348370285,12.66856522851896,12.719312522818297,12.732285499572754,12.751846978329935
739,12.283901189570464,12.282875467536055,12.283031331601991,12.277380620023362,12.310847282409668,12.271181401437529
740,12.057904522289405,12.06327144870188,12.063203214004451,12.002078047164444,12.077269554138184,12.0658407799785
741,12.490854119099783,12.494518583989,12.494658544838337,12.511878393956547,12.463874816894531,12.465343003175883
742,12.52922031939847,12.531689583206484,12.531593244172068,12.410737632424341,12.42690372467041,12.447161294682816
743,12.1052223185794,12.09722775407269,12.097669938555908,12.034184392109088,12.29354190826416,12.292430616337564
744,12.20127164835756,12.207451312678405,12.207171987623365,12.21771129799217,12.194291114807129,12.230961429720699
745,12.532293914012898,12.529631076587025,12.529480401448113,12.536006934825885,12.563382148742676,12.494751172782241
746,12.858104047963346,12.858443280092139,12.859022913865406,12.872463126639303,12.89665412902832,12.908498565492543
747,12.054198206208474,12.055998211424228,12.056034386807541,12.001220295133203,12.050455093383789,12.056215408866867
748,12.271230791284594,12.270045282800076,12.270356665773875,12.252228748367155,12.271489143371582,12.27311225810557
749,12.203945490043358,12.20380333333847,12.20399298782839,12.195574572870713,12.188779830932617,12.181074063698958
750,11.874645877794661,11.874638199678836,11.874512956573971,12.001986244632837,11.91057300567627,11.910634399875084
751,12.136550097789712,12.155384134644228,12.154909580573092,12.050056204601772,12.189818382263184,12.217482284608517
752,12.01663889508972,12.02075564849223,12.019963523115184,11.998205386483045,12.009163856506348,12.02078613507486
753,12.196829293745958,12.20029256216938,12.199952185327819,12.211439060609436,12.2560453414917,12.286505298891404
754,12.056451331587754,12.05563708105044,12.056014644446307,12.097872423785226,12.041035652160645,12.052749646749549
755,12.151296277907257,12.147909956853338,12.14862893097393,12.187900304661714,12.122602462768555,12.106676412701642
756,11.862895245437349,11.873197560304993,11.872303076993678,11.8915645227601,11.9033842086792,11.930391396417102
757,12.430592530246658,12.432605193710014,12.432422242127727,12.45388624927116,12.44725513458252,12.471713613797098
758,12.350291606460502,12.3556459928427,12.35539944234694,12.36550190596625,12.317167282104492,12.33756687973704
759,12.320699424177416,12.321817936438505,12.32187612471192,12.313007064495324,12.284520149230957,12.285140390151845
760,12.301416547043837,12.301142368536722,12.301295877347155,12.303097523294461,12.313496589660645,12.312281493213536
761,12.270165328869918,12.281597443024308,12.281126112592032,12.26566464090526,12.273240089416504,12.278304500376734
762,12.286878128757229,12.286142059147183,12.286765957374136,12.28917814142384,12.343832015991211,12.321586137905733
763,12.341513234925378,12.343865720043597,12.343780256906705,12.317300176502105,12.342390060424805,12.345804150061333
764,11.845332053365487,11.84888374725151,11.848848338275511,11.802827080080984,11.865225791931152,11.876595225699575
765,12.370612343010857,12.383139443299328,12.381915629093859,12.43493735882915,12.388155937194824,12.411956613172705
766,11.69386073888129,11.703055974560758,11.703349932487187,11.607785134853499,11.636072158813477,11.576950458679326
767,12.082631267279005,12.077693735830065,12.078022084018885,12.056446003786487,12.070314407348633,12.09136398395163
768,12.537224860362533,12.543201704455525,12.542676668281711,12.547300512530622,12.556794166564941,12.570233902267972
769,12.025391066114867,12.027867976868247,12.027535413096242,11.991499827222281,11.994154930114746,12.025445852270492
770,11.964561250366955,11.963896213019899,11.963911843480398,11.974872774091315,12.0215425491333,12.019098230912116
771,11.828352916925128,11.81601954289167,11.817184166826696,11.822702594305985,11.700020790100098,11.693124479370185
772,12.617384331041588,12.614322037018873,12.614815473699467,12.615559195606197,12.540271759033203,12.610340690860822
773,11.958690479953557,11.955627407680321,11.955433404654235,12.02712739437193,12.016550064086914,12.040310555829246
774,11.987670503801377,11.98909038069751,11.988290232060185,12.040223029981412,11.996833801269531,11.95366557383225
775,12.302667167936123,12.290802598011645,12.292854921968452,12.121119147706118,12.214376449584961,12.230177746665813
776,12.132522815308876,12.14305320956054,12.142214542256546,12.152682346225427,12.173758506774902,12.172860373930018
777,11.981527499342862,11.979526710309063,11.979796328072446,11.9797219660393,11.932904243469238,11.950366763090468
778,11.705210671622213,11.693440772803639,11.693405813429957,11.714974692004823,11.690922737121582,11.619048351794806
779,12.726701902533073,12.728296972163488,12.728574721514963,12.75521226477213,12.817917823791504,12.773552668376315
780,12.11155889955503,12.11650159793317,12.116198907562078,12.19214303238914,12.204115867614746,12.211442444856244
781,12.567408745950177,12.564080742836984,12.564288242118831,12.571177534320233,12.523638725280762,12.52465859736079
782,11.92007845328098,11.92925104874705,11.9286412299167,11.958671848522597,11.981505393981934,11.992880511843877
783,12.213950717591166,12.2105226748883,12.21146480176158,12.060717654295239,12.233543395996094,12.191323467514069
784,12.008196943906022,12.016729401590245,12.015782361785696,12.040312713383276,12.063794136047363,12.05518715788337
785,11.90225867851635,11.893398112992287,11.893293471063947,12.118048188251203,11.95036506652832,11.918222809746371
786,11.501363742629344,11.48711379195102,11.486679751211566,11.50271287659813,11.473306655883789,11.588041575116623
787,12.284886966897291,12.283661867852423,12.283834567039397,12.226108274890366,12.239985466003418,12.242371456289048
788,11.917992002585025,11.924142162420367,11.92440985150679,11.909490436835465,11.998191833496094,11.933515252371945
789,11.786301278211003,11.785307217465379,11.785154493116117,11.769969909112149,11.663898468017578,11.659118354995437
790,11.900601631689092,11.90552246918551,11.904846992374754,11.941162872447006,11.902730941772461,11.860819492138202
791,11.98748227434137,11.994782419066478,11.993868598469737,12.046044426932069,12.05760669708252,12.058551814418193
792,12.142416512360645,12.149049464495413,12.148526003405438,12.140905236639863,12.11276626586914,12.07781922124919
793,11.82207610269507,11.826124410302805,11.826044590999123,11.835017814896087,11.681010246276855,11.661081061711164
794,11.809882291095784,11.817664513294801,11.817211500121248,11.880751105299398,11.782773971557617,11.75002870026495
795,11.898995711244314,11.891752420805775,11.893386274064058,11.912302378348098,11.880977630615234,11.867569856750578
796,12.153058092460588,12.15208899590541,12.152402725931573,12.151073514231324,12.240668296813965,12.274107920526857
797,12.216550263542404,12.208619487749958,12.210578468167324,12.229911840579192,12.2251615524292,12.231331006022376
798,12.909058471931193,12.907063136684764,12.907045189045993,12.866166487030446,12.924564361572266,12.97698801910705
799,12.695259454141427,12.700948197022708,12.699838622679234,12.691304342171076,12.7097749710083,12.705813071375204
800,12.640670056408792,12.639824490117784,12.640129314369549,12.633930881124341,12.687933921813965,12.739899888621911
801,11.875676400626165,11.879746135757175,11.87937005810219,12.009358623824586,11.875306129455566,11.888331659053733
802,12.432693602072437,12.408620294062768,12.410520478441748,12.412278791153454,12.327455520629883,12.340176891869872
803,12.230561840984981,12.22890259503336,12.229027822033004,12.22667612367647,12.241907119750977,12.252714665534882
804,12.58072834600796,12.586638139145796,12.586624150060592,12.522234783320862,12.462035179138184,12.458219881835962
805,11.794752289826853,11.790143116688448,11.79004078088608,11.83660619275027,11.74399471282959,11.731478976215062
806,12.033114224856927,12.027299931181114,12.027190085713608,12.074946246631013,12.063569068908691,12.090040822803497
807,12.552939602891051,12.558398901518277,12.558442406796862,12.55436956763411,12.560537338256836,12.53791699071218
808,11.884243283960405,11.88863903937755,11.888415615346439,11.931422297457415,11.861560821533203,11.851331039759609
809,11.996078591642558,11.997065810332408,11.995689987366047,11.991366544910779,12.018584251403809,12.04235896487035
810,11.958567629881339,11.954905978538887,11.954227396511921,11.955025286545666,12.024521827697754,12.039519467546544
811,11.983696525465891,11.978937120198399,11.978952618589844,12.001478495016762,11.99984359741211,12.009236888876847
812,12.452970141475646,12.45350796291,12.453758854638474,12.428638093165564,12.437190055847168,12.452581612755678
813,11.871084238585794,11.875028321625608,11.874627580876096,11.86555585236515,11.829331398010254,11.899589512735318
814,12.19345676688647,12.194543695580565,12.194514832668602,12.2040419993855,12.2123441696167,12.205309369772493
815,11.875842913090388,11.876084822498244,11.875261217524068,11.859922809770696,11.923739433288574,11.909295133679617
816,12.117731436335326,12.11279738295549,12.113002182830014,12.091654139579667,12.014684677124023,12.045669048748623
817,12.308910648124758,12.307254429872854,12.307820813985616,12.273593154260533,12.260896682739258,12.28937623496958
818,12.477354136192202,12.472900049173813,12.473370696217735,12.46476207938128,12.45582103729248,12.455023070672771
819,11.971905412325071,11.973814993260472,11.974342847409979,11.921361906960414,12.00284481048584,11.96594273472181
820,12.122048529075185,12.131878958932223,12.13158413794481,12.111490441736724,12.15548324584961,12.135553078079782
821,12.007100844188871,12.001494048631066,12.001973770327572,12.132704233934104,12.022488594055176,12.03156326573544
822,12.276299452748852,12.268639261474734,12.268783999265972,12.284832745133675,12.266281127929688,12.262133850981263
823,12.072874130941432,12.069672771228142,12.070407464317638,12.072168955973499,12.108078002929688,12.117571232188144
824,12.383676405284977,12.384946266599831,12.385459052775689,12.367545988689027,12.326095581054688,12.417340055742052
825,11.805664407825923,11.809680000436469,11.808764493636142,11.796045271566394,11.940340995788574,11.937178119545278
826,11.47356502254774,11.471387992839938,11.470597259170232,11.525292848639376,11.52304458618164,11.533211064690674
827,12.539315491498876,12.535967275895011,12.536030200263054,12.536141239533869,12.603557586669922,12.516012026013085
828,11.804766807924246,11.79592287281195,11.79658912045921,11.722391513636412,11.57273006439209,11.570652381153362
829,12.129713850601853,12.116100851136242,12.117070075113187,12.097571111171652,12.088178634643555,12.115672265800915
830,11.992328096566984,11.994394229963406,11.993896382842504,12.023907136200714,12.01131534576416,11.971042209824985
831,12.575735111907735,12.581392637438837,12.58036410737014,12.52448150096839,12.667394638061523,12.677692019370149
832,11.903608215156106,11.919612284903147,11.918179667136403,12.202227401391845,11.86961841583252,11.905590456556013
833,11.642703254793876,11.64330753382313,11.642702321991125,11.79742975196164,11.713226318359375,11.705944702024727
834,11.935561431267367,11.931850001789245,11.931888316402459,11.962665994143638,11.957629203796387,11.951552147292924
835,12.124313975261858,12.13008683830955,12.129779266775493,12.119788378447684,12.208223342895508,12.236843845895056
836,12.264579938280198,12.261351144580624,12.261707077938143,12.241016936658937,12.239747047424316,12.24818909002195
837,12.395407898321881,12.398993803120748,12.399216024683307,12.401950508733997,12.37130069732666,12.377182383252046
838,12.307680281490544,12.309336627819627,12.30894507191329,12.320995705173921,12.272979736328125,12.250204518775554
839,12.009573026909523,12.026024700208957,12.024207880135751,12.137137192024463,12.118452072143555,12.119394010976217
840,11.741372521797414,11.743816905731835,11.74357208913291,11.853832377276108,11.76124382019043,11.75347713410565
841,12.041076122416726,12.035224997233744,12.035868450545136,11.995006442777669,12.022146224975586,11.993789219697407
842,11.715433223453292,11.690746214550398,11.692009118299051,11.66151814804904,11.504339218139648,11.512506657603659
843,12.128446888956878,12.134063485349568,12.133765476994531,12.122635685207008,12.172731399536133,12.148542993805762
844,11.928874997753633,11.937239085340638,11.935977134306004,11.963166057351087,11.980064392089844,11.954414367713765
845,12.020637906444161,12.023784396372445,12.024017784442846,11.991805074937249,11.949581146240234,11.991529642997627
846,13.058925683313873,13.045613931113653,13.046743817828116,13.105809577908442,13.072550773620605,13.063873992132693
847,12.342303673732374,12.346289018543862,12.345918285766023,12.348384886035324,12.372685432434082,12.319784588329458
848,12.441714504247338,12.43678303657184,12.43771832093597,12.086228018120295,12.43079662322998,12.438429769298875
849,11.904693551600742,11.913449657019447,11.911598898808087,11.830127893792488,11.968498229980469,11.919339293915066
850,11.83306221740288,11.83830295637525,11.838366027845794,11.844988866184726,11.817102432250977,11.800064256877393
851,12.111266594231276,12.107371174080903,12.10567060073177,12.054187979369448,12.153388023376465,12.166250139114823
852,12.15264400544217,12.146026642805763,12.146869287166034,12.219075560582525,12.086552619934082,12.054603459901513
853,12.4541629122324,12.468864800096236,12.468097028477981,12.452248517945321,12.457084655761719,12.438042679162551
854,11.42654362829586,11.420218715179761,11.420578966399772,11.653238921991555,11.353724479675293,11.398236502604012
855,12.089213116380126,12.087107380374823,12.087417764873624,12.046410747362199,12.041522979736328,12.041345930191783
856,12.06576829266256,12.073812189019474,12.073123632711225,12.020678636764746,12.08687686920166,12.117424554835253
857,11.979236049528001,11.98437992812845,11.984583847944638,11.984729630806473,11.933493614196777,11.946780392563427
858,12.317947272263979,12.311690587848865,12.311900730541442,12.300156370583267,12.215088844299316,12.270447872298883
859,12.834400830198769,12.814669787154735,12.815566521866671,12.332244306570452,12.724617004394531,12.721354525156528
860,12.443191416450944,12.44559984025963,12.445456457343543,12.434836373084202,12.480620384216309,12.466052175858763
861,12.503790996781875,12.511107495820733,12.51107517238622,12.120192325137245,12.344747543334961,12.341266570350319
862,12.600792771074039,12.60276738953204,12.603216466505035,12.576701096829812,12.56144905090332,12.607157660306212
863,11.716278589208288,11.717920246584521,11.717109339083546,11.748437079556142,11.648134231567383,11.564070464716888
864,12.699200540232797,12.7126645873157,12.712107504684429,12.507886847876383,12.544679641723633,12.63240166414938
865,12.298142297858416,12.291562655021293,12.292284832815973,12.113101676345682,12.21255111694336,12.251584647185256
866,11.730993370730735,11.735306561231583,11.733868961475055,11.787734716918967,11.771448135375977,11.744087526756832
867,12.306487879631275,12.307660184579575,12.30766265590955,12.30155139751216,12.332669258117676,12.321422751944766
868,12.297030053684605,12.302597895305734,12.302395178952139,12.30799217502003,12.29336166381836,12.281080890087482
869,12.328979477790444,12.318995966439289,12.319643121210056,12.264771400385388,12.314754486083984,12.354253259198007
870,11.970325851552603,11.973898527820472,11.973586153369428,11.974465479324861,12.023099899291992,12.024853518051325
871,12.102234140035593,12.102103237607713,12.101969701492582,11.99038329719029,12.16099739074707,12.12433196408959
872,12.009075822931848,12.016464757799437,12.0158781187691,11.982703013389864,12.035911560058594,12.022727096937395
873,12.556872657461033,12.559766976816485,12.560103439801034,12.536645523729785,12.515877723693848,12.510119014881198
874,11.787502640686862,11.782020765439102,11.78182702545257,11.742100793544198,11.805381774902344,11.840726682999826
875,13.107132244135572,13.105671100233673,13.105452944227986,13.101519630126862,13.127897262573242,13.15074492573492
876,11.942588189802786,11.938926701594331,11.938694198931724,12.013782656568432,11.996903419494629,12.002517129299731
877,12.014489900598884,12.00917407513668,12.009711046226316,12.237090559599864,12.07034969329834,12.080158494852103
878,11.967565783911434,11.959423081203823,11.959693190820873,11.987929054762938,11.926482200622559,11.962912166540825
879,12.112021324812664,12.09296118493868,12.094260909183683,12.081024821830445,12.08926010131836,12.093191808997508
880,11.937271094904151,11.949450938887614,11.949339026352174,11.920135918792814,11.958779335021973,12.00158906898467
881,12.212681784564666,12.215189232299508,12.215100258521657,12.149876996278566,12.191975593566895,12.191277472788535
882,12.107261693872374,12.117638383804016,12.116847283571936,12.128636047328639,12.114072799682617,12.090450960811083
883,11.846402346118284,11.844740275513061,11.844860159232928,11.769181956185072,11.887289047241211,11.921152741451381
884,12.436775234763497,12.427350958087,12.428240448804427,12.39991582707572,12.328696250915527,12.35124429207011
885,12.330901352755294,12.32567692570492,12.326402139204527,12.317083828136397,12.258453369140625,12.265880764354916
886,12.159110930130637,12.161629752529015,12.160430343789956,12.114191316137795,12.192838668823242,12.224323199297698
887,13.230788849676511,13.209313813620739,13.208624246374649,13.22123548285082,13.135862350463867,13.063087674147978
888,11.668371126093005,11.679190726107004,11.677896797773206,11.634956511461922,11.676767349243164,11.675466442708432
889,11.915499791862283,11.92285022716824,11.92097518960314,11.901762435361826,12.007359504699707,11.989732513912923
890,12.418364924006589,12.42860113014086,12.427587332679737,12.238935651580407,12.501338005065918,12.515626821845503
891,12.501912396352063,12.50594935998258,12.505957514920613,12.486686026692997,12.454848289489746,12.495876447233545
892,12.07191245717609,12.07432671005812,12.074639303452026,12.065578185198792,12.074731826782227,12.099760695866534
893,11.938009915557087,11.941398247951335,11.941171303391572,12.067941829608419,11.919120788574219,11.921625228445464
894,12.312699843016151,12.316540735310726,12.316282261829764,12.303743809170196,12.324203491210938,12.345161045119477
895,12.25770435556661,12.258024485397687,12.2581261270052,12.253433941050982,12.302297592163086,12.29387041109416
896,11.97951223151103,11.98286824323386,11.982512223224493,12.0072297852591,12.016510009765625,11.991175798701068
897,12.1093285090211,12.115427470168397,12.113994335251714,12.054404747596925,12.068534851074219,12.0604252617714
898,12.437517880082599,12.438322599990306,12.438464372399382,12.340453299827985,12.439728736877441,12.40235253122413
899,11.479515592794309,11.469131010916996,11.469509589574205,11.603527557655099,11.396641731262207,11.461058037154224
900,11.98815475277507,11.981094147772424,11.981674401853285,11.926713333900212,11.928803443908691,11.938183516386044
901,12.204506508978039,12.206820958041307,12.206945056534751,12.271454815523983,12.097943305969238,12.130535909224042
902,11.776012393280308,11.784127218507615,11.783060166809243,11.808110023904247,11.84046459197998,11.884443436404766
903,12.602060862264105,12.59817302471257,12.598402461436446,12.609579923875188,12.600722312927246,12.593489176318943
904,11.965443076218907,11.957853946492486,11.957849624520053,12.01876109476646,12.08730411529541,12.086944032959517
905,12.042270904101402,12.040709150524888,12.041065293531025,12.043820181868265,12.031994819641113,12.004115966037206
906,12.682781915539959,12.688030914226594,12.687519580495636,12.686861475504003,12.713654518127441,12.688167873222913
907,12.34734386727278,12.329850111702735,12.330987647507683,12.356889786837469,12.421785354614258,12.511595303772975
908,11.826711192767894,11.83219121485419,11.831023927870822,11.835469058689078,11.945246696472168,11.956302762889264
909,12.202511422365733,12.196297082062818,12.197821353480544,12.234961213983565,12.179938316345215,12.22069271236498
910,12.760007278968995,12.760391262991499,12.760021856029098,12.726568257004814,12.853612899780273,12.781181458346579
911,12.195863952846771,12.196073814512246,12.195887652996252,12.185224133412694,12.231547355651855,12.218412586000676
912,12.27452439295799,12.275114553392434,12.274956415287882,12.211281361808123,12.208337783813477,12.194929150654238
913,12.236137410786952,12.238477913316963,12.238457228655951,12.215246499891952,12.253030776977539,12.228471365515713
914,12.148918692536032,12.141853707581332,12.142991959879062,12.15712279875115,12.094767570495605,12.100364340494231
915,11.541586426315074,11.539438946339445,11.539118649504172,11.821353901705951,11.556872367858887,11.616077310018174
916,12.77570296026651,12.773208842854192,12.773449313554561,12.775419388111697,12.769697189331055,12.745118916167565
917,11.84979819079822,11.848935400759574,11.847956271403946,11.824035820615677,11.885211944580078,11.907710118994993
918,12.330167645007,12.332812280655707,12.332438205085314,12.278867618677758,12.329558372497559,12.313001788255123
919,12.99744966249053,12.999748991531332,12.999040930112836,12.771716052574186,12.922280311584473,12.969443283057114
920,12.310641460855228,12.313267741289216,12.313068526529552,12.322195755692865,12.306055068969727,12.307243918698838
921,12.381167225295597,12.385365729786814,12.384761964396219,12.361837952166304,12.447665214538574,12.379764275725272
922,11.98456076784753,11.986443819280275,11.986477154476221,12.06667596951718,11.911982536315918,11.8829082055697
923,12.384779733298211,12.383605989993619,12.383629570206647,12.38107062512951,12.408076286315918,12.393295537907086
924,12.119561220362643,12.130642354748634,12.130623604134408,12.116689139258213,12.12247085571289,12.117529112952461
925,12.436565680737765,12.43927872920629,12.43908585500995,12.407729981258697,12.46412467956543,12.43185959780627
926,12.115843900429176,12.114506129298716,12.11464713821621,12.054180365750776,12.144379615783691,12.148684159450504
927,12.240400393131146,12.236486887527386,12.237148096876123,12.267432850724576,12.233977317810059,12.264484868735245
928,12.46623883776078,12.468902426344364,12.468992561297918,12.445854604995013,12.443595886230469,12.468509353513344
929,12.457030789856088,12.457712137046993,12.45732724197003,12.47894021349055,12.471183776855469,12.499937624648885
930,12.386537125004898,12.385069908658428,12.385318079671073,12.40124860319775,12.363675117492676,12.386544872473047
931,12.055311067966874,12.056902814725236,12.057532441947947,12.080638721472951,11.971232414245605,12.005821588393703
932,12.022865043212123,12.023428229948134,12.02370330846573,12.024796659679525,11.999618530273438,12.014357253900876
933,11.85998386549606,11.859792710316253,11.859467587610936,11.928648527302963,11.911076545715332,11.913562464092692
934,12.49821988305863,12.496708863856867,12.496788366750916,12.455812502588323,12.47681713104248,12.466753621753593
935,11.9454837035682,11.945583117912268,11.945141940401953,11.978025355316966,12.037734031677246,12.02845087857494
936,11.703683759710767,11.700416601961733,11.70050404387604,11.686867634378538,11.761969566345215,11.726847450551569
937,12.779772786984468,12.775365686248469,12.775614827206685,12.77775223610342,12.833072662353516,12.85929587112638
938,11.41107929037832,11.38685283178514,11.386417700582086,11.429191501146057,11.342743873596191,11.43969333573989
939,12.7445684072766,12.741685933818376,12.742071796848615,12.753474878948268,12.805994033813477,12.831611752961557
940,11.885948045912025,11.906902831104862,11.905365799867011,11.897513650007976,11.875425338745117,11.884047079878982
941,12.051149049506348,12.040683156224448,12.040638336972641,12.18725239402182,12.026960372924805,12.022933485193933
942,12.049335088670878,12.043641532475938,12.044095008805035,12.112629286120855,12.020702362060547,11.942613702881742
943,12.055738807540004,12.061467174587865,12.06125839644396,12.0474531217757,12.03002643585205,12.027844640642957
944,12.143568387378359,12.1398056538416,12.140441777332171,12.151559976029432,12.142290115356445,12.154336240136463
945,11.942601192282794,11.936388699647749,11.936806631297868,11.931732922853783,11.917206764221191,11.908578942733
946,12.083995915412139,12.076799544992065,12.07746319492374,12.095260471902403,12.064803123474121,12.08102304178764
947,12.406486541250635,12.397030140448887,12.39714590538131,12.424694679323917,12.362533569335938,12.386645249508847
948,12.118175108919987,12.131042716203762,12.130349306695775,12.15471731565224,12.085533142089844,12.09799347916249
949,11.792307080131353,11.780610404696754,11.781393261024533,11.822104467482344,11.92549991607666,11.92005297239148
950,12.282736380202305,12.28656121800166,12.286172768096806,12.213195393227876,12.190296173095703,12.193751313237994
951,12.245353441752403,12.24054453513228,12.241469876736797,12.295279094648064,12.240700721740723,12.264807491292695
952,12.303978856073888,12.301516111084222,12.301271141361044,12.35998621250333,12.359468460083008,12.343514220629169
953,11.923540581329748,11.940669143981395,11.93930543393402,12.034769821759198,11.965298652648926,11.932166916249056
954,12.065274611251136,12.070953720388113,12.070871754200564,12.084742251362442,11.95706558227539,11.981488707809701
955,11.948539731718219,11.95910920421337,11.958146582175365,11.861389769019459,11.949846267700195,12.009409233333217
956,11.993128572763865,12.002776636275343,12.002550644961428,12.01765816366209,11.992403984069824,12.045688535135223
957,12.495100189768939,12.498574229271286,12.498288106454304,12.466110903600402,12.47217082977295,12.435734674908407
958,12.134359236327617,12.13511615273678,12.135160850061204,12.142984344827159,12.122786521911621,12.131833334134367
959,11.51708464962395,11.525726228134767,11.525934215095004,11.514772326088883,11.597399711608887,11.518951556463236
960,12.623511443193728,12.628690816461681,12.629120026050472,12.531693350697363,12.587738990783691,12.560570277824405
961,12.136405068272522,12.11376265004094,12.115448397044783,12.018922362735347,12.142753601074219,12.117829494544598
962,12.187249565764184,12.177197109986471,12.177310342167447,12.285765564893016,12.173624038696289,12.1979029959047
963,12.30383654035669,12.303463066225257,12.303725420457914,12.314237236199897,12.325124740600586,12.316051785553174
964,12.290387557098676,12.274128709437075,12.27604259300915,12.2564357649663,12.412785530090332,12.433040262122006
965,12.42601524382598,12.428771594410831,12.429244127465834,12.434393076918978,12.413556098937988,12.429197014926954
966,11.827606900669133,11.820357620084183,11.820948280839227,11.330149102827797,11.919382095336914,11.872515582141201
967,11.8829961975689,11.881691301238112,11.881455971505634,11.899881646702777,11.927484512329102,11.9209616126767
968,12.207726773751052,12.208005738569005,12.20824533707305,12.211952089990273,12.212057113647461,12.203283992425707
969,12.568752336789457,12.576029758236928,12.576109287521318,12.55873809638226,12.507649421691895,12.485041264725387
970,12.56192129873576,12.557596091838644,12.55822502387063,12.54502296632324,12.467074394226074,12.525171695761706
971,12.108352349718082,12.110958172579005,12.110666036878321,12.06516341408638,12.151103019714355,12.141566564957358
972,12.071614165385542,12.076048473922599,12.076151584763954,12.082079227590164,12.067428588867188,12.074446685337438
973,11.753523069468844,11.756077648416799,11.755785319199287,11.774072295642895,11.722169876098633,11.732188410504994
974,12.012705278538247,12.004019547693087,12.005321890482248,11.983496683066528,11.970458030700684,12.003189342902333
975,11.961923298230463,11.963758998040783,11.963221672252093,12.001878927820993,11.975865364074707,11.961605585780974
976,12.537425223339694,12.537174330052673,12.53766593330713,12.537703799433821,12.527578353881836,12.55327523663857
977,11.90794622039965,11.888028696607922,11.889505524088198,11.842046831123909,11.894912719726562,11.87845030271906
978,12.663553783498251,12.66536463249525,12.665242955503667,12.677221121838308,12.646245956420898,12.6619125878292
979,12.490072678530376,12.492703104080551,12.492548575778345,12.476374391167191,12.49229621887207,12.435376397423633
980,12.318822256766834,12.3078462081365,12.307153395127642,12.332970781298242,12.335702896118164,12.33038082566291
981,12.78992372270378,12.782655320630347,12.78377692928227,12.819748971693905,12.711286544799805,12.76762509719461
982,12.199575324021016,12.196610327418771,12.196906161374184,12.138184987501845,12.087371826171875,12.119628634904744
983,11.916585742712948,11.937813335600387,11.937991635583588,11.928994528976492,11.88955020904541,11.887190868927561
984,12.889058685391829,12.886981927714228,12.887463388341185,12.988862260529043,13.00673770904541,12.937343704898579
985,12.067421802195598,12.065547951255727,12.067286440315337,12.010425063304414,12.09982681274414,12.119342955981177
986,11.937707263363707,11.922547961533267,11.922722803385568,12.160451629404294,11.96581745147705,11.91459686979132
987,12.249052747153389,12.257080854396033,12.256726517481948,12.25726420652552,12.22031307220459,12.213084551244046
988,11.887440457819917,11.888134290603197,11.887857058243489,11.897446616967736,11.88140869140625,11.887960120278633
989,13.066011916370131,13.054696142508611,13.054701042164753,12.774782547667167,12.71248722076416,12.674460088663938
990,12.440376654352685,12.444818058131881,12.444504305574315,12.420591169006343,12.445606231689453,12.41685320569509
991,11.954745310004586,11.950888546814046,11.950917890992173,11.96739531599073,11.954739570617676,11.969786337088255
992,12.134510934441519,12.139226019216547,12.139640360536175,12.137543574943049,12.143485069274902,12.134906039272416
993,12.401115432845014,12.398357767732126,12.398689580711778,12.369834095879044,12.348666191101074,12.33276053384757
994,11.891865611587711,11.899209002531896,11.898452808516435,12.024967911907575,11.906270980834961,11.884572059567981
995,12.848437588552091,12.849104062357496,12.848929951272616,12.862507248591557,12.889766693115234,12.933271235977646
996,11.93666349408802,11.934432727863962,11.934441765519985,11.930876268195599,11.973299980163574,11.993487495393838
997,12.446849153850245,12.453158521685026,12.453176308858804,12.418361105980384,12.421398162841797,12.434075193568912
998,11.986284483874062,11.979209423145788,11.98010851348295,11.984138727281763,12.021942138671875,11.994834909269663
999,11.756370677773424,11.759696079077033,11.759118514978555,11.75820525695445,11.722667694091797,11.750388250926736
1000,12.22827182378755,12.224592572871682,12.225257994231997,12.20058453319783,12.216672897338867,12.198945155246683
1001,12.341800679779006,12.342704802008948,12.342573012353576,12.308033719881726,12.270750045776367,12.298722798030516
1002,12.556540181789245,12.557982604078468,12.55835134426656,12.551985558429477,12.54100227355957,12.545334190298128
1003,12.575572903640607,12.587263948183123,12.587314471198503,12.574903217633,12.597515106201172,12.593958882051849
1004,12.040320365545975,12.039586187915049,12.03976510993086,12.043144198992879,12.148282051086426,12.17045455070813
1005,11.91285294696417,11.910627436378896,11.90981697931418,12.109535013761493,11.923935890197754,11.882856682105206
1006,11.67864885147538,11.664667486701749,11.6659336847566,11.619747076473436,11.697032928466797,11.648134204357946
1007,11.825089810687393,11.826323628662083,11.827135426678586,11.812062801012512,11.854907035827637,11.86743015516713
1008,12.527663095257513,12.529110035851653,12.529194050884584,12.53046838392397,12.445296287536621,12.451061164800114
1009,11.85368898782352,11.857626872761195,11.856642228668377,12.144332977083158,11.929039001464844,11.872618130488659
1010,12.620853658999508,12.62453218175038,12.624571222965907,12.585353488038859,12.590886116027832,12.618310075590724
1011,11.603799256522402,11.600884154885813,11.600522291189435,11.59724933715444,11.526434898376465,11.549196997139427
1012,12.368020914434785,12.373348157006848,12.373092362966641,12.344856622175973,12.348676681518555,12.325683746198687
1013,11.917835728889658,11.914748918838171,11.914073789695399,11.978060583410024,11.9413423538208,11.949455888796368
1014,11.702861927360576,11.691196943772775,11.692072156814369,11.62951785673722,11.544486045837402,11.543443992228516
1015,12.146940138791638,12.139248396911732,12.139425609300352,12.316902619195286,12.149792671203613,12.13580580334831
1016,12.288545114218092,12.280163291711148,12.280563592676897,12.22525642374798,12.25682544708252,12.251547616997634
1017,12.395048509567564,12.389895281990581,12.390364512427542,12.373785523868806,12.345629692077637,12.342022117103872
1018,12.7285521254045,12.728017812199958,12.727654386239434,11.967411922933435,12.788538932800293,12.688843680410239
1019,12.129255620294131,12.124914366696057,12.125663271841516,12.198669937793495,12.08759880065918,12.076089214331802
1020,12.045670277445321,12.043492043400738,12.043229012758921,12.112052400223138,11.97675895690918,12.020447887959884
1021,11.654447863325471,11.632577743372511,11.63363883768274,11.735159734699977,11.581586837768555,11.542390545103961
1022,12.11686226402095,12.126392198974985,12.125414846030939,12.099910178384864,12.090067863464355,12.080004922718713
1023,12.639426742177953,12.64068109562312,12.641001064392777,12.634116543079417,12.641283988952637,12.72451172152878
1024,12.481186256524863,12.481155600985467,12.481322377301238,12.458150155647004,12.475743293762207,12.457812618640716
1025,12.047115509069858,12.05258220636594,12.052124942817256,12.022007829684817,12.087121963500977,12.14212658015607
1026,11.613523114695184,11.616055142336922,11.615824773017838,11.644212523381889,11.639934539794922,11.581813648492485
1027,12.58271057802931,12.571105768045308,12.57217348021142,12.553879236204146,12.635628700256348,12.62946628640639
1028,12.77045437348092,12.738086755991704,12.740790474130824,12.65811719847377,12.68114185333252,12.650551663570852
1029,12.456120376295393,12.467331450018442,12.467122800406067,12.414364037815826,12.442055702209473,12.420250295713037
1030,12.266259913818363,12.266826928350621,12.266673681171488,12.260629864892604,12.22823715209961,12.215146368796868
1031,12.243443475444412,12.235355330514063,12.236168133203554,12.206296375467382,12.262229919433594,12.276003511231716
1032,12.77575030970017,12.762444451159052,12.763273476148616,12.814903321613661,12.868760108947754,12.862830757371661
1033,12.742731040055546,12.744401585756608,12.744572136226305,12.761503776520199,12.776172637939453,12.856931126659578
1034,12.057168183230973,12.05731669315241,12.057369950593587,12.058867528144672,12.026935577392578,12.018881176434892
1035,11.668878801403032,11.67634156649168,11.676016831040798,11.582242189085896,11.554570198059082,11.535378445078006
1036,11.8152120497403,11.803982268646182,11.80350845935117,11.800560480378506,11.849687576293945,11.837686719284116
1037,12.388119090350528,12.391638965654723,12.391660984813454,12.408648838098266,12.410846710205078,12.423363778355947
1038,12.81882613827092,12.808334898183967,12.809107310677557,12.335858239685814,12.791095733642578,12.833773091758397
1039,12.001318402267424,12.000870184163437,12.000635603541127,12.01239776677055,11.984540939331055,12.042737182873834
1040,11.292882799581632,11.2450572649406,11.248666539004857,11.098192890420492,11.436027526855469,11.481375312156475
1041,12.281057007616017,12.284121523210729,12.28400105816212,12.29657639840387,12.22866153717041,12.218257234259013
1042,12.434495473239854,12.434267664217526,12.434405807549204,12.409895112985998,12.38996410369873,12.415803846180939
1043,11.90178789429285,11.889272735347843,11.889734637311902,11.933355655368722,11.834285736083984,11.832710941230228
1044,11.832684802782753,11.839504149795857,11.83934805618481,11.823896137877355,11.788277626037598,11.801760026882711
1045,12.489254063288048,12.492314529393537,12.4922750619958,12.52495318045565,12.525555610656738,12.502448609466581
1046,11.646508331662439,11.646108006247873,11.646601411515459,11.622478398436556,11.647127151489258,11.610898267146924
1047,12.277599337631472,12.27742598792605,12.277848130789815,12.24861606129307,12.292075157165527,12.272732586062629
1048,12.311237079126718,12.309272449750452,12.309483188186661,12.316649583103294,12.332512855529785,12.298131580538849
1049,11.97436715998126,11.974541837013435,11.973661082472184,12.161855981654735,12.006904602050781,12.025697795362792
1050,12.005494135688014,12.002867685698947,12.002917199447063,12.005754604502862,12.040227890014648,12.01664460829405
1051,11.872306212144794,11.86206828724046,11.862435570118892,11.861718490344366,11.79371452331543,11.86400928404884
1052,12.003884359941559,12.005073287172262,12.005055758666842,12.029074958884248,12.010247230529785,12.02977164135464
1053,11.80046681449942,11.81185232303907,11.809869222966876,12.074877215346714,11.899759292602539,11.867423082301565
1054,11.985688249899162,11.99438429501899,11.994165221181468,11.91905549707377,12.029215812683105,11.999135436627023
1055,11.45626437274689,11.463537251305285,11.463324036092436,11.54916822826889,11.486262321472168,11.438969121931896
1056,11.995748487910246,11.993293170739513,11.993012377097132,12.140230391660893,11.961132049560547,12.013254115682606
1057,12.389354146698178,12.386088418628326,12.387026096516758,12.884144683093893,12.353556632995605,12.386474771385886
1058,12.097577230320793,12.099035887998076,12.098533654981209,12.02682813696605,12.10593318939209,12.077396500924916
1059,12.612899853715064,12.613329185088514,12.613896495057732,12.64088788521972,12.608613967895508,12.550639078713596
1060,11.936108958136355,11.922086436725497,11.922494598435051,11.934854869752309,12.002894401550293,11.988873422347723
1061,12.84999788505053,12.815652695461688,12.816070813071516,12.82594304315601,12.731232643127441,12.635192309056865
1062,11.944490800735553,11.949140469379008,11.947169606500413,12.15562574984144,11.986573219299316,11.966193567438435
1063,12.933771524885511,12.941430423469887,12.942014118905137,12.943764774224636,13.014152526855469,12.993369832533418
1064,12.05738188655194,12.052304456349624,12.052523606756278,12.174884673590663,12.074155807495117,12.098928603407245
1065,12.985762013165385,12.976255777580787,12.97616750938289,13.009162475772612,13.014026641845703,12.998470369280717
1066,12.115803414993982,12.118311300007429,12.118062916837719,11.84025268123307,12.122952461242676,12.116187121697612
1067,12.31023110573578,12.311843907112271,12.311991315952369,12.311705431858867,12.286967277526855,12.300014132868226
1068,12.20851364538389,12.214815163905975,12.214423934364602,12.225596158970202,12.225748062133789,12.229308027977702
1069,11.921167185081678,11.964481458620234,11.961683227768798,11.664996990311085,12.227470397949219,12.338849365141701
1070,12.536267644501896,12.536115598235163,12.536581921284924,12.518792148272013,12.49830150604248,12.538422966837217
1071,12.02711304644657,12.032207465356727,12.031985535867676,12.015156353657051,12.029610633850098,12.092083561237473
1072,12.46061870838113,12.454729321398798,12.455393975213136,12.455217785288164,12.464661598205566,12.454867085207336
1073,12.652858059142922,12.657113584047476,12.657028322022855,12.624204565714496,12.749712944030762,12.749342537065413
1074,12.126708466922093,12.12789126110389,12.127920918906765,12.128863143279927,12.094819068908691,12.108985170211428
1075,12.110316087403529,12.111899846548521,12.111819436272214,12.039750217885484,12.055944442749023,12.064866788922664
1076,12.059436001247327,12.072043098676355,12.071430560711821,12.074131931858663,12.088128089904785,12.075940108401188
1077,11.961329056830932,11.971387863726637,11.971466288263393,11.870894264131298,11.981350898742676,11.980644110015065
1078,12.340963125912944,12.344151461298564,12.343671773617103,12.341203276253875,12.291813850402832,12.26706702052658
1079,12.487795932710512,12.484730767662873,12.48537215465063,12.463195808995318,12.437389373779297,12.43973154110027
1080,12.042758737981426,12.03938427265037,12.039275918204043,12.073395251204028,12.000285148620605,12.044457312337132
1081,11.849228259520022,11.846785868680522,11.846206806578232,11.892077743556225,11.934011459350586,11.89518441450366
1082,11.845014830544773,11.854005638168681,11.853349240999425,11.96322076526986,11.90029525756836,11.906762926154856
1083,12.643013541222052,12.639151365244045,12.639742080303979,12.842517520007902,12.674817085266113,12.604743605012748
1084,12.06683181139003,12.072944936081157,12.071301484841559,12.01660087318943,12.025113105773926,12.05743644358977
1085,11.668607715108468,11.665718255168596,11.665469545133211,11.73960964090277,11.749080657958984,11.663375308026938
1086,11.75722526467821,11.756305744027063,11.755651602565651,11.759797858533151,11.820404052734375,11.826325973384895
1087,12.160403939548381,12.175121478085083,12.174000624196971,12.203139915601545,12.147490501403809,12.17698389453357
1088,11.982813331205415,11.989814971619492,11.989351289278332,11.928272295437763,11.988104820251465,11.959367039308514
1089,11.913408589861598,11.919060426017863,11.918794786172347,11.893211438436222,11.930098533630371,11.927573331912404
1090,12.261245447915947,12.266933355089567,12.26698088624934,12.274849590116744,12.277040481567383,12.233973242014427
1091,12.310426340413207,12.311272490789989,12.311521941335238,12.312430494676125,12.27003288269043,12.272384919549545
1092,12.043339550601594,12.035621160126924,12.036362844248629,12.126140440894675,12.096918106079102,12.08600505404477
1093,11.881960002113145,11.886259394578614,11.887657104076542,11.824844638975003,11.76054859161377,11.823475496610442
1094,12.149065797781617,12.151453874633887,12.151949719569616,12.165522879104625,12.129226684570312,12.078553124409389
1095,11.755702952237069,11.760640721797435,11.7600673834116,11.761928083025577,11.682989120483398,11.684132956651613
1096,12.081223164407723,12.06972016964829,12.070582052017798,12.122542382231007,12.07612419128418,12.07113049031786
1097,13.103771777191463,13.10411665271184,13.103973411346248,12.045909820982402,12.994308471679688,13.046441384381975
1098,12.147020557606131,12.151757527296462,12.151584595832928,12.153418009889434,12.171899795532227,12.169523392993248
1099,12.596560901760899,12.596802519288005,12.597087073596713,12.606596579337857,12.650835037231445,12.63417791747177
1100,13.303062203571589,13.28928417227711,13.290437502659278,13.272592574891174,13.213154792785645,13.14756602017967
1101,12.005857153344868,12.010745990436686,12.01046934560845,11.970792217975855,12.052095413208008,12.059020783991885
1102,12.055844873899352,12.0605645027136,12.060504880415799,12.067171177029689,12.120414733886719,12.090425636930767
1103,12.347831657496418,12.347404538954395,12.347456123770089,12.304771599876823,12.254622459411621,12.267923272019377
1104,11.64489222232128,11.646170606093,11.645949818523928,11.739219715497622,11.74831771850586,11.753788988027818
1105,12.84041098239003,12.820019157816533,12.82131980447933,12.870852301601817,12.710566520690918,12.680862744219235
1106,12.621654550295105,12.616910167155066,12.617914948950634,12.621137577417333,12.572676658630371,12.611499887271393
1107,12.23755148512505,12.23487615775548,12.235143506667367,12.24945722986827,12.236574172973633,12.235082383012681
1108,11.85947178083223,11.861621941996033,11.861174302594675,11.85861596397253,11.960662841796875,11.961883471268923
1109,11.823691882908587,11.852293975736885,11.849182522214777,12.086228074008119,12.007941246032715,11.99916927435728
1110,12.371413669739615,12.366620918476189,12.367242992682208,12.351690811688842,12.303630828857422,12.330792920980786
1111,11.972824438322183,11.974730847775536,11.974955545345122,12.117303280749367,11.980019569396973,12.008072165249743
1112,11.852169372525598,11.86088280386547,11.85990914309067,11.874481880090528,11.88715934753418,11.923578322007051
1113,12.339509385433646,12.337451413332907,12.337661032531246,12.352594821858242,12.33763313293457,12.35132558655035
1114,11.612352847373744,11.604935607833,11.604504423724158,11.844143889707953,11.709492683410645,11.651606805424315
1115,12.308065323076562,12.305159417469987,12.30577211057124,12.25581596023711,12.225379943847656,12.245823266069273
1116,12.14492171545478,12.137616328891223,12.137635219505109,12.17447679466347,12.129785537719727,12.134057455664518
1117,11.901098755387455,11.902818953201388,11.902240514157878,12.03210252952778,11.918010711669922,11.910535163818949
1118,11.895520221491347,11.911562256528404,11.909775088609178,11.866239229783826,11.876638412475586,11.863048357328926
1119,11.976701106103302,11.979252413186195,11.978846347237544,12.086689881565007,12.004122734069824,11.970792870913948
1120,12.158912729087879,12.14515058128451,12.147587623986432,12.256459727999738,12.049847602844238,11.998755599547314
1121,12.216281596027741,12.212798957964292,12.2129259637668,12.225933931821803,12.22231388092041,12.219620724739894
1122,11.691105820830732,11.681435301626367,11.681487620106456,11.7177800306595,11.710057258605957,11.68247818404236
1123,12.690970442200081,12.695392275830098,12.69558466045186,12.682024995001353,12.725873947143555,12.738906433356544
1124,11.777044114389149,11.78290498314877,11.782758747139466,12.160519381397725,11.78477668762207,11.790345976528464
1125,11.96127616439815,11.963623550059523,11.962202671943226,12.037434548844889,12.049182891845703,12.057982748819295
1126,11.874555975741352,11.87761785610356,11.876514090666989,11.824422507255557,11.90995979309082,11.898525769888533
1127,12.374576114574996,12.37451227547091,12.374467331555179,12.411853610560737,12.362896919250488,12.37281536740224
1128,12.397572956524044,12.394480411225201,12.394874585821741,12.37074490505024,12.335083961486816,12.36318515198022
1129,11.584491830484133,11.579416386087376,11.578334937193997,11.623125350259361,11.572608947753906,11.56290716098167
1130,12.01794116461572,12.022546779828396,12.022687446266735,12.082106797921197,11.931771278381348,12.016530939569021
1131,12.224210234229519,12.222486598458588,12.223106253387524,12.302224644296816,12.219074249267578,12.203634707755835
1132,11.888871457877299,11.886812938111897,11.886180436569896,11.902324404128258,11.951606750488281,11.910673765089044
1133,11.999297432863443,11.994356448833068,11.994937681049473,12.128458416808229,12.002058982849121,12.013320941403409
1134,11.670318286927206,11.65061622076303,11.651365307960296,12.17651712867582,11.656806945800781,11.630099308782516
1135,12.058150658564315,12.062095390150102,12.062086605531261,12.06081696502649,12.048773765563965,12.037762374822496
1136,12.74572603993399,12.740138475713666,12.740038675976294,12.427343890581074,12.792657852172852,12.809545555318866
1137,12.175527186470184,12.180516610395319,12.180711303513451,12.16058765551357,12.184346199035645,12.168834768488189
1138,11.930716764684798,11.941796360524611,11.941344896044606,11.971418867471773,12.007627487182617,12.035531290820819
1139,12.170887555002492,12.16957324269487,12.169847992853734,12.16424015273786,12.13668441772461,12.126891484273973
1140,11.889709178491334,11.893237993798392,11.892611214328767,11.935444900772225,11.908488273620605,11.936680365016873
1141,11.769273004933755,11.761720317922887,11.76187933507062,11.661302209277883,11.80482006072998,11.723262458594228
1142,11.87887659819498,11.88109818045745,11.881070658249307,11.829077834024078,11.95024585723877,11.969637108884429
1143,12.23194399576984,12.225377219855144,12.225726568928783,12.250426367769496,12.197419166564941,12.185215266558815
1144,12.281846179901592,12.281980231395345,12.281802530256604,12.260278199476428,12.199539184570312,12.260273419157903
1145,12.037157272567647,12.04275417628963,12.042642558627296,12.015684479693224,12.032292366027832,11.994554804296587
1146,11.93262708229369,11.930850125048654,11.930337545598789,11.993885351587389,11.986959457397461,11.95947413294595
1147,11.919325486995602,11.914328431959051,11.915054956427378,11.919972312543614,11.940123558044434,11.966971487460315
1148,12.59993389215127,12.598211483335373,12.59853403430332,12.574253889589091,12.575480461120605,12.55729496220795
1149,12.095262278653523,12.09265271283197,12.092582740617404,12.103936798194507,12.04525089263916,12.09888468776821
1150,12.031563462085325,12.036600281913604,12.036463797635449,12.054160347198138,12.027216911315918,12.042350307254594
1151,11.955192924887719,11.946997855715535,11.94838432524912,12.05537612149692,11.912649154663086,11.920143130951349
1152,12.3035443894792,12.297414080201323,12.2979193576748,12.063354263774444,12.247834205627441,12.229490180644847
1153,12.295927507735463,12.3081962877551,12.307396646905909,12.088934725349244,12.289704322814941,12.267829384683095
1154,12.815286502217589,12.80910523641662,12.809189291436716,12.842437485096161,12.903536796569824,12.876974517649177
1155,12.052727876933847,12.050399562836045,12.050477499323826,12.036285454293967,12.096113204956055,12.108479642446001
1156,12.147626183771361,12.14488517640499,12.144463423216386,12.071175421375308,12.165786743164062,12.178063483222695
1157,12.857053768138375,12.850376906496923,12.85097112725304,12.830231373805702,12.8414888381958,12.887321505787112
1158,11.959650395231254,11.949633247077282,11.949639718558384,11.955850439993112,11.980661392211914,11.991062056819816
1159,11.976152831089438,11.982293640378419,11.981755117301987,12.031819186512577,11.967289924621582,11.941413351672132
1160,11.711556181013156,11.705763154671963,11.705699381074675,11.843356771193081,11.704410552978516,11.691633868179345
1161,11.361361326674661,11.363213205393894,11.36297881296482,11.390784697416436,11.275704383850098,11.362171930046769
1162,12.306224879358883,12.309276697475363,12.309151542832616,12.30260691094978,12.272831916809082,12.277296064546531
1163,11.343310378399156,11.328361577683712,11.328349132458852,11.613902563457446,11.32579231262207,11.40372009259372
1164,12.349341835621773,12.350724249574924,12.351037488726229,12.318910459659271,12.307348251342773,12.288801708718005
1165,12.039799265491595,12.047380937207919,12.047320740474847,12.045780224541353,12.054279327392578,12.051177556024527
1166,12.300427636903779,12.303112268532878,12.303387364714391,12.257443727541531,12.263047218322754,12.27734002780826
1167,12.05094273117885,12.042862694643867,12.042530222206885,12.035246040139224,12.081075668334961,12.078185290726974
1168,12.520980402214683,12.523922997799705,12.524066860089833,12.5115503428414,12.481311798095703,12.49111617236232
1169,11.857712765524255,11.855049266607695,11.855091501022184,11.875258733891851,11.896748542785645,11.900432265523753
1170,12.848405678503495,12.843448018240043,12.843227430017306,12.876143460677897,12.845871925354004,12.826966821608561
1171,11.85886018173228,11.866327162610672,11.865161752203118,11.872936614391092,11.951329231262207,11.865254030135832
1172,11.746638721455918,11.737856088381788,11.738123115110573,11.7265912060431,11.722832679748535,11.697785888481413
1173,11.93553307558318,11.937183997628726,11.937329603983976,11.850077343066648,12.03962230682373,12.053782704756188
1174,13.21278111074081,13.194474167085676,13.19530337004434,13.154113564340069,13.199502944946289,13.145349874017839
1175,12.10195633055176,12.09773204087999,12.097914683612435,12.115492544110449,12.192483901977539,12.145927696619975
1176,11.991819359723776,11.999267418843045,11.997924955493831,11.77800570094395,12.039961814880371,12.036281507597591
1177,12.36794599256589,12.373817246931644,12.373242194749611,12.348818762401507,12.365147590637207,12.367178833818445
1178,12.280111470865434,12.28113575167915,12.281005096152493,12.239086954508545,12.234854698181152,12.248157757016594
1179,12.013034593294988,12.016186901395638,12.014661273502286,12.04918845611164,12.05776309967041,12.081837179307982
1180,11.993169076426431,11.992745100954089,11.992965376424587,11.889932335276809,12.006027221679688,11.973103547376482
1181,12.64434583126356,12.640044641571295,12.640086901173989,12.667442563913033,12.575181007385254,12.567902722032255
1182,12.256696908324743,12.253432963515733,12.253726572950793,12.198229514535976,12.24413013458252,12.26653517311062
1183,12.424465556370022,12.421055338334433,12.421369735960457,12.408742909757429,12.333233833312988,12.34176163891365
1184,12.044229583521057,12.048775616748726,12.048303785567402,12.062915291371455,12.01013469696045,12.013532825962457
1185,12.269387509796134,12.276560237278458,12.27616743257948,12.247272266251274,12.190567016601562,12.159740230756233
1186,12.031975130903852,12.02677833561561,12.02709443148242,12.08548064922128,12.038117408752441,12.063977613043267
1187,11.765493079140944,11.750493011355868,11.750994710839693,11.780185244393895,11.79812240600586,11.757743877261294
1188,12.064506636457695,12.055701673092335,12.055627712956584,12.076261605791068,12.175016403198242,12.17725510943509
1189,12.223751293907494,12.224397231043588,12.224660376787828,12.228972344205175,12.244221687316895,12.21501995933622
1190,12.411978386423716,12.413959194639142,12.414310680519591,12.441015950993844,12.459281921386719,12.406312922659074
1191,11.966283466925738,11.966435533461823,11.966154478700695,11.982867490551394,11.983567237854004,12.00826937654062
1192,12.191899761456336,12.184653758042053,12.18445385785816,12.16552668012408,12.231171607971191,12.238342986479637
1193,12.770330086020156,12.766438813013384,12.766877750467954,12.77570541776214,12.770578384399414,12.762379389549388
1194,12.057343115156202,12.051185300264388,12.051117551368032,12.079548369260813,12.14412784576416,12.145428626450581
1195,12.787458218848517,12.791229779187486,12.791185153696077,12.809378672381152,12.870381355285645,12.871416019908182
1196,12.344368995770013,12.33678536474059,12.337210474558336,12.332773726776177,12.292553901672363,12.308209713943535
1197,11.886768523764518,11.883822572904144,11.884442961526503,11.775095563818411,11.934713363647461,11.974059035793292
1198,12.590346971171114,12.581990998899794,12.582360413976387,12.320374475349716,12.680761337280273,12.656513700724899
1199,11.972229162503893,11.954552749834662,11.955739498993795,11.605232108798477,11.958747863769531,11.948729058440982
1200,11.652438489049725,11.66366008682617,11.662629623076334,11.708877722846518,11.79565143585205,11.781956965538484
1201,12.472788841946665,12.47142189029185,12.472082171561057,12.458669183165114,12.408563613891602,12.408077207666855
1202,11.906329543662686,11.916051640090846,11.915271931699529,11.961004303048256,11.906394958496094,11.906543362251455
1203,12.237766194507552,12.24315059922694,12.242919760234827,12.190349244642576,12.398344039916992,12.398251025373861
1204,12.310297829051937,12.314533948133938,12.314665674437062,12.337959292480988,12.351500511169434,12.345460998969648
1205,12.485412526285238,12.485792346077444,12.486094171013976,12.459320149350862,12.46471118927002,12.44191053567167
1206,11.91748907626087,11.920532557345059,11.92012157429951,11.91124839740364,11.93631362915039,11.978301327388113
1207,11.974176710545901,11.972946971256723,11.9729592158217,12.021782429693527,12.024717330932617,12.042331452063644
1208,12.583369359634947,12.590710281196476,12.590375112842331,12.146696481106904,12.639986991882324,12.640619645951226
1209,12.624524726892654,12.619534461404633,12.62014475405138,12.639441146811015,12.700044631958008,12.716823106949679
1210,12.125342408129193,12.112342432261437,12.11353629879806,12.112804231339465,12.113629341125488,12.12325590521276
1211,11.846902804423317,11.844337779779789,11.84425874035434,11.961229117269683,11.867186546325684,11.86830191253158
1212,12.163583465852476,12.162556379258735,12.162620123864468,12.174281065954302,12.206297874450684,12.201243175913437
1213,11.819856170522465,11.810698188018245,11.811736353108161,11.830101014454682,11.838066101074219,11.824583939698359
1214,11.85601905596445,11.860674329827678,11.8602109533014,11.87157011940902,11.878083229064941,11.84374768178493
1215,11.838929962821902,11.843823627513816,11.844124141591147,11.967870096308063,11.816829681396484,11.767526461907782
1216,12.67272883699865,12.67010318884706,12.67060526104443,12.682754991542218,12.668651580810547,12.683979030083206
1217,12.044546264333569,12.047175281534553,12.047258654620634,12.035548552917222,12.06499195098877,12.037931619188775
1218,11.929623639928696,11.919177841883425,11.920188616346842,11.995351426650124,11.94757080078125,11.919932486551398
1219,11.676832191874428,11.672169632863062,11.67124857367872,11.711889908052326,11.62691593170166,11.638185594294198
1220,12.14140223376256,12.13706892457948,12.137113844252976,12.146336170642401,12.143146514892578,12.1401627516033
1221,11.877400102411848,11.883321223314057,11.882983122141,11.905939303235442,11.932124137878418,11.9301098135672
1222,12.251916059894276,12.251734594190678,12.251992541608397,12.238704189020979,12.226961135864258,12.228536669391499
1223,12.495593866107829,12.492805393219207,12.49310149449653,12.245657540757609,12.461994171142578,12.453164796542344
1224,12.80161134419612,12.80786456835848,12.807410100701011,12.81309468163296,12.809011459350586,12.866408624353792
1225,11.39476933693327,11.372511874206442,11.37375156068054,11.44789730172898,11.300497055053711,11.379332310401232
1226,12.26824795257821,12.271918176951171,12.271534843097639,12.213686719690294,12.192174911499023,12.185337838074421
1228,12.002431518103146,11.97293972122547,11.97379931162576,12.01495639038467,12.02077865600586,12.030088885480895
1229,11.630792748563348,11.621901867374119,11.62175874758281,11.650371872554068,11.454672813415527,11.480414354361479
1230,12.141484545491839,12.142067571645901,12.142729753182337,12.16942529845346,12.206496238708496,12.192068498402685
1231,12.040741429235807,12.036156976416994,12.036184893728706,12.201584182912509,12.016277313232422,12.043083765966367
1232,12.10695389200837,12.111151941801117,12.110659081423364,12.174187970760851,12.225606918334961,12.243201385925499
1233,12.010349224390081,11.994716157495803,11.99491190215636,11.956589908861343,12.044761657714844,12.03429676259939
1234,11.729639190818453,11.743706646794811,11.742582975694448,11.779680049344257,11.67573070526123,11.696012516279149
1235,11.78420560122197,11.778814645658288,11.778789393742658,11.814850789001122,11.84694766998291,11.77687309048921
1236,12.483718108964478,12.48913785170103,12.488512687746578,12.501237254441593,12.487346649169922,12.414366254171854
1237,12.189196054626477,12.193374371396606,12.192683968839503,12.179281643200532,12.205403327941895,12.194566986529374
1238,13.204169182232611,13.195983145439278,13.196878465680228,12.45188344753143,12.838922500610352,12.811830249605139
1239,12.358303053570415,12.357679773165613,12.357631296906007,12.366138144017382,12.249451637268066,12.27501385907856
1240,11.871610801770117,11.876095762576904,11.875601438871541,12.012448395219746,11.876667976379395,11.844719135561924
1241,12.282637444364358,12.27774070121627,12.278724309080534,12.214487113864736,12.235878944396973,12.237039542718824
1242,12.525638417019286,12.529518208480324,12.52974268004,12.558441605343123,12.547237396240234,12.566746414651574
1243,12.115112571454237,12.112586121843947,12.113135041191818,12.091620861591785,12.053557395935059,12.041765795099156
1244,12.0237100555857,12.029398763272873,12.029346310217587,11.999908794104144,12.083786010742188,12.06850361906382
1245,12.089808881757254,12.104999323038564,12.105037696715016,12.060477319031229,12.106826782226562,12.136989776256444
1246,12.198780424783335,12.203440244463428,12.203012748921513,12.253021370680955,12.213793754577637,12.223291077728888
1247,12.523885582222224,12.53034135814221,12.529984650003989,12.533778624912363,12.530402183532715,12.512541438215148
1248,12.619138887170122,12.620782534710274,12.620611276335751,12.642283126570163,12.626530647277832,12.602612019583885
1249,11.920753312614025,11.915151173886407,11.915542979054152,11.952689276539397,11.946417808532715,11.913826970296062
1250,12.289437078579187,12.283658191673807,12.283707407143996,12.309741994247673,12.311713218688965,12.305805370548969
1251,11.81421078748378,11.793657799959433,11.795389432194465,11.768616071107415,11.743674278259277,11.771781051435084
1252,12.121983443545284,12.123185740551165,12.122369011953245,12.08258237246763,12.22085189819336,12.225767985129348
1253,12.081406819130457,12.085383744011175,12.085069299503658,12.070939563514843,12.138288497924805,12.081754840730659
1254,12.076943169868306,12.077994259648404,12.078031177251185,12.046613985838613,12.026676177978516,12.025054790523773
1255,12.757567716135902,12.752333479034215,12.751137376683133,12.759194068256392,12.742002487182617,12.780390374281241
1256,12.57781959477773,12.570091728737872,12.571376414093992,12.593922373524986,12.584314346313477,12.636309772897759
1257,12.292487555755871,12.29285275189654,12.292480498744654,12.10654277269843,12.102703094482422,12.113300194676013
1258,12.437023157798789,12.439874514735,12.439622929433531,12.447333393368087,12.407195091247559,12.417364795647051
1259,12.655422650105667,12.644744419654105,12.646089696990424,12.667155991810036,12.782126426696777,12.751593667969338
1260,11.828402766817117,11.807713909297979,11.809029845126378,11.720531840271063,11.82738971710205,11.783546177738565
1261,11.825991368930556,11.823745751920907,11.823742611172245,11.876021251038566,11.987237930297852,12.009505089583856
1262,13.398522171082375,13.3934144543885,13.39449093622768,13.19105804226956,13.226627349853516,13.136862393156685
1263,12.385574521378148,12.384944610049915,12.3845032793355,12.420462896442658,12.48527717590332,12.459111343289255
1264,11.929571197490905,11.928242676180037,11.928185121445797,11.924251736345589,11.952693939208984,11.944782389961127
1265,11.8377898913511,11.833489258058103,11.833575266589461,11.935087588859236,11.848057746887207,11.85860459019117
1266,12.388221524720667,12.358031784701224,12.360226009088459,12.380293494214992,12.478692054748535,12.494880588905142
1267,11.839627513816264,11.828715125544115,11.830713285936964,11.80042542007209,11.773372650146484,11.781288134309712
1268,12.501387664467105,12.49808657473215,12.498696667492906,12.4742036953784,12.472021102905273,12.465533559036617
1269,12.19675915550218,12.196990566298938,12.197338648545532,12.186696763613384,12.238563537597656,12.231871599200472
1270,11.978429458533038,11.977253509992721,11.977410348675479,11.98420319231731,12.019269943237305,12.019343303047531
1271,12.078127154567712,12.083545890847937,12.08306199721638,12.08133266946145,12.052412986755371,12.051464591767642
1272,12.325038595710781,12.33074742664273,12.330179848106887,12.23590295364679,12.299415588378906,12.31520088703212
1273,12.491776417102356,12.483793544952022,12.484091193758006,12.511749147919344,12.503125190734863,12.508640640963595
1274,11.966486019068187,11.968071213525041,11.967722572518216,11.967591109943449,12.012407302856445,12.042241715674892
1275,11.811292442734603,11.81309208632311,11.812637752262635,11.767625324246412,11.918340682983398,11.894950068630386
1276,12.25173310690339,12.246434794524626,12.246849641154375,12.237719036054603,12.253657341003418,12.266948307566903
1277,12.54286800554389,12.54679192035575,12.546797297133544,12.513305503862485,12.529669761657715,12.535826177998757
1278,11.409993859034673,11.412142838061232,11.411332420351236,11.394142348890048,11.396560668945312,11.47433987902567
1279,12.111116379285809,12.109600183927286,12.109688655093409,12.09002036241934,12.13267707824707,12.100919324162067
1280,12.305150466293323,12.30497093752684,12.30520817760243,12.318482848089147,12.31147289276123,12.30692334224779
1281,12.056716038177271,12.06661843769076,12.065590796641683,12.661293924797649,12.007704734802246,12.049485891713424
1282,11.642105838986847,11.648845125995162,11.648056180024547,11.746670399181534,11.664113998413086,11.673868966087632
1283,11.453213356617239,11.468688411369643,11.465171866847994,11.603151813310614,11.626627922058105,11.658300573529694
1284,12.38379962388585,12.38294984134183,12.383494609357049,12.350125524732949,12.369473457336426,12.323558663176307
1285,12.996647262435872,12.990769183095598,12.990723243348555,12.800451368140322,13.068955421447754,13.072308305991138
1286,12.29970902572755,12.295440838414459,12.296037686724166,12.276021064073252,12.272649765014648,12.272484582454258
1287,12.226070168816014,12.232548695624985,12.232179457029476,12.198911803649501,12.206704139709473,12.200841511546596
1288,12.284274427428112,12.277617721253005,12.278290736253103,12.278800516884665,12.316795349121094,12.294566188688702
1289,11.92607946020711,11.960470941798938,11.960577416362664,11.936259821064194,11.988775253295898,12.013897379705138
1290,11.313682469637662,11.291230948011306,11.29120997765345,11.47102681007571,11.396556854248047,11.46334192793474
1291,12.213375120854876,12.208443160126986,12.208831116235762,12.173230502002552,12.203995704650879,12.173637760996638
1292,12.14142915656654,12.147474173029552,12.147223602200738,12.226317612111755,12.11471939086914,12.133033523491653
1293,11.95146534552726,11.946771478880304,11.947371479476574,11.916648386557226,11.905746459960938,11.893887867983699
1294,12.311534744809247,12.313407437300064,12.313282028813369,12.283666832202087,12.242708206176758,12.266515855097518
1295,11.580790797408614,11.59791234380148,11.595227964155495,11.505741018623006,11.552862167358398,11.522415546516235
1296,12.866261205408755,12.872553301663636,12.871948848900404,12.87660549313214,12.97777271270752,12.978071232495193
1297,12.276410878498323,12.275606093371966,12.275516690493362,12.244701236959031,12.197360038757324,12.214840887319914
1298,11.730910716323317,11.768014080396064,11.767323548776028,11.669202945047026,11.676538467407227,11.692034576544284
1299,12.538157824350002,12.534915860567889,12.535186925986755,12.513575840789096,12.501325607299805,12.496996803079982
1300,12.509923050403128,12.513752739820871,12.514226127760882,12.528132348139398,12.505640029907227,12.449599457386062
1301,11.929659349310832,11.934666133798494,11.934211740092326,11.911095705058573,11.938443183898926,11.989495909146386
1302,11.923397904281488,11.91693823531224,11.916974859799046,12.062462067281267,11.942017555236816,11.947151802414336
1303,11.845795067542133,11.841890738496694,11.842885447799619,11.884227015213106,11.845540046691895,11.850787203708101
1304,11.75459413862342,11.745365989282547,11.744740344840325,11.788039276113743,11.693325996398926,11.685946431617532
1305,12.008330540585229,12.002919070362148,12.003287253700911,12.029939391572327,12.035381317138672,12.041027547424326
1306,11.82233671493556,11.8248883684531,11.824277648719596,11.851272138142656,11.80001449584961,11.774047566052621
1307,12.557146952967962,12.565796252654986,12.564910579772805,12.54738105338189,12.580471992492676,12.569755147000285
1308,11.695887482619494,11.707644416432123,11.70704160174365,11.780691411176042,11.841083526611328,11.857562771279637
1309,12.185673846017595,12.196349379033057,12.196004801012473,12.311411775717906,12.152510643005371,12.12845598972252
1310,12.386024026878866,12.374804285419465,12.376472524625349,12.10263215769479,12.352023124694824,12.325387059771396
1311,12.86612124710416,12.863657334453029,12.863261485471062,12.721044367014429,12.894952774047852,12.901325109432959
1312,11.894687613322013,11.887652796007327,11.888103967608235,11.893179421896354,11.926031112670898,11.866094148525084
1313,12.18135416460707,12.179056628549501,12.179803315821122,12.144502080585418,12.114584922790527,12.095150543425923
1314,12.414815818612565,12.419677600489043,12.419983988763672,12.413006597039574,12.400833129882812,12.353217981550921
1315,11.670520549847073,11.689581209538009,11.688600753371729,11.806260976302557,11.85184097290039,11.849030694983094
1316,12.129678319371797,12.127966451669558,12.128250549439757,12.121334741968878,12.11300277709961,12.094428081099206
1317,12.717715705285789,12.712231326738273,12.71095183082184,12.752060030004872,12.714427947998047,12.74257971902174
1318,11.948049579912633,11.95211506834076,11.95158168124128,12.23973151540023,11.946457862854004,11.97950352095301
1319,12.10440428649987,12.113136258772334,12.112876800863166,12.167211466451448,12.147965431213379,12.151337843958835
1320,11.941602870335,11.940315812368784,11.9404066318081,11.95361406588112,11.963364601135254,11.962602524311357
1321,12.39424861142866,12.390135082856963,12.390155375573089,12.17160966465886,12.40528392791748,12.362705113345658
1322,12.143377410819799,12.141588311350217,12.141804186926786,12.093252272080191,12.09826946258545,12.130898017649283
1323,11.870927643105194,11.86556492933001,11.865629811798868,11.839792168862772,11.904870986938477,11.876225581949424
1324,12.330936886310308,12.33284135986968,12.33269820242478,12.318850995710465,12.329751014709473,12.275208111044819
1325,11.82978781943218,11.838102303162223,11.837513888048736,11.827351695528538,11.760953903198242,11.78421287645818
1326,12.46869188074078,12.46664391399915,12.466555019005067,12.438144529610206,12.507725715637207,12.466258375630721
1327,12.303712484875051,12.31520241556636,12.314510116216395,12.302804584816286,12.33602523803711,12.355068410379298
1328,12.437742874284732,12.44209742602786,12.441845533805013,12.438682780450698,12.556989669799805,12.542467788742078
1329,11.851395263789556,11.836380733094607,11.8379804403407,11.901033513385784,11.938019752502441,11.896021397615957
1330,12.086957450752806,12.085313624828052,12.085682069365332,12.018408758167165,12.047196388244629,12.041848914394878
1331,12.475080642811173,12.468727808938501,12.469589807873158,12.577798800753751,12.4498291015625,12.432594641414543
1332,13.103834933703826,13.088392905128055,13.088894288282518,13.213174307672164,13.110456466674805,13.030154110766585
1333,12.747516503186567,12.737465419537843,12.737872976991834,12.737509654744482,12.853142738342285,12.884547376361919
1334,12.00271992060418,12.0110756943585,12.010476335380002,12.051856079774709,12.049059867858887,12.074513252349181
1335,12.588960240232323,12.585562170146996,12.58614500233569,12.604259416593782,12.657757759094238,12.697435829616929
1336,12.043089155920166,12.04215518164986,12.042544533755864,11.891822730737815,12.049769401550293,12.043990591805064
1337,13.065204482569838,13.057115254202676,13.057606953481466,13.076902232885427,13.069341659545898,13.098977586923912
1338,11.930840737562901,11.930774892930259,11.931406346204499,11.927720605540815,11.74733829498291,11.727682832129132
1339,12.637339904630323,12.63229059555401,12.633092059483934,12.60417395490195,12.537680625915527,12.63242739820411
1340,12.448195354954926,12.447613049117185,12.447731632654698,12.425761614493853,12.433708190917969,12.419676306827578
1341,12.31710888776428,12.313088040873287,12.313919204579673,12.313166684948365,12.311261177062988,12.282864742682571
1342,12.726841405439387,12.718486569320394,12.718885167947338,12.494285675829627,12.729767799377441,12.760101193492792
1343,12.030334512289494,12.029722989108292,12.029261899507679,12.090810809098334,12.006579399108887,12.048019446419184
1344,12.567640021301987,12.567587337611583,12.567598223359784,12.53542580305959,12.551986694335938,12.531566635877393
1345,12.028451526803748,12.030885770567743,12.030937208648368,12.039813730358096,12.112451553344727,12.114865581187434
1346,11.812198736015356,11.806033570170353,11.806122913609148,11.827054473126722,11.864255905151367,11.858595518249983
1347,11.79217133961743,11.794047401190713,11.793046969149135,11.807951394991441,11.880049705505371,11.883577105652485
1348,12.330426487562605,12.323852257331042,12.323868424844747,12.338978016989666,12.286952018737793,12.260828995269826
1349,11.733098162786396,11.740535034233906,11.741384890402534,11.551578265203554,11.786666870117188,11.744038413127738
1350,12.309781361531227,12.3202121313948,12.319490347462729,12.301360499509215,12.368500709533691,12.340952406183492
1351,12.137864905169726,12.141529436602346,12.14131445658303,12.151965510201038,12.118291854858398,12.072821239119095
1352,12.489482910394978,12.494730120333278,12.494258409949651,12.466541063895132,12.457259178161621,12.449746779648635
1353,12.145324776146166,12.145621517136657,12.146010957244428,12.151563904942691,12.167445182800293,12.161851451745044
1354,12.255932995369255,12.25514108383344,12.25552966293934,12.084644768266418,12.218050003051758,12.265873760584906
1355,12.25572277770222,12.258176475023417,12.258037400664481,12.270543152166352,12.276083946228027,12.272620761164228
1356,12.385027701614842,12.37844460851428,12.378001142376483,12.4735713213182,12.44019603729248,12.494493691941567
1357,12.41528611183231,12.411835726203629,12.41187223449031,12.419006780168463,12.422602653503418,12.402672905935374
1358,11.540079077997854,11.533233500662764,11.533201343152268,11.7528056193519,11.69837474822998,11.713157956135023
1359,12.101235305235573,12.093947929759928,12.094836776956974,12.096500692138108,12.035746574401855,12.063388898715136
1360,12.027238391903118,12.03451196040124,12.034204099835058,12.119102205976757,12.091180801391602,12.054503175211128
1361,11.621668434092541,11.624370782309574,11.623730494431003,11.625005819730596,11.586822509765625,11.572057328203213
1362,12.962838869913114,12.958934177776387,12.958689818875591,12.993561069455023,13.009708404541016,12.96765264502214
1363,11.679426133981826,11.677514178828767,11.677660382422385,11.64872029998049,11.649971961975098,11.607863254574298
1364,12.63317959028955,12.617380194666987,12.61911036993375,12.26436762108164,12.6448974609375,12.682816533396885
1365,11.943420730399012,11.96542653669311,11.965826439009232,12.167091880450213,11.963146209716797,12.008869435067254
1366,12.02185158946575,12.022609586325668,12.02233972329192,12.061944433808039,12.098114967346191,12.091108364726594
1367,12.074374934966803,12.074853188285264,12.0751497391243,11.97153521708306,12.257099151611328,12.231241700599258
1368,11.777557201847294,11.782296484809539,11.78227778492368,11.661160371081749,11.871969223022461,11.896298126884487
1369,12.684905054066554,12.68217429149706,12.682849753587984,12.662814870617972,12.750596046447754,12.759979501349159
1370,11.61332958318242,11.607559405382684,11.608011038594796,11.593280146897532,11.47835636138916,11.456995437987404
1371,12.321195840412024,12.327246792473176,12.327025551814073,12.303893525520657,12.303975105285645,12.29938420122564
1372,12.43597571896895,12.438807993175077,12.439433228842084,12.230019120712054,12.416609764099121,12.390211367918399
1373,12.102193565504152,12.101288069533302,12.101722628648877,12.092216605732256,12.08104419708252,12.069789836955293
1374,12.559352893060009,12.568943935120712,12.57011863641304,12.613561162526628,12.549581527709961,12.538299890710894
1375,11.81479490563647,11.820723874268287,11.82021749697406,11.83293216845733,11.778424263000488,11.822324660138188
1376,11.893393985423835,11.884692190914079,11.88557107421699,11.706792164906188,11.90723705291748,11.85612668387845
1377,12.465444476793971,12.459365475560602,12.460150099996742,12.431925203650447,12.371967315673828,12.359764187996346
1378,11.879539892377725,11.884154812247411,11.883398548403362,12.2319605670852,11.898380279541016,11.909078267721348
1379,12.692046494276056,12.702954030282415,12.702327317878035,12.694126311883217,12.733696937561035,12.754208165605654
1380,12.574268688227837,12.565921749180685,12.567061059579787,12.599725710977399,12.647550582885742,12.588132145071178
1381,12.354144015583874,12.361610652227444,12.36110248774786,12.358603845029428,12.33174991607666,12.346080486873802
1382,12.60730131630272,12.610868431250395,12.610561879627559,12.577436924310582,12.616242408752441,12.618940494482791
1383,12.05522966991096,12.053079984212436,12.053263567176037,12.06178284308521,12.097349166870117,12.073375484496664
1384,12.027329733983363,12.026143543392935,12.025968843393075,12.063675984321584,12.03290843963623,12.030785415124486
1385,11.95535183810166,11.95203086435952,11.951953412288429,11.980087775190501,12.038820266723633,12.047389172760134
1386,12.371641210576254,12.371713473236893,12.371602050690562,12.344707169381865,12.348520278930664,12.367093922820926
1387,12.91158631428921,12.909965747165304,12.910115535964266,12.943137931409204,13.007916450500488,13.004781562763133
1388,12.198480682008507,12.200508032910529,12.200513108771691,12.117303286109822,12.163680076599121,12.166596859020444
1389,12.468404201876712,12.460382188120043,12.46146469520727,12.474909202398745,12.411433219909668,12.411835278172061
1390,11.796382907971804,11.777575686506545,11.778926232854879,11.989206981967104,11.779563903808594,11.772069431137204
1391,11.856514200847478,11.863048400046857,11.862485264172497,11.901285642031933,11.893192291259766,11.877497613417985
1392,12.213816069707908,12.218955087601548,12.219169182607008,12.24880788256692,12.191946029663086,12.198260679942768
1393,12.67880489070878,12.679933761338148,12.679569489166026,12.67276803572107,12.802557945251465,12.76751489955198
1394,11.889410076692114,11.895158185696172,11.894375052790647,12.073575150432301,11.891894340515137,11.891864277493905
1395,11.745980094965708,11.75454979694114,11.7535851351571,11.748362187647734,11.655691146850586,11.627344748890918
1396,11.694812472485015,11.694708607079328,11.694571438704106,11.595440266585731,11.67934513092041,11.688172115672542
1397,12.145110883827781,12.15265385312939,12.15169987247219,11.99488515479458,12.153053283691406,12.113886652254964
1398,12.05008182950518,12.05109372306111,12.051710871472384,12.061191249526498,11.997830390930176,12.047285482821335
1399,12.283964728627739,12.287861613983084,12.287668131979357,12.266431862051057,12.271592140197754,12.268202393857106
1400,11.874257572390333,11.884669186767963,11.883277854646748,11.950470994311651,11.880456924438477,11.814883111818313
1401,12.034597276068444,12.041546905131934,12.041358661854268,12.024025116497384,12.11169147491455,12.122194411235288
1402,12.112098398444795,12.118735506737485,12.11816528143431,12.138863198874883,12.1065673828125,12.090262097620272
1403,11.802559505965597,11.803909530341356,11.80417272327835,11.810479183111084,11.817949295043945,11.842300915750565
1404,12.378164755284477,12.372200925998337,12.372729609946132,12.417083729474916,12.372922897338867,12.385008631358044
1405,12.259889354567022,12.256958687056683,12.257890423718703,12.12259708999436,12.217276573181152,12.27009733226722
1406,12.45877715181194,12.461443913660927,12.461061027740307,12.441839092392016,12.43323802947998,12.474518850028263
1407,12.04673423151557,12.040009292210454,12.040342507718771,12.029954678521769,11.987481117248535,11.995414864762642
1408,12.276974292901508,12.274834197394071,12.27564656200698,12.157336363982596,12.232305526733398,12.238778571368456
1409,12.471792538426447,12.471540161166763,12.471353490531104,12.4541570674121,12.486608505249023,12.536688415760747
1410,12.37957852940235,12.3862842675749,12.385394719112744,12.449028316885268,12.330873489379883,12.354091822050048
1411,11.885347849050824,11.891668037873249,11.891298737197149,11.853724560995392,11.988117218017578,11.995682340088107
1412,12.346739952357295,12.340462670956931,12.340496425331175,12.282443440898046,12.299893379211426,12.309190843133411
1413,12.259273001746314,12.268568921575447,12.26776195265774,12.18817158259831,12.395602226257324,12.32210591802613
1414,12.329768243449404,12.342030338727454,12.342029627817277,12.293770421215033,12.393110275268555,12.324757587149588
1415,11.848137421486918,11.848545002183295,11.848489890336056,11.792360509821592,11.840396881103516,11.79080358555983
1416,11.755151962404959,11.749365049354003,11.749012008288958,11.851475400878716,11.850439071655273,11.843327867260479
1417,11.948403464325457,11.931073391053346,11.933279849108532,12.112281244597607,11.996172904968262,12.008835774305657
1418,12.146516174087003,12.152705457606006,12.152909193905929,12.147918689709456,12.1564359664917,12.133254274784353
1419,12.058394004500636,12.05937443277389,12.058956512843865,11.991301637183726,12.078032493591309,12.08195797289256
1420,12.76866368318309,12.763953922128637,12.764351344540005,12.799799384215074,12.800506591796875,12.767588731521323
1421,12.418957522009094,12.421870608041635,12.421608469177462,12.43022930565616,12.398698806762695,12.403504228653757
1422,12.369788226797366,12.3685487626042,12.369919778282286,12.187125445157648,12.353238105773926,12.298237685447688
1423,12.010187395782102,12.001868870546252,12.002566578599918,12.065406450114837,11.994372367858887,12.011922308656947
1424,12.26801435426995,12.258861901912592,12.260184097562544,12.267038757160842,12.239766120910645,12.204765279315877
1425,12.039093575904758,12.03330610130478,12.034311604378642,12.041072380983206,12.03903579711914,12.043504605097501
1426,11.766185143941325,11.767299958136089,11.765997571302128,11.892049893737,11.91003704071045,11.916420907212844
1427,12.78165349332734,12.789788101499468,12.789672784365601,12.76752790270352,12.814064979553223,12.761161461708285
1428,12.49680116772848,12.493382047484797,12.49393414379671,12.475447614087175,12.416090965270996,12.455044056300496
1429,11.799920551588333,11.798890935018044,11.798201302597517,11.811748399842509,11.878095626831055,11.88371335647624
1430,11.905067057351499,11.898069454717843,11.898510698083626,11.94800269317118,11.959148406982422,11.921098508913106
1431,12.324913168718677,12.320671567226206,12.32082594355561,12.124653697658173,12.213664054870605,12.25137392286744
1432,12.01581725109662,12.013069072388443,12.013144080343341,12.050431169842284,12.075518608093262,12.07450255966815
1433,11.792958845691903,11.788510543020337,11.788540922365025,11.81145443049807,11.769121170043945,11.782904580791051
1434,11.431713107760446,11.441711537679152,11.439582798615916,11.452664297187882,11.642569541931152,11.666364213285071
1435,11.463812142146567,11.458521638004221,11.457898936455539,12.11730328177912,11.42605972290039,11.407635093845055
1436,12.320419693544148,12.319602651771472,12.319379351161542,12.325374672532183,12.285411834716797,12.264350056529576
1437,12.779660552599287,12.775898280494705,12.775930675815932,12.804812224085975,12.845518112182617,12.872263103854515
1438,12.389497216473552,12.394587655519707,12.394571337276256,12.376589493937509,12.328634262084961,12.309391360995647
1439,12.15872147810415,12.166694070565875,12.16561566287015,12.231047149991875,12.176275253295898,12.143974244514457
1440,11.886495135573082,11.88225417212037,11.881946085816294,11.899560012933973,11.999858856201172,11.979325683143394
1441,12.327216583483136,12.323527742378971,12.323865727268682,12.315056297741702,12.264076232910156,12.24697099001477
1442,12.224852766211736,12.221803867275186,12.222392857767494,12.292884240514171,12.222270011901855,12.219832707366152
1443,12.265773013312302,12.273069447615443,12.272101603366776,12.300272757493948,12.219365119934082,12.218568767559791
1444,12.507496704781634,12.509288727226913,12.509602924710153,12.480409319587272,12.47858715057373,12.453949486784602
1445,12.644577657454022,12.636580528268963,12.637363640925914,12.652036426431097,12.79019546508789,12.788131721601486
1446,12.267116515116454,12.271619535192423,12.271361491192446,12.281648333561812,12.299460411071777,12.327608457806782
1447,12.098195849352335,12.098937857781847,12.098544208614808,12.087401266700734,12.1331205368042,12.151087167435769
1448,11.800494022041786,11.801915815916283,11.801637087987652,11.80333639796195,11.976722717285156,12.028272952327107
1449,13.779026104610606,13.75395897969614,13.75295614693776,13.696238058332726,13.154709815979004,13.12461417677427
1450,12.17954847386888,12.174379959371317,12.175128329583417,12.188181337915658,12.134160041809082,12.094860130309145
1451,12.103730907423476,12.095741456818814,12.096408960861377,12.106080471589234,12.08958911895752,12.125516456051258
1452,12.534206664609844,12.531406311705846,12.532062851911876,12.501874998954008,12.4412841796875,12.462331737382485
1453,11.92941763019153,11.930226780976527,11.929972021240923,12.263544664155603,11.989949226379395,11.997229019639459
1454,11.731914248568179,11.724876771044888,11.725315899866763,11.7162011478311,11.675633430480957,11.622527968446239
1455,11.86899454082804,11.86522622319638,11.864563282215508,11.919146068473287,11.91273021697998,11.935392195613135
1456,12.21365876309635,12.210135001598271,12.210195081198561,12.207487714538853,12.234369277954102,12.229526375174416
1457,11.814198870192724,11.815494523445132,11.81492568326069,12.052212462402359,11.87414264678955,11.845980320217846
1458,12.360095005737943,12.363855637468355,12.363031138885669,12.314170898171483,12.344941139221191,12.318577987302469
1459,12.32337118717879,12.319467483098334,12.31996686113783,12.333071133694533,12.310798645019531,12.339417233009625
1460,12.070550622246898,12.076711107758312,12.076721973184291,12.059550939398232,12.107950210571289,12.111870310951662
1461,12.117312659621838,12.106740116212418,12.107889736820606,11.573023905830112,12.064277648925781,12.075396234698307
1462,11.91413605634519,11.912469561044729,11.912029955867638,11.941126109239024,11.99210262298584,11.927876409730715
1463,12.085624788967097,12.075687993472103,12.076578468749842,11.913634966025576,12.017435073852539,12.039529589480091
1464,12.2910833238183,12.3013462059316,12.301136583998499,12.309676869261416,12.249680519104004,12.223708204388632
1465,12.408352692911986,12.40586169136225,12.405964279421394,12.414589499287873,12.35200023651123,12.353765867311965
