Id,ridge,lasso,elasticnet,svr,gbr,xgboost,lightgbm
1,11.91418841305666,11.920706360503738,11.919559317648186,12.003347879937898,11.969467366152196,11.979045867919922,12.006893018331468
2,12.063561135360366,12.0565591452358,12.056437046133134,12.05964435545389,12.010853626640534,11.991061210632324,12.003251889049695
3,11.817956642191398,11.801974600147393,11.803407837812097,12.116600659548833,11.795079526634638,11.754528045654297,11.782086456433156
4,11.89015754285665,11.892312566951855,11.891889063971183,11.935391094010072,11.935330599265056,11.956318855285645,11.92780368974807
5,11.948301442949315,11.962744991270295,11.960648600784161,11.932740433338324,11.872454900286302,11.854360580444336,11.844734259775933
6,12.331623897759174,12.339353050135108,12.338809870981125,12.343015110591997,12.343548342506601,12.356413841247559,12.323772072367468
7,12.203281988107726,12.205998787785864,12.204622434725769,12.095799007105564,12.154208444604022,12.147385597229004,12.178524890810722
8,11.904429891936859,11.918742739081821,11.916754783342336,11.920541361946428,11.931043661565763,11.946455001831055,11.948449061455612
9,12.031061173299891,12.041970172263856,12.040227207802625,12.057705002411797,12.063293883577051,12.06408405303955,12.061831408592965
10,11.963694102760796,11.977904660664775,11.975865586835187,11.980148192083076,12.088925554983948,12.01745319366455,12.07214121235961
11,12.05069332611386,12.073385106525487,12.069823702158924,12.042522881323235,11.958862487797672,11.974005699157715,11.993476642422953
12,12.108917515909212,12.096035974601937,12.097555880805428,12.834761691989208,12.147490379478487,12.097766876220703,12.080211290268345
13,11.87658096360975,11.895998885954084,11.893609598148432,11.96809676558666,11.950808410019354,11.909013748168945,11.887653499956498
14,11.963516051323856,11.963739209031374,11.96314851988661,11.979110652555223,12.006543438015477,11.972969055175781,12.020280461556128
15,11.777138967544776,11.783188251388408,11.782666530887207,12.024596439848166,11.794865467522769,11.775784492492676,11.76817831958992
16,12.239795432016729,12.235651318874988,12.238298849864982,12.200673494700935,12.21393168336021,12.195924758911133,12.197734462581243
17,12.1551524988115,12.162609257272367,12.161058201433619,12.109563258563117,12.11514161439978,12.054649353027344,12.079534484153148
18,12.084498112271039,12.082133939137556,12.0835124647738,12.098762286840092,12.038259796347813,12.041418075561523,12.05133807623505
19,12.259566458272628,12.269344693083212,12.267693301882842,12.285179688445048,12.344137597851704,12.303092956542969,12.294040043521884
20,12.643485117654286,12.636507380994255,12.637381566110392,11.973629162296088,12.655909704581488,12.643102645874023,12.624971531123801
21,12.200877908691659,12.197767924482413,12.197651740435713,12.247012417326204,12.172553047438816,12.157812118530273,12.138419757021254
22,12.096860859501533,12.105212014780083,12.10486219254446,12.29218515260758,12.142331565413363,12.132035255432129,12.150758012633935
23,12.227923222617026,12.212875191809493,12.215841278861708,12.107725254111708,12.243871353904515,12.179106712341309,12.185352249488162
24,12.465763388253798,12.465609803839715,12.465471729593899,12.482157284834258,12.502163165360033,12.486268043518066,12.517705147859486
25,12.54253486410145,12.55117705734099,12.550885988482902,12.091387415155499,12.308284570248661,12.291171073913574,12.265468898317781
26,12.102687653941357,12.113831638781729,12.113690356948581,12.11446954483642,11.964768948991527,12.0149507522583,11.99389659323105
27,12.089629018255774,12.102616264611234,12.100697982972223,12.231467587893755,12.11395728310328,12.169607162475586,12.133706569956773
28,12.596597170441994,12.592728497294662,12.593117537301762,12.589076499363506,12.630693807637993,12.597770690917969,12.534057983134195
29,12.690797420241983,12.67896587553295,12.68179994847086,12.727382204732542,12.5792380245001,12.565165519714355,12.561141550223292
30,12.68632629667825,12.687294291568131,12.686895928965765,12.63588760258935,12.572853543818882,12.610675811767578,12.525413443384075
31,11.962649933463934,11.98256913017037,11.981335699530458,12.101238440196795,11.946951748756703,11.96108341217041,12.021653123162316
32,12.65693446935347,12.671246580867567,12.670119173092779,12.659756399173318,12.60897154989195,12.648235321044922,12.663860072177934
33,12.89317703071048,12.905391180617945,12.903674334613683,12.896844530205293,13.032851084517937,13.009525299072266,13.030134440570583
34,12.167828835392521,12.182452132204427,12.18037238603167,12.097610326252344,12.142780354653798,12.228055953979492,12.292401346234849
35,12.37192855647895,12.377483957618203,12.377345424171489,12.39745209417369,12.370881787125583,12.40555191040039,12.41045255986756
36,12.127250631434237,12.134232094203234,12.133801618408405,12.295468230071139,12.084789043244172,12.136752128601074,12.119867062483658
37,12.135344418666286,12.122850423734725,12.125153653268347,11.947105886447456,12.119978023332727,12.145798683166504,12.165585567333821
38,12.91897691930874,12.917717857003266,12.91783348493066,12.911980508143438,13.016055343242309,13.000007629394531,13.04243260696164
39,12.470613650629959,12.479407003800285,12.478904010698148,12.454382597440002,12.518867963377401,12.503026008605957,12.499724794205244
40,12.188680690657945,12.181926094220938,12.182485125861461,12.134309455532895,12.297667055399732,12.3429536819458,12.335017721472083
41,12.0901111359255,12.099706395309818,12.098163143465802,12.085220511555365,12.10855818778524,12.129149436950684,12.067906120688255
42,12.016259147276832,12.02321066537947,12.022706885286944,12.209801991362696,12.122647486599083,11.994037628173828,11.994595008138932
43,11.952619678553992,11.938999481100685,11.939087094134454,12.079395658450066,11.92944774796346,11.930769920349121,11.947866912735499
44,12.10711543989991,12.113600032936617,12.11321373827457,12.127163013739588,12.089440370944715,12.126081466674805,12.154547547690298
45,12.390808397208167,12.391327028239361,12.390812631006549,12.392824819696756,12.389974401161988,12.416610717773438,12.409028450490844
46,12.747178380892016,12.738332226443367,12.74046906926842,12.76520692402299,12.587368490254791,12.67868709564209,12.723979383760973
47,11.871937326972002,11.882672800665054,11.88032719622615,11.824957312028722,11.799789355689073,11.865290641784668,11.785289493924722
48,11.984853954688381,11.976900917040732,11.977794431008045,11.992021923601676,11.947399345666042,11.905622482299805,11.900536161707512
49,12.005593602906066,12.009166932728975,12.00818952082885,11.90410808213527,12.038002862702674,12.039942741394043,12.06527108800812
50,12.155497146397092,12.159708024976892,12.161131947326695,12.070154547368325,12.104435290284355,12.095195770263672,12.136483756158386
51,12.952798002187437,12.945320847842053,12.945626304629133,12.94116642795118,12.94162704763353,12.957857131958008,12.884941126037484
52,12.33082527836732,12.321443153749778,12.324931243659815,12.34762962927505,12.27281328906722,12.236435890197754,12.243844312769287
53,11.471851556940958,11.4797810353008,11.481202295634937,11.470676534868039,11.589172538872813,11.617696762084961,11.608738537726085
54,12.004296290775269,11.990277447363685,11.989994018894976,12.081393603849113,12.056393460922926,12.05945110321045,12.071045556765554
55,12.079164638416813,12.092210327840931,12.091259112882463,12.045643184636361,12.10288656231553,12.079292297363281,12.109073379603094
56,12.224021519350872,12.226729669404984,12.22716288646847,12.068700080604774,12.204525064483798,12.199718475341797,12.201516126403346
57,12.247063237700594,12.243353942137198,12.24381803128512,12.257308446277642,12.243985829830194,12.254104614257812,12.275308931588414
58,12.471124029512524,12.4801998452138,12.480642242944583,12.450455405371224,12.554284279053329,12.47049617767334,12.536609432942951
59,12.130078093642013,12.140821152843182,12.14036713122273,12.318518766999548,12.212097725688752,12.213109970092773,12.175728972089948
60,12.139495122482009,12.13422609082078,12.13642724788645,12.143002068532693,12.209939539125523,12.23169994354248,12.228351927110879
61,12.074260242111011,12.07763862797003,12.076837799219248,12.042764321283475,11.9913603344399,12.033796310424805,12.042763375422691
62,11.645423325288714,11.669123549768187,11.666048610366616,11.69263701287909,11.716628142233631,11.69077205657959,11.679393647170224
63,12.80452513824561,12.798120696499469,12.797937563248055,12.790760147601407,12.910873173087385,12.88548755645752,12.887801728557127
64,11.957763211950628,11.957202160567997,11.95670468764003,11.998722140720318,12.031250583666072,12.027810096740723,11.992613991062491
65,12.271142544179812,12.28751098838713,12.286442251362562,12.184276270039826,12.287282963820427,12.320072174072266,12.299646474490903
66,12.047841713861075,12.046435782884581,12.047140498364655,12.03458593188007,12.034132903249315,12.0203275680542,12.014398907601281
67,12.779038278696898,12.780199605002478,12.780284710548042,12.39939067034617,12.775144539218502,12.74441909790039,12.736799906575214
68,11.920780333256092,11.927157694856541,11.925362695488072,11.948160599302451,11.9742668563251,11.985685348510742,12.02112711398453
69,12.07061211833214,12.085830486656462,12.084824571677018,12.09604305005212,12.077521325222095,12.086151123046875,12.07140705869006
70,12.206443334182467,12.184519779451938,12.187529560754886,12.163320856541967,12.191603784832635,12.179010391235352,12.196497246452175
71,12.853141321701239,12.843059548745678,12.845863165901958,12.846030618800834,12.915485600141254,12.878544807434082,12.852402067447263
72,12.272454856221144,12.27977784867934,12.279805719448198,12.255194024682558,12.249012175091762,12.241334915161133,12.218386246160925
73,12.47040787199304,12.456469013993393,12.459214004523654,12.123172847379918,12.512798408532122,12.483911514282227,12.504337716381611
74,12.591047444121527,12.565777308472473,12.567106412345145,12.091387415155499,12.595408707737434,12.6154203414917,12.66691630282008
75,12.400232092279388,12.400881519718522,12.400914748357561,12.387157057154901,12.396848367804964,12.4528226852417,12.435044747662339
76,11.890254251415712,11.909012776216562,11.907121549964215,11.923275613401618,11.879231575583104,11.841774940490723,11.838657728346332
77,11.79628206764143,11.795111360557799,11.796391825339459,11.768079303731785,11.698309327970732,11.730615615844727,11.70111924385161
78,12.344034904497443,12.351508645105062,12.350930953639699,12.315301293485312,12.333106187655655,12.344077110290527,12.331951627624179
79,11.942231294385104,11.95783675200703,11.955919854540284,11.98381120944023,11.91424682051633,11.946758270263672,11.951130083430504
80,12.031412646496735,12.031359491613655,12.031719571377598,11.980619480051175,11.997420507772711,12.052897453308105,12.079593619913465
81,12.638564940829134,12.625946502791034,12.627195439189803,12.673499015533555,12.623677546727315,12.604063034057617,12.591242765824294
82,12.332886050251739,12.341594636075612,12.34128389806595,12.327163036529836,12.362198172794233,12.38180160522461,12.370700839494342
83,12.201465466538,12.226383887071778,12.225297994767809,12.270276786274577,12.40320963495096,12.384621620178223,12.381345450748334
84,12.000749937572184,12.009320518670243,12.007908217435219,12.164188382944936,11.960522460666475,12.038461685180664,12.030804464617956
85,12.255489128284344,12.242533691569722,12.244002855649049,12.243834975091318,12.164864802343196,12.207605361938477,12.209120280985486
86,11.622573099838556,11.62378628642616,11.623920732383574,11.58100080885605,11.527547221484896,11.543340682983398,11.486539094518236
87,12.311013729086175,12.305452911751297,12.305838524371817,12.27647923343677,12.30915419691853,12.314637184143066,12.341318417159577
88,11.71923126957946,11.720589291018747,11.719880160044546,11.706134598017254,11.815731547062985,11.736035346984863,11.754663325135827
89,11.79887670077991,11.769367596898002,11.77386740640109,11.912267781179168,11.876443285324488,11.819497108459473,11.793759654996345
90,11.90536440950867,11.90697725337737,11.906468665994616,12.013644575782516,11.93769430954229,11.925628662109375,11.949910619771066
91,12.445712700587778,12.447679118283746,12.448018850320322,12.444928890660107,12.434976824100815,12.473967552185059,12.460484623977047
92,12.13290647774628,12.142033878519772,12.142259664492604,12.191540142091245,12.054164080294465,12.047056198120117,12.097514718678775
93,12.435978824008476,12.426189130220399,12.428247185762846,12.347482314956777,12.491588118663472,12.420891761779785,12.43181901810512
94,12.40886420607194,12.416928165482485,12.417754327758669,12.430427179551815,12.617646926183946,12.54188346862793,12.575902635067855
95,12.326520188503926,12.326497824688067,12.327046445959732,12.32498287528551,12.34663935278842,12.338682174682617,12.293911078313009
96,12.136224279172984,12.129355085445706,12.130283237730907,12.151187399154228,12.125949407051484,12.096607208251953,12.098178043376054
97,12.45751493092444,12.44997884214699,12.451465691140974,12.421433866708297,12.431196593473109,12.416543006896973,12.384719357949768
98,12.729758793720459,12.718189732696995,12.719794665291351,12.774351922919436,12.569786102423754,12.554841041564941,12.573172665997449
99,12.308418293502724,12.306347505338072,12.307234649620321,12.314832037077903,12.24854337230036,12.306951522827148,12.285956356558268
100,12.62485878585657,12.632736472631397,12.632612465638037,12.629419065230383,12.595192606005753,12.515652656555176,12.515352716463854
101,11.950432050196127,11.942564271721128,11.942524784162808,12.442269726686462,11.97371124370533,11.985875129699707,11.999323462574393
102,12.183131303398863,12.184864416396005,12.184747758927625,12.16031878758309,12.15701603489688,12.165117263793945,12.158593875965035
103,11.919646353612837,11.907298947840083,11.907788099425908,11.882589136240785,11.850591098090584,11.825997352600098,11.818157704901447
104,12.014289318237985,12.024429367342943,12.023779737065905,12.045375769727762,12.012271455766909,12.044650077819824,12.008524368780707
105,12.46416387696723,12.474203714571297,12.473479179897996,12.465094506013665,12.311383066185726,12.27963638305664,12.255015084328846
106,12.21457261044199,12.184894372336396,12.189265784137026,11.97568880868346,12.20482841941094,12.138527870178223,12.152995015573092
107,12.419139676725626,12.408311192626226,12.409780884197412,12.429717489000566,12.459590796963115,12.44107437133789,12.460282864518051
108,11.775354926059224,11.78198044049027,11.781362700988165,11.75971458529226,11.809150272431456,11.781546592712402,11.791573612566257
109,11.875912420605589,11.867788757907899,11.867506925627128,11.904553098294747,11.891532057263483,11.856521606445312,11.861119758985117
110,12.350161784284776,12.349691946198813,12.349856586671308,12.395393648730897,12.329678533002024,12.344783782958984,12.32379937954646
111,12.819900267640698,12.812948802100506,12.812630980010422,12.83086604792344,12.911119602394342,12.948081970214844,12.895573494404154
112,13.039513253429382,13.041170005352237,13.040530146305379,13.05407340116868,13.116955465218322,13.065160751342773,13.057990649905959
113,12.301280911649478,12.298499685118019,12.29930216342091,12.372169193859625,12.276220038157128,12.253851890563965,12.258709915189408
114,12.399460661093752,12.399231189397968,12.399103166066677,12.414542777993338,12.444168797551837,12.406250953674316,12.414687249446292
115,12.097925634812729,12.106370169770761,12.104046705131111,12.091387413994326,12.088955995625401,12.130070686340332,12.151116037836427
116,11.705000574682193,11.70092425677349,11.701066689223078,11.687779880057105,11.66063822111325,11.64941120147705,11.685769298690365
117,12.092779817840102,12.087341672222387,12.08806072983647,12.093110715822933,12.03339356798756,12.024353981018066,12.055982653052222
118,12.584752549050945,12.560183107752481,12.564354523471653,12.111635138321668,12.440895433907555,12.41931438446045,12.456935097735611
119,11.514924157397365,11.5032471801506,11.50355339324586,11.434889133082208,11.37200587566399,11.405661582946777,11.41180021495159
120,12.492233278315606,12.483163156043965,12.485452405794646,12.503598043439819,12.506703785380793,12.488785743713379,12.488942553978921
121,12.522855665243753,12.510577513708368,12.512476109530366,12.471649334429232,12.399491845285764,12.385236740112305,12.403918106504195
122,11.493836657789116,11.52248613761293,11.515286786332885,11.626701491578018,11.53040524800471,11.55400562286377,11.571013551505326
123,12.270896128074233,12.26295897868812,12.263642577321798,12.294045097206897,12.294860456384582,12.241512298583984,12.231857836511812
124,11.65771696570113,11.635526456086952,11.639701010855935,11.432271584840082,11.637869738880397,11.599968910217285,11.683212457642936
125,11.722818559444631,11.736887191941232,11.735727234102852,11.849737690280884,11.944721755008777,11.85779094696045,11.758219885846767
126,12.928171762051347,12.931090687284414,12.929812247684877,13.124973099889871,12.989687732826491,12.962139129638672,13.032580641529451
127,11.775261363727394,11.777604260674329,11.776635693438486,11.80735978146554,11.756732640182662,11.742300987243652,11.746067584599606
128,12.32265386432493,12.309813320182863,12.311637039058601,12.340248255825095,12.389715952533471,12.3936128616333,12.345799653439167
129,12.350083119720676,12.325211303040454,12.329159355192687,12.31488621527927,12.341683695025221,12.342988014221191,12.30890304049483
130,12.3447765481818,12.375520750537767,12.37425248182974,12.373009201937858,12.332852912798318,12.32990550994873,12.37405768076811
131,11.96370051068378,11.966286338144487,11.965694758416669,11.972405213411019,11.973003961348144,11.995893478393555,12.009617842594045
132,11.80368874042648,11.800620640875195,11.800168416994302,11.778752856864141,11.834613243624057,11.795456886291504,11.745398552609217
133,12.752186870556605,12.749385316272184,12.750302517939556,12.748019179847175,12.718477804212064,12.696008682250977,12.693549181834392
134,12.277267565528888,12.270607115312806,12.271316329838411,12.272543004342367,12.270670383327955,12.246588706970215,12.242619766371213
135,11.954026363912266,11.961685202504103,11.961149129294744,12.01801716672228,12.030229924595284,12.068589210510254,12.042495344256302
136,12.217295021756156,12.218464865788107,12.218162194808897,12.662425907692539,12.062332119717457,12.08338737487793,12.029415951141623
137,11.530459259115633,11.532565818032788,11.530397302302882,11.622207621675967,11.529513020831793,11.611382484436035,11.596444631413787
138,12.0474824779451,12.056088338086873,12.055061090227001,12.030543334939278,12.06567345671495,12.053499221801758,12.061356035638427
139,12.162452566999772,12.167460471769232,12.167737724433096,12.105067297503329,12.086422740100897,12.089645385742188,12.116294353283678
140,11.918008710664433,11.916973676585405,11.916295564126209,12.093593356788308,12.006286553895105,11.981084823608398,11.941780859997058
141,12.455521488671835,12.444947078366264,12.447003215146626,12.12160493401444,12.424656312257243,12.424490928649902,12.415582412821802
142,11.572512434983611,11.577113893301455,11.576268496687643,11.443180175750333,11.450073884357405,11.458629608154297,11.481782289373005
143,13.139575905996935,13.143543675122096,13.142939658849839,13.153649164466858,13.129691404782385,13.149746894836426,13.17222998369458
144,11.771331360680595,11.762416867193217,11.763188569402425,11.857864717534964,11.75807232100419,11.761307716369629,11.716414411450511
145,12.187248603325004,12.186222524288631,12.186000080944043,12.08940104397608,12.201148460590662,12.169897079467773,12.18076562202919
146,12.377627770901155,12.37758145991868,12.377554054897317,11.915942553738203,12.346259421637354,12.35366439819336,12.354635319762178
147,11.535457567982633,11.513309858873889,11.511664043867544,11.53512882729953,11.510691211457722,11.421515464782715,11.527857641411021
148,12.49973513736523,12.510378226574495,12.510278214845094,12.409799021361481,12.506271937159541,12.463515281677246,12.472998812219188
149,12.497451177524185,12.491198629010194,12.492155087044708,12.491793015444085,12.555916648569804,12.552773475646973,12.546787447314868
150,12.257245957521699,12.250664641813122,12.251251083187045,12.229582997544501,12.21925282227848,12.224198341369629,12.236752903763835
151,11.811280816905313,11.81068465298691,11.810305259189109,11.930555670437428,11.914822527616824,11.85540771484375,11.89776448330445
152,12.085539954390248,12.078109004243714,12.078094547988854,12.10244735180629,12.075809142948087,12.139888763427734,12.159414878234301
153,12.502627558919242,12.505982755462929,12.506000941971283,12.492151705889833,12.46774585658988,12.551243782043457,12.521844781332888
154,11.857758563866367,11.862582768564327,11.862460367523465,11.886446084302989,11.843351750630143,11.857582092285156,11.790490313750702
155,12.880322203531172,12.87189730054724,12.87322832149538,12.849080182857563,12.919330873730257,12.929266929626465,12.916753479819317
156,11.985673162119015,11.993688086893888,11.992284515452933,11.972273727426334,12.041750973080934,12.022479057312012,12.04400283938649
157,12.667976513529235,12.678072264068975,12.677323697958066,12.635794132090137,12.6711201518012,12.746103286743164,12.768214613676099
158,12.578534833272514,12.580105088763332,12.580289085662566,12.566608474606532,12.627319118765232,12.584270477294922,12.594885742358015
159,12.664537022219395,12.655709360031947,12.656821486812413,12.681436473477948,12.550568348213242,12.594454765319824,12.58038784011868
160,12.408819832344529,12.402048729796121,12.403278513246823,12.443272126375447,12.327782038314604,12.330920219421387,12.348728690208223
161,11.689149213105905,11.671184050611753,11.671408639814283,11.65121450546259,11.647343538038559,11.666529655456543,11.584465582367516
162,12.763436234870737,12.762881875784533,12.762955646281933,12.768596548311383,12.71823121974214,12.757378578186035,12.73710239048032
163,11.711202306646186,11.709772340762566,11.708446451530076,11.713554637944487,11.668041265712644,11.64085865020752,11.64552824628934
164,12.60212732885373,12.601681745933229,12.601558739502202,12.57333708607714,12.630598777237875,12.578716278076172,12.603287414887673
165,11.959192904818748,11.96313087914481,11.963403138878801,11.965498420520191,11.997385710311182,12.04547119140625,12.051049590700135
166,11.526269368082739,11.517986704488104,11.516821480489853,11.87172274159282,11.465138334736084,11.49978256225586,11.55883708709983
167,12.315931919883333,12.311729340526485,12.312250761912368,12.316897279579823,12.296053861626367,12.301227569580078,12.317747308347926
168,11.886101151342551,11.863811504738504,11.865881238440167,12.278215045445076,11.921450339054656,11.949061393737793,11.970621739033195
169,12.004137468585434,12.01706232348258,12.014298951076658,12.109818974379419,11.994774275614835,11.983522415161133,11.99663980619261
170,12.20659307560064,12.204071740550756,12.204075969263638,12.250600928699214,12.173146401997034,12.197620391845703,12.1897758333986
171,11.669792080637823,11.67009639628614,11.668945495338663,11.893511046846603,11.581094169742652,11.595785140991211,11.59870716039323
172,13.06625602537584,13.070766627404048,13.070521966617266,13.025675936352982,12.987095685976652,13.067975997924805,13.100741671851337
173,12.370271365497597,12.383170745089581,12.381487614923294,12.125724654331536,12.422577631850425,12.511109352111816,12.53518756555216
174,11.976523932419642,11.995054217166858,11.995792904178659,11.92379795410595,11.982274344037021,12.025899887084961,11.950512880045181
175,12.574290527585026,12.571410980382067,12.572111498448496,12.702958846810136,12.54265455927057,12.569317817687988,12.565016089874542
176,12.593812503684786,12.594029237728558,12.59527104945039,12.583389016141101,12.60281247839757,12.615511894226074,12.562742982126931
177,11.921168260720208,11.9336322409138,11.93224070432276,12.134357717576838,11.89708815091599,11.936631202697754,11.929309718714702
178,12.404168687936451,12.397805836985809,12.398761334176507,12.399656020769266,12.363161266032188,12.374926567077637,12.366959243299574
179,11.729456026401037,11.741740556016543,11.740617757453837,11.646985977180721,11.6963475721778,11.700740814208984,11.715922077545466
180,12.210277469901422,12.202315079225718,12.203923317334255,12.2447023821098,12.208348915316957,12.208076477050781,12.201598837178532
181,12.8198103924321,12.817686837377648,12.817888757616283,12.702206611590244,12.755114810471582,12.807130813598633,12.766822553221711
182,12.628701494462526,12.616333898498693,12.618277924119047,12.59016931351701,12.631628857035539,12.662748336791992,12.667300456941607
183,12.352166330380308,12.354636942571029,12.353829514963715,12.337707975441486,12.295432678988854,12.337288856506348,12.434736232626102
184,11.924975303663363,11.930638944611962,11.929468119238594,11.90742916375808,11.877290809199977,11.940078735351562,11.928743717381293
185,12.006251643823996,12.008432257723756,12.008326148925434,11.959540617911172,12.020580168050579,12.015713691711426,12.003987942201743
186,12.166474219099285,12.14499360092143,12.147576712804801,12.18963082158466,12.112258975658932,12.114883422851562,12.10025911360285
187,12.203671866088504,12.19383135354071,12.194790327540753,12.10777785041373,12.287631315643615,12.204113960266113,12.194084965263103
188,12.619996203470096,12.61756816785766,12.617877199707815,12.614102205623384,12.65085867161833,12.62342643737793,12.61358213601721
189,12.19427943535104,12.186349580431916,12.187418570330639,12.040474522380684,12.173079043404048,12.152726173400879,12.172000659939785
190,12.587526697900106,12.586683849319376,12.586828207003709,12.595551884395832,12.562327141103893,12.59502124786377,12.553983877623544
191,12.173148988228458,12.18966271559494,12.188531824821274,12.115352613169577,12.033204893817313,12.076889991760254,12.08757303107292
192,11.678292395031702,11.671864781299034,11.671949013022553,11.574421021717818,11.655758901500391,11.623418807983398,11.63189910715349
193,11.936332462342236,11.928027243741862,11.9299285693095,11.868957445738895,11.926693055309606,11.956684112548828,11.889399555182194
194,11.72192395919253,11.716846459784291,11.717747117577382,11.629326258513688,11.731212649593347,11.69878101348877,11.696426548851438
195,12.569012589140788,12.558599437914417,12.559917154996347,12.561335882212374,12.532200667912717,12.572091102600098,12.52818912923063
196,11.81151574614309,11.812393979318408,11.812306051496316,11.995219560799587,11.840025117141295,11.820631980895996,11.77018180838177
197,12.500100482175075,12.47886964903634,12.481195715613561,12.469523820360141,12.499041976975597,12.448790550231934,12.45655384868059
198,11.743972507866397,11.754456504810301,11.7538440461308,11.767004676076706,11.785240941324263,11.748688697814941,11.732020455323275
199,13.153473791564274,13.138183633013647,13.13967016727988,13.157493730812583,13.13469409533458,13.143453598022461,13.124330159897287
200,12.148542654071155,12.147470322642354,12.14784373790231,12.184162603906739,12.236974038774923,12.23121452331543,12.221464254490359
201,12.042317589800284,12.071261654479773,12.068072459150088,12.111280388795773,12.103898061828417,12.03437328338623,12.115049746983027
202,12.107646237084264,12.118239835440026,12.118164276207539,12.165430901406857,12.127383285814057,12.145739555358887,12.119446465544213
203,11.53493169507909,11.512302053142301,11.511787847429003,11.434521819087182,11.345793478590988,11.380508422851562,11.403582211319398
204,12.928522926737338,12.927091547673385,12.927955365039812,13.058466299847018,12.837285326170328,12.863755226135254,12.896265377234704
205,12.79040760590049,12.777451486617052,12.77889741782632,12.861162302271556,12.818446069045091,12.77189826965332,12.788971969614483
206,13.001841928587636,13.000790667690866,13.001274517302708,12.962305860960598,12.997619503485572,13.008523941040039,13.033688635574284
207,12.134733499248473,12.133984048872179,12.133145181889915,12.083282429360676,12.083962697080105,12.12116527557373,12.12646995803346
208,12.514154899845442,12.496079038082057,12.496881564649007,12.682965780139073,12.470494007160235,12.37208080291748,12.417248851779632
209,11.62358697884167,11.604722321161717,11.605951249299554,12.091076315507499,11.665341705585,11.583404541015625,11.558473087927723
210,12.474172485999665,12.465644125505918,12.466010635772376,12.490813444983111,12.611741774038597,12.54952335357666,12.609782050140737
211,12.157534375339347,12.15979672425375,12.15901371124176,12.246034318524346,12.086145524891707,12.081558227539062,12.116485553664699
212,12.6582236819728,12.653280734825806,12.653674328203202,12.678502385119529,12.73847325135363,12.692046165466309,12.762388200364862
213,11.90705008161905,11.8994975173638,11.900518663820208,11.891563804796515,11.91486980945988,11.92145824432373,11.940185601753427
214,11.652759725042428,11.667613740157957,11.667866284514444,11.57210443722424,11.666330265040836,11.743362426757812,11.718812283218282
215,11.81429251098673,11.80746464907126,11.808236175884515,11.74165570696154,11.934482702683809,11.872526168823242,11.91251913568445
216,11.879058339736554,11.879771798627647,11.878847809571788,12.032414499452022,11.873475746906832,11.914630889892578,11.927006284212364
217,11.752264619084492,11.768214001249287,11.767024389991178,11.761090251540134,11.865202245383527,11.834491729736328,11.776544750139353
218,11.855401996702753,11.857312867392354,11.85685322975732,11.834933906159266,11.841584566447038,11.854706764221191,11.812392358151394
219,12.480001153323302,12.489309496495396,12.487538886463401,12.467260048682633,12.512939087456417,12.532546043395996,12.517201359869107
220,12.017104695847292,12.016136991917158,12.01624482475418,12.033535478718507,11.973154096510445,11.99243450164795,11.969235821452605
221,12.783872718056825,12.767091980420721,12.768318248240577,12.532808055898851,12.873068470393687,12.764180183410645,12.764979507284556
222,12.071696251407998,12.08268728154508,12.080992242341917,12.078172437535821,12.031037524635567,12.075239181518555,12.079412228379848
223,12.237081006650511,12.235482436907661,12.235738327303824,12.278899783184862,12.229741213904987,12.271800994873047,12.253966299406201
224,12.166475668149866,12.167470125160815,12.167949932003882,12.154329788390196,12.123522121128339,12.11473560333252,12.122165413629212
225,12.555418004680941,12.569192777357316,12.568143565963483,12.548143431906398,12.56153909829176,12.605310440063477,12.562344405089865
226,12.893447059890219,12.900091813399523,12.90103191597451,12.939603686907537,12.934689528899328,12.888115882873535,12.918057117188921
227,12.719537731938182,12.721809225316996,12.721117995862324,12.684342073892804,12.824217974703021,12.810274124145508,12.805996854798202
228,13.390116274346925,13.3855670691876,13.384446109832975,13.365687401660866,13.219565606079682,13.209466934204102,13.16078118357622
229,12.228671693021045,12.219923292004216,12.220861960168419,12.2745899804357,12.270653699073646,12.236784934997559,12.25141814441746
230,11.999581693484538,11.99714154757344,11.997525934391025,12.22248693837966,12.013556443413739,12.006864547729492,12.00718176508852
231,12.07591061414895,12.091203460082875,12.089581291602085,12.059819976128573,12.134044621968005,12.081216812133789,12.103437819488141
232,12.331687675000998,12.321490266638948,12.322735903219973,12.317749879484612,12.32468389379311,12.317144393920898,12.325915511207805
233,12.2423010947802,12.243674185725904,12.243439501400008,12.265017126108482,12.279786934865404,12.277603149414062,12.263815793187357
234,11.96076399246086,11.965405880432737,11.964278074551379,12.066220749417003,12.019296778535965,12.023333549499512,11.99275216781246
235,11.837094283969973,11.855127120020747,11.854019002100475,11.840468069541448,11.777050468121576,11.825636863708496,11.72345573801318
236,12.237715524251115,12.236069598033614,12.237496360113488,12.023120051538575,12.243772045476199,12.23799991607666,12.220441732239912
237,12.227589360338255,12.210435650388956,12.212116739502417,12.211477754013583,12.265792757574596,12.255785942077637,12.233777338430851
238,12.757707321482123,12.767637337824217,12.767326368556253,12.72869283163508,12.665877656104689,12.763280868530273,12.754008779491494
239,12.390400466581736,12.38600900059149,12.387037764776528,12.378929072985697,12.347637134352762,12.359655380249023,12.351814095110958
240,11.906596385693446,11.922973001058345,11.919497690262013,11.902858329370506,11.962357714913633,11.956562995910645,11.923614035586143
241,11.965533910321003,11.954099895805747,11.957153526112755,12.108983213512532,11.943362630494034,11.912341117858887,11.880411715151517
242,12.128258050131919,12.124468811981595,12.123986198363607,12.19873457041457,12.09608222608438,12.118595123291016,12.092586150248433
243,12.476432721246812,12.481203858151598,12.481076763274185,12.462054139867053,12.493859406105406,12.458049774169922,12.476361083191694
244,12.606659458646975,12.592575756737492,12.594109065529535,12.633553327805078,12.68127495378636,12.672307014465332,12.657340029395842
245,13.013294335414324,13.011629357820308,13.012547675494949,13.039256875120998,12.999489355163883,13.049728393554688,13.029267927288597
246,11.880695105774002,11.88106877246702,11.88062508211262,11.887651898156898,11.92605185663005,11.918971061706543,11.893065421342436
247,12.246037712269436,12.200022321473547,12.20452299599881,12.21784210073064,12.273165075417483,12.278922080993652,12.194057375650917
248,12.18528302278765,12.16979915349208,12.172276413495224,12.118973927478736,12.124831337853575,12.124603271484375,12.109263511372006
249,12.276011106396869,12.270295240002243,12.271963017714809,11.960198361493854,12.271175903705508,12.235086441040039,12.232487304382829
250,12.919109923960907,12.920696773229833,12.920037767295199,12.910956545124085,12.761904544446448,12.856504440307617,12.847378816733915
251,12.855820078458267,12.851822176776176,12.852098298418618,12.841658363963319,12.857989995639487,12.862009048461914,12.834756745547269
252,12.29718131223409,12.29869420234385,12.298069464207805,12.398840956277063,12.321439986986798,12.309305191040039,12.298421513794718
253,13.149070639174873,13.145258985401622,13.145996040609344,13.109159461573581,13.082119493091758,13.110206604003906,13.067392143483845
254,12.05855261440854,12.054882452073356,12.054965605868892,12.06742697217087,12.060229330819633,12.079216003417969,12.102504626058128
255,12.10217589745468,12.102216678106858,12.101934186187576,12.14593054705399,12.184186547207869,12.151351928710938,12.121587302178494
256,12.350968826424781,12.341350200186698,12.342204479102442,12.366623761161188,12.470393071208882,12.442935943603516,12.41540782164953
257,11.784782850408837,11.806278904517455,11.80337644579777,11.80223732644317,11.928142298002397,11.92726993560791,11.933396252308604
258,12.474472799855636,12.471719062384963,12.471583055506496,12.482667755214578,12.547098110890643,12.585367202758789,12.566752677926802
259,12.388045278422434,12.388454431661454,12.388659633480884,12.382131809485887,12.397393455670555,12.388531684875488,12.385990443105701
260,12.275244415507352,12.276537238574383,12.27885143674397,12.254419682302263,12.247406239187455,12.206857681274414,12.23399636737333
261,11.946180394830348,11.956947062418886,11.955575798997037,11.965005515240268,12.040217681206085,12.038925170898438,11.947740155736977
262,12.315690038731136,12.315485039628497,12.315362013948691,12.311778233087395,12.298669106511367,12.31061840057373,12.293419247211146
263,11.77079860246084,11.75822524301899,11.756883697205243,12.12462385182481,11.836123706119935,11.893343925476074,11.89238472968989
264,12.45708124560647,12.4430657712814,12.443032602925316,12.468636756520809,12.44124867023238,12.483441352844238,12.471380970214172
265,12.051084350011582,12.05546962573034,12.054803172442794,12.082968052864693,12.2167698088829,12.179338455200195,12.200750488548703
266,12.048700098753633,12.03800794336515,12.039046538489849,12.057654375504994,12.106551994092825,12.063919067382812,12.05251375079879
267,12.581550385972328,12.579816419456018,12.580739230072027,12.568954393772419,12.56811675688932,12.569021224975586,12.623036050412914
268,12.146365097215968,12.155727729421788,12.155118242273804,12.164265275190331,12.196434561009491,12.161706924438477,12.142639041815563
269,11.847493413345394,11.883053518347442,11.87733511310429,11.86430408230058,11.871199484540838,11.89390754699707,11.903723913856686
270,11.935539242014249,11.926820607800817,11.928964527997366,12.090278406302568,11.81257758011529,11.833538055419922,11.81196674377676
271,13.024357019605404,13.027252808822848,13.025290454567152,13.002456778174905,13.08184242885914,13.05813980102539,12.991800940416788
272,11.79209146628625,11.79281186541668,11.792792549192914,11.849048224503896,11.686132697262533,11.698559761047363,11.673744667668837
273,11.447500420735336,11.448744464413082,11.445768260881014,11.432026786837923,11.440354398183542,11.41869068145752,11.498014715579501
274,12.464860946437565,12.451706069103048,12.45360582201209,12.187480313752634,12.304873417332093,12.439898490905762,12.465824833345918
275,12.105888454069227,12.114766577272677,12.112709657889532,12.034976946975526,12.042866722913235,12.059189796447754,12.095919752072179
276,11.866208219042745,11.872583641716494,11.871425623564651,11.839985893622284,11.75084660661455,11.77087116241455,11.770694449786646
277,11.888734593382697,11.881296261475706,11.881846312544345,11.9133648777282,11.880908987267892,11.890229225158691,11.842740847881869
278,12.652631674682356,12.676020351087388,12.672628091943423,12.68211553407292,12.586074948901018,12.68147087097168,12.633210357967133
279,11.624179062872408,11.624166089679573,11.62308165996803,11.609376295651506,11.546177092742234,11.559124946594238,11.529790611178136
280,12.261078631524693,12.258239464165134,12.259356529894498,12.272680579976022,12.233234694193701,12.198115348815918,12.211080142249777
281,11.827067462120983,11.835867881630016,11.835160481625287,11.661365440077244,11.831391787989313,11.80803108215332,11.807328204430444
282,11.706744621710572,11.698810012530712,11.69967488197084,12.076964400887864,11.888533744034888,11.821474075317383,11.77382398480269
283,12.465469898007303,12.465665756589894,12.46652804124834,12.470152874416662,12.519005047592909,12.523056030273438,12.523942162189131
284,12.45479489511041,12.458635414485986,12.458435708979769,12.424296526420205,12.456482855908929,12.44155216217041,12.40694297375641
285,12.165424525565635,12.160921923837686,12.161167206149427,12.221305462813858,12.201535138549383,12.20993709564209,12.189271220854936
286,12.053614260166713,12.064477996860118,12.063224332327566,12.133738035553218,12.140265277970528,12.111994743347168,12.117543345591898
287,12.679186802383299,12.688345036914566,12.6883511058297,12.709892923597417,12.59379455886663,12.704025268554688,12.718034739031339
288,12.031995852849795,12.046805839295956,12.043895724006983,12.197417042007535,12.082801634294249,12.037992477416992,12.042311902203464
289,11.712132123602547,11.718454419947932,11.716970873921422,11.701887325205908,11.726127955950684,11.696490287780762,11.702027231327303
290,12.28382607511943,12.280213314519788,12.281006466600356,12.006104721189645,12.216028376082729,12.267965316772461,12.253505138478843
291,11.943822687484372,11.941142494190014,11.941088048980026,11.962114068344574,12.034465533317888,11.998228073120117,12.01286508969601
292,12.008870928174428,12.007053764880554,12.006692372073703,12.033388153700418,12.06792780331978,12.065265655517578,12.072937986488517
293,11.836377709376256,11.84568357159901,11.844116220680576,11.904455306112911,11.818621146929868,11.804277420043945,11.75044870503604
294,11.831796769046772,11.829364392021265,11.829806319656289,11.95848028503137,11.813482692457647,11.863506317138672,11.84609088857592
295,13.061688008103904,13.063430650181575,13.063480312381278,12.29328065298455,13.145741624003803,13.098883628845215,13.12271619046606
296,11.891898157140739,11.878772447735262,11.879625050299705,11.950378041687019,11.935703946528628,11.917413711547852,11.955187381850376
297,12.243155190102982,12.271966029205691,12.267922908599703,12.13069859900869,12.202219905761863,12.245454788208008,12.29459439981106
298,12.33619980781424,12.334492663527213,12.335002552953247,12.338839524345099,12.337157488295702,12.313714027404785,12.374662013056543
299,11.949310461845927,11.95828216355387,11.956781725155887,11.944765144159595,11.960085648413298,12.02082633972168,11.99892038402257
300,12.019731831732681,12.020177333348824,12.01978035281842,12.042741258404414,12.006024702667247,12.017940521240234,12.015540170913368
301,12.32493510370567,12.31521715923596,12.316167978644687,12.189111488627065,12.218149515691026,12.224115371704102,12.22547569016337
302,12.174022513427245,12.140707115665759,12.150610103313223,12.075310053864246,12.272815716816968,12.252108573913574,12.245027073421843
303,12.70476356295375,12.679287004481882,12.682563933545941,12.27305555752608,12.753160377310696,12.780006408691406,12.74498616048598
304,12.27017031043884,12.274084266048769,12.274602880695861,12.260910261610878,12.303606484935036,12.274383544921875,12.268958898883902
305,12.035462991830284,12.0292958773576,12.03182040934161,12.140222152460929,11.984994586452487,11.982771873474121,11.976423912240255
306,11.893289079569922,11.902721996834295,11.901580563547315,11.927460414957343,11.928219611236075,11.94852066040039,11.932360637046092
307,12.246986897278827,12.239397252363483,12.239806631665134,12.19586903429207,12.223068591636084,12.221087455749512,12.223290600557585
308,12.124014562536882,12.120851662474905,12.121295815890141,12.140431342730352,12.118178207581568,12.119466781616211,12.114938949560031
309,12.000757951850808,12.005489242432898,12.003557416187231,12.01748143485268,11.9810086377847,12.002793312072754,12.019679788863195
310,12.033511453760388,12.057554939010735,12.056505515239074,12.170135293440238,12.006882670275385,12.017958641052246,12.016845680410421
311,11.597103923783171,11.61818748394896,11.612900272150206,11.705795271717486,11.746977803090706,11.679747581481934,11.627699501398855
312,12.161935854766252,12.148743027704302,12.150685666955054,12.178031027016829,12.089004675912935,12.113664627075195,12.091239090455472
313,12.420901094753699,12.426045738998216,12.426057966381556,12.397889851964457,12.442604189183866,12.426152229309082,12.427941875769676
314,12.168665499854168,12.169151606556165,12.169114677190924,12.196307148902044,12.142664186579413,12.16596508026123,12.14016970543357
315,12.14022573704396,12.13342498278257,12.13487844583523,12.1977909652047,12.223559195432404,12.206963539123535,12.208347603389813
316,12.712513923410812,12.730030357499396,12.727503470212321,12.703674320145133,12.753922861662177,12.781542778015137,12.867106943280803
317,11.805099177537608,11.79090441340094,11.793020150237805,12.055804633115166,11.758062129244621,11.750551223754883,11.744308605387774
318,11.788076569564653,11.795256809508958,11.79268735283055,12.056591000423191,11.804547151701284,11.8003568649292,11.778250585633248
319,12.121329792447133,12.112170763249793,12.114077047256156,12.176206104581501,12.235989697935265,12.211321830749512,12.209406201612891
320,12.604322268322283,12.605469485155337,12.605370253233962,12.631024592165415,12.572317366271033,12.54028034210205,12.539026831015146
321,11.601674999384258,11.614852702850616,11.612147934037992,11.617996740463699,11.495906144745767,11.545276641845703,11.533743829273146
322,12.092681147664058,12.08959895237382,12.089546404754076,12.014782478184584,12.082879909007337,12.10412883758545,12.127373540714775
323,12.00591803375884,12.026975240147015,12.025109065838192,12.077757583656105,12.058677543815723,12.018558502197266,12.024565729587044
324,12.451035830511636,12.471961314188118,12.470222958272073,12.172842319979052,12.345072771040826,12.346753120422363,12.361102369163328
325,11.634493557948549,11.665619710832793,11.66253050281037,11.47498443891648,11.676211956897667,11.6572265625,11.63620795321534
326,12.372194738024495,12.3676756527077,12.368429207271909,12.346111996959046,12.367460948086702,12.356241226196289,12.363066480869684
327,12.66999275539778,12.675662474718017,12.675615691692292,12.405941957687448,12.634665385478526,12.663103103637695,12.709438904368806
328,11.91002513687104,11.915595363273406,11.915175254880156,11.877601348562969,11.985064078555139,12.002105712890625,12.036114626227729
329,12.198226353219537,12.196576349430826,12.19649051147662,12.196723106317858,12.21400435714925,12.174188613891602,12.163309915371181
330,12.696850308599629,12.696307035575702,12.696884654010297,12.698405136246766,12.673897173776625,12.695765495300293,12.733657276521306
331,12.063791498886989,12.050144556341126,12.051072686026094,12.00734927199658,12.048314718973224,12.072566986083984,12.03604786237002
332,12.37673192888811,12.378892259414132,12.379887044905677,12.220383627352364,12.439746385821506,12.416179656982422,12.440062628251077
333,11.996453907953939,11.978941542635107,11.98292765538575,12.004733973372288,11.98730604461831,11.994654655456543,11.990293410380344
334,12.041796765682419,12.043866426441053,12.043721339089444,12.03577365478446,12.00956841160569,12.02473258972168,12.035426859847469
335,12.639542967977752,12.638641589116206,12.638742133838019,12.669735760421814,12.72565834454926,12.666557312011719,12.68072285709109
336,11.798616979474318,11.80010949856032,11.79985039101785,11.770928514956253,11.794647866688724,11.779348373413086,11.754111236930397
337,11.991387658139555,11.994124366153885,11.993053764369536,11.959652535805532,11.962011221772173,11.992795944213867,12.022602065767707
338,11.837429372101742,11.828431572133429,11.828968641358145,12.43458147982148,11.784668724862888,11.784597396850586,11.787652164835752
339,12.372184720999327,12.379713583834606,12.378959184044165,12.353204187883577,12.451257039866958,12.42505168914795,12.425690915627968
340,12.720773616367968,12.722032322005647,12.721047655544771,12.77598148394691,12.755676881937402,12.780470848083496,12.828196692733004
341,12.435924209299117,12.443331669241877,12.442334570007093,12.405327142563422,12.431773555345663,12.41050910949707,12.450320232595768
342,12.091398367828916,12.08315050557207,12.08239285927336,12.091387415155502,12.059599496100812,12.044118881225586,12.075351672592491
343,12.352704823624425,12.354375988647615,12.355207708210763,12.35539188107261,12.396900252893131,12.329558372497559,12.334214850939073
344,11.942148739153291,11.940112846248972,11.940155240999394,12.028000841073863,11.971505927829888,11.990568161010742,11.968323355719392
345,11.931938760038987,11.922480081748176,11.92331415573452,12.034177248262806,11.92387547974632,11.988276481628418,11.973585927099059
346,11.694785965294466,11.70660001873745,11.706409948481665,11.697974610694864,11.748385808072314,11.717462539672852,11.654645916694017
347,11.92064171818314,11.89545511020279,11.896018348573499,12.056030597777939,11.90644284351086,11.892601013183594,11.846749334044032
348,12.524760260561292,12.5417151881635,12.541715643763093,12.14889825673073,12.537170034269204,12.494467735290527,12.50847547109492
349,12.157083336483057,12.153987404202574,12.155115237007664,12.187706529480156,12.237820651028638,12.198996543884277,12.18927967968995
350,12.090256470912095,12.105073625776118,12.102506935387495,12.053883223228093,12.032633799515517,11.997958183288574,12.055786663703374
351,11.741603947319474,11.731024355427545,11.72982458545347,11.92705450123908,11.819122330157754,11.745985984802246,11.793235757416129
352,12.543123510468945,12.539695442339484,12.540121552825589,12.516407545692552,12.488591300643968,12.515979766845703,12.541181820606454
353,12.531866382189529,12.535497444762232,12.535937792144464,12.601087227710792,12.7028273961112,12.594758033752441,12.664726887758658
354,12.821132177370913,12.823033732971476,12.822588667245817,12.835954863888087,12.796830770888791,12.818277359008789,12.847991504805654
355,12.310912358479111,12.306145093819037,12.30609737087119,12.287827293419923,12.264002990462602,12.283909797668457,12.28707036588332
356,11.999735032820919,12.008335021443834,12.007690961409041,12.01638816380354,11.952745036914857,11.956496238708496,11.95819116856808
357,13.146848752883848,13.147142436591526,13.147598739080147,13.162860408622148,13.13422729079362,13.076038360595703,13.045591629453426
358,12.922813447408167,12.925736022923534,12.92503310620943,12.934889732377133,12.972820482068611,12.948399543762207,12.950752298696852
359,12.359789995874012,12.347129945882058,12.348833540510531,12.358959281561543,12.196592540152135,12.223939895629883,12.231971102205092
360,12.235300423090111,12.215213441734202,12.21666996268058,12.526043565141133,12.289674640748935,12.232802391052246,12.231626840033364
361,12.684884667511229,12.662191983183892,12.665119267726828,12.685128675552576,12.730512721363864,12.670010566711426,12.691607166709257
362,12.781554494046041,12.782822715523798,12.782492707892068,12.808995858633446,12.830050537374836,12.820125579833984,12.842975728140757
363,11.902229556331022,11.89988875962861,11.901009199726744,11.898740676504222,12.044472900289978,11.992976188659668,12.042035975093956
364,12.81886932669492,12.821917192220289,12.822152813500239,12.80006367109479,12.7945806286666,12.79763412475586,12.833267978089246
365,11.755542825208662,11.769796377244344,11.767553505314025,11.326215694031953,11.770370158850433,11.689237594604492,11.688218261465124
366,11.96513632462769,11.943635817842946,11.946891043568185,11.979533330701994,12.010303262514512,11.997359275817871,11.929051350387574
367,12.022667247406407,12.03079455113682,12.030087116028799,12.058705081301191,12.020917617784603,12.051668167114258,12.055805140709966
368,11.6098019080233,11.628032922362165,11.625621717844359,11.617524331823246,11.523411122132114,11.543196678161621,11.56483540610642
369,12.291987438845439,12.287238095166499,12.286716501587282,12.26718348173096,12.266657207105066,12.276240348815918,12.273828076837114
370,11.944450624539257,11.96844918014499,11.966939451679204,11.786393542543,11.837421360552778,11.82783031463623,11.836822990024956
371,12.23805619060012,12.256806579215855,12.255358872234847,12.254545360262096,12.25840129989353,12.245646476745605,12.23216301593021
372,11.916699551502465,11.92762934866076,11.92593113410575,11.96696996975291,11.94761364881192,11.955056190490723,11.96255317172457
373,11.930515204968678,11.923678434822527,11.923989822554727,11.919537118059873,11.925809800964709,11.883813858032227,11.927083502000777
374,11.692313649672602,11.696715627058218,11.695890535472179,11.70490091842411,11.69322573248169,11.734583854675293,11.68384758092569
375,11.769142732658159,11.768986710694794,11.768464324659018,11.6731997116591,11.898266170467366,11.8197603225708,11.841378008369146
376,12.018260517873928,12.010308624528417,12.012202861754695,12.190548633732975,12.002349052513956,11.998056411743164,12.041326031819308
377,13.118963760875175,13.11238332014268,13.11268740948493,13.123248704792047,13.117564887120656,13.13308334350586,13.064041952832289
378,12.085341643414726,12.092302849209426,12.092130650458232,12.103312526004627,12.097586216529596,12.056854248046875,12.065153169532843
379,12.067921027911106,12.065158204924657,12.066733224894733,12.05646227540572,12.087519183461906,12.099045753479004,12.089754615377954
380,12.341460225505417,12.342902128067228,12.343111516345664,12.314952137737054,12.28977904081927,12.32385540008545,12.303962789683565
381,11.78143049083185,11.798984367694931,11.796985866168,11.794198972747225,11.838174248634704,11.853660583496094,11.80651872706235
382,12.044769318768218,12.043165991744344,12.04236372268005,12.131995616771885,12.085413080650802,12.099664688110352,12.049883836982653
383,12.017201259769113,12.025562167996235,12.02347784716513,12.07619837932662,12.092037061364104,12.05252456665039,12.02530176502376
384,12.572225863200833,12.575726098230882,12.575146156729645,12.574076115471147,12.567074264331058,12.554048538208008,12.561179503568566
385,12.115050363942732,12.111275098865558,12.112110460769763,12.173901770099885,12.141339309474192,12.190975189208984,12.171029593968578
386,12.001477406161605,12.01682540233105,12.015913718545102,12.034560976482881,11.976402285401257,11.989137649536133,11.993279594679295
387,12.445527346073641,12.445327264866453,12.44553519603477,12.40234577481735,12.410081091291282,12.419939041137695,12.447532867877996
388,11.62937094662592,11.633631953802425,11.63226512797096,11.589811095955067,11.597012592524775,11.528396606445312,11.507528637766226
389,12.017235693027338,12.028168219929006,12.026588474939622,12.024948858052037,12.069560803583226,12.048243522644043,12.03290786077561
390,12.048229090569228,12.059774886939415,12.05790763319632,12.076849293204594,12.092524977757268,12.076602935791016,12.091315822217526
391,12.18196852048446,12.185697247910888,12.184994754618984,12.173201549807887,12.169632926672568,12.165422439575195,12.173449261106889
392,12.255305821946848,12.253310942098464,12.252722002127127,12.239347071292876,12.222741716424355,12.243069648742676,12.21907004377192
393,12.113824465113291,12.124029411482017,12.122174737585711,12.095208646924343,12.033763218894832,12.07058334350586,12.122963935060882
394,12.896561729259082,12.891058808035956,12.891565098134246,12.883847883128407,12.853612727563812,12.901307106018066,12.92932985148307
395,12.388842188769729,12.385870947932144,12.386394640058787,12.37817817605724,12.332811113537032,12.341141700744629,12.354712626091306
396,12.863283022583289,12.86823331408805,12.868895760453768,12.859039456204851,12.875504687769604,12.951876640319824,12.989347402752774
397,12.062596221059513,12.069347201536994,12.068283185059334,12.064042410842283,12.037922933330893,12.01899242401123,12.017513550521555
398,12.140699364178952,12.148728373539193,12.148320414360553,12.168781887048821,12.178843216138466,12.184971809387207,12.200556726314653
399,12.346947635161465,12.343988471548672,12.344219957299645,12.32437098387814,12.34834918462377,12.333581924438477,12.322599631168682
400,11.921882064315511,11.92759558113118,11.926746132712555,11.91829307236535,11.851688658547783,11.895949363708496,11.865300949415374
401,12.108105646099531,12.11044346018586,12.10973173006828,12.117326856403116,12.097430759053655,12.075568199157715,12.055832512809411
402,12.621364316833715,12.609846875592646,12.610800313249712,12.610487289474637,12.544743938922487,12.558492660522461,12.600118684690118
403,12.882440319937675,12.879355722029134,12.879863637869368,12.85988840793013,12.929054827624581,12.879511833190918,12.867744346613975
404,12.096669770433957,12.060150743590064,12.06403460386353,12.135237431406788,12.084961053874547,12.067002296447754,12.086631763237316
405,12.020757998541384,12.021868861924315,12.021451138803917,12.254420041775774,12.029740196777984,12.05761432647705,12.038028613478975
406,11.934526651336853,11.947157894709965,11.946011743452337,11.95276962631397,11.935244859512773,11.962634086608887,11.926159453924429
407,12.512570478640267,12.510676057436811,12.51094858035888,12.508119240753793,12.506033053043033,12.516172409057617,12.533521613803899
408,12.592497163062246,12.600872401828838,12.600262758756664,12.593063062216618,12.561435931071829,12.586226463317871,12.583626095493699
409,12.378742753945158,12.377667700741952,12.378734639547215,12.370342347376596,12.37718530626933,12.32185173034668,12.321975729401393
410,12.314129399988673,12.311853266450322,12.312649217272693,12.328496390238621,12.294073244633998,12.297730445861816,12.289070734674977
411,12.622635578513385,12.620875111641034,12.62118192114388,12.618091015551556,12.625430134594097,12.622572898864746,12.588471920799332
412,12.000357510722905,12.019592851174016,12.01612208746448,11.937194958287416,11.951125287532816,11.971488952636719,11.966117770195577
413,13.097039471397999,13.102895327970991,13.10200889117895,12.974414046004503,13.13845194913349,13.1287202835083,13.15899415531006
414,11.711012710514659,11.727871239958914,11.726695895869177,11.65818148620333,11.69269964945664,11.737994194030762,11.665426578445771
415,12.234136914490096,12.232803445965553,12.233095735610018,12.22933098019911,12.233756514412727,12.272086143493652,12.266649332600123
416,11.964054917010019,11.965178495937854,11.965114967138094,12.00764692322348,12.019972579672025,12.030458450317383,12.051127196408164
417,12.799620817147543,12.813570867868245,12.811194143898827,12.795904111932808,12.872012663776577,12.843022346496582,12.898779746719173
418,11.951240682124903,11.973300772178682,11.971235909540734,11.962148173534754,11.975798323618552,11.953513145446777,11.953892000354351
419,12.304496588830382,12.304068228565066,12.304030469443605,12.319894615092842,12.413854311484952,12.35773754119873,12.357476291727906
420,11.950572858834233,11.931965637742238,11.93357137937645,11.779734691399574,11.978002531958188,11.930412292480469,11.913087454682834
421,11.688567389388053,11.692790713130483,11.691289698442825,11.670480205478565,11.724422218014253,11.751293182373047,11.732750287476046
422,12.323753402620278,12.320427875365306,12.321224531483695,12.293682032256243,12.295856178326499,12.284948348999023,12.289447869852896
423,12.093165729355333,12.090152557139541,12.089750204477646,12.059318183002032,12.115199798658091,12.1153564453125,12.09205609876649
424,12.925363454811741,12.912955613278092,12.915930984138804,12.881737832317437,12.532043561816458,12.66009521484375,12.587524443242149
425,12.283067032281163,12.273877600672028,12.275204940116152,12.323268167579265,12.273216052158407,12.28721809387207,12.32459971242907
426,12.094589448914853,12.089588608395285,12.089618358253173,12.092407199657695,11.86519727882671,11.956205368041992,11.954416726862043
427,12.377322246913828,12.36687152725058,12.369890316013505,12.32880196160248,12.341426204382776,12.31551456451416,12.31411865748746
428,11.891971255394003,11.901453110809898,11.900796196970106,11.942344840718256,12.004304970796365,11.960932731628418,11.989400264861798
429,12.614551317876781,12.60388041429143,12.604988589596212,12.523673302590595,12.659718784124438,12.591872215270996,12.696910219753775
430,12.126983920904399,12.153557226638698,12.14999707284396,12.01017692977759,12.186739265461942,12.135967254638672,12.211499229970524
431,11.98828566720089,11.986596062215163,11.985577779226846,12.00642630068207,12.000659782798913,12.036107063293457,12.052902418508001
432,12.571938577473386,12.554865106621476,12.556910025995979,12.801334545192546,12.527666001207278,12.429041862487793,12.430637856723951
433,12.444567840692274,12.465305654030402,12.462276678928943,12.366005653790602,12.392018407837304,12.348706245422363,12.384119922709354
434,12.568476659165247,12.57711886350639,12.57620530286536,12.107971451471085,12.554475004859398,12.636082649230957,12.654363993696279
435,12.034482797372103,12.040993821221088,12.040271450225903,12.021800707395059,12.006600458458033,12.032204627990723,12.03291878529232
436,12.242281860150005,12.239976556077814,12.240452976419803,12.253713942735253,12.266524971706104,12.282557487487793,12.326418581939324
437,11.9288135279266,11.926289959786528,11.926823846510862,11.907485710853962,11.991219009867217,11.965238571166992,11.972186159248155
438,12.03797863656314,12.035327894583304,12.03557526711691,12.02824334129031,12.081104031211028,12.071451187133789,12.048380412300606
439,11.7570042127257,11.727327398838277,11.729093213965882,11.787538594237619,11.690661324110188,11.684326171875,11.616055397134627
440,12.14067646588576,12.125247962388256,12.129040262666853,12.146950435707529,12.108765824117132,12.131145477294922,12.13967826223684
441,11.510604202216141,11.500275991662793,11.500722885505876,11.847999233393441,11.506474613586892,11.518816947937012,11.601685202436034
442,11.701500665202532,11.69886202076238,11.696485392601337,11.580373295820975,11.767197319062145,11.691618919372559,11.674715961444619
443,12.393375735421351,12.382257517738799,12.38381830619811,12.396805219889725,12.364944039851164,12.336122512817383,12.311904674691997
444,11.827018229378213,11.836321492332726,11.836059272189885,12.04762937617978,11.911098473124651,11.914655685424805,11.940738422423244
445,11.514720702585665,11.521785331488365,11.521474306883814,11.581343617152882,11.399448824122752,11.28693962097168,11.346737823617367
446,11.887313358652946,11.890919024980791,11.89045776857908,11.927871879865874,12.045899450320427,11.96894645690918,11.981385006560222
447,12.152727901716142,12.153564111641503,12.152895176011917,12.199513775825992,12.164226620841221,12.143945693969727,12.158474375158539
448,12.305906986698751,12.31178819457258,12.311065234685831,12.299548475745492,12.282228552022975,12.32521915435791,12.31153905116473
449,11.84003222631217,11.812256429214992,11.814476105977558,11.774197128532379,11.963703028444447,11.924592971801758,11.970895973683149
450,12.509182542338138,12.491448804256379,12.492526150145572,12.521647149791422,12.474101016520763,12.435174942016602,12.445820527334982
451,12.239957077133244,12.240428331733778,12.240358992867865,12.218010946201835,12.22913292313375,12.21068286895752,12.227826662231957
452,12.210148479732027,12.204184967116463,12.20423914402863,12.168539312907601,12.20582113933649,12.214179992675781,12.223302951695933
453,11.952737651611248,11.956556716723156,11.955899628908586,11.982392247501535,11.95057929904239,12.032809257507324,11.979264167411733
454,12.063726989010664,12.064135297536074,12.064361275145181,12.113221911072333,12.077471576351254,12.065376281738281,12.07903076356291
455,12.707694707427898,12.707590912233849,12.7081349341318,12.700165090734146,12.689535854291481,12.744033813476562,12.758678760179862
456,12.2492406580622,12.235412966933144,12.23823078165192,12.116803952023417,12.189227506201624,12.18094539642334,12.182616605153102
457,12.155079955121506,12.164184963545576,12.163094722661187,12.18097797722331,12.156692220927612,12.157243728637695,12.142779983976359
458,12.429150231643819,12.434691911380883,12.434410886272872,12.770564635324547,12.382328810063171,12.387256622314453,12.368547217765993
459,12.406861805954458,12.404632253897942,12.404353969844335,12.591111269261209,12.408685800069378,12.436934471130371,12.481698143711254
460,12.805344734966505,12.8200691929121,12.818304789031506,12.769690956573577,12.732083363506062,12.776989936828613,12.819129430657274
461,11.88820883985087,11.887076087131325,11.886197393357389,12.10915804362603,11.918244464546675,11.930767059326172,11.91498462078416
462,12.770666488460007,12.769937176494157,12.770664304636142,12.734019951345957,12.805663700086932,12.842447280883789,12.822412315692034
463,12.315086172813293,12.316612468854464,12.31663910632414,12.293352838739946,12.331695011410392,12.333048820495605,12.285670722595967
464,11.788768711105917,11.775081276281789,11.77465777595755,11.793122366858226,11.863042522945742,11.872575759887695,11.80900335439785
465,12.477483118046758,12.481286237329774,12.48181764025122,12.480791128699718,12.479110984135797,12.485949516296387,12.44767191653435
466,12.139955187532635,12.147654261687107,12.146471579764771,12.029107418490554,12.042163659510166,12.141759872436523,12.135185068654321
467,11.94609953882887,11.938897984578135,11.93916781031089,11.937252775285272,11.934824335161496,11.905084609985352,11.885580463345017
468,11.774523993501125,11.770342263543398,11.770800796310867,12.021358725128772,11.732308860369717,11.707979202270508,11.652278392993104
469,12.766893097707564,12.770754556465269,12.770388646825452,12.759704805879688,12.688806102038921,12.750936508178711,12.711053878991498
470,12.195853426753287,12.193650792340385,12.194539939725178,12.18571269978239,12.209052727012375,12.21111011505127,12.190771887135377
471,12.867162893378985,12.86770446436498,12.867864325254684,12.769611542166952,12.712844682267502,12.76883316040039,12.762438423329574
472,12.174711313882968,12.173392499706821,12.1732342631336,12.174792112962129,12.23737966516776,12.213046073913574,12.212747395216034
473,12.200837497636462,12.199531269398385,12.199264186317501,12.173301263909106,12.209900737311798,12.207372665405273,12.20278948377381
474,12.402976642021486,12.399319867977157,12.400895603984244,12.469572209155578,12.477082822058001,12.406502723693848,12.442143237068084
475,12.554529618170445,12.567689613387682,12.566108394982319,12.542811422050974,12.584298938193605,12.587471961975098,12.605314173372218
476,12.113751139400618,12.133148501775324,12.132515196413342,11.97901037661331,12.175098991388264,12.183056831359863,12.172119614600218
477,12.766436560696595,12.77528238102483,12.77531695876967,12.739708908721472,12.672705646795643,12.751222610473633,12.782227228635893
478,12.131870444546497,12.12876255257286,12.129929500782987,12.014396007140128,12.118464045765718,12.096100807189941,12.091874126982908
479,12.01530567363692,12.011148153925136,12.010974919746953,11.987729825696002,12.04103679339655,12.039013862609863,12.024572798802629
480,13.040955111005951,13.040339071698831,13.040450926634533,13.082468039733017,13.042320022025784,13.059053421020508,13.071544819339241
481,12.595881314437545,12.59603410686694,12.59599107273657,12.59733203630643,12.597668703638455,12.590548515319824,12.601913299979092
482,11.969228368197351,11.982554866454644,11.982574846011945,12.035249732095044,11.971236219328377,11.944283485412598,11.94369199611939
483,11.964801324499504,11.966748892818249,11.965937917185707,11.954729439014713,11.910798189859868,11.987954139709473,11.983775244245503
484,11.913179712064865,11.910768308337717,11.911172390564039,11.932842615114849,11.953968160589893,11.944685935974121,12.015051586953783
485,12.967437587444017,12.972712545815812,12.973595044853381,13.063270846721505,12.881482315766982,12.98091983795166,12.944609289455064
486,12.286741115644574,12.28994230939083,12.289297381370542,12.103557613372772,12.240591946600556,12.219985961914062,12.241452642405346
487,12.012811790939452,12.019083920050662,12.01675075441741,11.971431195050481,11.93502688041758,11.964091300964355,11.972358118813059
488,12.35100402697228,12.346936720980025,12.347654395332722,12.32093474065763,12.275588399812493,12.264707565307617,12.292740547278568
489,11.985339894609808,11.986004747668026,11.985277531478463,11.993089649742359,12.009695253941674,12.012707710266113,11.982962343294114
490,12.389921225027203,12.387046248390527,12.387809294814344,12.41826882511197,12.408852292387136,12.387774467468262,12.359339832661693
491,11.769122324881717,11.770176548245683,11.769507583697653,11.806574785655728,11.843938604212681,11.70047664642334,11.704764054365127
492,11.865105588133034,11.847167436402032,11.849519875417695,12.062973667857248,11.908745358709892,11.898604393005371,11.846836881553712
493,11.905136196712979,11.910547363887897,11.909460584354502,11.982326426267587,11.930490629997514,11.965164184570312,11.93059068777581
494,11.96135602417791,11.960070084910258,11.959729419375925,11.926398930926133,11.89891661262267,11.94100284576416,11.952010559814902
495,12.658372493813381,12.66188928505404,12.662117617539465,12.53495775751282,12.579592167806787,12.635348320007324,12.63811949447017
496,11.431086235218814,11.409761106336854,11.409528508694237,11.524352119154388,11.31266577554575,11.33248519897461,11.414046617760828
497,12.044308859100605,12.051031104980403,12.04902311958922,12.037072205779964,12.035624698768194,12.058748245239258,12.081730332462504
498,12.352162771942728,12.346330476693481,12.348255370423797,12.364892043627302,12.364433542301938,12.374691009521484,12.385635654106077
499,12.215469124420036,12.212372692711405,12.214671122898832,12.216398475210996,12.194468586139273,12.262474060058594,12.213086409540491
500,12.373079008482135,12.376068532751876,12.37548408717362,12.38886688093919,12.413305967631757,12.412471771240234,12.40035014034262
501,12.189431919441471,12.186664449058066,12.187526796580997,12.21427762543006,12.148121907899089,12.16197395324707,12.165115497952227
502,12.787075190034153,12.8017070522545,12.800189911728825,12.11463037948842,12.73675167946086,12.76983642578125,12.781334198778286
503,12.562152176183561,12.55866314124796,12.559536428429169,12.53605468393892,12.535260636819494,12.538822174072266,12.50785354505773
504,11.898592181226778,11.898804199252154,11.899037339778415,11.789136811211291,11.922388763421122,11.948822021484375,11.969436533997495
505,12.093995368717385,12.08992347549524,12.093715422722635,12.126291803012704,12.064324899534967,12.072124481201172,12.08896608432123
506,12.588743487758453,12.587468138695574,12.587545958643608,12.535007229941996,12.507789070104346,12.496957778930664,12.499893686978726
507,12.085570406372375,12.102940948591254,12.101178554689133,12.018283700781364,12.114494462721307,12.126819610595703,12.12491020868875
508,11.99443791821752,11.974488888192566,11.97407205331456,12.111760757257262,12.11717633230289,12.147668838500977,12.069788115154983
509,12.918749693051364,12.89877335088513,12.899843834578476,12.863644607993361,12.926725148310256,12.893251419067383,12.881146010185343
510,12.116336165847466,12.111853456117656,12.111952178633603,12.123176037781583,12.138788916533953,12.108802795410156,12.10318986602938
511,12.449695363353772,12.446398581847973,12.445625288861596,12.116803952023416,12.308745507569494,12.360367774963379,12.340450924224934
512,12.266913170888115,12.264475214329764,12.2646715698289,12.246803730359414,12.203596067541172,12.211760520935059,12.250025965380214
513,11.904112802669324,11.922628829601233,11.91847179837311,11.834894417980067,11.854099242049374,11.920567512512207,11.920004074501827
514,11.973217897754283,11.976308052957256,11.97521851308378,11.988931014847601,11.954111764968328,11.954386711120605,11.938962544662221
515,12.021181096471127,12.025890226281886,12.024469256432619,12.043257508962217,12.01878112793328,12.010190963745117,11.996263988685367
516,12.857811733383546,12.856178665131177,12.855623950156561,12.83436418478752,12.87200995211019,12.89305305480957,12.903693072766744
517,12.146551234711687,12.114458745446687,12.116279047009552,12.162490573453319,12.149981970724951,12.125020980834961,12.178108509852484
518,11.856732710166817,11.866634458711735,11.866976801923595,11.950494903177681,11.799254815228013,11.783171653747559,11.7595966000997
519,11.99843756177816,12.001132463338022,12.000308422934918,12.040560905672178,12.002296823631852,12.023550987243652,11.969251925715433
520,11.822543105278521,11.868777949661514,11.868524311472767,11.883888313434097,11.915025551424028,11.933650970458984,11.943779273990947
521,11.881624856749227,11.864110170876307,11.865953240685528,11.897861124975616,11.880775122870915,11.866007804870605,11.769029839246938
522,12.123324784916651,12.1166634343667,12.116895563599913,12.192836827108653,12.136886831615328,12.123664855957031,12.156223640220837
523,12.000719220132849,12.010221734583634,12.008742561224278,12.017801234682876,12.014244876393835,12.052127838134766,12.05371133024253
524,11.986458264880204,11.986488574025909,11.986431299732411,12.01823858111659,11.929206965822976,11.934138298034668,11.939005521625393
525,12.739004995543027,12.736239776680966,12.736772864841864,12.747315080150218,12.831123852893013,12.804865837097168,12.844793740694662
526,11.911543324161341,11.929565445148151,11.928805609165922,11.891030775706538,11.878251861561887,11.882702827453613,11.889843811147069
527,12.48066420052023,12.478068192879903,12.479191624945077,12.465038472238046,12.463832215434017,12.460387229919434,12.471117578062739
528,11.887283524756548,11.851428087318178,11.857238937056605,11.830602324671823,12.01536898076993,11.865720748901367,11.96830133897674
529,11.416186854379331,11.400106983382091,11.399625408992437,11.490120399997263,11.385686876336436,11.482337951660156,11.533773450596751
530,11.812087578660092,11.822897211955457,11.822109628686206,11.84888821801831,11.748636929296254,11.757939338684082,11.728803510956418
531,12.506319615733982,12.507622111969702,12.507359928489327,11.42321760693661,12.382241632333377,12.41997241973877,12.385141054273086
532,11.984521230875963,11.981488878303182,11.98224601510524,11.998313145922442,11.994130314607622,12.0184326171875,12.03615883172242
533,12.061141493364943,12.052965441390292,12.0540303732199,12.049990815868448,12.040553887399216,12.056440353393555,12.064437796985034
534,12.065648345492317,12.064042484020872,12.063485683913148,12.099295899660335,12.122486483368613,12.111982345581055,12.089626921981129
535,12.184776048424567,12.17555354886727,12.180830616196728,12.106091038776029,12.187176434556608,12.251331329345703,12.197305878834532
536,12.393268762307073,12.378821718467997,12.380469467419871,12.401694054701858,12.388177563517056,12.406461715698242,12.389496061893963
537,11.520075946220697,11.503307449705087,11.503462164954795,11.5413705009933,11.381181124307613,11.444500923156738,11.443555514797582
538,12.370644828150454,12.354273785696387,12.357044888360731,12.344215706695264,12.350504676894532,12.316455841064453,12.32177684277624
539,12.11385867608745,12.128057195320938,12.1257154861792,12.12120251378293,12.141073513711161,12.138778686523438,12.135502177333057
540,12.30297286953894,12.305615529387207,12.304265295962214,12.47215187488583,12.188943421601822,12.14793586730957,12.15283144790932
541,11.744770627109778,11.73889888283423,11.738783513999522,11.860051599015051,11.652677305685113,11.620482444763184,11.542320854736262
542,11.637151303543998,11.626470044629661,11.6276968914126,11.589972920865293,11.513579980812624,11.523249626159668,11.529674730015419
543,12.113210730287847,12.113591684701621,12.114499519757436,12.006760128214598,12.085213230981397,12.074296951293945,12.075403410977946
544,12.24773460389801,12.245298329270948,12.245573700119456,12.257816364786631,12.284923164685456,12.289078712463379,12.297887216769913
545,12.759590065126957,12.754256532877449,12.756633862342238,12.707902184660052,12.776366976077343,12.687555313110352,12.78295739540275
546,12.414274484538986,12.411512300425441,12.411757754361169,12.400802796444664,12.38564553588686,12.399282455444336,12.390395562607257
547,12.362918011788508,12.365629810029942,12.364745345005636,12.36831823000508,12.381102235945386,12.386015892028809,12.369528636968667
548,11.801227994322522,11.80726672822439,11.806170262294467,11.82811070780706,11.898425830960605,11.860823631286621,11.816432002606618
549,11.908733767875335,11.915670702536946,11.913925677021025,11.951639082973609,11.92935505990586,11.907417297363281,11.928898852826354
550,13.219523284469492,13.21750125159621,13.21730384233069,13.24566882969804,13.230271989959382,13.18462085723877,13.143289347329885
551,12.437998679885057,12.436110800582082,12.435988007402754,12.418848729070005,12.411146514639121,12.427215576171875,12.44798582070053
552,12.339413548277602,12.334256904180652,12.334844973157368,12.319137252788153,12.382746742195826,12.380634307861328,12.375131051993721
553,12.82407399172721,12.839370199012327,12.83850915496915,12.813227236811247,12.806159480923284,12.77359676361084,12.792704127014728
554,12.095713459247653,12.094294546889305,12.094877022667752,12.116127114286012,11.984530763287754,12.003744125366211,12.026695276616714
555,12.124971593389292,12.117814571390866,12.118418996119733,12.120426134134831,12.15567940381562,12.14036750793457,12.152183802053028
556,12.332956850773783,12.314809712425493,12.31783129455118,11.93638075090885,12.348431922962547,12.443596839904785,12.405952529877116
557,12.040814981996022,12.034911576965841,12.03396369083547,11.957098457663516,12.073842942902095,12.074747085571289,12.075135446703303
558,11.820897212825674,11.817666615417986,11.817672609432522,11.836538328767974,11.940570564277714,11.94926643371582,11.943679299308696
559,12.857949515819492,12.864984915251028,12.86450460023944,12.859880220542879,12.883167348640411,12.850992202758789,12.879715348866577
560,11.963008350377155,11.946298359944445,11.94794905955142,12.110251849194155,11.939564390870055,11.943016052246094,11.915695791104794
561,11.784962241228396,11.764437417281323,11.766398449729545,11.767712141685312,11.833759909593837,11.800980567932129,11.811839018104749
562,12.588795470818585,12.583730089780701,12.58431123397885,12.550223385768065,12.478783640294425,12.53436279296875,12.483665285692592
563,12.18372940452293,12.195915258331047,12.194254865857497,12.09885086383899,12.1839530732752,12.211831092834473,12.166007730600722
564,11.98032293196877,11.97553948648733,11.976058713842711,12.069413695082819,12.091716290856079,12.072734832763672,12.107928256522628
565,11.579068824672495,11.57938254809017,11.578853139371322,11.55031704860617,11.639907412801078,11.55827808380127,11.60234658998411
566,11.906006347647654,11.896130158407706,11.897277699185505,12.038089887247574,11.998525588065275,12.009458541870117,11.974551071805243
567,12.475282393285545,12.449216133167885,12.452960066905773,12.1147628611113,12.513973418376166,12.423382759094238,12.419006296871132
568,11.470707362036624,11.453453053678913,11.456022001671926,11.51684372660063,11.401250892892433,11.385936737060547,11.441315160658059
569,12.542714304535782,12.546844363422904,12.546770641498496,12.548593532621636,12.639687641382608,12.64783000946045,12.618480647738831
570,12.065063170904219,12.074511675949982,12.073545420890705,12.068246724817822,12.019484029042966,12.00689697265625,12.01618319360901
571,12.723525486144478,12.727516591876704,12.727587412820474,12.733901975108955,12.76773915088741,12.783044815063477,12.764537370000548
572,11.921828069399462,11.92480316845732,11.924926578003301,11.92123884249553,11.929996408628693,11.92406177520752,11.954290660873585
573,12.044734849161879,12.031606034792674,12.032863092461836,11.997406881315372,12.116929929937323,12.093279838562012,12.092667964359112
574,12.534275498726092,12.526117973477911,12.527355316105957,12.575406392198893,12.550194854357795,12.510005950927734,12.523448905826621
575,12.845084992715893,12.857965138800887,12.856602394959864,12.833299638964979,12.90300415870307,12.905122756958008,12.936208132650682
576,12.074204857916067,12.081625971365982,12.080764383159165,12.096888218881553,12.095383849412723,12.076719284057617,12.075720756521669
577,12.394624341859107,12.405878300602572,12.403899677575073,12.128542889021531,12.47507285454771,12.449708938598633,12.497766319482203
578,11.84723402441265,11.85443170474646,11.851407891627401,11.83028525898886,11.919487991181963,11.95133113861084,11.906198713552666
579,12.539613256684296,12.543090718282892,12.543537618429852,12.529413089427578,12.57533034591235,12.55981159210205,12.528036189963048
580,12.138853750380534,12.136133609091146,12.136506832308191,12.157140359151771,12.103700693464567,12.165160179138184,12.136175156551268
581,11.744577000231157,11.750219977330001,11.74890252153768,11.759961386802686,11.756411646261821,11.699250221252441,11.765546068138281
582,12.400009755563994,12.395836804399082,12.39764432232694,12.23566553898914,12.366964503155643,12.357989311218262,12.393735849055322
583,12.488227778600711,12.493442097171489,12.493258848339048,12.49413965011095,12.604422209950945,12.612898826599121,12.59609342597301
584,12.077732570336286,12.094363905573292,12.091315291701571,12.075429106141854,12.069508678250225,12.062480926513672,12.05251521116224
585,12.081344160964989,12.085636626306147,12.085307824420822,12.131197568770412,12.072435494631646,12.07626724243164,12.101887667777193
586,12.578024259411434,12.577350216025556,12.578247283308057,12.623089722377605,12.590688194442167,12.527295112609863,12.525697531290788
587,12.495543621325753,12.482715002599841,12.484235158189879,12.447966176980895,12.511809373668456,12.57070541381836,12.567955648931907
588,11.686900744420877,11.679698093549014,11.678694492222446,11.690368529944156,11.767523524529679,11.774925231933594,11.760775929724527
589,11.913023749873735,11.93002656139035,11.926868142104796,11.842741252155484,11.941051246341495,11.953727722167969,11.951295848862893
590,11.827020134272036,11.819422351083313,11.819056928441608,11.783432678611907,11.864849356134071,11.894010543823242,11.88847677483175
591,12.17918230940129,12.152384287244772,12.155760192804463,12.112413238409678,12.137216585779372,12.07912826538086,12.124219810939321
592,12.661037581249442,12.653772863827852,12.654842147660814,12.662476962641904,12.596634466009126,12.592236518859863,12.593791175147219
593,12.479214974249281,12.474482990985411,12.475468884340808,12.48159443234751,12.483492035100207,12.464559555053711,12.468435610457686
594,12.047839617533693,12.041891444253537,12.042610016523819,12.034118597021848,12.085042218869125,12.088808059692383,12.07987292202473
595,11.535570217582716,11.536357515912332,11.534494638918405,11.712421816116612,11.573189569122404,11.5872220993042,11.597152803686027
596,12.028938331053082,12.069192722471335,12.068488510160396,12.008208941551027,12.133660615247987,12.027594566345215,12.0533561189171
597,11.92203461906211,11.939654337145882,11.93794848165843,11.90004474936612,11.829080048534236,11.82751750946045,11.89097751846588
598,12.057539719287773,12.059678730041075,12.058198535302669,12.109400083811343,12.042253474884692,12.03617000579834,12.039088715548331
599,12.00437750300669,12.003116640830656,12.002122394771922,12.01318677301487,12.061892796126632,12.087859153747559,11.982736841991924
600,11.868663885448345,11.862450534817375,11.863316965139058,12.116795389538948,11.879698022805549,11.875818252563477,11.85644277070565
601,11.913137877222493,11.918184395374634,11.91773163117523,11.87978603307117,11.910257376678429,11.98338508605957,11.970682718532956
602,12.253792656367645,12.2693084899349,12.268257316807938,12.28618319246809,12.246688694139246,12.247447967529297,12.258974972793881
603,12.476882684755093,12.480170244833358,12.479915801811483,12.459515592124944,12.47161057851819,12.500320434570312,12.507374657831994
604,12.15256023968112,12.14714876830539,12.147381493391075,12.18290563307851,12.163412583736331,12.13724422454834,12.135189075063524
605,11.867415470640436,11.860627443602173,11.860460873362964,11.876357348559448,11.939506324071408,11.91896915435791,11.925010585112542
606,12.556167130188049,12.553211833307559,12.55371562625152,12.585809370130574,12.552112005256284,12.584238052368164,12.611113052391854
607,12.32332214162107,12.319814503686425,12.319409182026323,12.359439205376297,12.250328372592328,12.254106521606445,12.281842120196389
608,12.724871560892144,12.721668656083962,12.722416798206298,12.71190887715688,12.651762351814765,12.67188549041748,12.594616237054732
609,12.163456284964766,12.174464543113622,12.173898243435241,12.119284157189218,12.14044569494783,12.243071556091309,12.189854929123955
610,12.319763345015058,12.319448957249435,12.319428131025973,12.348219313705833,12.339571773985853,12.322972297668457,12.34279391606995
611,12.31164432674291,12.310758146316742,12.3110078584361,12.293977468136585,12.334392899188728,12.322394371032715,12.339737753766798
612,12.31837800396874,12.343829555788007,12.341382455875657,12.091387415155499,12.228136865562702,12.19287109375,12.112485875339484
613,12.204126358721666,12.216459386074819,12.216086307111734,12.153208188656691,12.170002414466342,12.17336368560791,12.197691634233724
614,12.564485688084167,12.565418685251482,12.565875865110684,12.55448992577775,12.59253660393669,12.61342716217041,12.577989741457312
615,12.186966675512224,12.16325440867586,12.166104492294163,12.18665532162777,12.30410108665125,12.323099136352539,12.395565476786555
616,11.939035139952983,11.941428184041044,11.941874472125978,12.124825602068547,11.896735307607031,11.918161392211914,11.887385271034027
617,12.67807637035574,12.675526942234136,12.675723067037556,12.331058589213939,12.753526988826776,12.754755973815918,12.770284958318054
618,12.056351195897495,12.061564832355593,12.060559585813737,12.102769448500005,12.038098826881575,12.071256637573242,12.087054833242926
619,12.333391340783493,12.33032857262549,12.330646994902244,12.312514746624522,12.337975019874923,12.367287635803223,12.345278437143108
620,12.842621385845614,12.844142352033122,12.844762921763978,12.637751953352824,12.862767558518305,12.844135284423828,12.775564504319913
621,11.953896499149634,11.945946260790821,11.947037405558849,12.284284576475155,11.956155256454831,11.92410659790039,11.980614271542406
622,12.123901054957695,12.121342685212667,12.122497156333214,12.139152733616138,12.067830165279704,12.070222854614258,12.106973144221191
623,11.88702261472809,11.89886998037614,11.897548237214886,11.917946950961937,11.876927477898805,11.902254104614258,11.905209549649344
624,11.79453237624623,11.80338484041833,11.801547118055897,11.789913106922034,11.825207048700543,11.852001190185547,11.810779332609233
625,12.504595852590244,12.499636239787396,12.499786992781836,12.495191886163116,12.503000379730118,12.519214630126953,12.533078967536534
626,12.036126265665857,12.039743210112725,12.040026006276618,12.069405742643898,11.975760987554716,12.028918266296387,12.02424571905783
627,12.239400694406479,12.242119720763965,12.243089942854526,12.111027602409617,12.27841413820187,12.286956787109375,12.261689838808644
628,12.04035097859596,12.053439390513086,12.053831202782968,11.966220385262911,12.017134600663876,11.997556686401367,12.03357026192748
629,12.770485500604178,12.774320962486835,12.774032096602435,12.760977911446913,12.891902320979408,12.846405982971191,12.899358906286379
630,12.306684541753341,12.312383692363492,12.31231846195781,12.33168369430117,12.29038090513672,12.266907691955566,12.263843781181004
631,12.202806392981417,12.207589773547499,12.207109119992177,12.201023006920979,12.18666874146977,12.190688133239746,12.190776476204128
632,12.23341632556698,12.236978456966634,12.236833790603674,12.24102151060475,12.31561135152729,12.284687995910645,12.30627736215616
633,11.957669229878766,11.974096782387795,11.972543482000553,11.972770101766327,11.964172152301611,11.933052062988281,11.900266268333894
634,12.375564203643078,12.381348276394617,12.38226861094707,12.386828119111225,12.405561312267833,12.390522003173828,12.370100353071386
635,12.388815017583026,12.38630238084642,12.386859453349718,12.338269807585988,12.33751646997401,12.383626937866211,12.316677664784647
636,12.214197110846554,12.217060996541912,12.218055536312493,12.052229763338477,12.144611221157168,12.182430267333984,12.206342187009842
637,12.75903451101318,12.755616564765651,12.755467288263835,12.810255695611183,12.893426195746887,12.864032745361328,12.833796421758901
638,12.318706459700387,12.314272007465778,12.315398066905715,12.34165156251545,12.391022776122997,12.37363052368164,12.385711531822263
639,11.850696834837114,11.867322843897417,11.867589656150782,11.638072002760122,11.779159203538219,11.784523010253906,11.830477154242896
640,12.369492722506505,12.367068415562894,12.367624367761469,12.384315796021976,12.318997060845124,12.344904899597168,12.367546035545985
641,11.875519791527985,11.849997642160924,11.852360837854883,11.964938260685084,11.912872613211317,11.904151916503906,11.88935704414078
642,11.973650498193809,11.974208469343447,11.973827222116972,11.956694400051394,12.078450559979286,12.038036346435547,12.03172871547664
643,12.476736101038723,12.486520451456952,12.485295036082729,12.45075889013112,12.49560228842135,12.480915069580078,12.479481113139569
644,11.920091329300886,11.920146217696118,11.920510998967412,12.049829743566512,11.955758733030518,12.00625991821289,11.980207528128728
645,12.406281718799166,12.40364109129196,12.404798616101273,12.425063610580438,12.308515089541752,12.3681640625,12.318162191997885
646,12.316000670028934,12.312568699105773,12.312932176593817,12.304223698572374,12.308314231936317,12.307426452636719,12.308296190395776
647,11.74918996154991,11.737945656709114,11.737694862908883,12.10146170325636,11.80504427169135,11.74814224243164,11.721181385539339
648,12.315717445910387,12.315624382116544,12.315344026759652,12.174194301500256,12.279907290458913,12.343605041503906,12.3302953881681
649,11.974162626181032,11.978628304880989,11.977250032526287,12.067311516737902,11.97527090187201,11.93793773651123,11.920048030234994
650,11.674361302414958,11.671159926744346,11.670444745329426,11.791007602876618,11.657848680447534,11.66657543182373,11.72496065132253
651,12.305812566894618,12.311140243033057,12.313040296815048,12.244632897383754,12.397909894936955,12.35909366607666,12.366044404254215
652,12.76508748217407,12.752063238219668,12.753328785208474,12.801006359428124,12.851668707913856,12.813858032226562,12.793798118227485
653,11.931044778431648,11.922754703075192,11.922788955504387,12.133278347081346,11.90895520874641,11.994583129882812,11.98823576333017
654,12.438376987045531,12.426499261167915,12.425025817739439,12.345750016811921,12.476219646834243,12.36423397064209,12.371580232426684
655,12.23659465624342,12.223730261902041,12.224943433904198,12.193592835600969,12.269842636309626,12.23926830291748,12.252294108595363
656,12.347244750618875,12.35926219335558,12.359262518334837,12.146649916534434,12.303562776687446,12.273664474487305,12.266406228057505
657,12.001119724608802,12.018596988367085,12.01292133715038,12.054600086563777,12.088477708009684,12.061485290527344,12.071333270589529
658,12.21666555227174,12.223505531155075,12.22169774510507,12.275801029489587,12.287633837331642,12.27397346496582,12.289890944327839
659,12.272090126680949,12.2630868608128,12.264305155385202,12.293018515319018,12.367599468478184,12.251566886901855,12.254522234036562
660,12.921348106785219,12.917176655104145,12.917432481690682,12.90105811182613,12.851170591323068,12.837935447692871,12.89777545795459
661,12.02188619282822,12.01763435474407,12.018723554893162,11.988233324053603,12.041042903135542,11.991609573364258,11.99823023605829
662,12.18173045790127,12.174606850531147,12.175008500947666,12.222674920086892,12.225511108133343,12.223477363586426,12.217600714412601
663,12.30001983316938,12.280576542498073,12.282463950584233,12.26181934089976,12.230003088375893,12.268290519714355,12.233700021744456
664,12.303160107330427,12.30641685356864,12.306796494634812,12.278337891991917,12.234039756928293,12.211091995239258,12.205982629531603
665,12.328117100203182,12.328508716880902,12.328042453325773,12.29566284236607,12.313208112143226,12.2979097366333,12.317254325662608
666,12.482092587406063,12.486405030525301,12.486780900421051,12.4817417395715,12.45287285886696,12.429929733276367,12.45912361575087
667,11.880693909132448,11.886819617970476,11.887282494960226,11.938950404931113,11.931342043698235,11.91089153289795,11.940861275985721
668,12.491951445656847,12.478041647243726,12.47976270668667,12.82512985281217,12.370999758960066,12.42369270324707,12.437496385629995
669,12.030490148090825,12.03016757586993,12.029860618245715,12.057718023388178,12.1139821102033,12.092144012451172,12.082468887102923
670,12.407861432928309,12.404917534772835,12.405885756966587,12.37846616228004,12.37123162041202,12.387770652770996,12.369709257515142
671,11.650576323310252,11.67384342620664,11.668394886529644,11.671904458635954,11.74591908266404,11.699692726135254,11.664792893400836
672,12.00131995098372,11.99869509524515,11.998136282264857,12.21312245654005,12.095527603749009,12.072657585144043,11.994757980443785
673,11.810621948525831,11.798928119916502,11.799408360033976,11.786622344841073,11.72799015962777,11.657049179077148,11.701771150053847
674,12.0427218008148,12.032689206792002,12.031728103748138,12.082947882042518,12.16589019759131,12.138656616210938,12.137107418761977
675,11.996598625461804,12.022916267769583,12.020193232764644,12.050014412106998,11.989457441646302,12.024711608886719,12.016426076909129
676,12.567830943954068,12.559067310235305,12.559931645274588,12.565890628826354,12.59070900130505,12.600346565246582,12.63880386592787
677,12.834394798354865,12.841938660099823,12.840353624332076,12.836253611073571,12.952693979334576,12.946932792663574,12.957033717674454
678,12.519348144355966,12.51527248082717,12.514034426045514,12.12160493401444,12.482715104161832,12.370638847351074,12.444089721538779
679,11.990118258058363,11.988169921661557,11.987325362744691,12.018010032778353,11.967641667876729,12.006380081176758,11.997410245321113
680,12.449772535247524,12.453995381867795,12.453904954856009,12.427113980001216,12.415968626574188,12.45522403717041,12.449375754261418
681,12.850715639521104,12.857480358273515,12.856389548537047,12.850599508239554,12.843025353362906,12.823760986328125,12.845006914025387
682,12.49419142100921,12.499221876929305,12.498778474494978,12.35769373628231,12.423513947601712,12.495267868041992,12.5408281633016
683,11.962389828340905,11.950296655546707,11.951200279076009,11.860665537796324,11.998353356794574,11.964829444885254,11.944373703444652
684,12.283651831604871,12.285570111670973,12.285916779824609,12.25371961551835,12.282165298312473,12.282445907592773,12.274531397807522
685,12.560915558892116,12.564993950345787,12.56614114461661,12.358325695841224,12.546007652435833,12.551100730895996,12.563224869719571
686,11.94024517059254,11.946429217416425,11.944684739244934,11.944066031148596,11.937489751821206,11.954073905944824,11.957353792203374
687,12.413198726958722,12.410257409793914,12.410728163275397,12.406383922154138,12.382656247075555,12.341739654541016,12.362699288383064
688,11.823495379146602,11.827165436090848,11.826726608830725,11.849201205638614,11.766524061820066,11.751293182373047,11.722858101637916
689,12.60225119917984,12.619654698613699,12.618107850171969,12.650314004089031,12.626301542976103,12.625527381896973,12.698925540111045
690,12.581344601395964,12.576234482593694,12.57773129463574,12.59257377669978,12.580443715734706,12.606289863586426,12.569293728541464
691,12.09652344348765,12.103801518089334,12.102762746114992,12.109773146821336,12.109253126567793,12.085495948791504,12.06597713823753
692,12.331925797920288,12.338308028188335,12.337024029990792,12.31419639977559,12.290711035275198,12.328486442565918,12.42764223592544
693,12.419250689055602,12.412956543587633,12.414048666426382,12.420629849374336,12.423081872572254,12.41979694366455,12.42768318761882
694,11.87372354176697,11.879365692757672,11.87931238998342,11.870330452073755,11.898925116395786,11.850032806396484,11.90817041625749
695,12.617445758344731,12.606297306262068,12.607582817725675,12.589497980225644,12.64374876709346,12.663514137268066,12.647641355910674
696,12.042929356575216,12.045243379476258,12.044564760090408,12.015267379829961,12.043686696921704,12.015047073364258,12.01458547498614
697,12.498169323007168,12.505218610493943,12.50498299103854,12.491843848810568,12.474011699108628,12.450199127197266,12.457248647835602
698,12.834721236065487,12.830263296488207,12.82956327222272,12.796182542043486,12.975817517131567,12.94031047821045,12.947798950915429
699,11.989195053421106,11.98404522967388,11.984308529760314,11.871420599447651,12.04504731336069,12.043014526367188,12.049988909571603
700,12.55451834625371,12.547778165100084,12.549252328705457,12.56328613725651,12.532420120457523,12.509629249572754,12.486637987890914
701,11.904811871897953,11.897176528667693,11.896678505219036,11.878104068606415,11.920272889117784,11.921737670898438,11.923475818265327
702,12.109570971393147,12.10872279569459,12.10805719509484,12.105425362586248,12.086740521390135,12.100741386413574,12.089500906070061
703,12.29427230227008,12.293438017910573,12.293223543704093,12.237572497475995,12.271043122105112,12.31725025177002,12.289425792526727
704,12.468882300739393,12.45784368023213,12.458874308192247,12.49102068935904,12.431083150700864,12.396536827087402,12.392204592873371
705,12.187796466579181,12.191716573355011,12.191441266711532,12.199685894098266,12.181563700434733,12.210527420043945,12.185663965954296
706,12.174446136185818,12.172656206811855,12.173207606755298,12.13942256771504,12.23365335038088,12.178176879882812,12.185165143834713
707,12.065709026830868,12.068306198572174,12.068301080184428,12.053352313563952,12.022112045538742,12.022398948669434,12.033820664063676
708,12.724489664610529,12.733008633459429,12.732760640989685,12.738082294172987,12.814965970788986,12.796512603759766,12.850989320936034
709,12.169313145505534,12.168803110517201,12.169636159706766,12.148488168568012,12.164150335079517,12.138908386230469,12.150962618342751
710,11.935604718463853,11.926426367422572,11.926867243842173,11.81853086566105,11.89560489139879,11.896583557128906,11.952528186010742
711,12.265444735274416,12.25999559906446,12.261364840568943,12.22793844690038,12.200212764676115,12.155695915222168,12.147904328739454
712,12.548158822530887,12.54148258203389,12.541826606889,12.52576801980706,12.55549173727456,12.53462028503418,12.527684482864977
713,12.37605764646734,12.370020164857918,12.371535228035773,12.379537343407602,12.413669499094441,12.359766006469727,12.349937991663023
714,11.840776055979596,11.858914048514968,11.856442368401666,12.238702041486315,11.979424237391086,11.979765892028809,11.948835124813506
715,12.15908321535989,12.168475206006239,12.16817321034246,12.11887287269749,12.164829312490115,12.166864395141602,12.188700503737698
716,12.021272261617627,12.007760672381352,12.008744190061563,11.998619117733988,12.052369675552356,12.041863441467285,12.102254203030283
717,12.307310465089138,12.318504780390768,12.317222010068248,12.330072649825325,12.295525899132018,12.316221237182617,12.318263181998343
718,12.032727161770541,12.051168572377357,12.051319796656296,12.000083139248927,11.999167514230498,12.053587913513184,12.07744793115723
719,12.646490053757175,12.648164343179404,12.648361533915566,12.670442292485113,12.640445271379914,12.673649787902832,12.714091895621202
720,12.339407087105679,12.341215363244062,12.341561570838666,12.314446519140395,12.286787631562468,12.312658309936523,12.327925666829533
721,11.802626527370965,11.802616531914357,11.802455817877947,11.792063002041527,11.849135961670436,11.857054710388184,11.851568099581986
722,11.956280882032564,11.957345924451811,11.956877758741419,11.988248973906385,12.026778777090279,12.00752067565918,12.03081622579446
723,12.414323517981748,12.419863500019535,12.419894498088679,12.371566114776503,12.369266706713827,12.394109725952148,12.38722161970804
724,11.986792703564179,12.005092074301837,12.003870617711412,11.995533519016057,12.03917324222269,12.033025741577148,12.048765252207717
725,11.916110801356446,11.929836030165802,11.928377317435725,11.94186578696014,12.001739786321334,12.013442039489746,11.999505670556882
726,12.079443100580164,12.091815973346606,12.09029318347464,12.076894139383812,12.09694075072726,12.08853816986084,12.1101649175828
727,11.979599315561897,11.980543799190123,11.97938748469316,12.01522743699783,12.048556548684948,12.035825729370117,12.032027681043896
728,11.905313256763677,11.902654600893671,11.902544837079704,11.835046206978236,11.891534646645646,11.93500804901123,11.87251290301945
729,12.727141904653045,12.724235521875938,12.724101362626673,12.707852103959183,12.751910696357452,12.746026039123535,12.750791785397494
730,11.932805805488771,11.94081693198887,11.939797062332657,11.9663551834281,11.961194161076342,11.997771263122559,11.997148104488522
731,12.398131083292673,12.397773768580851,12.398500294208805,12.420633585009138,12.38219570352931,12.347394943237305,12.370509088956625
732,11.67426979094794,11.671600450635408,11.671343047819143,11.668177357169524,11.660740480921403,11.608159065246582,11.605560114396356
733,12.357859544456689,12.362539296058783,12.362376616209932,12.342453256225152,12.369438670808735,12.389739036560059,12.399632290913795
734,12.422933384006221,12.434894162734675,12.433437029127827,12.47842029110492,12.358347429421675,12.360024452209473,12.349923505820264
735,12.04377696457832,12.050114208094445,12.049744393370887,12.043108961461147,12.006991513089439,12.031903266906738,12.034912556011035
736,12.050062763537534,12.05433526244614,12.053636261986396,12.09236685129601,12.067742980601306,12.076565742492676,12.072265432908257
737,11.533055039919832,11.564145635963836,11.561423292054927,11.653274974223233,11.548956306326861,11.595977783203125,11.636977053836729
738,12.669490108477135,12.66295852329473,12.66345028429311,12.69801870213573,12.698747039993355,12.689042091369629,12.71036753136523
739,12.277416536200931,12.277982447991741,12.27790211408665,12.280016858658222,12.237988004171367,12.219273567199707,12.21692609818925
740,12.038724096793185,12.046562978053005,12.046141914237644,12.002898311404245,12.075445452202532,12.076959609985352,12.069724840627599
741,12.475841374477397,12.476660015005832,12.477185510415083,12.502034418379653,12.436020021870544,12.41836929321289,12.416438363731361
742,12.532152276112038,12.529348066719246,12.530065113892443,12.352898748026934,12.532252229112071,12.483418464660645,12.480716269225216
743,12.060222870389891,12.063391906942696,12.062451133109116,12.084208436909375,12.202605638467963,12.269548416137695,12.230371187391352
744,12.235640627674899,12.242356673204842,12.242257464959463,12.238488142689217,12.175378586545813,12.211669921875,12.207707302350322
745,12.532283799055408,12.529708953612325,12.529681867346069,12.542975472311431,12.531648610097927,12.513161659240723,12.493543494441091
746,12.8581752248298,12.84780176131081,12.84932147975705,12.845995591821804,12.864717385778285,12.875141143798828,12.854198503923396
747,12.034756038320856,12.040314638172342,12.039385200182567,12.010318671195224,12.042848472250775,12.05723762512207,12.042387423052197
748,12.263002844335128,12.258691782385249,12.25931588342516,12.257909853820303,12.263846096618236,12.257264137268066,12.253751073178382
749,12.20804280666229,12.207205226629478,12.207442544335734,12.198977806642523,12.207165149987345,12.191991806030273,12.163707724917778
750,11.877883999454829,11.880573222532504,11.880379625131175,12.038437955225438,11.917821576274953,11.902761459350586,11.907674265785962
751,12.155562170092084,12.174813621539991,12.173124211347114,12.06561724000561,12.098311812230047,12.224125862121582,12.247220458935658
752,12.007695803947122,12.014734687577354,12.015117802948284,11.995153119624305,11.975446928635181,11.953851699829102,11.986144513634239
753,12.210146565725676,12.207255474650516,12.207364074803507,12.207446873102393,12.252684403015026,12.283876419067383,12.279576316231886
754,12.058747963274755,12.059223673903732,12.060256329714003,12.114745498862911,12.040866843195282,12.064094543457031,12.065281586812546
755,12.142961549051154,12.13846377746815,12.140167913292657,12.174333197235299,12.065618310977037,12.109841346740723,12.089497577531557
756,11.861233521757637,11.879181271029156,11.877082273008376,11.916918222710857,11.978022311921368,11.92473316192627,11.938993213255804
757,12.443404546529946,12.4453520958062,12.445593461968787,12.480314416760594,12.448892690599916,12.471930503845215,12.468803589045129
758,12.363763970816638,12.363177037127944,12.363630074657843,12.36375109404828,12.333610484200927,12.300134658813477,12.310267811116086
759,12.324438366002056,12.317722856702998,12.318549876918196,12.305088844335836,12.304944471265491,12.27961254119873,12.292277120640701
760,12.309755949053825,12.304409571762909,12.305379107855126,12.293235266602721,12.290393526320988,12.30482292175293,12.312816988167517
761,12.26554526894224,12.276537761900746,12.276261899116317,12.251340543977593,12.262737684460923,12.281511306762695,12.287294913336602
762,12.282774644613117,12.27138679490156,12.273967316048456,12.279445341903543,12.309220740215146,12.306777000427246,12.309997045758138
763,12.328593761099691,12.327351291795873,12.327634279778302,12.33043739777571,12.312838118816533,12.341035842895508,12.327197595575283
764,11.836873186483444,11.852075071519897,11.850808629461328,11.801860997892504,11.917602173167536,11.866372108459473,11.884124143843758
765,12.379514830810457,12.388937353567147,12.387159820768195,12.433496623969535,12.349600331000042,12.38386344909668,12.378552773406145
766,11.665421468887514,11.680294157970494,11.679266428851845,11.669309824021912,11.673910214450046,11.636272430419922,11.558853206147276
767,12.09181036357214,12.085239762104564,12.086163396967825,12.078574262088754,12.093798155085588,12.09134578704834,12.08837142902579
768,12.529342454348805,12.530035553477251,12.529622216316966,12.536794725336488,12.539841877995745,12.547843933105469,12.585098429824047
769,11.9892458384668,11.999639958789405,11.99779735263382,11.99711475837271,11.966856567564259,12.010424613952637,12.034794758346152
770,11.968313905392929,11.968368218876371,11.968522937242804,12.003918334523766,12.057824551515981,12.042302131652832,12.058539997171998
771,11.811363578876081,11.804961974676774,11.8051212293011,11.793442825030358,11.73657691383375,11.693344116210938,11.725782289558998
772,12.619792075660138,12.610510254830045,12.611875256663385,12.616604133986861,12.532133895452883,12.567654609680176,12.592910287907475
773,11.987165631290981,11.985307199685762,11.984665969472594,12.069405535857783,11.953646358375517,11.999222755432129,11.997186051724722
774,11.996698033479412,12.007026541580455,12.004991197355858,12.032241899557821,11.974478264316216,12.013015747070312,11.959580033448391
775,12.255324938462584,12.230962540107702,12.238089501126844,12.132884751909014,12.225331282647248,12.21943473815918,12.257677068856642
776,12.131832836976827,12.144915531666795,12.14385344947377,12.16294213584041,12.14463683728945,12.163178443908691,12.161830071491432
777,11.976671030726246,11.976531500949461,11.97619862024075,11.946615507797947,11.942320291432937,11.915003776550293,11.92957175394777
778,11.688130687039886,11.682880200214251,11.680169530273693,11.719791858767394,11.808806199067082,11.750276565551758,11.667016792504173
779,12.73309889644698,12.728198961216156,12.729054511209544,12.76355503366562,12.822081494871634,12.803363800048828,12.77016561178749
780,12.162342475258416,12.16831476883045,12.168026313215169,12.202112438535282,12.202466148855057,12.21166706085205,12.192000188793319
781,12.563364535972283,12.562384199465074,12.56256150656488,12.57500714602331,12.546123092430033,12.553565979003906,12.53122709301967
782,11.934260051535057,11.943621056024835,11.942497203785031,11.96517658126109,11.987696163881157,12.013504028320312,11.975053561976468
783,12.201017474953323,12.193128546110188,12.194946749898618,12.05725794645174,12.211448866142828,12.220968246459961,12.229054469210626
784,12.027141614561144,12.043323484869944,12.040885046814857,12.054651868714254,12.045929152220962,12.043042182922363,12.074427638048663
785,11.890663330699633,11.881459266981738,11.880619545178545,12.21795222937339,11.899882886893405,11.942885398864746,11.916358908314674
786,11.46747018004938,11.458533750854393,11.45785724812157,11.47615258583247,11.504345429930137,11.479972839355469,11.532567343006829
787,12.275049840907013,12.271568059251745,12.272091969720913,12.238077521961701,12.259379934781373,12.265730857849121,12.282712046203757
788,11.91180847749336,11.918674217593164,11.91933118318639,11.922705778328544,11.961647036489255,12.006298065185547,11.95838883809595
789,11.792491638769283,11.795434261703388,11.794477526172567,11.775172998980409,11.787809098725305,11.728442192077637,11.689724748590296
790,11.955411485838335,11.958709760314672,11.957170661716528,11.948504223599148,11.877240072757886,11.948212623596191,11.849097043984536
791,12.015493779636309,12.03088729999837,12.027750415363654,12.037746839654199,12.062011497316364,12.049890518188477,12.075045122905863
792,12.149495652139194,12.15354448381039,12.15318968243523,12.14075299370938,12.126286431684001,12.12155532836914,12.096865516862943
793,11.841818129092696,11.841672953209166,11.841924118252967,11.8897346500668,11.718757696214416,11.686576843261719,11.659496576768325
794,11.802268143085172,11.80837011778841,11.80798202513571,11.85281719669582,11.803836248512859,11.766831398010254,11.76013158298414
795,11.834019201598354,11.830109595693576,11.82942651439276,11.891079264115593,11.951254236692781,11.928865432739258,11.883197522369517
796,12.13253862139394,12.123795699638958,12.124531692975935,12.140592313432261,12.208832405417725,12.268178939819336,12.226287977098663
797,12.210566421144486,12.190672877940521,12.193295705767802,12.255968526757176,12.234183009557295,12.23400592803955,12.277480185816337
798,12.93018405817818,12.929208964246593,12.929276757859268,12.880154615108635,12.879749696921564,12.888185501098633,12.90770546518109
799,12.706896256313165,12.721851282059783,12.720479779981211,12.69715592955114,12.665397230764098,12.697729110717773,12.651603494698099
800,12.655006654437683,12.652969773978663,12.65341320070565,12.640968509471167,12.678562520374903,12.744720458984375,12.766488835699496
801,11.863257405976725,11.88396463053104,11.881724353322543,12.046219211052499,11.898309082290883,11.879247665405273,11.842135546736667
802,12.396532178655889,12.370514901717312,12.373514660457113,12.369018418883407,12.288458451435595,12.314861297607422,12.287221417985537
803,12.232327217469148,12.229084770760956,12.229585868837642,12.230572903893378,12.263173244157628,12.265400886535645,12.259615883026795
804,12.568029718233074,12.573645275622713,12.573914703896442,12.53251163483963,12.461175480168988,12.501014709472656,12.4714390480455
805,11.772170956820425,11.773769323779744,11.77316819163596,11.77618129743394,11.796216656288898,11.705887794494629,11.673101583636392
806,12.032168043736249,12.027569662288018,12.026351593035145,12.06656907278149,12.092989943309364,12.072600364685059,12.089222919727003
807,12.51023045786511,12.512078039234382,12.512411902248477,12.554317121713638,12.551425160183504,12.555423736572266,12.55631437227907
808,11.883546535097357,11.897041278556312,11.896646743705428,11.922831740080664,11.873893827019868,11.850015640258789,11.888892200090012
809,12.008091910879743,12.0237194243493,12.020592062369367,11.999694401788759,12.024925417931618,12.014444351196289,11.996644491254413
810,11.937964956779462,11.937495616736804,11.935755478601942,11.969636577499088,12.023524058506021,12.010669708251953,11.996983716046358
811,11.980436509398615,11.983067745266128,11.981611789907618,11.98455128460062,12.015403495305897,12.014575958251953,12.006209519038025
812,12.460102774012492,12.456327509348807,12.457859724857292,12.435990981338643,12.416972020255976,12.43049144744873,12.444428343280636
813,11.876942476440343,11.88559205243891,11.884821639086834,11.879907019481205,11.847187971686042,11.884573936462402,11.896908578917069
814,12.183019517236993,12.190001608964883,12.189509438443649,12.197225487324808,12.227392827765685,12.203557968139648,12.195564221384014
815,11.875299796156606,11.878099624623818,11.877045952330208,11.85772851346741,11.90231465143424,11.942578315734863,11.921734849504798
816,12.092483383682485,12.09412050657241,12.095190919216998,12.074705043614232,12.018986925653193,12.020668029785156,12.01967107662747
817,12.308688822831227,12.303561439608984,12.304977699247086,12.267873633347829,12.284960835531823,12.274784088134766,12.303777929153233
818,12.492489543278236,12.489295039947685,12.49051781505641,12.475923145214534,12.374907247075685,12.450031280517578,12.472114489617889
819,11.956246004005001,11.957323549545052,11.957218481489106,11.935658917252713,12.025942349927714,11.965411186218262,11.955649948961147
820,12.109451953322328,12.120117592401538,12.119936785820828,12.110756323599922,12.142753590413546,12.159320831298828,12.162774908753535
821,12.008500017318148,11.991628888554422,11.993669431067019,12.136004403351196,12.019281250421523,12.005810737609863,11.99071961270809
822,12.27904160759745,12.260489030244612,12.261188577544376,12.27583784968663,12.2717623590296,12.28166675567627,12.268353445137052
823,12.066332281490208,12.062132785035558,12.063868967294686,12.081517588504052,12.081185583419638,12.089319229125977,12.121128835070637
824,12.381411641690084,12.382249986031137,12.382809336688906,12.393149666402875,12.303656605400292,12.377197265625,12.381821631161806
825,11.813930197748968,11.826681390813036,11.823617093896642,11.815816658212528,11.932533131014221,11.919106483459473,11.944115203535596
826,11.485868025789985,11.481904591959676,11.48348414551444,11.548241601019154,11.549508201036872,11.592748641967773,11.59260719492088
827,12.547387086203722,12.54764502771787,12.547685128281739,12.519842931755733,12.517818240056881,12.583051681518555,12.537112222999845
828,11.770360916904153,11.761798044579281,11.763424400072838,11.721328591801155,11.580242031867751,11.555846214294434,11.588998211877716
829,12.10605043883898,12.090034075551182,12.089652802001133,12.142220498367717,12.090867076684761,12.097234725952148,12.08832511418936
830,11.994681904864912,11.995513848281156,11.995155982807534,12.033107666334281,11.990151666399473,11.993796348571777,11.957125817299024
831,12.56272469860744,12.575143837285111,12.573214388088807,12.530272580439924,12.617465167781267,12.648613929748535,12.626170108886317
832,11.930228669773076,11.953439109597534,11.950863388921212,12.149114802232523,11.869128867509513,11.875964164733887,11.847813457783168
833,11.622837359162922,11.645396011043896,11.643114648376827,11.767580609122541,11.673486129405566,11.682466506958008,11.658014288854245
834,11.93427995906059,11.940695239567708,11.93952705090607,11.946025532376714,11.931615569932479,11.950786590576172,11.95060434408368
835,12.110765474525262,12.124274853629917,12.12263000752919,12.107841045014846,12.22077386272958,12.170148849487305,12.220745052732735
836,12.27009109850068,12.260803438796227,12.261590516339375,12.225987198268477,12.22056065456246,12.234169960021973,12.241471861604227
837,12.393352857542748,12.39188001599862,12.392197628423931,12.40776254887102,12.418967771994494,12.407805442810059,12.39466976747505
838,12.303691150023582,12.3066514076279,12.306225693504917,12.310896372961679,12.286811847318177,12.279994010925293,12.239665189328655
839,12.0003269749067,12.018374219084835,12.012355205913051,12.113941220781305,12.047686305314423,12.100385665893555,12.145889954628409
840,11.720199244513703,11.728618179972402,11.727406678716731,11.895538015486212,11.73319454034357,11.734953880310059,11.716231708328595
841,12.043785196296403,12.035548646884413,12.036064426983526,12.034924925362617,12.014834744666379,12.035603523254395,12.013009251876435
842,11.71987432009709,11.697695319600081,11.699137408422732,11.674933867261966,11.591141537612438,11.44963264465332,11.513203169441866
843,12.116830252826395,12.128998705447279,12.128534994611327,12.129900628089615,12.12043685679451,12.150544166564941,12.162787793984617
844,11.934492705455163,11.950247475396697,11.948187798800825,11.984440651530475,11.969653612108354,11.982871055603027,11.973417403535342
845,12.026571994975047,12.029091899423232,12.029129820966833,11.998554199450297,11.954266874791848,11.91674518585205,11.948808965120975
846,13.059109836210858,13.052413215789336,13.052795446644458,13.10252235316729,13.122032281278145,13.09609317779541,13.095479241679891
847,12.334877189978823,12.33951682435236,12.338451781015426,12.360722710929995,12.40725629635028,12.416839599609375,12.37504010454663
848,12.424379825179646,12.420242473521084,12.42227210203299,12.107970873139022,12.377336892980622,12.390053749084473,12.424151954586357
849,11.897778212582637,11.914880658355216,11.91378156731389,11.861970969565787,11.907054643402565,11.926959037780762,11.929088162781728
850,11.910149226989011,11.912229064294745,11.913336611260116,11.883338724465608,11.794376858343382,11.825865745544434,11.814170819615997
851,12.11887413134503,12.112374812582969,12.11135871535482,12.054921031903877,12.155088608392807,12.144742012023926,12.168793406611753
852,12.138702222912316,12.128931398860376,12.132862075225606,12.133693461324514,12.123738097184376,12.105531692504883,12.099722076717091
853,12.457211239070284,12.475660907809571,12.474281775631354,12.46483751098836,12.469328903776566,12.487469673156738,12.438656480709488
854,11.445703966720263,11.443087376867405,11.444723149465661,11.626290430316704,11.418173919359944,11.37863540649414,11.383904692997351
855,12.060410639830673,12.056919430290888,12.057178183128652,12.049583938004233,12.031015537109806,12.051298141479492,12.051604551082166
856,12.120297642720947,12.131403849531969,12.130870057826673,12.072108685193495,11.977139805718478,12.07470417022705,12.065207638445155
857,11.950459899808292,11.950662929511173,11.95103978431512,11.982166168411363,11.93920645007511,11.955887794494629,11.961595837109694
858,12.321714665038812,12.310388201236496,12.312487523544558,12.305823411315641,12.21198458294704,12.218174934387207,12.253733495659965
859,12.836074612776411,12.822978742586917,12.823617497324873,12.366280187578807,12.818751499335377,12.761366844177246,12.744598284319725
860,12.44968639526378,12.450923247823223,12.450379183963484,12.427235445813064,12.465202708184156,12.495899200439453,12.4750749316509
861,12.524536205743598,12.526628382496162,12.526702361371822,12.116804902248813,12.378160427916145,12.309247016906738,12.353506451581854
862,12.581120446303798,12.576586239722582,12.578698661693275,12.575090676717199,12.561736209611635,12.546900749206543,12.59145714718699
863,11.735622458475753,11.745768532326025,11.74475320433055,11.751173030354735,11.665471519166907,11.700798988342285,11.591348523690279
864,12.719040539750981,12.729706144442117,12.729296758706084,12.646506621801874,12.595786382761359,12.590909004211426,12.597452213729966
865,12.29156845240296,12.280385158221168,12.281753826612043,12.107633457466108,12.24825407180823,12.262084007263184,12.238545002022352
866,11.673994342593081,11.69551176611688,11.693930864367443,11.858571131259907,11.805637948235155,11.725341796875,11.731053551313881
867,12.298389526915937,12.30265235899707,12.302911615373496,12.303745958521551,12.27129907600291,12.325970649719238,12.311027877716601
868,12.287876702930193,12.289146981042988,12.288670601144922,12.301311820773538,12.322367002405079,12.314165115356445,12.31312196158704
869,12.300110200960397,12.294556790636573,12.295348218033052,12.250675398622612,12.281063538582073,12.209651947021484,12.222993286378815
870,11.960220951028136,11.970319888254936,11.969235351297687,11.975379060013335,12.015584502606794,11.975809097290039,11.98868252275115
871,12.098470070269185,12.107173112199652,12.107714233235503,12.034798995647892,12.153821674402923,12.150412559509277,12.142957839383559
872,12.000670907674536,12.01182694922066,12.010767260678536,12.014039665667521,12.062950066834924,12.01675796508789,12.069766912869463
873,12.554920397975062,12.550034947728294,12.551019976895237,12.532057612488538,12.514564496073696,12.507430076599121,12.488440296990387
874,11.8136745092968,11.810146852104662,11.809188266683583,11.757639733661476,11.819129439226828,11.82198429107666,11.816900099940003
875,13.104032104051935,13.109195068448225,13.108025708839584,13.105509427672942,13.061749944778795,13.106328964233398,13.111741940306509
876,11.936511825632138,11.935615623150307,11.934846112038864,12.026289845614992,12.016645812020943,11.981222152709961,12.01348134241834
877,12.011825839155419,12.003616642149423,12.00458792833267,12.262545254005161,12.067237301785148,12.091196060180664,12.075003429341512
878,11.953795399339995,11.9469729121641,11.94738580861943,11.984468414914037,11.893671710094997,11.932608604431152,11.94902623409515
879,12.120841421373635,12.099506878291148,12.100976448676034,12.097331358215454,12.06617104050327,12.05767822265625,12.011691964016071
880,11.951910827507445,11.959321627786977,11.959933229659319,11.920502037503383,12.019008665211517,11.953925132751465,11.98037548782025
881,12.218098676959071,12.21650207916175,12.217092618700217,12.099901570364388,12.220494911802072,12.192638397216797,12.196513270682281
882,12.095101390861885,12.113500648254847,12.11092436303056,12.131583764182906,12.036004041420302,12.050562858581543,12.080219201076638
883,11.84731544139236,11.8527795425361,11.85112727943754,11.783881303498859,11.913418133339492,11.917207717895508,11.917748707809556
884,12.442992166673605,12.42905040161365,12.430299623305698,12.405088445450076,12.342119312414733,12.338971138000488,12.348971015375895
885,12.339220784191292,12.328058105150085,12.32954956032703,12.318109255657903,12.286673210245446,12.289475440979004,12.27996225196857
886,12.165045565669736,12.187115342648646,12.182164361860432,12.084988840359175,12.15899430865341,12.17835521697998,12.196617473730361
887,13.222775199380276,13.23675563554673,13.233684029251904,13.239325566115669,13.185940756303404,13.09917163848877,13.035297669150246
888,11.641251977207672,11.652443634390211,11.651462821631874,11.655217931231155,11.700973368923645,11.62057876586914,11.600897108641744
889,11.915309056713644,11.931152762946912,11.927500426431351,11.926949739455466,11.988953482738873,12.013289451599121,11.959195582104963
890,12.379495153409863,12.396063467301698,12.394518053035645,12.22503458998748,12.401191498698028,12.523618698120117,12.516560913090952
891,12.514215658870658,12.51193698922566,12.51271944000477,12.499891216774962,12.50698797892658,12.515412330627441,12.481250397344152
892,12.078334065463975,12.074742724822363,12.074676576572681,12.077976802757307,12.048209893688295,12.083431243896484,12.082863741052023
893,11.884785221747125,11.895132231190653,11.893735863384755,12.061694972679087,11.889418871031992,11.925450325012207,11.911988790128424
894,12.313025940726297,12.308662559333229,12.309030255997925,12.307268814129166,12.318455292928169,12.311300277709961,12.338647210085346
895,12.273146824827283,12.271880859817607,12.272369239446746,12.259585041674619,12.244931562262005,12.274727821350098,12.260877773895338
896,11.989594819839192,12.001688999384834,12.000643413952211,12.007226318292386,12.028693819558908,12.01197624206543,11.993533767262397
897,12.096900324490166,12.1215536551499,12.11727259450214,12.056298255017765,12.054928890188794,12.0519380569458,12.064236224301427
898,12.441251847809646,12.439220996495731,12.439957235038689,12.369862496248228,12.408162771799475,12.410484313964844,12.415162564070924
899,11.500008994937502,11.488710560477513,11.488552746001645,11.665030158628024,11.43424067498392,11.400557518005371,11.480953509851746
900,11.976175187958889,11.97277595446287,11.973072351457322,11.933204420909831,11.994427963561055,11.978273391723633,11.925865174165725
901,12.188289691715875,12.196902564427026,12.195733119543421,12.290278289044181,12.254765866705117,12.147526741027832,12.211417243042774
902,11.779363022445004,11.795542647497507,11.79294728262654,11.801904745668569,11.866506500011248,11.861600875854492,11.845821830880906
903,12.604375730228366,12.602804301826195,12.60328765824918,12.601723192210375,12.601334662857068,12.589686393737793,12.59222342370393
904,12.028299201784597,12.015289382466953,12.015428364444256,12.199104184092906,12.010232656984464,12.038690567016602,12.047090548607326
905,11.979250804548315,11.97732041471223,11.978628857309513,11.985914838077196,11.968146898289461,11.963645935058594,11.967059025891011
906,12.678399133436034,12.692384483291894,12.691066797636843,12.673589987508118,12.629204949104619,12.71015739440918,12.64964973488269
907,12.367415697858103,12.353259604082774,12.352424151444412,12.338982467776752,12.386452073615999,12.446439743041992,12.48023857821793
908,11.82633177894853,11.843201113075674,11.840664749415746,11.839615796563713,11.906898987081389,11.92191219329834,11.934336300726025
909,12.178184719939054,12.170153654883805,12.173517346776018,12.241220377045307,12.149589518896395,12.142684936523438,12.213777575034282
910,12.731471336534021,12.746863282062744,12.743989762813044,12.721258203484728,12.766607616277927,12.816959381103516,12.811416119563656
911,12.196476282959956,12.19807010912883,12.197547197675206,12.189543474710165,12.206741584250967,12.20296859741211,12.235656101336046
912,12.26449675157782,12.266469939623715,12.265772689014888,12.207373382019803,12.178634562319843,12.177873611450195,12.177439552276189
913,12.222202676911861,12.22833669172933,12.228228176033923,12.213424029638588,12.23608460414036,12.210919380187988,12.238734782653943
914,12.14279644465896,12.130849941443893,12.132518536119354,12.187416154855658,12.146187456016625,12.100419044494629,12.099531799052826
915,11.538360341938187,11.527297039633963,11.52544383916749,11.79915475641723,11.622120161395541,11.55830192565918,11.579367183760803
916,12.752659194949192,12.750117381270481,12.751226506559556,12.76795507205822,12.767548787976219,12.794011116027832,12.774331425884638
917,11.865774977220592,11.870150285605973,11.86739663586064,11.851837349813463,11.861288806592132,11.871496200561523,11.860710311811058
918,12.335080821876021,12.340116972656718,12.338614066910559,12.302306726193194,12.319465933295245,12.304195404052734,12.28672647091013
919,13.009751390093358,13.018367266396012,13.016113068727712,12.745025311574278,12.897464526608974,12.935303688049316,13.024089209275754
920,12.320032927729423,12.321871955087087,12.321903761884638,12.33004187376493,12.343155487770346,12.33163070678711,12.333404120674722
921,12.360441235607883,12.377026503542186,12.37502002148277,12.366572410730997,12.41263307880706,12.482224464416504,12.418164519454118
922,11.982344466897306,11.985453122127062,11.984832086378885,12.092391495457,11.943715336490563,11.8934326171875,11.871014585818328
923,12.400643417361586,12.396014245277822,12.396530733786665,12.376446556841602,12.37082155099557,12.43526554107666,12.400177442084779
924,12.113215175670968,12.127216141395099,12.126410546390035,12.066395991732245,12.135025710991883,12.126821517944336,12.129717977853025
925,12.432912293007654,12.435602221551713,12.435265333879787,12.417587521856113,12.432833929636057,12.459217071533203,12.445142921907605
926,12.093638012025103,12.086774162451215,12.086732334242926,12.053217009609206,12.169732360302582,12.135002136230469,12.15580132181257
927,12.247038197792628,12.236461508703805,12.237781265543685,12.282052502156578,12.257544981731314,12.294774055480957,12.270484409353125
928,12.456695818210985,12.459093069236133,12.459362929769133,12.435790721745466,12.43970985745853,12.476253509521484,12.46447543398337
929,12.469563584050386,12.47171333410605,12.471329393955193,12.466913780793545,12.404948953519645,12.476094245910645,12.459566094928663
930,12.399338074757702,12.400808522559734,12.401466166253902,12.413413046308596,12.417687019172904,12.369077682495117,12.387624916831093
931,12.037144308760375,12.03545048402305,12.035638806193413,12.054114731765235,12.00005385810711,12.01937198638916,11.981424959118414
932,12.050184398640477,12.045752444058452,12.046492085238096,12.052287086549304,11.980446873184663,11.998956680297852,11.991409962445276
933,11.861993312481156,11.86734344000295,11.8665888087812,11.938131911509657,11.863094460997411,11.92198371887207,11.918834803287712
934,12.497982390593176,12.492963453952008,12.49341623490712,12.46833328912249,12.489485312548087,12.48698902130127,12.493329255398448
935,11.933600057404444,11.937743390681199,11.937373424480748,11.952894938643976,12.071492611801652,11.993424415588379,12.00776780509514
936,11.716194579981536,11.717031420673024,11.717062748729266,11.666474374424729,11.773030933975365,11.761931419372559,11.76970139638209
937,12.787627251289022,12.785501011257827,12.785703640351775,12.783629838386348,12.830446152251815,12.8186616897583,12.856958621670083
938,11.361559469516095,11.352949990959035,11.3503116605272,11.405003508468546,11.339014437434086,11.321662902832031,11.418021166792393
939,12.759143658475189,12.760630410683099,12.760608081459665,12.769077276495153,12.813178642436188,12.818317413330078,12.813737839353953
940,11.863301416199945,11.883289852429202,11.88126691710596,11.895642669753173,11.884075586772504,11.862738609313965,11.885588723300062
941,12.056344002249743,12.039476371635919,12.040432532549033,12.187370246390701,11.935776792385157,11.98754596710205,11.98156121276041
942,12.043805682869191,12.03400092370091,12.033977024987214,12.124320465691232,12.00726481623276,12.007383346557617,11.9670365584365
943,12.040872065256124,12.048935118815491,12.047949845284913,12.040991698446561,12.08253781945987,12.042790412902832,12.066090507040501
944,12.152724898686818,12.139917624510694,12.141514834714034,12.157736793043556,12.184155425329486,12.138340950012207,12.160440778694399
945,11.88741669609179,11.89008345789625,11.89123566192918,11.86092804579275,11.90244344491184,11.86479377746582,11.887497066332763
946,12.072861700274137,12.06401231098374,12.064779886306171,12.095258770177246,12.107882474046924,12.081022262573242,12.105475193043237
947,12.424567098643777,12.40902160839882,12.410906555366033,12.437465602257978,12.424970425876849,12.376903533935547,12.406932692822732
948,12.127067607948314,12.144490989667789,12.143649273027423,12.20698082923103,12.084218508469911,12.145317077636719,12.136548842982501
949,11.809774755781186,11.78955905849125,11.790634950963344,11.882462749886784,11.90943649428141,11.942898750305176,11.925292534678599
950,12.310639675474812,12.31848998204642,12.31991698021021,12.172512537819335,12.120724202604935,12.183234214782715,12.17994068205246
951,12.215438417333042,12.20286753357934,12.206088541957875,12.271873157948141,12.270085784044939,12.250577926635742,12.281825645551983
952,12.374491149919358,12.37376113919751,12.37400272104447,12.379108152513327,12.383414687751513,12.405972480773926,12.36979076661247
953,11.91724196705,11.9358850251369,11.933460664092232,11.978441015522012,11.959156134478748,11.98962116241455,11.958153010357703
954,12.042595638599646,12.048649277896944,12.0484770098384,12.050266838352947,11.973898649321269,11.982712745666504,11.968726308704628
955,11.943585690187167,11.955503204739534,11.95448671676712,11.962978147224147,11.991219833445802,12.008164405822754,12.050976432921674
956,12.001048309424334,12.008850102607664,12.008338584456709,12.04656192222562,12.068942726762574,12.04496955871582,12.078125062018287
957,12.479100065200948,12.482297838751114,12.482086481008505,12.464363130328344,12.496357674825493,12.420760154724121,12.459257970952239
958,12.141929632391314,12.142221711517234,12.141685407399889,12.153183061072738,12.115569008363872,12.096692085266113,12.109329486831793
959,11.529065367284769,11.525205746348064,11.52667339507053,11.522203326620948,11.55294868720407,11.534764289855957,11.530925663070946
960,12.599388317460528,12.597572766187914,12.599067567041965,12.513172340934938,12.554920289186523,12.577435493469238,12.572856862287033
961,12.118593013825933,12.098992654861918,12.100528291630718,12.023108376762822,12.024991552359085,12.09997844696045,12.125055895785323
962,12.179323100709027,12.169918160507445,12.17062961730349,12.344633534204632,12.253998278431888,12.216547012329102,12.227805081922792
963,12.293395643767226,12.29283206386362,12.293392754170162,12.322472227762644,12.314421947953319,12.2894926071167,12.322444754500374
964,12.28536628851132,12.25757626661632,12.261503625386077,12.252928767689681,12.402368748948291,12.405428886413574,12.426944069548151
965,12.431425441964304,12.421985939308165,12.42273922895322,12.445330987549486,12.491503021554193,12.426309585571289,12.423769746236891
966,11.830165512745145,11.828024022455038,11.828578017374046,11.327676067866923,11.895285833241799,11.951415061950684,11.936376956091589
967,11.878150057570444,11.885977362882777,11.884697911157016,11.913046684265202,11.895747384817879,11.90608024597168,11.88276611913073
968,12.199623756294509,12.195832898811316,12.196154086385635,12.223641745509541,12.208249117408279,12.221892356872559,12.214555053368326
969,12.569082596368919,12.575893404407342,12.576368661029262,12.564099921602894,12.555671199480775,12.507928848266602,12.510182646247468
970,12.559948933008972,12.555757756050728,12.556881200296026,12.611772427880425,12.473608308396715,12.512187004089355,12.519185739823032
971,12.115087449023019,12.115537150664862,12.115024660348706,12.091358185022687,12.137322649976637,12.165660858154297,12.140611104596353
972,12.074646439604619,12.076933843878393,12.07653306112599,12.07768617347162,12.01027271520767,12.035412788391113,12.012316305742043
973,11.795790089203717,11.802568662620901,11.801855672822645,11.780158921592678,11.714541974433931,11.723896026611328,11.73133499001252
974,12.000254699888089,11.982206537170212,11.984609349691388,12.008716099630245,11.97037163576468,11.992863655090332,11.998139468372036
975,11.969871159011495,11.974189058783097,11.972753751051217,11.999064852047312,11.920244615297044,11.969038963317871,11.958067862691502
976,12.554378293720514,12.546871699233822,12.548115119437684,12.552097532848574,12.469490387531117,12.52735424041748,12.556693994169157
977,11.915193294946553,11.887040947806463,11.888900818642531,11.8438055209096,11.939555874287944,11.8739595413208,11.86188204567446
978,12.674168986145064,12.67784593576837,12.677939115308881,12.678706168956316,12.641264440902159,12.67264461517334,12.651563347364643
979,12.476748028487709,12.48400224191447,12.482374679489896,12.49793187333914,12.471156887886396,12.482840538024902,12.459583372670938
980,12.352960195482732,12.327428874599422,12.326661019579584,12.335450724972539,12.295897318790312,12.298792839050293,12.330947877742112
981,12.781732485808801,12.767940063724046,12.771042065909933,12.778103539926654,12.80923380759972,12.74278736114502,12.78315717449697
982,12.202674234266802,12.198971908756564,12.199132109653027,12.140313990896798,12.158489778247127,12.104395866394043,12.114580658434814
983,11.916523614499487,11.898917390200326,11.900945176801033,12.102270631160522,11.887805935128807,11.854721069335938,11.88831267706029
984,12.8698818699669,12.864754416058403,12.866060329128661,12.832727439983275,13.038416059030183,12.989354133605957,12.98185748839712
985,12.06111368940723,12.058776524371952,12.059708617403686,11.964122860247503,12.04931440294268,12.067626953125,12.1009648781501
986,11.954198838929273,11.937664510899829,11.937479947074547,12.101229046087022,11.960364691299104,11.959429740905762,11.939891612929918
987,12.453104687751358,12.477088374424103,12.4751433356893,12.1167946582951,12.18548860990114,12.197733879089355,12.191506190990026
988,11.887545964724476,11.892115818103472,11.891065951442991,11.897603065065159,11.862287028473862,11.866804122924805,11.909246455918234
989,13.141517251323663,13.145236075936591,13.145170651592448,12.54205631947889,12.6925364685398,12.676774024963379,12.716583911303552
990,12.455574578764612,12.46052570025371,12.460599985743402,12.422343087865283,12.42110203291848,12.461067199707031,12.426244699099428
991,11.96162227044435,11.956171314900356,11.956501508002292,11.942166021473367,11.926955158003917,11.955827713012695,11.964269605573204
992,12.121652020929213,12.126108177230597,12.127809312219256,12.195695629874358,12.108575891476672,12.100377082824707,12.148077992250094
993,12.387521876601772,12.38394986332807,12.384592951703477,12.31574894774492,12.359943525837728,12.36381721496582,12.365673983067879
994,11.885928485043845,11.898283468858969,11.896762013435387,12.027149088014653,11.900662243431224,11.854772567749023,11.889563068092526
995,12.843975281601525,12.842709476998568,12.843142962259545,12.864354154453135,12.847410944043185,12.86215591430664,12.914629558630388
996,11.931785256897806,11.928751288347843,11.92927173335044,11.93576255371046,11.971515463398118,11.959002494812012,12.006229514425767
997,12.465561578094395,12.466202582137951,12.467248000360248,12.431238098179644,12.440815747011742,12.443244934082031,12.431227691421105
998,11.984367115659103,11.975580228370227,11.976984385543023,11.981437585043446,11.983299139052706,11.996286392211914,11.994746466034291
999,11.778371380382643,11.783607912377779,11.782764497777077,11.755518935282861,11.791680886616062,11.760188102722168,11.774726964736713
1000,12.224369378114556,12.209225900800064,12.211109900140832,12.200426241281274,12.21762508687609,12.209999084472656,12.20924288883641
1001,12.34584452373442,12.344951721231203,12.34494380321649,12.295734178460817,12.281973613585691,12.308562278747559,12.318448147358325
1002,12.53721678810817,12.534033870299622,12.534952523579975,12.546988053581915,12.496610053925972,12.552489280700684,12.531403799168354
1003,12.569001309568977,12.577691572755816,12.577938431164242,12.567313168751863,12.584739854497686,12.585758209228516,12.661995175219356
1004,12.04683302351095,12.04430211861076,12.046351311412277,12.036646506569447,12.041814029351066,12.099479675292969,12.087099159908123
1005,11.904053588786645,11.911915299008424,11.90951535607032,12.10868777775331,11.967462171821612,11.90968132019043,11.923745285679294
1006,11.662640997118139,11.642693282381641,11.644490632872765,11.60385559088818,11.707885390789794,11.707413673400879,11.700377472367652
1007,11.831769358734165,11.828560963137447,11.829522490826461,11.811484216097005,11.806910212888639,11.875467300415039,11.822846142388784
1008,12.530227796106407,12.533266664851926,12.532925384308628,12.531261949099958,12.465182189135946,12.491021156311035,12.446719818974277
1009,11.876251422565923,11.878973356714706,11.877520184027654,12.261082752720323,11.864559966428674,11.915043830871582,11.848217135412591
1010,12.59679916673271,12.598923889260485,12.599479442587626,12.542117878057873,12.437360619215434,12.498120307922363,12.50343023386918
1011,11.629990318643568,11.630263626951459,11.629752278605826,11.594389997842276,11.564623624051105,11.534560203552246,11.55111541211254
1012,12.370756915924105,12.380044320751942,12.378803338047751,12.348327487161193,12.34967682636214,12.34088134765625,12.321276577071748
1013,11.908304898457649,11.909864233796512,11.909170833146788,11.972808183545602,11.985661795798633,11.968478202819824,11.978522182500067
1014,11.661740161683264,11.654656419465834,11.65595026008811,11.628712062609738,11.553390429394188,11.551958084106445,11.539239804417702
1015,12.166594637948407,12.158363960097915,12.158781382878812,12.290453811983054,12.130114641249124,12.103014945983887,12.111773818127066
1016,12.24528760454045,12.235885239136133,12.237533617409426,12.222699271827805,12.261073185974375,12.260148048400879,12.23628932862848
1017,12.390389201598353,12.384572918333836,12.385203825152136,12.363525428927993,12.348621184928524,12.351634979248047,12.325575337860887
1018,12.719837786814871,12.72165152569015,12.721488585170876,11.949038839540126,12.708071106237014,12.704623222351074,12.671746580965351
1019,12.131708885583318,12.122818713879179,12.124676748997457,12.205509769668176,12.086087491270979,12.107682228088379,12.079963219225228
1020,12.012681555663494,12.016051412207824,12.015006353861734,12.083013818576879,12.038310979689276,12.04011344909668,12.022281346663343
1021,11.647010770867789,11.628305750775636,11.629382524873526,11.736848235660572,11.643203893812577,11.566069602966309,11.514420119497299
1022,12.12985087333292,12.138073903714213,12.137412259900174,12.16188523482879,12.139921532777153,12.069585800170898,12.092303019293139
1023,12.650536075183387,12.646428736215842,12.646457623748963,12.651685861622123,12.626123607750293,12.674249649047852,12.698216538793343
1024,12.484708350746315,12.484805253774654,12.484604906962915,12.45746717564152,12.553306425565301,12.51481819152832,12.47869263026786
1025,12.039779525422965,12.04519816898229,12.045216958689782,12.046227788047847,12.179556417668506,12.140467643737793,12.176566080919367
1026,11.594712889956043,11.604803488084166,11.603540321641276,11.627948672194218,11.674170853928082,11.577025413513184,11.54098047319718
1027,12.600049261144038,12.578380819965728,12.580999074055914,12.545489194431308,12.596153029873026,12.57364273071289,12.56433376539801
1028,12.71226380316088,12.679788035503952,12.68584837037449,12.643083703398988,12.66205639696776,12.699073791503906,12.704226195455574
1029,12.44329009147027,12.453241759346627,12.453319774394524,12.446523672253837,12.403867983663606,12.393370628356934,12.420005142439745
1030,12.269202440583227,12.2600116320268,12.261023048226258,12.270764652634087,12.240702076718682,12.236092567443848,12.251601700443016
1031,12.233603830411829,12.218242063718293,12.219482376580116,12.21543925006586,12.23449607036846,12.20656967163086,12.25389415291408
1032,12.753323253121925,12.739862528239502,12.741602600042278,12.810788653496889,12.837961608956705,12.82078742980957,12.803736037499934
1033,12.73426912295742,12.730761217465636,12.731018566642092,12.758111324337072,12.791016921997443,12.790889739990234,12.846213922090053
1034,12.07957887937049,12.078832202684149,12.079639489871566,12.09507892867889,12.065023526461125,12.036162376403809,12.037518348235157
1035,11.695425429280144,11.704107518465854,11.703305308183308,11.581582741602165,11.569757403819265,11.58695125579834,11.586879808994118
1036,11.82004306974857,11.802678636172596,11.80195416198712,11.775262952947418,11.77491935019211,11.817514419555664,11.843603108025034
1037,12.376089580986978,12.383611541694687,12.382652834147645,12.39438924680522,12.427535532563699,12.418427467346191,12.435992806591758
1038,12.819601224795724,12.811129977979347,12.811744456187297,12.312259615978709,12.79824342239074,12.784623146057129,12.813339880809773
1039,12.00001209672313,11.999795161122039,12.0001733859667,12.01088414629957,12.010041751188817,12.006945610046387,12.022434738342861
1040,11.278604244915662,11.232080027733835,11.232432900151313,11.07783713955094,11.408347343751368,11.441512107849121,11.474977602522893
1041,12.275663539835088,12.27947390297559,12.278881419268616,12.297560178241813,12.285220328438804,12.25393009185791,12.245711467257417
1042,12.420133813716136,12.410400418337403,12.411235010029024,12.408562265179933,12.419865431396524,12.389449119567871,12.395434150943862
1043,11.913824658496829,11.899929940304087,11.901324881193347,11.939164107177216,11.888227805435001,11.852802276611328,11.914800915881955
1044,11.811111516356972,11.81474257041519,11.815038287247399,11.820824007527015,11.855397777064676,11.832385063171387,11.78148064225435
1045,12.494053199912486,12.497163854854259,12.497134786658417,12.53221356648086,12.50600596352486,12.492077827453613,12.439058230038983
1046,11.64134455201276,11.641547321721545,11.641466090634188,11.570330448623071,11.665593842065398,11.662849426269531,11.615681467570296
1047,12.275028653287826,12.269858555463106,12.270790669131497,12.246406087161429,12.342480045947335,12.282384872436523,12.260570263307859
1048,12.301817282877538,12.300045517576274,12.300543776362625,12.31221692455831,12.348458605213757,12.338722229003906,12.301216337303284
1049,11.997359877378795,11.992392485233179,11.991573909582351,12.132823000563516,11.936500507446814,11.97213077545166,11.964878568348096
1050,12.016233016919465,12.01191262449391,12.011985343812356,12.018986435619977,12.020904527203307,12.021371841430664,12.00898861935438
1051,11.887479432125922,11.870039924341052,11.872431219916173,11.859763934002148,11.850519850078493,11.853568077087402,11.881538723718545
1052,12.00278414918673,12.003853175313601,12.003968952589162,12.043452696154631,12.006978059965661,12.048710823059082,12.051974382459093
1053,11.827301427801705,11.846283702963907,11.84537455000989,12.003524090759392,11.798306348944879,11.858080863952637,11.843363602913946
1054,11.998296650500262,12.00179180042029,12.002886898917605,11.931053582854641,11.997961518897327,11.989614486694336,11.96358605652955
1055,11.459242572141624,11.463026942676677,11.463339286414831,11.561060056278762,11.49487645588074,11.46879768371582,11.472151781708636
1056,12.008411924372357,12.010897055241424,12.0104347214143,12.149013729562682,11.973086198182848,11.976037979125977,11.995646582471487
1057,12.33841786008385,12.332971259779553,12.33353718020961,12.856295615617682,12.344860434451542,12.354515075683594,12.392922016811907
1058,12.087101472508742,12.086987644138619,12.087056288866629,12.113303729665876,12.14469216144989,12.087480545043945,12.090354481720158
1059,12.602331637984676,12.600006847515182,12.60080392497384,12.639041763570017,12.494287408308955,12.580972671508789,12.584615784780762
1060,11.929218471692302,11.90599222771949,11.907085361578677,11.923287499488367,11.972867830064297,12.01972484588623,11.982136827520618
1061,12.776946752753304,12.772783382542805,12.770138962045474,12.77352410850391,12.687791489755677,12.80775260925293,12.71171165167698
1062,11.961983115960033,11.97687264144588,11.97322023937974,12.156374265280864,11.977895396213103,11.985394477844238,11.99042613232606
1063,12.93886187085253,12.934002450399573,12.936417796048737,12.948027807013919,12.981099949947797,12.981345176696777,12.979309565925764
1064,12.06119807560305,12.055817128929316,12.055723869930807,12.156055239123358,12.076879035035313,12.065811157226562,12.082208677733716
1065,12.989603216266186,12.986051658148178,12.985576466971082,13.03586422299097,13.126221511717967,13.046714782714844,12.958502880839417
1066,12.101188058572383,12.10913070296376,12.108232080379723,11.863527557531,12.111351694055749,12.097917556762695,12.137643897607264
1067,12.318284094620708,12.317070072165057,12.318045154244464,12.299496840480252,12.284296921868872,12.27363109588623,12.276078551506478
1068,12.221468626809223,12.224547236352672,12.224007522053421,12.199691859054939,12.205018821067075,12.232305526733398,12.254481302542338
1069,11.967695869882967,12.012112625758983,12.007906244222816,11.778465230517147,12.012480025899652,12.159945487976074,12.198299832497796
1070,12.541070435388862,12.538679335585524,12.53956095248168,12.5322756188085,12.546200748458915,12.487930297851562,12.49890318291141
1071,11.991786163884145,12.001516819302637,12.00005411684686,12.023443214135625,12.011483010991444,12.041535377502441,12.033286745808283
1072,12.451553383426027,12.443140500950738,12.443918224697054,12.439911638248365,12.469040915428302,12.42716121673584,12.410102989352119
1073,12.668808971985351,12.676849833319993,12.676431519233253,12.636497566368423,12.697184644033092,12.74433708190918,12.772963461029004
1074,12.12536072868852,12.127081643888948,12.127099383221237,12.135508422759463,12.09516123296997,12.107912063598633,12.107153076069837
1075,12.086693473129,12.087386341802699,12.087266051946742,12.037192785752575,12.089685032067349,12.059797286987305,12.059120047719865
1076,12.066920719691506,12.074382820713435,12.073980952583916,12.111068468599,12.057657661209431,12.101099014282227,12.054007700314209
1077,11.95819434580321,11.967729866031211,11.968029316515354,11.853516341360628,12.001435131434302,11.953878402709961,11.981355067042097
1078,12.317621359342402,12.318894065415904,12.318987425427036,12.313456129992202,12.254651383407918,12.263115882873535,12.26958560720032
1079,12.492462146011103,12.481222419387922,12.482459293441707,12.458917098169929,12.414863456322891,12.420422554016113,12.453226378520563
1080,12.06120517437585,12.052206084956294,12.052851934213036,12.065998064375934,12.01983471939262,12.02904987335205,12.02774970179905
1081,11.856806078101348,11.859472138852727,11.858197876795204,11.905312645834936,11.917848493932528,11.924428939819336,11.878122838139605
1082,11.855994631794601,11.865420972141832,11.863892620581867,11.95955847376063,11.885107213557701,11.879859924316406,11.905902161899688
1083,12.61926902776398,12.611511582104187,12.612231296376484,12.84326307914616,12.646648101252863,12.669957160949707,12.626353968032852
1084,12.060831291632669,12.08119151164172,12.077699849781732,12.02682590003656,12.047109835041573,12.01176929473877,12.032004991892292
1085,11.69204467898236,11.68873984762966,11.688502847885838,11.756291335013824,11.688157706143604,11.686910629272461,11.658882560217815
1086,11.758472803132388,11.764484186500258,11.762796392165374,11.759506377818596,11.844316587819872,11.803377151489258,11.83601012179777
1087,12.158313414749795,12.180754165371255,12.17841574471291,12.249983254387836,12.263806703206248,12.113916397094727,12.216235925789901
1088,11.968263781365382,11.977887201414456,11.97578724433407,11.939356919962721,11.950747601506873,11.955086708068848,11.927760219817129
1089,11.942491565757175,11.951780147207948,11.951567966925765,11.899005426060864,11.921469612298916,11.946273803710938,11.923382242279834
1090,12.237435740902834,12.237032897341884,12.238150037736629,12.277468804102309,12.22215270107341,12.249953269958496,12.205175639631031
1091,12.287078972113138,12.28514362685683,12.286120355573425,12.28408835553262,12.282910855920115,12.266473770141602,12.234264191837402
1092,12.060222675613714,12.044168714057431,12.046484653772072,12.126157856725287,12.085830782037757,12.078323364257812,12.081550357552901
1093,11.878205960547957,11.882392948131987,11.882710877518585,11.78009270447654,11.820865313172074,11.84343433380127,11.857719308768125
1094,12.14166928370684,12.141615881645809,12.14259449750538,12.190020713390767,12.131300151392706,12.122483253479004,12.138311160782129
1095,11.790595477394097,11.797120948942664,11.796590314395582,11.779072359133902,11.694131125504445,11.707056045532227,11.712064278590654
1096,12.071274639121231,12.052334773593236,12.054639376692485,12.119240068966176,12.057618083529317,12.053937911987305,12.050275711829894
1097,13.093714505910599,13.101441036966719,13.10071903006552,12.085119573948196,13.000694248864662,12.98250675201416,13.009032826839519
1098,12.118791563484875,12.125033074538305,12.124976212294657,12.134302562810927,12.1789378491356,12.149237632751465,12.18284631970668
1099,12.558768856519148,12.555067402278983,12.555473757912374,12.601691558467586,12.704234472795818,12.693044662475586,12.70152112513614
1100,13.314803941544785,13.299391618455186,13.30038811719166,13.297990689488337,13.319949929463217,13.216556549072266,13.177492166406862
1101,11.95472571849592,11.97233336060224,11.97280197082364,11.934992045412567,12.013834174102024,12.016898155212402,12.052955795518628
1102,12.046618491884066,12.051432188853797,12.051126023968198,12.071164445218376,12.188724056308727,12.169954299926758,12.168750312779435
1103,12.35906843732636,12.355740484425162,12.355858203754012,12.29950059256701,12.266632985976347,12.303213119506836,12.298631069580788
1104,11.73130606932014,11.735377768619214,11.735675602583408,11.76090973908725,11.742976458763462,11.764812469482422,11.758262866324644
1105,12.791315514371611,12.780770416119307,12.782484168482048,12.864837194205283,12.807862769312322,12.767438888549805,12.793334633402322
1106,12.625950936365362,12.608510881488456,12.613405000748664,12.61255906181475,12.569526700179331,12.566947937011719,12.590695076983286
1107,12.232342932198815,12.227300540557296,12.228441758605372,12.24583825625473,12.245429150738282,12.235859870910645,12.232368837309892
1108,11.872099604695931,11.880541127569932,11.879259265060304,11.884954525370334,11.992897250966942,11.97008228302002,11.98500704735978
1109,11.850069822121613,11.921277256430738,11.907074566891719,12.107971451471085,11.99104019755833,12.000070571899414,11.971985947933971
1110,12.366225556980226,12.357388880172898,12.358409809288556,12.344134452804894,12.317827563127707,12.327669143676758,12.319594445249109
1111,11.959642212840704,11.96013911642628,11.959704163955818,12.11176155663672,12.041215466333767,12.013632774353027,12.00612756167855
1112,11.814129750791688,11.82915798617422,11.827383982771089,11.821109484950611,11.864188114735121,11.872894287109375,11.882507098220968
1113,12.344946226930455,12.338498475006906,12.339190750330328,12.357068220161532,12.34380358482172,12.338834762573242,12.346554095744354
1114,11.597505730363968,11.595638166284871,11.593420605302269,11.918145430337631,11.653632791242801,11.616799354553223,11.617403669184936
1115,12.30966750344836,12.30234457375651,12.303123054682008,12.246343884140682,12.237154976939822,12.22834587097168,12.229607278348263
1116,12.147455642152577,12.14078951074853,12.141264192306041,12.180563831032401,12.141011817533803,12.12785816192627,12.128447896173475
1117,11.903902731889941,11.90785697536489,11.907212184214503,12.0247867367688,11.911207796481591,11.929319381713867,11.942222748075848
1118,11.88856300241895,11.888341964366324,11.888684506273929,12.110183700897887,11.9331902010421,11.947064399719238,11.925265691939497
1119,11.977129278774227,11.977996807336732,11.977341754027155,12.032526830282135,12.001131718956877,12.03404426574707,11.974049580175208
1120,12.205400242199442,12.169132567812586,12.171862358487097,12.400595716411493,12.069258064269457,12.072476387023926,12.05563618328375
1121,12.226189501898206,12.220635486512029,12.222104025357739,12.236858530121129,12.188504200744173,12.217822074890137,12.201493995596318
1122,11.736434049768704,11.735189184940271,11.735206708348896,11.72713867760762,11.705960040210993,11.714858055114746,11.684129167155334
1123,12.684588750364874,12.684986582504203,12.685767280492392,12.67508077868484,12.692501037933832,12.68828010559082,12.69705774158036
1124,11.775364756565528,11.779047862339276,11.778339383247928,12.162141259282281,11.85429623010536,11.792956352233887,11.809174868533942
1125,12.021269832320698,12.029205307278616,12.025727659982442,12.040020423580792,12.057793146676884,12.041519165039062,12.019571018534899
1126,11.895372129994868,11.90162856661646,11.90060612813476,11.961072159895073,11.800497003426571,11.880730628967285,11.88863840088082
1127,12.371381573039198,12.36845512625666,12.368483148986241,12.397857173103933,12.415992397880343,12.361677169799805,12.364818458412703
1128,12.40594003973349,12.398350790999215,12.39969082877821,12.383930237053526,12.388793766889714,12.385520935058594,12.378749226491314
1129,11.66081001727875,11.663501489739188,11.662299014934451,11.638113527921089,11.575679948300728,11.581578254699707,11.571290794661618
1130,11.99929761275373,12.00535482429756,12.004495125277945,12.082776209143107,12.036537408389242,11.995142936706543,12.021749190057498
1131,12.220440946632486,12.213798374451725,12.214924424209386,12.308362078637158,12.225065917536824,12.164619445800781,12.159653716485057
1132,11.936186789374766,11.933861898741796,11.93719523710341,11.893786424879867,12.049606854663082,11.968754768371582,11.970720814185388
1133,12.006371381526838,11.993228627240827,11.994301102412571,12.122718453170691,12.0272494795037,12.009133338928223,12.00794319077958
1134,11.67987835580897,11.652888872187614,11.653671340763118,12.173841804484228,11.719706352439063,11.681464195251465,11.666965697761615
1135,12.030104341347986,12.033418225184343,12.033506774731963,12.021975477520224,12.052923326678837,12.031559944152832,12.049044794824
1136,12.743497424671578,12.743637905121876,12.743386163497522,12.3751039689744,12.75301764616791,12.786149024963379,12.829644993139187
1137,12.156324961277129,12.165818803352622,12.165530050017697,12.156842931310553,12.191740748911567,12.206151008605957,12.168866646549024
1138,11.931021052192404,11.93813777132188,11.937688824813128,11.979036625506431,12.024171063491103,12.043426513671875,12.035337295604693
1139,12.16969478008944,12.167401061610942,12.167623468099688,12.165605523749937,12.147460645071384,12.142093658447266,12.129318656009723
1140,11.896682958934866,11.902661756183916,11.90137296197151,11.94195807079786,11.902389806550937,11.911683082580566,11.90954767025217
1141,11.796712436618309,11.787526142861973,11.787639199542468,11.673515575948997,11.66726089680046,11.748857498168945,11.695248142001855
1142,11.818180911102168,11.818490484606526,11.818188647669984,11.753493028316175,11.88275342267916,11.880369186401367,11.88225449807031
1143,12.245573145894628,12.235758780303332,12.236755922433924,12.317066866498212,12.20143792329068,12.188899040222168,12.181618500083612
1144,12.275335061660943,12.269861373585028,12.270309109502993,12.295449436192564,12.248873658300672,12.271709442138672,12.290707563949185
1145,12.027220530228028,12.037384471215058,12.03732606856074,12.017638690222583,12.01165908761322,12.020419120788574,11.984189191205742
1146,11.979157296561928,11.978268500414401,11.977956000902708,11.964303430582719,11.998318926593367,11.989786148071289,11.985264705638034
1147,11.924948762947066,11.916088997605225,11.918715521234597,11.909919855603976,11.929116328052704,11.962333679199219,11.960083451159745
1148,12.608131678324252,12.602439936754791,12.603024555454303,12.567101217510523,12.617902005195317,12.608892440795898,12.579115398879274
1149,12.093517276950518,12.089335645952108,12.090217155523051,12.111324882130091,12.134302183436832,12.078211784362793,12.082340441138971
1150,12.02910537933768,12.034649864230888,12.034039257097298,12.057724268556107,12.04586851624965,12.032739639282227,12.035099239546618
1151,11.990416026856005,11.973599966711571,11.977985736448657,12.021463108374823,11.931934640939119,11.928348541259766,11.947185850171378
1152,12.308784824448447,12.297088453519036,12.298361532723016,12.089209376408746,12.14576183424554,12.212504386901855,12.214231405629654
1153,12.273293553196224,12.301535941945746,12.300314021363356,12.18945060800213,12.317870721467944,12.348349571228027,12.351596227319252
1154,12.818286443263174,12.810256963468715,12.810660555553694,12.822337406284941,12.82555486176054,12.850579261779785,12.824580232580935
1155,12.044186060230402,12.046187755961515,12.045203462610797,12.0320915968788,12.06720165052138,12.074191093444824,12.098256326023112
1156,12.171491628986569,12.170352895945022,12.168949115266942,12.113949598343963,12.19149424404865,12.173002243041992,12.201691152009941
1157,12.868844241897417,12.869093909611497,12.869144324871174,12.836007571213063,12.798629244280306,12.831769943237305,12.85880017214719
1158,11.96844169212441,11.960825247852444,11.960591382620382,11.95857883465826,11.983539883047264,11.991046905517578,12.002312328670616
1159,11.98315735628266,11.994453778896924,11.993753179654947,12.073164025823692,11.983668448875111,12.00640869140625,11.97502709962448
1160,11.743092416447912,11.738781242427422,11.738857713831846,11.84614212790861,11.690075181089334,11.729143142700195,11.684490759367533
1161,11.364002307643034,11.36879589061122,11.367007888977675,11.385866175527807,11.29737380948448,11.319985389709473,11.33687982049729
1162,12.311041896742447,12.310743299226395,12.311657918475037,12.30762083937632,12.24999733972136,12.270088195800781,12.269020730270661
1163,11.337089989565731,11.332124339243313,11.331129880821765,11.530376954428325,11.297606834559254,11.353925704956055,11.413595556226413
1164,12.357282298613162,12.351216148921669,12.351898286307819,12.325653898289321,12.309681991025641,12.30173397064209,12.328317446621329
1165,12.036815839063049,12.044685786450621,12.044794142813014,12.03855046515703,12.051968242810478,12.034912109375,12.038206622007305
1166,12.299183253220868,12.291877432499321,12.29252635805474,12.256744526959057,12.293237571880656,12.301874160766602,12.304850323227106
1167,12.053345751770692,12.045823499711108,12.045389202034952,12.036127135801916,12.08075400324538,12.079229354858398,12.064352906175877
1168,12.516810425118255,12.519040326368197,12.519640243390004,12.50139213816623,12.520677669308034,12.490511894226074,12.487585509109712
1169,11.869482350087308,11.867481699708563,11.867446928074923,11.886263650583668,11.894117973797744,11.900919914245605,11.918836584658443
1170,12.835165010839015,12.839501900472523,12.839906149511522,12.862119820275268,12.765183926641127,12.855273246765137,12.919439984407871
1171,11.845351168856967,11.859652165690736,11.858175366329125,11.886488529026202,11.908373241241641,11.926440238952637,11.890589412982996
1172,11.726828914022658,11.720596689562685,11.720711577822499,11.712475591250879,11.810540756163068,11.718759536743164,11.731311811001776
1173,11.925516091268968,11.924929130710748,11.925001724279495,11.837701101323905,11.94632851910068,12.026756286621094,12.03165892521797
1174,13.197247167166543,13.183150072005361,13.183457088449815,13.155694506984196,13.203818673573469,13.17618179321289,13.150304415568284
1175,12.098493780702817,12.088412040081945,12.091126365394464,12.086426561717847,12.193798136507684,12.196162223815918,12.166830167277256
1176,12.010982789436508,12.02824929185043,12.02412321733788,11.82773963392634,12.039953070017946,12.028703689575195,12.029123943961359
1177,12.373645297786599,12.375455318974081,12.37526312749539,12.348878387823682,12.381019008203594,12.350899696350098,12.400008353413796
1178,12.28033856936875,12.280091249635502,12.280092726223222,12.2437515445025,12.246488306598938,12.212299346923828,12.244394396678679
1179,12.050811510219903,12.059431240717656,12.054989351148185,12.057848127267329,12.073999349540692,12.0822114944458,12.054044159887166
1180,11.989238164513722,11.9937057726228,11.993721283502778,11.84330605971451,11.994879586618502,12.011245727539062,12.027535125818918
1181,12.64248957159321,12.638595000389367,12.638905341064229,12.65792513946927,12.571824265364262,12.576671600341797,12.570456079345393
1182,12.252059723008877,12.250066831257326,12.250127178537618,12.179930262531238,12.295745400674383,12.23314380645752,12.268876864597196
1183,12.413303617226669,12.403721423985193,12.40488116240315,12.405653250152874,12.370601046699187,12.356986999511719,12.348175190063362
1184,12.032597135496717,12.03764840495796,12.037270833731148,12.068954833521252,12.048164905924835,12.037330627441406,12.039493499907074
1185,12.274406076684398,12.28420412315941,12.283483935659604,12.223010754225319,12.230563904773783,12.216435432434082,12.23441663151167
1186,12.021040159542432,12.012573824069177,12.013014229101369,12.095250492367597,12.018171789627594,12.023221969604492,12.059397415661438
1187,11.78152597347227,11.76001164970075,11.76151586865844,11.75502122554127,11.723079400454274,11.742849349975586,11.718881955733876
1188,12.060683257786978,12.048383826659975,12.047894469000214,12.077682960274329,12.180689315486697,12.170133590698242,12.210780506986646
1189,12.219628484601696,12.21763594471908,12.218243652285668,12.224269082201522,12.22324299125866,12.235811233520508,12.229608702633433
1190,12.415272535349414,12.413566323789937,12.414369343649916,12.440919645963875,12.50530716919737,12.458159446716309,12.439396709943976
1191,11.96173190011465,11.962963657011105,11.96193615552714,11.981850666055148,11.955759439367226,11.974695205688477,11.992254519821875
1192,12.202435225824178,12.19167072315937,12.192132590305604,12.197630496483685,12.196103778948176,12.217284202575684,12.213052018905367
1193,12.781835377632369,12.776882990491558,12.777355846703157,12.7942002091492,12.7968997514246,12.778599739074707,12.817708886168742
1194,12.068582749258876,12.060737476626862,12.06090208666684,12.089413121305327,12.138041421209499,12.164838790893555,12.117467542272019
1195,12.815690258990525,12.817240193374706,12.81773310436248,12.822758074023614,12.842924045154321,12.808043479919434,12.802368573713494
1196,12.304405706179834,12.28807521064989,12.289501848780763,12.316871001461866,12.318965749691749,12.282760620117188,12.295091534632586
1197,11.88457844026579,11.885476287821856,11.885171089992767,11.787714541189528,11.944794501152064,11.937374114990234,11.931052768276759
1198,12.576700661268234,12.588384501703754,12.585968437273342,12.312269356848715,12.681600783655956,12.674338340759277,12.621879892567993
1199,12.010644477622902,11.990645863949158,11.99576879565942,11.615811168522624,11.956576485538399,11.941462516784668,11.967425425480824
1200,11.644124546940084,11.659314477057354,11.656631655762267,11.743789102525408,11.792940006027026,11.862359046936035,11.772633636623926
1201,12.460630770935593,12.453241574386123,12.455470032116267,12.459783429426242,12.395795560496827,12.401812553405762,12.401218167758493
1202,11.907779516434607,11.913111775924904,11.912403107610453,11.930467381834566,11.966684945747062,11.939360618591309,11.928418145062698
1203,12.19901209487866,12.210975028060517,12.209989446937803,12.169997444507342,12.301958009716142,12.417835235595703,12.406602955246644
1204,12.318815573000808,12.316389504067082,12.317300624862018,12.34622490497976,12.339321754659439,12.344268798828125,12.356350131110247
1205,12.483180266036165,12.48287505382758,12.483281750140248,12.46980135363946,12.44973905054498,12.481036186218262,12.460496877012114
1206,11.90087305158611,11.907052169132516,11.906002627650246,11.908773387820165,11.952581835749005,11.94484806060791,11.960760733945325
1207,11.977030452450004,11.974749320332938,11.975119371659341,12.012176245067248,11.975982470172116,11.997647285461426,12.013481091689105
1208,12.573927201832413,12.587141146594705,12.585821087879609,12.156572281200642,12.580756476926185,12.57813835144043,12.541949579859889
1209,12.64611022203993,12.637383158256243,12.637992209060304,12.656240622084956,12.755974529842009,12.66344165802002,12.667757553114656
1210,12.113924600973853,12.103206734220715,12.104335257705474,12.104496021399019,12.129741069354711,12.113901138305664,12.115336552009953
1211,11.865150827299392,11.85981781049721,11.859311374871698,12.009143667804764,11.892401896549902,11.860815048217773,11.876050768132522
1212,12.165689794214837,12.164330288863615,12.164490692940428,12.16769990862295,12.19490960206164,12.190984725952148,12.24203682267294
1213,11.817446724975726,11.808641416962361,11.80923384412885,11.803897632324258,11.811453844746147,11.835321426391602,11.83876969747711
1214,11.837590124373735,11.84979882015212,11.848932906795076,11.892518284386654,11.87399390943245,11.867898941040039,11.86004976972068
1215,11.820488446768008,11.82860361854192,11.828058285578608,11.998245383814266,11.835299264890912,11.82677173614502,11.79231203296342
1216,12.664858620376476,12.65490522631609,12.65572286115005,12.684269728630873,12.700413482716547,12.634939193725586,12.729278598697233
1217,12.032459946334608,12.036412344794241,12.0358184352884,12.041954861950716,12.045674943232276,12.049081802368164,11.999294916710596
1218,11.905197561123613,11.892258481407099,11.895152285392996,11.917538887087956,11.845026777327794,11.88138484954834,11.851468327725215
1219,11.749443910699105,11.750205173353518,11.749346846014342,11.727953769486302,11.698747370237598,11.64745807647705,11.657879082317692
1220,12.158190602830414,12.150917183193032,12.151291448868099,12.149158692323835,12.111762501841643,12.132501602172852,12.136246515297907
1221,11.86579660734709,11.877633389325359,11.876687247351015,11.895282263636478,11.890271607802628,11.899999618530273,11.897183880243889
1222,12.251313820899556,12.241229352984867,12.24233428144575,12.235609456903184,12.231383874754929,12.21653938293457,12.235525765373959
1223,12.494408396136373,12.489131372671174,12.490156998940261,12.229747123887714,12.50396889595345,12.438063621520996,12.437853102462434
1224,12.810161755535349,12.8146868888742,12.81459394517579,12.789833738815581,12.819469536849656,12.80508804321289,12.833102398887348
1225,11.419823185848994,11.398445557066823,11.400259247786513,11.506572347919462,11.35596132469731,11.298194885253906,11.386789429464482
1226,12.273914069173163,12.275387855135959,12.274760898405916,12.303599313145515,12.225919006773184,12.201094627380371,12.221537801292529
1228,12.022226205825495,11.987127956472872,11.99093379492844,11.949106847123508,12.030415391243816,12.009882926940918,11.99822884043219
1229,11.568279115436068,11.570514133033996,11.569503004357081,11.691276996072826,11.49771910335138,11.39601993560791,11.435942596560878
1230,12.145178358795157,12.140301370870892,12.14108749878779,12.180009716442836,12.184435372586012,12.176324844360352,12.213949503016327
1231,12.030206213528695,12.026076860576515,12.026015405319765,12.164659541160399,12.060043920053166,12.016828536987305,12.061414715580547
1232,12.177539568977284,12.175147078210903,12.174890476179955,12.20279980937887,12.248834982069027,12.232340812683105,12.237941561756367
1233,11.99919921932759,11.986513548640126,11.986460706775791,11.9489540183253,12.089820355869685,12.036779403686523,12.036789106472623
1234,11.678317486378658,11.708252607237478,11.706903431553023,11.751612153950438,11.72364434474139,11.64363956451416,11.680443033483936
1235,11.789435451119552,11.789423179659515,11.788753058389334,11.818863238136213,11.851945641163585,11.844141006469727,11.772531900615752
1236,12.494828096231293,12.499782051047207,12.499316646066452,12.495165529635036,12.474990822630525,12.471769332885742,12.428256362385905
1237,12.200706706090452,12.207768537673413,12.206908812819394,12.184716264985871,12.224005478161464,12.213435173034668,12.208120342180724
1238,13.192794859610029,13.192365904428906,13.192200902806956,12.52208415390562,12.891966156600773,12.827509880065918,12.835254993655195
1239,12.402334702094631,12.40181740365282,12.402499160855417,12.384246829153668,12.254683204415919,12.230142593383789,12.300112650295551
1240,11.872521284953425,11.878948102289542,11.878336835984392,12.031396576236034,11.821021098840824,11.885274887084961,11.845488972582885
1241,12.285950686169294,12.273237912790595,12.275085291362076,12.227528596782186,12.197558921502448,12.221824645996094,12.222657596357283
1242,12.500955791554114,12.504350956813182,12.504467149317918,12.55279389949958,12.546391750931603,12.52559757232666,12.541868733218262
1243,12.121913449361156,12.11850725328447,12.118354102815584,12.128218078225595,12.142174436745739,12.080004692077637,12.071540815405298
1244,11.991708648860756,11.999599069691099,11.998858792612713,11.987209983063702,12.066003786712594,12.052680015563965,12.061517800373819
1245,12.085181449035643,12.098738115641167,12.099088489321113,12.069562620287765,12.11610417452546,12.135197639465332,12.145420701607156
1246,12.19485034779805,12.197508698955566,12.197509794652506,12.240464737620261,12.165196671972243,12.185176849365234,12.17671972950189
1247,12.53544646722883,12.541795779776345,12.54174201921513,12.521012153387508,12.538982973534365,12.500919342041016,12.497377649562077
1248,12.625651433074042,12.623523368663067,12.62422548881882,12.637031666581631,12.677067650838959,12.637578964233398,12.607677628410464
1249,11.923546621649047,11.914977458722175,11.915884248980078,11.964788077982949,11.975614864435622,11.943092346191406,11.92836644706699
1250,12.302299155328638,12.282956327655425,12.284143493246415,12.30764665814307,12.373351731108837,12.31085205078125,12.312967556785795
1251,11.816949808536286,11.792144677255367,11.795496830041477,11.760846087042843,11.753629637029077,11.754417419433594,11.757237742285588
1252,12.12173672391266,12.118465748114167,12.118270853112648,12.074400048118184,12.232416999721897,12.213059425354004,12.242648695305853
1253,12.082705161363421,12.086637623308821,12.08682960687643,12.100258931469815,12.03826311435779,12.123520851135254,12.073008700307943
1254,12.051906239723472,12.056991995284042,12.055831441837096,12.04546623769789,12.037331163427243,12.05479621887207,12.036734284734912
1255,12.726217195980446,12.737541487389507,12.734409278639456,12.718197836900337,12.650103210610025,12.684574127197266,12.704087872898308
1256,12.60907777146612,12.594713102975032,12.59721988307779,12.6132275018749,12.633964210392563,12.605409622192383,12.601914856597087
1257,12.289127998107382,12.287515979818547,12.286325837450411,12.127407810007346,12.222172283640825,12.175487518310547,12.150150740907426
1258,12.449746876056597,12.446192187054704,12.446589083595256,12.465714872677449,12.496279214796122,12.406193733215332,12.448969655104081
1259,12.673529668716006,12.652184974293496,12.654701707027964,12.668602284277906,12.764875648508399,12.760705947875977,12.773451990407516
1260,11.836547595980045,11.807065581863156,11.812799844982214,11.733006014321296,11.839759435330027,11.74732494354248,11.769988839631653
1261,11.842239155118072,11.839757768496215,11.83938294344554,11.880579855405694,11.911845949538636,11.972508430480957,11.924576526704302
1262,13.463594083259569,13.455457570371385,13.45550511986287,12.112436699096056,13.275780152206385,13.216313362121582,13.149434054424114
1263,12.402433784220277,12.395901870219848,12.396713935515647,12.4100118322541,12.536635369607419,12.488221168518066,12.499713949489173
1264,11.954776190152588,11.958225935149557,11.958532303726404,11.978030268938157,11.988405589077468,11.99057674407959,12.04032875472369
1265,11.815273634869623,11.808148356414097,11.80882197872254,11.919386493750212,11.826480827587648,11.877766609191895,11.8798908206953
1266,12.373229423601087,12.32949351968415,12.335776434200273,12.29997714793963,12.341427903503687,12.376304626464844,12.417510796513717
1267,11.818589098709312,11.797440859344716,11.799752070278014,11.802711098928782,11.795363774094907,11.785558700561523,11.788079457211731
1268,12.481994970721722,12.47501033420347,12.47623812239585,12.475338827962268,12.512215791406044,12.500685691833496,12.525489540519734
1269,12.178662923003898,12.17819464132945,12.17827596845479,12.183750398021948,12.209625928330487,12.207980155944824,12.230825896454922
1270,11.979309667105506,11.9822628572419,11.981968645904455,11.999863727300008,12.019931334241146,11.988224029541016,12.006355962144442
1271,12.077705450167548,12.085555101923191,12.084322687988092,12.071989821865273,12.033625607203513,12.097200393676758,12.07619306459838
1272,12.331766019031738,12.341360852246027,12.3410323082894,12.215515202153702,12.350062378780976,12.326485633850098,12.303186111544601
1273,12.50041973140034,12.497733653529199,12.498374274089842,12.503935448806292,12.512058245525228,12.483720779418945,12.496991571334023
1274,11.94192035341172,11.946042683407322,11.945339376407732,11.940369527323217,11.992371657079378,12.000653266906738,11.991500076955338
1275,11.784582211840862,11.797595886082904,11.796610617237716,11.779031174838472,11.822954944668972,11.880245208740234,11.881407244653214
1276,12.249992742029086,12.241076247916629,12.241527280950807,12.230395754149782,12.240086367122768,12.245874404907227,12.252089859600446
1277,12.561086911410463,12.557573019971201,12.5582217439162,12.542979116584988,12.528184946205181,12.539556503295898,12.54451294110329
1278,11.422017937479668,11.432863510927,11.431857769308518,11.397385412113206,11.3656690264626,11.364266395568848,11.418945996557156
1279,12.120374672335966,12.117391751128809,12.117761661987563,12.051374136743046,12.034371345422446,12.056200981140137,12.091946595742435
1280,12.310408283619402,12.306068033913219,12.306681407915177,12.322879660917078,12.335279285266525,12.308366775512695,12.299430447062198
1281,12.081325886797412,12.095764512060677,12.094162532928657,12.674595655727098,12.006884052925804,12.039152145385742,12.04493321220127
1282,11.626819583956571,11.654286224659463,11.652437104536606,11.847859133530562,11.67866514903653,11.686588287353516,11.669507675579215
1283,11.473062267736157,11.505175923609114,11.497942609240525,11.608559574359605,11.590774845941947,11.574051856994629,11.633411780494631
1284,12.38827067468249,12.382112046192848,12.383192455271624,12.358841738850954,12.340014650592652,12.359807014465332,12.348086900652302
1285,13.013458929937437,13.007487278603138,13.00695055129142,12.85041783846507,13.108641014655435,13.056010246276855,13.08225175414541
1286,12.298348863843023,12.285727879776864,12.2870438274748,12.274004177523775,12.2667586370217,12.261090278625488,12.260086561781986
1287,12.223346753741401,12.226104498529363,12.225228672071351,12.188612419876312,12.177646308401325,12.19140625,12.197676485108476
1288,12.31405451186879,12.304655392424808,12.30605906229966,12.291480730746022,12.367654100017758,12.345888137817383,12.331134097538277
1289,11.891095947043805,11.889739708805834,11.889816822656893,12.142149420884117,11.876182874783321,11.97641372680664,11.958402503027061
1290,11.307021636421,11.341574297016834,11.339574371678928,11.455553040365327,11.403152869420408,11.401884078979492,11.448176667779954
1291,12.22224786606167,12.21114738367561,12.2124866096432,12.179071248211912,12.190564635984686,12.216794967651367,12.177874041983623
1292,12.123300337672024,12.131167148014498,12.130042002758314,12.23262992697675,12.147921237055673,12.11170768737793,12.162636317745285
1293,11.877755224767895,11.883875777471859,11.88300469355433,11.886872578080405,11.921194564954483,11.896903038024902,11.875828385254596
1294,12.31084408462391,12.309881268043966,12.309962692310643,12.269088403355964,12.224985502218308,12.227249145507812,12.247901677157023
1295,11.59419822279019,11.623333011626908,11.617290453703257,11.446175353825229,11.56112389550038,11.491332054138184,11.494140613320365
1296,12.899393559515575,12.901369079529557,12.901392076730376,12.915087333951467,12.932157061320076,12.982101440429688,12.991240507942429
1297,12.28893566785951,12.28386157464976,12.284504396803445,12.251620572994046,12.218118247131587,12.232258796691895,12.219034163654394
1298,11.695045798177924,11.710168825612815,11.70969576876756,11.980287960057822,11.596997659140467,11.646978378295898,11.618220574797524
1299,12.528722513770525,12.5258427162292,12.52656416612043,12.527193764669729,12.502393939203472,12.498397827148438,12.54176976909621
1300,12.520987765799891,12.521451235118453,12.520961140697226,12.539803297585525,12.507630195143346,12.514326095581055,12.53138658751104
1301,11.902286114737285,11.904643089072422,11.9040558971333,11.920751085448353,11.94613923960548,11.930578231811523,11.969252249290372
1302,11.921450921146084,11.919728165257705,11.91871949832932,12.03510269202446,11.90504433628089,11.930163383483887,11.898036069059472
1303,11.874861271955618,11.871482291519655,11.87153360303409,11.896539907923945,11.8916318278081,11.886675834655762,11.84594554952983
1304,11.786357879054847,11.789066251128197,11.788059892829834,11.791810090491426,11.70585522546461,11.704360008239746,11.68373262028832
1305,12.015317369993513,12.001438000790406,12.001633180354709,12.037779782842318,12.065242444474407,12.047239303588867,12.061919413085397
1306,11.84088482866201,11.847049049880448,11.846470225083936,11.861201480286296,11.803344412639554,11.813847541809082,11.786642130450616
1307,12.556636055164507,12.571246365328186,12.569485119583785,12.551867642185005,12.62332402888211,12.535104751586914,12.533997730905485
1308,11.686333265559075,11.707948647870257,11.705451583494717,11.748202672742433,11.800318405155531,11.820025444030762,11.846362477983645
1309,12.1948240798194,12.19482308268518,12.19547570472103,12.31536042295712,12.162414608543735,12.113398551940918,12.150516546947545
1310,12.368111552687731,12.342750394265853,12.347029945107634,12.101044610201589,12.40774236471769,12.346750259399414,12.318061880517021
1311,12.890369054756997,12.888773669512707,12.88749236108727,12.741534290070518,12.819547758021416,12.860836029052734,12.883695326827485
1312,11.922576125921363,11.908146131219093,11.909983271815216,11.923887087181813,11.899364761977477,11.884410858154297,11.89579381143381
1313,12.119306998433649,12.118210808765422,12.118255181722477,12.12067361913887,12.098979405819643,12.135841369628906,12.143413661638805
1314,12.410626560620734,12.412528353927062,12.413127362408012,12.415269128077133,12.39134671133498,12.403192520141602,12.347274244732093
1315,11.646349290593657,11.668141767532624,11.666080168638912,11.824321078280299,11.705934815452286,11.809099197387695,11.857253962274479
1316,12.120007459001107,12.110263387773534,12.111110039043526,12.12218254387683,12.103302591100995,12.151262283325195,12.130073102332327
1317,12.698989467421358,12.710874028618719,12.707552956424411,12.715397325921527,12.610996417032217,12.645268440246582,12.648884037075323
1318,11.938645347919548,11.949375983850803,11.946988662902324,12.123382786063434,11.97196923989758,11.96916675567627,11.956022954280892
1319,12.097890755831783,12.105180099465619,12.10459469168398,12.16397104354583,12.158812259529435,12.132981300354004,12.159510484266393
1320,11.952586866354313,11.952922410548892,11.952578122431094,11.960702296917926,11.963778290826701,11.977761268615723,11.978574092931128
1321,12.39152409998577,12.38982663623335,12.389285541181152,12.192445371469,12.454047215127543,12.418689727783203,12.411641890616293
1322,12.146117878491541,12.14956699489754,12.149535692469488,12.046411511710579,12.086376208050355,12.096961975097656,12.129050040459564
1323,11.8882443889157,11.877878317561017,11.87771327379596,11.832188159981017,11.899340371136457,11.917187690734863,11.845503661846168
1324,12.331556488992371,12.330372772122926,12.330333278369,12.313367010200293,12.307594641489844,12.331151962280273,12.298852226742984
1325,11.838675397965092,11.849543164134813,11.848774615621384,11.820386959839283,11.756734746192455,11.77174186706543,11.813244531854066
1326,12.466245355201792,12.464795479851373,12.465004584582603,12.438800510401379,12.456274117145949,12.444798469543457,12.452424036744786
1327,12.306669106450085,12.321421407499809,12.320443614336156,12.312277878792422,12.335453494759232,12.336304664611816,12.344837573832162
1328,12.450886669255928,12.455856785899094,12.454940234920928,12.431981414855155,12.51358213444139,12.536619186401367,12.534008628159237
1329,11.850997637379907,11.8298632421546,11.832739937709242,11.867103096508357,11.853966801633497,11.878445625305176,11.86891120154146
1330,12.091941502503172,12.089290410247846,12.089448454676134,12.043408845938902,12.06009930365121,12.058480262756348,12.07224210709645
1331,12.458999067832593,12.440972433885136,12.443538337559312,12.539206432703775,12.443597156951972,12.448100090026855,12.452366401832176
1332,13.096228844339086,13.083592899140838,13.082649164860486,13.106236863265025,13.072414575132397,13.047757148742676,12.992112817894963
1333,12.737888315680975,12.727557070937877,12.728233498204379,12.740510989845532,12.849251350402959,12.850135803222656,12.847210932013567
1334,12.016164002509594,12.027057627813706,12.02629144465638,12.062327892375297,12.064019473521673,12.0801362991333,12.083627447659163
1335,12.602690599554078,12.59398248624068,12.595637400090379,12.617166244263583,12.704151936127035,12.61940860748291,12.663952252126203
1336,12.056444949188238,12.058999791656005,12.06010253318226,11.996530936884193,12.077414171212391,12.00043773651123,12.030375575736509
1337,13.075378980756922,13.070229283082456,13.071327032220859,13.065916967965666,13.011545882147477,13.076871871948242,13.056635250211054
1338,11.914798130540651,11.914075128326946,11.913450679810714,11.912243527165176,11.75675465929025,11.70905876159668,11.699879853393837
1339,12.624754095974959,12.617496483235797,12.618504383998411,12.592506688217671,12.552417079648286,12.553466796875,12.602836480816533
1340,12.446882550950871,12.44161532959761,12.442063492776715,12.415337974383796,12.40665187358383,12.432549476623535,12.429733954514797
1341,12.291399364188873,12.280093086205072,12.282898919268934,12.310300874748007,12.278927262255536,12.25632381439209,12.241548218952472
1342,12.73445559252914,12.726879641472143,12.726920048985809,12.584157900673189,12.757514713778486,12.74355697631836,12.717133245428561
1343,12.037949816811313,12.038459121409089,12.037670238674076,12.063752897197519,12.024526143269602,11.999281883239746,12.018820129173681
1344,12.55920410846552,12.558931585385471,12.559661392368445,12.534526935798656,12.53117588679037,12.523809432983398,12.516766681123006
1345,12.019327328834054,12.022893990552056,12.022405792547115,12.032238310908308,12.067794989382278,12.084920883178711,12.081359034289914
1346,11.80716567305443,11.80198970699198,11.801321858588343,11.802280540249953,11.876918597431974,11.832932472229004,11.850910261577493
1347,11.806884764498301,11.81726261653417,11.813698252840345,11.836007642074408,11.909553792823155,11.8832368850708,11.904246099771258
1348,12.380200270566979,12.361203104414287,12.364682531699332,12.388400839541783,12.30005948494726,12.299447059631348,12.283663439072342
1349,11.73818475103671,11.749661258269406,11.748268610671797,11.683314112986677,11.830512916082837,11.762402534484863,11.697971136818168
1350,12.326505564596095,12.333353096692798,12.333364486913846,12.318017798206338,12.35898394786176,12.364200592041016,12.348830947565771
1351,12.12394853238875,12.127903937217589,12.127705956586736,12.147526731774096,12.164700290253451,12.123383522033691,12.152056574993962
1352,12.50082827490123,12.510381364211916,12.5086185953594,12.480881424361481,12.484842126251936,12.479424476623535,12.425780505043116
1353,12.130452430012081,12.129961779345548,12.130697963690324,12.165431582901828,12.174744309961083,12.154138565063477,12.169299217313753
1354,12.250040043967426,12.24314333177287,12.24375646755397,12.07088659255938,12.228190428677642,12.244624137878418,12.276387603001593
1355,12.235252500262355,12.239522013137616,12.2392226879773,12.250826160146701,12.304260417314069,12.290888786315918,12.280596409586492
1356,12.36108203525948,12.3726507218344,12.37117283836737,12.426652917711587,12.448953032192115,12.416563987731934,12.4686648407447
1357,12.415467803498828,12.40946062966448,12.410069543112131,12.414566812801759,12.404175223073999,12.424482345581055,12.383973919871947
1358,11.568556875532975,11.55526366113352,11.555682276978853,11.777204787052478,11.722719499462277,11.694479942321777,11.704322546810134
1359,12.101319278950315,12.089450102886413,12.091155039162462,12.11878338985696,12.077781321837056,12.066287994384766,12.07537662399232
1360,11.951291665459168,11.966194462426962,11.965673795323399,12.008531747461886,12.04215768376371,12.028072357177734,12.007137153584297
1361,11.694065050865944,11.697803674575034,11.697842661774503,11.661825918115174,11.563694242870577,11.599812507629395,11.610329533355522
1362,12.97293403025033,12.989941658315058,12.987265338726758,13.00303201689981,13.080506623370212,12.961701393127441,12.977492204891382
1363,11.70259396956562,11.700607298470722,11.700798501891493,11.640323966931492,11.596056591715481,11.653743743896484,11.6008835896549
1364,12.635586881969683,12.61109159139695,12.615201556067534,12.23763654194806,12.594231352936086,12.634419441223145,12.615837555458937
1365,11.923051560999202,11.916011438198165,11.91676902073736,12.116803952023416,11.960243669444942,11.956809997558594,11.934427381809584
1366,12.039287759573643,12.03239233086684,12.033359464357693,12.081720049228124,12.110056501560438,12.077016830444336,12.049375499662135
1367,12.083141011538672,12.079407474024178,12.080350495679825,11.968163610349,12.196158885589337,12.156983375549316,12.167831126974972
1368,11.780340473459995,11.773869253688078,11.774233594285006,11.64283395142676,11.829126314364856,11.841527938842773,11.922065174259782
1369,12.638123080355177,12.634710487243767,12.634818438002632,12.66873420342207,12.721048743361091,12.752354621887207,12.724909004490394
1370,11.65108274833076,11.642715011277147,11.642551698758808,11.658378335959362,11.598190927286497,11.51906681060791,11.457161870703109
1371,12.305443512199512,12.31398606714135,12.313460460239629,12.287162080615097,12.292298338158423,12.287525177001953,12.285804734163213
1372,12.417765134018001,12.422277139729097,12.422857787987404,12.2617641527438,12.381189172614963,12.383759498596191,12.39722343507408
1373,12.096439412073394,12.099999094303415,12.099612117243378,12.062359119695826,12.086166173980933,12.081729888916016,12.04743585431197
1374,12.521128857351895,12.537692389647885,12.537884562390307,12.600929817614663,12.58431486676817,12.547950744628906,12.589397299990708
1375,11.83472584168854,11.84662052989925,11.84534790761681,11.840955882410006,11.832344923828927,11.790050506591797,11.816862401511115
1376,11.870145632951619,11.856561832352593,11.859257316280466,11.824167189941507,11.931378316343089,11.940503120422363,11.921782952567998
1377,12.467848359887899,12.455262611613556,12.458258009572258,12.443764391608955,12.432484296490122,12.433106422424316,12.368693675652745
1378,11.885465058122877,11.892204680704879,11.89162963402761,12.29568621791418,11.92779434523877,11.890556335449219,11.905527658828909
1379,12.689257524907045,12.699695018557208,12.698927404105206,12.708106501435921,12.756079627803876,12.741621017456055,12.76062585713752
1380,12.561970315488901,12.549952023807132,12.55112071288615,12.592656810571636,12.558221531166451,12.633698463439941,12.584439348824937
1381,12.355928288893095,12.364939004064302,12.36439994223312,12.358309075097619,12.36237649580946,12.353182792663574,12.362170635728944
1382,12.611921929297138,12.611804212092062,12.612131124277678,12.58997328687775,12.62183870188503,12.6520357131958,12.576505805038991
1383,12.044808005904832,12.040826082984058,12.041081983921968,12.026148378024525,12.035704310530555,12.076802253723145,12.040672412520648
1384,11.99552070711504,12.006552080080894,12.005150501558782,12.051555502754796,11.984645793707381,11.987873077392578,12.000145685029796
1385,11.969818402616022,11.969064285369782,11.968760792530079,11.983066259077736,12.026291268178754,12.036262512207031,12.033976235398972
1386,12.372237128158433,12.370318227134163,12.371369507946644,12.35874575033775,12.407746226876986,12.428085327148438,12.389282743363903
1387,12.927890303972966,12.923210411632967,12.923459862184153,12.938120959481024,12.969251830711908,13.03555679321289,13.038537521499407
1388,12.176250870010932,12.18295541348262,12.183490331829546,12.111760762204375,12.232402915743284,12.148884773254395,12.163207688157591
1389,12.459734870809953,12.452720483746225,12.454062492935801,12.468070328626728,12.424410286138254,12.415040016174316,12.431134070422047
1390,11.812836807152275,11.784562595656395,11.786519345087116,12.019735478576354,11.77299912939241,11.796008110046387,11.808286899629024
1391,11.849939431795917,11.863420330894131,11.86228899640484,11.896836647735581,11.891850702642236,11.880178451538086,11.877063179947356
1392,12.210234169638404,12.21405905349355,12.21363520045772,12.254387783966289,12.20181549768011,12.171767234802246,12.186056454854947
1393,12.693158806816276,12.699249286848586,12.69872980855108,12.686860739903132,12.711749421790918,12.754985809326172,12.784015039472374
1394,11.884645597754853,11.896983262812737,11.89552956883147,12.055138060028908,11.90626753765284,11.952698707580566,11.910192962054174
1395,11.769033525892342,11.777412644933849,11.776046787256428,11.778479696755625,11.701202684235016,11.636831283569336,11.606673022456675
1396,11.693615270131664,11.707523499503184,11.706104915919228,11.607673639575024,11.607019738313394,11.687618255615234,11.674733824224992
1397,12.140257205427186,12.153492606406045,12.15081357644513,11.938899971272056,12.057635129781035,12.116076469421387,12.047319929877201
1398,12.053114589528597,12.04261166247747,12.042446747773896,12.11089274216878,12.024085174288151,12.0684175491333,12.09537070445011
1399,12.286631319890855,12.287846787754445,12.287655269674804,12.277062149878812,12.261802763782597,12.272826194763184,12.261861354767653
1400,11.879842380556328,11.898012145617175,11.893730938348785,11.965402562324606,11.874288193453387,11.87558364868164,11.816386686880477
1401,12.042068623541882,12.0470879303437,12.047236199553973,12.047136013316187,12.015100029874265,12.107665061950684,12.135908658137096
1402,12.110279758778642,12.120319124878904,12.119177317122169,12.134576634817128,12.151140846053563,12.099303245544434,12.114671652689747
1403,11.809361869856755,11.80452259930307,11.805226712389732,11.82143260474487,11.839865808144333,11.817344665527344,11.869361340456228
1404,12.385677564676245,12.37689490999011,12.3773655381915,12.414863807921133,12.392811945611884,12.37099552154541,12.391365564644108
1405,12.235015711433622,12.223820727929827,12.225272198142157,12.132798374449031,12.324853725623562,12.25755786895752,12.26251420682795
1406,12.448040449347323,12.456344001746318,12.45530107165597,12.447333861321756,12.500286698560316,12.43634033203125,12.464788695650148
1407,12.060904633622428,12.061166525255077,12.061234206019162,12.057649856194509,12.04050567715141,12.01747989654541,11.996947971510842
1408,12.259525750729255,12.260456098274878,12.261942096335618,12.19829932353216,12.131034351720558,12.199050903320312,12.255471692679444
1409,12.459357882097866,12.456061695087145,12.456069286030885,12.46384457950186,12.487964515010537,12.438170433044434,12.421728294027046
1410,12.396152886698552,12.406171002151522,12.404692336621194,12.434336798759052,12.405168788932883,12.379861831665039,12.347492216036068
1411,11.869503937649908,11.882878781004647,11.881485783963422,11.866998584879532,11.902039546316166,11.954997062683105,11.953970162502905
1412,12.302447331084359,12.29112406709107,12.291635844280519,12.307945993866571,12.30276071095691,12.310158729553223,12.30709637734893
1413,12.287695711613834,12.296229744028292,12.29535067412845,12.25108670995415,12.374957393569948,12.378191947937012,12.382405264538171
1414,12.270933222702784,12.284585799936272,12.284571905193237,12.270840333313958,12.305813776976352,12.329567909240723,12.294153830352748
1415,11.84455058667925,11.84915263653624,11.847595049184422,11.82400397096998,11.856447985150371,11.848349571228027,11.865708629502933
1416,11.751320721733437,11.749532226267265,11.74885561010871,11.847847035970014,11.8662449038068,11.818083763122559,11.830986568094323
1417,11.948272282632507,11.913072508677697,11.916912939489428,12.134466299427878,11.93263339144913,11.886575698852539,11.89105905300574
1418,12.15743715907896,12.158767791515388,12.161226135098739,12.151821162572029,12.19285984618954,12.082003593444824,12.13671550433101
1419,12.04994765674276,12.053408524540165,12.051681416706685,11.94767199356489,12.118348660836663,12.077749252319336,12.07339653926818
1420,12.769072412938979,12.761421142808548,12.76215521817842,12.772712381665288,12.768283326929085,12.743136405944824,12.777519625399165
1421,12.431887580634521,12.430381839720365,12.430688295939444,12.434976017276206,12.400159274297259,12.397225379943848,12.385448873953065
1422,12.366128520840656,12.350529263339638,12.353108974814242,12.188189055977865,12.415683441637402,12.364147186279297,12.307367520154783
1423,11.985256026790092,11.981715748971125,11.982792116868758,12.060036856039202,12.007142440225936,11.9819974899292,11.995261213902184
1424,12.236114260690698,12.22391087841091,12.225498103882968,12.234142018282023,12.215731775926015,12.222010612487793,12.200701234129507
1425,12.034393665595827,12.026632620726874,12.029130939735065,12.03854573195677,12.013866222791039,12.050870895385742,12.056126870368068
1426,11.769489787670192,11.77617734897052,11.771483600788171,11.808190945320105,11.843507524574104,11.890792846679688,11.915499635872003
1427,12.779888681723829,12.79125164980181,12.79239866206038,12.795368997944138,12.750849881524255,12.858477592468262,12.723257115730759
1428,12.497589994294248,12.49208158344389,12.49266615922461,12.469807721668186,12.402129876891008,12.408049583435059,12.415157344329355
1429,11.80879643007101,11.814096351369848,11.812981839511565,11.817426269716034,11.862094668155143,11.87087345123291,11.87876678978916
1430,11.900631170690058,11.901812916621607,11.9027346602306,11.940194120166606,11.98496430576654,11.955595016479492,11.910829440540512
1431,12.313427136871987,12.309515696036945,12.309478738039251,12.146162304623198,12.189877000059536,12.24153995513916,12.226114906689935
1432,12.055235171988121,12.047643722991586,12.047976634017001,12.162342055694737,12.088263064824584,12.081405639648438,12.087021663456632
1433,11.787939672119132,11.790205909741976,11.790116412027023,11.794891272590064,11.77523377557139,11.765774726867676,11.743399846830131
1434,11.38025664644474,11.426585971999398,11.420480477304642,11.42175296274641,11.507695930157283,11.596160888671875,11.637357822275282
1435,11.414446987363833,11.415782782536875,11.415846540146513,12.116600626164372,11.52351993146395,11.396540641784668,11.377077466291306
1436,12.313433261532598,12.314587661596015,12.314639126998518,12.316139602122385,12.294989604718221,12.2965669631958,12.264579041267849
1437,12.790346889131502,12.787611970127147,12.787686174055791,12.812925429474179,12.814548677055104,12.843321800231934,12.88015882169309
1438,12.392123926200384,12.394802431172652,12.394404311356393,12.37559074131427,12.344814048912774,12.336328506469727,12.315061895805705
1439,12.17684825869376,12.186075714850494,12.184072218483305,12.190122586423495,12.126208526286835,12.151140213012695,12.145852872594084
1440,11.886312243050181,11.886214674193852,11.88577523559506,11.954367341503843,11.990019830701437,11.963005065917969,11.955623233711913
1441,12.335289963375905,12.327657431879935,12.328165002326283,12.313307161722133,12.22311710281011,12.25849723815918,12.242739327534283
1442,12.212103850930454,12.19903351572068,12.200158962761048,12.283924506270546,12.235376964239508,12.214276313781738,12.230757936054504
1443,12.266935349617647,12.282378831320754,12.280547705948006,12.301901183149743,12.214816544043222,12.212099075317383,12.179705592588363
1444,12.485980725832563,12.487542087061422,12.488338813711557,12.485918577999826,12.526463280335753,12.482192039489746,12.480416379787076
1445,12.656070599313168,12.634340128409693,12.636725301937895,12.677075249801653,12.761639758385316,12.784753799438477,12.780007060973452
1446,12.277346183836945,12.2799407224512,12.279963211139664,12.297737509921832,12.394688256804388,12.297932624816895,12.368109391196258
1447,12.111593161259433,12.112551155374247,12.11191191388482,12.100463993616408,12.097619655753544,12.119779586791992,12.136411676660506
1448,11.856416955689292,11.85777902122712,11.857933908771201,11.832920783076021,11.962594368650246,12.004785537719727,11.996984951199709
1449,13.71898970996455,13.769695354374111,13.760922879853252,13.617686546684753,13.350761667653435,13.184347152709961,13.160042857397183
1450,12.174290899612991,12.157274079597324,12.15927802316137,12.182060939387913,12.131339780134534,12.151662826538086,12.124619584364375
1451,12.09077839920491,12.078500293302309,12.080259797905796,12.09125896720197,12.136291954273029,12.111903190612793,12.105264760541019
1452,12.529760020945439,12.524474177556494,12.526325224384061,12.501721794843515,12.444767665611321,12.418086051940918,12.43892465548279
1453,11.946237464451915,11.94880988116082,11.948254854554278,12.364575072617486,11.985289494710575,11.996243476867676,11.993494328477238
1454,11.707493265604587,11.695391460219557,11.695712886085087,11.745206829132883,11.750475431566393,11.654168128967285,11.64524459366293
1455,11.89073802502657,11.880227676899224,11.880312839214666,11.935327108189043,11.936902177973941,11.947091102600098,11.894134420635982
1456,12.235614298465764,12.234807243727934,12.234534257525338,12.194595614049778,12.218177729901798,12.203348159790039,12.203607566710836
1457,11.832814942682866,11.837889294735069,11.836717970988596,12.05329096684566,11.831722345489831,11.845643043518066,11.82828772933034
1458,12.340177765259725,12.345270035794142,12.343467446914246,12.315991972568545,12.309563351749562,12.333356857299805,12.297984648375527
1459,12.32468112369694,12.3180205480302,12.31981558165583,12.335268741808036,12.335816049906693,12.332169532775879,12.351731848020277
1460,12.05241002085839,12.05705694696492,12.05680852441153,12.025829897901223,12.11351062484898,12.093806266784668,12.103583329811682
1461,12.125079819151704,12.10994724593735,12.111383030834975,11.588726083003039,12.071941808800338,12.084165573120117,12.063145959275
1462,11.914982521594078,11.913803573841884,11.914363954596354,11.94150763893035,11.941430320900794,11.956086158752441,11.954922666309328
1463,12.08762631784248,12.075746950975152,12.078749114334727,11.91022860670977,12.06400969499411,12.05380630493164,12.062843208637851
1464,12.266003619317118,12.277998220199787,12.276255537186852,12.299766383888121,12.246209512824878,12.24732780456543,12.250155266833561
1465,12.375635449447,12.374466975780765,12.3743596543146,12.392404987588069,12.337996023961052,12.35895824432373,12.371876110779093
