Id,ridge,lasso,elasticnet,svr,gbr,xgboost,lightgbm
1,11.907787446989751,11.909365359621583,11.9091780607336,12.004503150561657,11.962631232957529,12.008759498596191,12.022410092851858
2,12.072154982249764,12.06559915404961,12.065928156016529,12.081251806069206,12.026274248631815,11.985325813293457,11.981973842397315
3,11.790197923401738,11.785493215762667,11.785721283983023,12.100165582315455,11.80032683334656,11.76258373260498,11.776242634689496
4,11.884530613194112,11.884938378170702,11.884360867126523,11.928356548991342,11.9542183885515,11.947898864746094,11.92170809576717
5,11.949299452780005,11.964266042668623,11.96208998823247,11.926131738251744,11.831839669321038,11.829022407531738,11.826951485890067
6,12.328984413432266,12.337566172078862,12.337454861277571,12.347277105699952,12.346078933158164,12.307967185974121,12.314407830679029
7,12.211623151598973,12.212622887078727,12.211765824756835,12.081445015660451,12.193976004819008,12.149049758911133,12.16712158100641
8,11.90287057715886,11.911821956644522,11.911656942466081,11.915266724652389,11.952668301226606,11.964203834533691,11.943407749545893
9,12.0271554586105,12.03552529093015,12.03401190071024,12.054054885250064,12.043383491989616,12.043535232543945,12.04883919373608
10,11.967530476427761,11.973341671846105,11.973075435080323,11.99199074638076,12.11055070399933,12.034259796142578,12.036783265928195
11,12.043586968356166,12.065902433000009,12.061672115903106,12.02254651373655,11.949291144768111,11.937417984008789,11.976596063000237
12,12.10683352862333,12.095049588450864,12.09615156839384,12.844827218782331,12.129168262048033,12.124139785766602,12.101918053805937
13,11.868041098252897,11.888905462234103,11.886503561755125,11.957726834904467,11.944311164287171,11.904052734375,11.830547478832502
14,11.95869021563922,11.955583030189846,11.955388702260437,11.9809621557571,11.98773177715997,11.993803024291992,12.012673776967876
15,11.772787671533694,11.77789201464666,11.77751233244639,12.0342446758034,11.814605770598462,11.785160064697266,11.753200603240575
16,12.240305476567812,12.236497441975002,12.237846768078585,12.199697113789771,12.22717007059484,12.19156551361084,12.18723845112225
17,12.149850705662578,12.156645997801464,12.154188836503527,12.105306925696622,12.103192695015816,12.092158317565918,12.096287241669291
18,12.09650788364046,12.092804523367557,12.094884351336878,12.108149768253325,12.05734529315735,12.047805786132812,12.053379332894893
19,12.265251656383958,12.278460580399916,12.276733368076993,12.236873271951874,12.290895010478442,12.273965835571289,12.275717773699627
20,12.638008707890773,12.633929331152004,12.634290769902757,11.957759317793133,12.678484329080556,12.640833854675293,12.631640430876676
21,12.208309657489236,12.205252089679316,12.204985901088728,12.253269686651416,12.171912943829266,12.1636962890625,12.167663245419805
22,12.106669885861992,12.113104492658199,12.113372738029973,12.30810617297977,12.129326271741935,12.114134788513184,12.15170169245643
23,12.219273661708932,12.211437095690963,12.211667424156687,12.103604525762732,12.238526476887065,12.197997093200684,12.173548933983119
24,12.471169265724443,12.469736999244823,12.469714158463391,12.480710674738912,12.48244382231639,12.52262020111084,12.499787539553267
25,12.33483719503231,12.352769702512639,12.351527662577181,12.074759152008278,12.306421554764878,12.294443130493164,12.231986990176138
26,12.116000792461131,12.126839035857572,12.126519812455081,12.112188373048562,11.995032299270003,12.006909370422363,12.000765849477565
27,12.101649044781562,12.112975586732587,12.110085451768239,12.175900518553625,12.128090562317688,12.218324661254883,12.110451627146166
28,12.61371884376902,12.608845666096911,12.608943505472778,12.591321680753609,12.620850329351981,12.616761207580566,12.573293787819626
29,12.717960121728872,12.706510458586378,12.708603073357228,12.746547566669669,12.571627513690933,12.548046112060547,12.537936910782053
30,12.676761726458805,12.67882691695314,12.679193054290273,12.62714111932005,12.589379587269871,12.570106506347656,12.554947587004117
31,11.979826512975302,12.030769544826063,12.029352632386503,11.977416726364122,11.978542662822544,11.948003768920898,11.993382141671203
32,12.653912938570434,12.666403420211669,12.66549914771176,12.664694361890298,12.591258680244596,12.571856498718262,12.63701669508269
33,12.88125786592573,12.890118042728858,12.890043576818606,12.908602037049684,13.028827373942745,12.975251197814941,13.02074395054755
34,12.148149607396842,12.152655722128044,12.151936009042679,12.089249825983453,12.066960631085548,12.23646354675293,12.239792443072062
35,12.376688966013251,12.384630291211066,12.384151012799292,12.40206829725359,12.413036228224424,12.448992729187012,12.441640370887201
36,12.136156129632468,12.137500407286531,12.137662157345257,12.309236810987542,12.140733240312796,12.155200004577637,12.162666159047005
37,12.148110304798585,12.17532406318909,12.177620781940872,12.147363703627072,12.123043329234678,12.149293899536133,12.158862670064536
38,12.907047008512194,12.905934889784767,12.906373030614278,12.912559693260665,13.020936379424018,13.00386905670166,13.03555738400244
39,12.476879675377543,12.485987273171641,12.485046167055254,12.461541189961302,12.469689733733283,12.541790008544922,12.503480635273501
40,12.18617415307393,12.180600392238587,12.180778800334942,12.120901578162227,12.194897815305213,12.255719184875488,12.266339953469762
41,12.083640480330342,12.093110458937138,12.090576154684472,12.083898206965497,12.111356979993847,12.12209415435791,12.076017094922992
42,12.062295989995786,12.065391219652257,12.06248703955195,12.256417251656957,12.104934194332346,12.015193939208984,12.087985395822887
43,11.959567946641807,11.943569593866263,11.943999657270707,12.072088882218432,11.970278578735968,11.977669715881348,11.972051242154874
44,12.11070785335609,12.117166974987882,12.1178263779562,12.128576715372187,12.137495573070012,12.176359176635742,12.170485166264347
45,12.391696253226717,12.390527480337514,12.39018521176115,12.385377825935887,12.4180802178652,12.434345245361328,12.413240631837906
46,12.763184040442258,12.760422544311428,12.761475527118332,12.779232305901484,12.571778104767864,12.648273468017578,12.707515009505615
47,11.85267105234835,11.86106068684748,11.859270373380188,11.826859119389631,11.74725411841959,11.731308937072754,11.763529156541944
48,11.984579234823782,11.978281967524595,11.979010639572818,11.982670980548665,11.955510450940984,11.8948335647583,11.904583494175155
49,12.008134709811946,12.011900724940455,12.010941117998296,11.915919780857292,12.040045808213126,12.037300109863281,12.036891944190527
50,12.169658298120718,12.178672048571247,12.1781327341252,12.052387838688922,12.10900674750609,12.159289360046387,12.179077397065875
51,12.94762674184339,12.94064433173091,12.941582731263706,12.943262978862826,12.93684847647621,12.919987678527832,12.892307185062005
52,12.344336709572907,12.33615104242894,12.337102926424185,12.370129916848194,12.264770427963349,12.346808433532715,12.285042820353656
53,11.513391520313402,11.505146460406934,11.50687014123775,11.514475614088889,11.59983546925597,11.603635787963867,11.603710168096248
54,12.008073106102561,11.990152913417957,11.989504147981062,12.098510954795007,12.042903649435349,12.052109718322754,12.03795072694197
55,12.08407614797926,12.10168689880312,12.099629978662234,12.059361637700185,12.09496746869372,12.174695014953613,12.13746299994295
56,12.238105110805797,12.234483170745664,12.23472932608909,12.059802845539929,12.209496540101357,12.228470802307129,12.206855165275323
57,12.25274909360272,12.248051548850068,12.248620445682057,12.252837946199781,12.256792704810186,12.262834548950195,12.256829242649657
58,12.503047555959991,12.497063654052681,12.497113204346043,12.503149076215847,12.559938517541118,12.503190994262695,12.525036708491447
59,12.137795523104687,12.148096274529982,12.147858748368552,12.361175267847257,12.201241881619067,12.157569885253906,12.17679269325653
60,12.145427145937086,12.138047163228249,12.139065884750599,12.153443026766674,12.248849619089134,12.223712921142578,12.257269560587085
61,12.088286343420357,12.099654499837541,12.098292699098334,12.048307601622154,12.012080621907122,12.030413627624512,12.02932909299607
62,11.627018816116273,11.654050057131947,11.651430582029228,11.67861437707527,11.688582060608923,11.67303466796875,11.669463960669617
63,12.78286548873104,12.777560497512276,12.777659439809138,12.780029200234575,12.88163274547438,12.865195274353027,12.894605555441373
64,11.953928313459846,11.9537029674509,11.953635140343165,12.000622807833643,12.040468760313622,12.013182640075684,12.018751025566875
65,12.269760661982765,12.287496835541473,12.28611716540865,12.149077617795898,12.274118955081343,12.289115905761719,12.296219151649218
66,12.042969978101967,12.038571926245535,12.039127724588283,12.026546911539539,12.067956844642094,12.03183650970459,11.979683153488441
67,12.777665169977263,12.782936666950688,12.782602536469803,12.39070833245024,12.706189237105963,12.750844955444336,12.71369177555506
68,11.915404512300764,11.921202830623367,11.920630867221186,11.934443462073098,11.980486419501407,11.975530624389648,12.016784425840429
69,12.075328069534718,12.090419689977988,12.089207723847306,12.094625982537991,12.079376977820427,12.084790229797363,12.080930911799367
70,12.20642547638816,12.186119026519453,12.187819629566015,12.161501394016367,12.208872231678592,12.216899871826172,12.196905794324183
71,12.857618244326204,12.848272050800928,12.849902309003445,12.843430668963698,12.842084835880291,12.873953819274902,12.812445721831786
72,12.276586956625398,12.284425763234877,12.284202983135966,12.253433238702733,12.26061257172138,12.253087997436523,12.219607829890148
73,12.459276517828943,12.458251736828265,12.458599247950483,12.105188337261202,12.512008636048234,12.479944229125977,12.552119093173081
74,12.577120369307513,12.560417128147353,12.562885772016374,12.074759152008278,12.568985070712227,12.521356582641602,12.547946241201346
75,12.40143518094098,12.404587182573326,12.404058398257074,12.386015794983809,12.404903794226517,12.436626434326172,12.422393206266058
76,11.896943250019895,11.914703478301226,11.913794709938704,11.926005585500516,11.907383837603891,11.850835800170898,11.862002461794596
77,11.793248822187552,11.79364621986296,11.794324588842038,11.76928482125657,11.70068743135998,11.729416847229004,11.702942897444387
78,12.347078167719488,12.35258569918157,12.352460179483653,12.312847919539768,12.328705623426515,12.32815170288086,12.31079096594394
79,11.945791415978231,11.958457921288714,11.95747668425928,11.98191878104764,11.895272516055476,11.943096160888672,11.948705986762771
80,12.030252381883997,12.02741589892899,12.027270932887697,12.006903591591913,12.026422404515637,12.013311386108398,12.093513146717719
81,12.646519994510475,12.632186720119842,12.633333909676036,12.668963914083317,12.645676957891439,12.663599014282227,12.6519766856588
82,12.344062808478146,12.353132806595802,12.35249603167367,12.34194120795198,12.3682567614247,12.358552932739258,12.331020591007038
83,12.197059251658361,12.215494990079613,12.214599347327328,12.282597667799354,12.359096729472656,12.342991828918457,12.384527177665788
84,12.020370623084341,12.031120592469149,12.02855806511169,12.167021067790062,11.943291730969907,12.079195976257324,12.077914466958392
85,12.258627200483968,12.249735505610714,12.250013402047811,12.246077793113157,12.220550737751296,12.198419570922852,12.201277449489295
86,11.619271550033577,11.622516323592583,11.622967842309965,11.579408058816396,11.478318948991227,11.551420211791992,11.521342388743697
87,12.309267020968695,12.305639503245802,12.305722271064985,12.266868199164566,12.2865930025721,12.324145317077637,12.335209605933258
88,11.714615267266975,11.71820624051325,11.718344294459667,11.721927343139031,11.718124232806684,11.774438858032227,11.749731411645056
89,11.786459179745826,11.757186894108548,11.761115841311812,11.915686936886736,11.821104888660964,11.812074661254883,11.810129450281355
90,11.901781866317428,11.901452112021964,11.901677180523892,12.005291213842627,11.935728484944844,11.93294620513916,11.952158001841838
91,12.45110916251719,12.453456482560881,12.453449200234232,12.443550422613294,12.479276303223582,12.523816108703613,12.486487035043892
92,12.139375368628873,12.146434786312286,12.146562765521335,12.155261296473775,12.03763377113423,12.111122131347656,12.141452362133546
93,12.45140339471915,12.444601336337188,12.445442093665482,12.38873813805937,12.437032787085775,12.38907527923584,12.393558534213396
94,12.421787454616922,12.42547034654025,12.42620071736548,12.465427084486192,12.583886312775142,12.531777381896973,12.604989925279602
95,12.329804498038929,12.330252687895172,12.330237247937992,12.328700444486424,12.304244458283407,12.33346939086914,12.272496900869754
96,12.140990507641517,12.129220051625417,12.130120242310312,12.154484235020751,12.17266637423589,12.053924560546875,12.130931693944644
97,12.462404937916624,12.455085912426528,12.455884197153345,12.42499433910638,12.43783261613447,12.435826301574707,12.421465737873133
98,12.74666269555635,12.731041034930259,12.732298757784486,12.81741699767677,12.655798279033963,12.514849662780762,12.573976578040844
99,12.311371702946214,12.31059950239182,12.311182915890152,12.315864580845929,12.294233241866403,12.281489372253418,12.282376392687507
100,12.624446469997508,12.63524238859505,12.634473428670976,12.620729876274662,12.557501504312636,12.557464599609375,12.504783073939741
101,11.947349487924038,11.93722827829556,11.937371136504854,12.428690092607203,11.965611987247593,12.014606475830078,12.040877244855414
102,12.181927860036085,12.184946641514957,12.184666548400708,12.164513763155938,12.177448703317177,12.18666934967041,12.160931823874197
103,11.91442426195745,11.902214157580463,11.902810937736044,11.882151819116455,11.844709243122077,11.858744621276855,11.840317428133604
104,12.019934652015957,12.030282439742754,12.029800062624853,12.044949756430775,12.010685939958991,12.034080505371094,12.040752679911622
105,12.487494735608767,12.482390956883519,12.48227133026593,12.504458577868581,12.397655490313111,12.272109985351562,12.276499336938842
106,12.195566953346853,12.177260173969188,12.179637244801688,11.896745217378074,12.164767786594938,12.161035537719727,12.17163759725568
107,12.41979206228946,12.406201729707801,12.40757813351806,12.42397098514474,12.437832284258706,12.449116706848145,12.445553338982098
108,11.768598863237708,11.77515965090516,11.774362330161317,11.756010337496807,11.833154677368256,11.782822608947754,11.796272874169073
109,11.867071570000059,11.85706890698141,11.857464482407632,11.884269039234866,11.878561653524956,11.87618350982666,11.86442537395408
110,12.3530376829253,12.357440288932693,12.357043958828037,12.406397944693605,12.380917733917592,12.299736976623535,12.298441914369745
111,12.79958684028899,12.790025153094202,12.79068795906963,12.807714742813841,12.941482233924411,12.911849021911621,12.927826527070568
112,13.014211034642685,13.013117751227078,13.013665469430421,13.036055282285943,13.060221435758484,13.085437774658203,13.093072649071601
113,12.308429207499836,12.308483934806087,12.309345268263973,12.364483421748313,12.289002219891383,12.275671005249023,12.26181610213667
114,12.400617017417773,12.400069973081834,12.40006169364804,12.412305396030373,12.413688367721662,12.40317440032959,12.430103641093014
115,12.085456368310393,12.103492613131454,12.10082094946959,12.074759150954026,12.098164532865482,12.07690715789795,12.114124624218062
116,11.70307089573987,11.696512884148044,11.698032526946935,11.685429389422644,11.668781352524444,11.648812294006348,11.654897551743627
117,12.08997902444266,12.084784658218913,12.085537751402308,12.089154589628803,12.034300363643162,12.030786514282227,12.05134268565886
118,12.583406028279374,12.568035600059076,12.570250944452642,12.096171270216045,12.460069575579922,12.465479850769043,12.453214496623833
119,11.53438580823722,11.5306878536331,11.531576858659072,11.442300366381607,11.338939748988512,11.42108154296875,11.401757487496205
120,12.5019012322716,12.495713627935801,12.497578461927262,12.517616690103921,12.481703723740251,12.506125450134277,12.46584767720878
121,12.529130915403776,12.525881132301224,12.527631442787934,12.454733377630347,12.340785490391399,12.442974090576172,12.425673924158096
122,11.472962845527523,11.501301059492738,11.49390188270837,11.612351708954552,11.530182226927774,11.544401168823242,11.585958421978985
123,12.275023662327998,12.26903530551369,12.269280861507541,12.301697489709625,12.24929325532743,12.247323036193848,12.23351586645674
124,11.659457563859759,11.635591882254635,11.639574908251443,11.464628351695886,11.6403909527694,11.660148620605469,11.756874793629173
125,11.757860041102552,11.760197504186644,11.758565286219557,11.84765913418188,11.935738892080925,11.879464149475098,11.770442160658174
126,12.916441110436612,12.917178549335757,12.917015199299046,13.094609661560192,13.025420456390608,12.979104042053223,12.964334445401713
127,11.766615223990176,11.765777656251498,11.76502750382371,11.804997588379743,11.782190571093343,11.75615119934082,11.736351910164572
128,12.337095734598037,12.327525499635918,12.329255320697701,12.34941462996159,12.362100716417643,12.330830574035645,12.389496452998323
129,12.352349704393816,12.331746840147222,12.335090124880281,12.348882041482083,12.342443271891515,12.370051383972168,12.348484281604465
130,12.345846250071995,12.378511610034156,12.376655587682096,12.391073633267423,12.320243323147775,12.381115913391113,12.389743153127133
131,11.961604188679495,11.962336685900432,11.962214393754955,11.963133421504141,12.012360501372877,11.985322952270508,12.000063326171427
132,11.842754190996864,11.837535825956476,11.837634332822859,11.829174588139754,11.83968362951764,11.813724517822266,11.771256575617631
133,12.76098278804184,12.757780415162665,12.758686685763628,12.76093611145329,12.733695149221754,12.708473205566406,12.736067700715223
134,12.27982631808949,12.275709387766462,12.275848351747818,12.278570360517772,12.279995528303097,12.247750282287598,12.238615274739006
135,11.954092469576567,11.960060033241222,11.960020535541306,12.033422247917006,12.035859806778747,12.060840606689453,12.024772862103537
136,12.165223208674991,12.165789024712137,12.166194351458055,12.19650509632603,12.094944684057031,12.095210075378418,12.03666712554441
137,11.526433000882902,11.531294887573914,11.530269476047959,11.57779680016147,11.517440737934152,11.533052444458008,11.553648405063118
138,12.047355149313479,12.05607369461205,12.054949107568495,12.034340080857351,12.068547536885706,12.062040328979492,12.054807940434733
139,12.166954745270514,12.173477355049513,12.173587167331023,12.096673537499766,12.131702381852138,12.089853286743164,12.122747998780168
140,11.91663283483098,11.912499664393197,11.91194622783464,12.083254787081009,12.019696596943511,11.995535850524902,11.954011295095915
141,12.4377780351982,12.437558786603187,12.438181046140004,12.109261725534175,12.433315260053421,12.412322044372559,12.4031212560324
142,11.561919805734249,11.565121322138785,11.56549425957448,11.451289211778432,11.418140120004551,11.459412574768066,11.49549495969765
143,13.13282361789933,13.137278421501861,13.137140988241764,13.121182085719232,13.122099309583415,13.134730339050293,13.13014777234231
144,11.75785726259202,11.746396812223882,11.748217558567855,11.861596392142593,11.761978594123718,11.778960227966309,11.764575705354073
145,12.183692319983267,12.179981684323813,12.179986474575367,12.089478764476775,12.163047573919327,12.179020881652832,12.194139042227896
146,12.388973133101617,12.39175961554688,12.391510784445021,11.917696206583816,12.390323876475028,12.388954162597656,12.362473841894177
147,11.509801248161189,11.47775800491824,11.477713652357004,11.502895462039334,11.527386528641687,11.459219932556152,11.557289000231993
148,12.498929080176913,12.510983138150323,12.510426219313933,12.377915621001057,12.494342515662547,12.459877967834473,12.462653417381697
149,12.510532001671365,12.50482140004592,12.504877455486263,12.510738616314102,12.526732184408932,12.552074432373047,12.51475677028174
150,12.257588150275357,12.25198707267274,12.252137866341839,12.223792424628575,12.243458275361359,12.240708351135254,12.235657236910273
151,11.820672759478315,11.81370836259844,11.814029707271242,11.940315873942348,11.912352906252682,11.853401184082031,11.897822171853136
152,12.09132856084928,12.081603218687011,12.08166485002149,12.07320243080596,12.143803096305675,12.129390716552734,12.14263434510199
153,12.500443458734198,12.504556748462178,12.503833544181434,12.499840135723064,12.540394067837866,12.535569190979004,12.568560662006352
154,11.852992332333487,11.856133964681277,11.855689767210045,11.877721040422015,11.773981295158658,11.820541381835938,11.757754175691042
155,12.865275695421767,12.853339152042068,12.855699345474513,12.84357055495414,12.910105742103514,12.948768615722656,12.918905271406052
156,11.994840429334987,11.999868851382212,11.998261833184678,11.988882220793755,12.021784127487157,12.035249710083008,12.054128243149853
157,12.658951397851737,12.666482838788777,12.666587162873011,12.6257288489046,12.67416115111906,12.75533390045166,12.743465187884086
158,12.573571779638169,12.574863673950684,12.574489641833889,12.563838142720183,12.616881489420335,12.600056648254395,12.644915517484673
159,12.678578689189386,12.669709195097616,12.67090890029591,12.698777128608231,12.584075775887257,12.586153030395508,12.632583266337488
160,12.415361479492832,12.411976836968797,12.412189238738591,12.416777028892968,12.391107610441306,12.322961807250977,12.334900453365556
161,11.67034673487538,11.647767496524333,11.648247781048108,11.596829392605223,11.676651682927503,11.688652038574219,11.606802512119456
162,12.770400185048898,12.771140186185312,12.77123425990526,12.76644204263635,12.70848404456608,12.70322036743164,12.680015031660554
163,11.705530072474575,11.700102635144978,11.69992866388731,11.712039422703363,11.680594420381,11.649484634399414,11.646617133344648
164,12.596974612131568,12.600043299782413,12.599190849899234,12.56713490664076,12.615686747779844,12.61130428314209,12.623044352183959
165,11.961692781136803,11.968006538899136,11.967490555491086,11.968663233846335,12.046121001461724,12.061078071594238,12.079507410337873
166,11.50620981809597,11.490292615662746,11.490347073963983,11.879348706127757,11.412027232755543,11.513307571411133,11.53821563435573
167,12.317743185270814,12.313766090194648,12.313938095883072,12.320078080389843,12.2998511614744,12.309919357299805,12.311389596747507
168,11.881902070480074,11.853747950959457,11.856414608940659,12.296081735674662,11.866896409705486,11.81884765625,11.86327628100474
169,12.013767033250051,12.024651036418987,12.02348209139981,12.0757707953947,11.963646221455798,11.983457565307617,11.979220899380369
170,12.206356974269733,12.200278410260013,12.20059293280051,12.271336129127478,12.21301108364342,12.219988822937012,12.227524037231102
171,11.662018850539406,11.657527749969221,11.657134745224843,11.903056049712776,11.580421819932033,11.589646339416504,11.597916220575284
172,13.051320190027889,13.056799125457713,13.056727073582692,13.023538537054668,13.030004309602036,13.05480670928955,13.043728959596889
173,12.367639355324552,12.37456902060402,12.374155060789802,12.121268338195398,12.399728505465708,12.486043930053711,12.514696637746745
174,11.981693481154124,12.001695035089664,12.001398872436745,11.893199514801259,11.916464245912191,11.978920936584473,11.941511824768726
175,12.572073173572097,12.573547766194498,12.573561496521162,12.73076714558969,12.579386621680559,12.551966667175293,12.504371777655207
176,12.601718307388195,12.601196276728103,12.60113955271314,12.595735028024787,12.620869037234925,12.620083808898926,12.567838040870537
177,11.920242611712412,11.932903901085849,11.931455620400085,12.134204204586263,11.934275402029519,11.938753128051758,11.897486003404824
178,12.413475661199804,12.411089959037666,12.411271267178455,12.409190557085541,12.343749503337134,12.39588451385498,12.376522204519636
179,11.72857146437488,11.741064615996981,11.740001561877513,11.644075990083167,11.707638651217358,11.710138320922852,11.705438094593863
180,12.207354049357816,12.19920940700454,12.20063024168386,12.241391285900772,12.184627113406739,12.1937894821167,12.166184347842606
181,12.827077019423761,12.820648791662823,12.82271592388671,12.68136609523144,12.756077961521806,12.832558631896973,12.768756559597518
182,12.632808597314924,12.62104304043565,12.622978432213737,12.598615849091114,12.60043456111815,12.649994850158691,12.640649106805656
183,12.352152841279775,12.356213848530222,12.35555836553289,12.328250269467524,12.275486428759997,12.3768310546875,12.445521881258998
184,11.935268679742334,11.942734079652967,11.941520160071809,11.938817178296647,11.870691444019592,11.91183090209961,11.876089663126292
185,12.007132961023444,12.007114241741938,12.007832793449916,11.952547267341854,11.988548860548022,12.04008674621582,12.012398922284069
186,12.162692450057023,12.141914099954692,12.142598476349598,12.173449682283522,12.09020099003251,12.116262435913086,12.112792805182183
187,12.201008479816188,12.18895523278118,12.19020647457498,12.072090265732156,12.270650026473604,12.231151580810547,12.20881447760942
188,12.62982577376185,12.626643732325492,12.62707727739354,12.612988774191113,12.68102834578251,12.666418075561523,12.643158719773451
189,12.201048934314892,12.196385416244468,12.197056341156108,12.056614700341674,12.17143210638789,12.157463073730469,12.183521909915537
190,12.590663924652102,12.590580028426158,12.590702842698665,12.59113991603475,12.618986160757938,12.591056823730469,12.582490516504912
191,12.17357901854981,12.184975749298173,12.184163801386344,12.099826621468754,12.010768465089493,12.084779739379883,12.08729943718426
192,11.66273505657855,11.658369265409766,11.65918873658181,11.625775994633273,11.676274390730217,11.642093658447266,11.644989668222868
193,11.917275582247596,11.91455668760186,11.913637459966864,11.839454353986232,11.917559158605782,11.950200080871582,11.901640618238693
194,11.71087866786092,11.705610917877507,11.705412319635801,11.660363148490859,11.730989598369668,11.670315742492676,11.692670108351384
195,12.583976417827614,12.573218787984441,12.574095424545948,12.564764465810235,12.594801627560168,12.539647102355957,12.504005017861639
196,11.802778285629493,11.802810313422457,11.802644600636613,11.99874574717651,11.85987824278642,11.803670883178711,11.77149355646351
197,12.506447065836543,12.484279145087262,12.486175732387377,12.477939688004419,12.489493209411195,12.39737606048584,12.439825900181281
198,11.730354344632698,11.738995851338267,11.738067288415001,11.75491085100067,11.807288617444321,11.727957725524902,11.751717374242263
199,13.147116657608015,13.130669511034952,13.132277890416875,13.150096488289343,13.183020995132551,13.14909553527832,13.105805900927175
200,12.148225245577372,12.148051585600655,12.148428795718752,12.186305700074948,12.220803330577828,12.218400955200195,12.211575671999462
201,12.04278221573951,12.072209548771903,12.069227228968579,12.102198313289293,12.100687620508582,12.083393096923828,12.13517780346397
202,12.10080724714222,12.113915725576456,12.113004302848392,12.150146717592825,12.091508065601333,12.115509033203125,12.040082586375398
203,11.543118531248775,11.524899053094783,11.525332147548575,11.336435762832778,11.327610231032319,11.367862701416016,11.440695296740317
204,12.9194599124602,12.916752116990965,12.918073812111723,13.03036101182837,12.850499087419953,12.781195640563965,12.867580755913762
205,12.803112005197223,12.795077793286156,12.796237857294873,12.864570962555229,12.835187901437042,12.802491188049316,12.825759310922624
206,12.999673793828764,12.999489411718931,13.000433379483344,12.968832252387257,12.989125960094801,13.021820068359375,13.04505297930031
207,12.14015171405406,12.138004423679279,12.13742615171127,12.122327642022364,12.116488889984044,12.124222755432129,12.133976997709272
208,12.536336396732336,12.52109442454674,12.520897718947769,12.697698837036723,12.563467965401943,12.441373825073242,12.476157569469228
209,11.592244487923477,11.581410324194303,11.581583464904295,12.074816727761089,11.619719252635743,11.632369995117188,11.557629185069679
210,12.476037201431788,12.467286183055075,12.467574215190794,12.500089756982096,12.631555492467323,12.596275329589844,12.647424275319572
211,12.158727029245453,12.158294300219314,12.157873309092897,12.27490512254121,12.095828442226317,12.092695236206055,12.093606387089862
212,12.647893251434086,12.640609900013096,12.641344064035021,12.668120617509793,12.724173466846837,12.724715232849121,12.73726702021122
213,11.898733395373673,11.89578365009942,11.895951898650175,11.884719024960912,11.884754668244664,11.898805618286133,11.884018167435048
214,11.658096525142644,11.675425226656312,11.675313722817421,11.597127586572713,11.643731866111262,11.712947845458984,11.728889231375016
215,11.80552088213906,11.797960655024367,11.798763243688297,11.732850527273357,11.92109869012903,11.87331485748291,11.85861612230408
216,11.87349109942807,11.875564007578642,11.87498599425551,12.100475558087789,11.897040627114135,11.933984756469727,11.922764913323253
217,11.791639265779061,11.801299560226413,11.79958275248062,11.801640859032137,11.878507860899727,11.866963386535645,11.792716440008887
218,11.854507764504723,11.856868788997252,11.855405608027711,11.846476468095304,11.89255774801654,11.875150680541992,11.838942017334778
219,12.492195426968772,12.501079944019892,12.499989765814922,12.476189055053533,12.526136474363256,12.497493743896484,12.509691453525637
220,12.021818651210223,12.018087760091966,12.018525551741474,12.021060807818984,11.942235584040645,11.931097030639648,11.952663998377554
221,12.788028323325,12.77053890621447,12.77166983578339,12.505818457190461,12.855663776730982,12.786555290222168,12.813722543571947
222,12.071978215092589,12.082989503136009,12.08131048007727,12.067881371778558,12.038682390165361,12.091801643371582,12.10505738742257
223,12.240380987372246,12.240262881355715,12.239961359381457,12.267378467609204,12.24531940129105,12.251836776733398,12.24860406339205
224,12.172607449831427,12.1725452803685,12.172639917983162,12.179057601389514,12.120988971581413,12.103626251220703,12.131048627919323
225,12.55517738157776,12.5674576201395,12.566862784043792,12.541900178363269,12.539884165245144,12.567617416381836,12.55763171778078
226,12.887960498552351,12.894308732935665,12.89563731916438,12.937886198553155,12.973132002744284,12.876485824584961,12.91072790716353
227,12.72059889453656,12.721195371387989,12.72119428012044,12.674468823719447,12.819270594918605,12.784449577331543,12.767668639672054
228,13.355963621040734,13.361503880343097,13.362093750088034,13.323425250694996,13.213944059108133,13.177170753479004,13.16145843244497
229,12.24275158306111,12.239973546498835,12.240109701937689,12.299098846806327,12.299381555900329,12.25279426574707,12.276523054925306
230,11.996965643124614,11.990998532191412,11.991572140246964,12.204967069101977,12.011127036972812,11.994393348693848,12.003622934262166
231,12.076091233142417,12.08760379859874,12.08488286105053,12.057714352242332,12.138670274905188,12.075136184692383,12.11263602916794
232,12.340166684302318,12.329954600200725,12.329957688013998,12.33282972471452,12.351404624336809,12.345142364501953,12.312491940191384
233,12.249006608541327,12.24858519251872,12.24868989809489,12.267620907835015,12.26977082853141,12.266471862792969,12.287949870463494
234,11.96256688685544,11.96548000730873,11.963882038684835,12.065229324243802,12.019991859966638,12.004075050354004,12.007948854095035
235,11.833972981587525,11.853068804172906,11.851253454612902,11.832506192147713,11.784517552825417,11.776050567626953,11.710416412227293
236,12.21805585190946,12.230023641316835,12.22929426174998,12.025662336763306,12.23332273722167,12.260433197021484,12.2389470228495
237,12.227031139724968,12.209467844138798,12.210976094496976,12.209456028828718,12.243690445485615,12.218740463256836,12.207849126373654
238,12.744497811932174,12.750999299063434,12.751532440106896,12.724163634884496,12.628748311196432,12.707521438598633,12.778450043416424
239,12.39731243907082,12.39479414434537,12.395023776830401,12.383331480393629,12.36638156461841,12.354416847229004,12.33313554220825
240,11.901790609947923,11.914780894679176,11.913661255088387,11.897753787247535,11.977986735161911,11.93453311920166,11.935513172282752
241,11.951413666981422,11.947484269150253,11.946726417940095,12.084457908053585,11.907233955755018,11.871408462524414,11.881399686097428
242,12.127740880288247,12.123303539984931,12.123051775961335,12.197681811671302,12.108140321697556,12.134822845458984,12.081623371786117
243,12.468997401875233,12.473922134504683,12.473995040369978,12.449658830469545,12.436246147375124,12.47689437866211,12.466317582140418
244,12.617071026947121,12.605456934321657,12.606842942950161,12.643959406680569,12.698691051011455,12.694339752197266,12.665384184399906
245,13.010793241844759,13.009437432235492,13.010075030850246,13.040465077657156,13.006683106207852,13.016551971435547,13.01255518331732
246,11.874041316372926,11.878544940813176,11.876936930941495,11.879865246681678,11.943152934291687,11.892359733581543,11.897019331721488
247,12.25519001866952,12.219942183452064,12.221194738574786,12.21646118635002,12.260416789580036,12.338202476501465,12.232720268187627
248,12.182924117296078,12.16649123148044,12.168706851522295,12.114034759931567,12.142897353757576,12.126124382019043,12.144951526505457
249,12.281822422135933,12.280073913192565,12.281376758778455,11.945769505386874,12.300650072283775,12.23647689819336,12.269266835126723
250,12.911394792168862,12.912516584350314,12.91282699975649,12.90474568818134,12.777398318002255,12.834449768066406,12.845156091736419
251,12.851320192865447,12.849495136264764,12.849621189984576,12.827902779026962,12.843083689835522,12.847785949707031,12.83884404569007
252,12.300792588185779,12.30299507523378,12.302572036358072,12.410791124945696,12.296400369271007,12.279808044433594,12.271690779190402
253,13.134600327062799,13.128622532373743,13.1302854865733,13.095203680182633,13.131581350355185,13.122268676757812,13.035867016478445
254,12.055690058092788,12.049240741848832,12.049794775439574,12.061867170891508,12.043416883931094,12.075739860534668,12.086203820384522
255,12.10800177732597,12.107589465584354,12.107567459478318,12.151111048767785,12.159473454971076,12.158474922180176,12.126643239554262
256,12.349757212286448,12.342475991163553,12.34265627228905,12.371233686559945,12.407959355977088,12.4456205368042,12.379272245079706
257,11.787518388589973,11.80962692647011,11.806727928647947,11.795649684740049,11.994113372256262,11.920394897460938,11.894814597291184
258,12.476277945563602,12.476147479376904,12.475767307081181,12.477489965574096,12.636053206330647,12.600400924682617,12.575502187831997
259,12.391767228260466,12.391899166883935,12.391924627058545,12.380908288205744,12.40896421151406,12.359106063842773,12.38914315164587
260,12.276492638038103,12.276884169635013,12.278027566824676,12.251585709330094,12.258776459980895,12.227304458618164,12.226214404595972
261,11.946527547917444,11.953567819092338,11.952763022853398,11.960081642365015,12.036265435437517,12.024967193603516,11.910797863893395
262,12.321193175306835,12.321633081768287,12.321137368658118,12.316192127188248,12.307116491637418,12.327876091003418,12.302155690872699
263,11.772183610709254,11.76400535805507,11.764170627427552,11.82129508502941,11.841887130527395,11.827702522277832,11.855134712162506
264,12.45344748253061,12.440362069821997,12.440003912417428,12.476447339633452,12.398297477274395,12.452369689941406,12.463902203598693
265,12.05537519714256,12.059725417308945,12.059395308764982,12.083335578068262,12.220080977914954,12.191134452819824,12.193524305041208
266,12.05182087734404,12.038480927777393,12.039646186241285,12.060553142857689,12.145878173237755,12.08522891998291,12.091531125063051
267,12.592412886274992,12.59279454763059,12.593317663829401,12.57533973078866,12.511473471426884,12.534036636352539,12.634719616937588
268,12.140328468961275,12.147950622323235,12.147347520631874,12.15571148269938,12.158399006549688,12.174819946289062,12.146455835860115
269,11.848543645090782,11.883374023783974,11.878252484691332,11.868292110125257,11.818092244020859,11.986483573913574,11.918355123666315
270,11.931252687997548,11.925883640725408,11.9261696869264,12.086821174241596,11.831793501396696,11.797733306884766,11.791927430828574
271,13.001193650409913,13.003243748621099,13.003734400722927,12.991649571560492,12.994937058519497,13.071210861206055,13.012419478029951
272,11.801788024803027,11.800927958109906,11.801519524458918,11.879439241237419,11.714710096872551,11.726468086242676,11.677001997942655
273,11.466213898250313,11.464745807569544,11.46276769935865,11.438460186155645,11.432096367312061,11.43516731262207,11.500186917629671
274,12.476344641929082,12.47050460970603,12.471941599482706,12.214571135682045,12.363570707942511,12.410969734191895,12.434511371823417
275,12.096028083260784,12.10403163200279,12.10175895289944,12.032422992923419,12.016740105908061,12.057443618774414,12.056086636616572
276,11.866408902543004,11.872143914179311,11.871787958415208,11.845546680994914,11.752226644152632,11.748907089233398,11.76964832748225
277,11.888377502597962,11.88159838892921,11.883152344343234,11.917185007490474,11.91868723886067,11.875038146972656,11.866535947092057
278,12.672488764627461,12.67657601580833,12.678125787303102,12.693307064552418,12.650880917541912,12.617974281311035,12.651543835542249
279,11.61157492841229,11.609465919340781,11.609957313226316,11.611285379423375,11.543361408829556,11.541403770446777,11.53234446791514
280,12.266277318919869,12.267073517858783,12.267297914190856,12.279236458755822,12.252844483044948,12.21241569519043,12.197906406114067
281,11.825396168571954,11.836846829912233,11.836224037414254,11.682739360285193,11.825539224105212,11.801783561706543,11.825513465606079
282,11.70870121232175,11.702103896843076,11.702160525573555,12.174113516290006,11.84488813355409,11.801695823669434,11.796662450165593
283,12.464905833984707,12.466647737780049,12.467346854113508,12.476053330406321,12.521334032076014,12.536954879760742,12.5203005160904
284,12.457284430191715,12.459671899661442,12.459676285975673,12.42590782991356,12.477656701136668,12.422659873962402,12.419952578990241
285,12.17709849713014,12.171915310417315,12.172297626802603,12.230533544059103,12.206417298285535,12.212716102600098,12.22115779428953
286,12.062927619870646,12.072801419734937,12.072133533733332,12.155973766163601,12.146484574902914,12.110224723815918,12.11891133356135
287,12.681002101245022,12.690978804142846,12.690936905867167,12.730951506071092,12.610251047306313,12.780919075012207,12.757745403514596
288,12.032457711852993,12.048232331638502,12.045391678219227,12.20428044887616,12.097801784604124,12.078605651855469,12.034115930007902
289,11.707778728535077,11.71456703122478,11.713087100802682,11.69722017465915,11.696630558986978,11.707096099853516,11.696187270778227
290,12.28289370415174,12.282405500543597,12.282581752961134,12.00170520250305,12.23394510166177,12.239805221557617,12.247345846228573
291,11.940202004870013,11.934344962640036,11.935211637462439,11.958352851850474,12.020935439409703,11.978354454040527,12.006051162232364
292,12.011672927013787,12.007191814036913,12.007355417657008,12.051554623309181,12.02409624647906,12.051279067993164,12.045280159624854
293,11.83794877614368,11.84364378971873,11.842425399631002,11.907279081457993,11.831141678157243,11.854415893554688,11.801498047909627
294,11.814823860476121,11.818014724281964,11.816916348734928,11.860420224569248,11.85189577096651,11.879804611206055,11.826857687859405
295,13.060499067502167,13.060830778957445,13.061814766191102,12.268393187135793,13.172483157013575,13.107861518859863,13.121774475400812
296,11.884552213927424,11.869604766833714,11.870841759443245,11.943282136517425,11.974375225593603,11.929926872253418,11.958312221742029
297,12.241367497971993,12.267319498597594,12.263230633377207,12.13133489030183,12.153601269910915,12.231956481933594,12.24928755100091
298,12.339567803986885,12.338156035228034,12.33826357062776,12.323292641085601,12.308156250957909,12.32779598236084,12.324207675566788
299,11.952768252073566,11.957154713806831,11.956216957957826,11.94771354176452,11.972100544273012,11.98954963684082,11.962348523897436
300,12.023049359178827,12.023108795076553,12.022892832007166,11.987201936400956,11.985586135826257,12.01421070098877,12.012503230996739
301,12.32113121827158,12.313206971959401,12.313600823730374,12.24571305228492,12.194058715714501,12.20960807800293,12.219529832833103
302,12.188773428079648,12.155051929559008,12.163632321223233,12.099840031622517,12.268159524509674,12.204254150390625,12.260548561098668
303,12.690930927928978,12.669044636702978,12.671674561530816,12.678274884356286,12.753656495251892,12.756797790527344,12.734538246367181
304,12.2742117104199,12.277565014852378,12.277429094838357,12.265381451746986,12.312399084868588,12.268184661865234,12.262067227066044
305,12.039644531185225,12.034026310449141,12.036114177775348,12.165648402609534,11.971895567481528,12.006247520446777,11.988363974702496
306,11.888645034418712,11.89693164278642,11.895879822414594,11.920568585219083,11.92577747541733,11.937557220458984,11.932003269082966
307,12.255224455977565,12.250134979786385,12.250013538851155,12.196281234829902,12.211546152220857,12.23147201538086,12.220104671456399
308,12.123864985623639,12.12149078942942,12.12210195841542,12.14221453793795,12.132797995804601,12.11731243133545,12.110375792304474
309,11.989431959935942,11.99794302455485,11.996963608816582,12.021375165028264,12.041382599091998,12.036504745483398,12.009335727994166
310,12.040078858278223,12.067836612938,12.06533253585709,12.156558674343469,12.017971635006294,12.007147789001465,12.01355471835744
311,11.579914807628807,11.59765379066479,11.593237046289268,11.713391182620422,11.717829171407228,11.682902336120605,11.57579098506012
312,12.147430974522585,12.144881484040244,12.144618119254202,12.178429663648213,12.118378086679,12.08445930480957,12.100334964190193
313,12.421700077918503,12.427340650099993,12.427224540946613,12.393590441745808,12.422163126441971,12.437843322753906,12.443546749756432
314,12.175998089895979,12.173710477075767,12.174140518817286,12.194776420275016,12.151968750626052,12.154433250427246,12.151325439643676
315,12.14960317436184,12.149067562977958,12.149190093808386,12.199920216696391,12.227000326360464,12.19195556640625,12.194784355905712
316,12.692236960561585,12.70689873762074,12.705621283019218,12.684581437411506,12.732596686476555,12.809927940368652,12.813780754664439
317,11.801156472137926,11.789680792483288,11.790455390680588,12.067480130006743,11.780405644874794,11.738377571105957,11.748773191277856
318,11.7861172749275,11.790341337199756,11.788736420254645,12.027514109580595,11.854934498317935,11.811251640319824,11.817451340574758
319,12.116648801746539,12.106847568238903,12.108380853040003,12.178927271104465,12.238130419851139,12.210186004638672,12.190967248567251
320,12.60916485309434,12.608098703302415,12.60803553930764,12.634842450344124,12.586401670384241,12.55336856842041,12.573446888451524
321,11.583822113837758,11.592518464153736,11.590813068145987,11.601644069384449,11.49765310045569,11.540287971496582,11.550266660469886
322,12.093734608794705,12.08938885232035,12.08976546054907,12.024808458121157,12.104785144519761,12.102234840393066,12.12863016129783
323,12.007633594893228,12.02914033994635,12.027477041801383,12.076458885492322,12.025483876711535,11.991622924804688,12.017192584441842
324,12.451975493769705,12.468890934546252,12.4672665396074,12.172716089322968,12.273581212885416,12.36987018585205,12.35561065515205
325,11.627980289574863,11.661440870555941,11.6592805606434,11.491699800639568,11.666750641900634,11.630901336669922,11.590918562057341
326,12.374785601521097,12.370232535595363,12.371256205342833,12.34192167519415,12.368450509723722,12.375577926635742,12.370965993246678
327,12.658814016925703,12.66823473685635,12.66827655035306,12.397271670366509,12.606096849976941,12.678511619567871,12.668202256815905
328,11.909003089908511,11.907123121587611,11.90722856582125,11.873098219843072,11.971394096006794,12.011445999145508,12.02660907148072
329,12.198203240024375,12.195680687920703,12.195483931990404,12.193746292485987,12.23177130062774,12.184597969055176,12.234826994743235
330,12.706247914339182,12.70716726323183,12.707221671064037,12.707186783620731,12.648479297934758,12.706255912780762,12.718626298968234
331,12.062158245885357,12.04827217614297,12.049716190119781,12.000531088181667,12.056663518071678,12.077231407165527,12.048516891076893
332,12.368893452714453,12.366540322683344,12.36733335800205,12.289431033767604,12.404241728811176,12.456520080566406,12.428285871826525
333,11.997230579968178,11.979772642178363,11.982065979323552,11.998916294912302,11.993858916113345,11.995304107666016,11.998934280178558
334,12.044930903798422,12.047530050508092,12.046952016912696,12.035135508738495,12.007342057811984,12.017512321472168,12.027236569939319
335,12.62853646036717,12.624009257824236,12.624228046264264,12.66552254862315,12.758480562609074,12.704256057739258,12.793809398546104
336,11.795821759979557,11.79799593228574,11.796530030265018,11.774450389271925,11.805753600956217,11.7842435836792,11.766771157436951
337,11.987203792830734,11.992265480482216,11.991114326053244,11.957896185457873,11.965081608340418,11.96993637084961,11.994442640392926
338,11.830615497689413,11.82240079735297,11.823395932617439,12.427491651323177,11.80543087580724,11.79797649383545,11.81503582849866
339,12.372428661444568,12.380672724187445,12.379548690107566,12.349681795072541,12.401514764555404,12.383977890014648,12.402181467073
340,12.738157078127712,12.736179435114135,12.735513155815978,12.798912689872692,12.809043714405645,12.759469032287598,12.815429304947891
341,12.444026694459634,12.452364730576976,12.450698259251332,12.410826559301409,12.454803840050426,12.457027435302734,12.449761546950771
342,12.016100626964406,12.014746343876185,12.014658944067405,12.199587193797814,12.071931045311187,12.048761367797852,12.045295450923156
343,12.360534077371417,12.365455653320637,12.365370739578921,12.363109452021387,12.372563150979966,12.31613826751709,12.332341919753771
344,11.939402432312574,11.935573273305913,11.936085220422521,12.037805794821933,11.99868445770685,11.976921081542969,11.984403270055559
345,11.933010447520525,11.921530918169925,11.922544810396259,12.034208940950817,11.937088501405453,11.971948623657227,12.000934989127304
346,11.68447421815137,11.701247412364735,11.700055386772359,11.687760021965465,11.744902731597032,11.700180053710938,11.669401448605516
347,11.920830138477305,11.891478816931583,11.892106235464944,12.067473700440162,11.915626103812823,11.949344635009766,11.86295689379342
348,12.540276370815903,12.541311063090573,12.541231547331815,12.116445524427265,12.515399559844624,12.469578742980957,12.51564492057413
349,12.161469423066835,12.16143912156088,12.162497880333893,12.182579123264606,12.223031813477483,12.204532623291016,12.184123347951942
350,12.084997266727253,12.099022028243363,12.09671056473331,12.060976196967149,12.0660985941848,12.037616729736328,12.100383779060467
351,11.731793987326379,11.726643111878541,11.723831028164957,11.939828459098582,11.827550549894822,11.715328216552734,11.795886606360954
352,12.54472309376317,12.541316152998181,12.541489703525974,12.5168870904626,12.516768974307322,12.514464378356934,12.526653488799763
353,12.518843570916856,12.526910583074443,12.526665656292703,12.599935482134539,12.707045038763464,12.627863883972168,12.659457304254522
354,12.812735428219424,12.810982635444127,12.811753222918998,12.836459499401293,12.812038232832208,12.8358793258667,12.822926704206784
355,12.315229211103203,12.310238913774812,12.310029871107952,12.288233108920611,12.297702491925971,12.321245193481445,12.321162336897702
356,12.006085012595644,12.013611846203302,12.013788874434184,12.019783471124157,11.925992180612223,11.954337120056152,11.943029243348919
357,13.11900911723654,13.110837180430872,13.11321091477408,13.14597399114795,13.148530557280113,13.084236145019531,13.06419335642654
358,12.899188605009257,12.900739670957105,12.900828111350796,12.899324683187672,12.956750206526602,12.971396446228027,12.948371006326298
359,12.37395599277388,12.364595708726803,12.365148018348526,12.38373606163563,12.174169465202597,12.158065795898438,12.184762557943259
360,12.218600113316072,12.19360029668746,12.19512669499202,12.216852265641307,12.332945663008552,12.24156379699707,12.250114392715739
361,12.693523418174946,12.68563810823391,12.68638187828457,12.70704999311759,12.702249384623517,12.682598114013672,12.676239833804988
362,12.791612837270652,12.792185066527756,12.791882640216855,12.820849486936602,12.790710027674715,12.817617416381836,12.862061967259534
363,11.904832253421034,11.903937254934688,11.904496741381319,11.893338837447457,12.026916110212122,12.030128479003906,12.021993814054136
364,12.808699883526957,12.808850133503741,12.809726372813255,12.789212187537398,12.84617420314345,12.79613208770752,12.810988644695248
365,11.75619577365807,11.763984774676754,11.763201550173948,11.577710423780056,11.731860617615775,11.675270080566406,11.647202018288752
366,11.96646059077723,11.939020483550529,11.942061764118927,11.968752812654754,11.984680202609308,11.999695777893066,11.91348538725134
367,12.015799556360157,12.022697210999215,12.021882704378447,12.06329643885809,12.008420113036424,12.032432556152344,12.034987881380097
368,11.5942111503492,11.61014226340312,11.608243708919149,11.591521663497335,11.531894994210544,11.5521879196167,11.575658958830752
369,12.294296602394931,12.289917243904357,12.289606489379002,12.301491998318586,12.279701196872315,12.267516136169434,12.266561008197435
370,11.948060166943723,11.970084699418567,11.967882315932755,11.802623296338366,11.843216303089394,11.80557632446289,11.841053136932597
371,12.244674200376142,12.26545131563611,12.263654133972096,12.262119904941008,12.24065450657935,12.275450706481934,12.253416722036423
372,11.916602826632566,11.92764671045046,11.92674080924869,11.967899317968207,11.947300736692274,11.959321022033691,11.96806984472066
373,11.930175314259793,11.928820626368891,11.929141222656853,11.925030956369628,11.891806354172235,11.86611557006836,11.91352388869519
374,11.680958663294488,11.681639249828459,11.681587795107106,11.716373372609226,11.766415567790867,11.71351146697998,11.703483527892711
375,11.77110310917,11.774673326041373,11.77396242705076,11.676642772508778,11.90622700500444,11.812610626220703,11.815484201432293
376,11.989602781297744,11.984394002144384,11.985578363651324,11.784593755790496,11.981151773111355,11.997517585754395,12.068004032294766
377,13.095364682567908,13.081137461198512,13.083549672220162,13.104631790734482,13.124594250986041,13.133143424987793,13.06437802719746
378,12.090597334928315,12.09676599672798,12.096864726505833,12.116015575877817,12.096364988570805,12.040178298950195,12.083331761826756
379,12.040895050429603,12.046478243653393,12.04650571115243,12.055955070992244,12.046655726390606,12.081633567810059,12.091178917157121
380,12.34707217480792,12.349094199454369,12.348852202945144,12.317769178252881,12.285007907071526,12.308433532714844,12.300509181098578
381,11.781878203567086,11.797810847354729,11.796585686547251,11.80052814484418,11.884757797345994,11.853745460510254,11.770058504552189
382,12.044972902334445,12.044105131348267,12.043366264882325,12.130196562678746,12.070260084671151,12.091058731079102,12.054997934041392
383,12.013464724725964,12.021032249850844,12.020202293732956,12.086065077280601,12.061989279156727,12.043929100036621,12.045739263552193
384,12.575808180422323,12.577802950906117,12.577323960810917,12.565622927259327,12.551491161378362,12.564486503601074,12.567941849339585
385,12.117113270961163,12.115861902559837,12.116345880208423,12.172562596768046,12.150603676501198,12.187164306640625,12.16384204546652
386,12.001480121608514,12.015263476899822,12.014912651634047,12.01585209901479,12.007200530376064,11.96877384185791,12.008776153524297
387,12.447991192636385,12.447450993808685,12.447452692290497,12.398484838887509,12.430341628029282,12.447585105895996,12.463953879205748
388,11.612965684561626,11.617241720198017,11.615404530570878,11.571441253510093,11.605725012484653,11.549259185791016,11.545188898754214
389,12.014324188911937,12.025001425465891,12.023250560272485,12.022348580065577,12.086399885395528,12.063304901123047,12.056987039346598
390,12.046436539732705,12.050960682231338,12.05060062895375,12.08245556525699,12.086586787488317,12.06351375579834,12.079628021442009
391,12.179513273601126,12.178615844481058,12.178483495768889,12.170096053942489,12.185869537294714,12.1933012008667,12.191568725431486
392,12.259699657752329,12.25441557437921,12.254110952132942,12.278615735570698,12.181720778618155,12.238452911376953,12.252455373748374
393,12.09644238465239,12.103478314493987,12.101177377507199,12.085721831436125,12.001206570788414,12.027142524719238,12.065467067347665
394,12.89392330266911,12.889659835663146,12.890439360375382,12.885043345704688,12.903766264926217,12.948088645935059,12.92276292361314
395,12.398707361100287,12.397359967053344,12.397092674726599,12.380753665592534,12.346999709977482,12.34865951538086,12.359705953289943
396,12.858778871402126,12.860420499215607,12.86139088602967,12.858907378474779,12.927799224610103,12.932530403137207,12.936735173274043
397,12.05848211049656,12.069214123953003,12.06782783543765,12.03124819833383,12.034352745741854,12.029914855957031,12.036078577563366
398,12.144416793613559,12.146739951439864,12.146960358050714,12.18465648221074,12.178885524099663,12.1930513381958,12.190768503124064
399,12.349820624021852,12.346292156270874,12.346470464933242,12.326326075731178,12.36039066583,12.31888484954834,12.302456794191968
400,11.916355485763267,11.92201309099011,11.920197517683278,11.921488708866084,11.845641232387882,11.885659217834473,11.841574833966572
401,12.102054657179037,12.102958316681283,12.10212790032252,12.116542784901371,12.14084472168348,12.12137222290039,12.078707195336017
402,12.627478478111431,12.61660457404071,12.618123699561856,12.61802070502868,12.54964807160304,12.564410209655762,12.574587298984774
403,12.882554463116604,12.880099451438657,12.880630561696295,12.861855333206746,12.900827559699886,12.897726058959961,12.884304861558523
404,12.090623650365247,12.052723775107088,12.05742274825421,12.123211920118505,12.064570114974748,12.070695877075195,12.093015681451659
405,12.024605549861063,12.025718295219528,12.02568662604065,12.232559084691257,12.060747975436819,12.064397811889648,12.061045770753758
406,11.928868080693134,11.943985887097053,11.943202145179233,11.939283367426148,11.921452252548319,11.94529914855957,11.918619310986001
407,12.513487503373986,12.509712325960505,12.510315558177965,12.511619531603401,12.512268620297286,12.54732608795166,12.525439587874503
408,12.591497219869666,12.598974574004334,12.598939675036732,12.590743632074524,12.551683931373002,12.55377197265625,12.590228863601228
409,12.381916140532159,12.380731445584445,12.380680321745912,12.358037387265874,12.332044588473474,12.32952880859375,12.347432289392705
410,12.313874816323912,12.314239188816853,12.3143275728905,12.321646020417797,12.305443903203223,12.309679985046387,12.290444595361848
411,12.627743484601204,12.624053090055883,12.624589210132235,12.61911003387208,12.577223854526789,12.604776382446289,12.612786003083045
412,12.014107661931984,12.031207127332115,12.029211599065919,11.939499667079321,11.885886587626475,11.973784446716309,11.913113804770505
413,13.086887631345443,13.095355214161895,13.094373299104282,12.965602448853431,13.105867358594356,13.13082504272461,13.130980600917763
414,11.7487725280699,11.76376558466744,11.761949011764226,11.716659243929866,11.751893971423206,11.73144245147705,11.683168347650644
415,12.235139394121976,12.234134522657037,12.234088842178029,12.231764691118725,12.22167755401375,12.252653121948242,12.283396042479069
416,11.960554104082627,11.960097808254224,11.960958232870762,11.998641113575147,12.011773567611016,12.03234577178955,12.040961577008053
417,12.787601441836664,12.801323731638316,12.80107094207683,12.786485455804515,12.808345578518919,12.846025466918945,12.862821805938317
418,11.957419117963573,11.975967960203523,11.975865445734268,11.969290628757452,11.96223613038437,11.965182304382324,11.974576284221024
419,12.30605068611485,12.30266093032225,12.302865083752605,12.320958632194346,12.363354029530928,12.34925365447998,12.362408021579322
420,11.956845435436293,11.93772023645371,11.93933238643146,11.751153259718144,11.938259525909269,11.93234920501709,11.961365431459877
421,11.684212763976051,11.684496637262393,11.684116929372593,11.664603696473186,11.765287649222,11.723361015319824,11.679470508562906
422,12.328330448217814,12.327078244020976,12.327067299931729,12.296400954253428,12.289604179267368,12.288349151611328,12.277709695603921
423,12.120389447188725,12.122545725388253,12.121778328435884,12.09880776602269,12.19975081038298,12.142461776733398,12.112606646217912
424,12.909236959179252,12.910996382626927,12.912590517278812,12.854820834660682,12.502573500223845,12.43724250793457,12.381314429803167
425,12.281959714999903,12.27350650091498,12.274958239081917,12.334843586058314,12.31555432246095,12.285977363586426,12.318071645855575
426,12.05743560476045,12.053305069474636,12.053932197883372,12.106829345370176,11.917902760733524,11.970462799072266,11.910486924622667
427,12.388139534848452,12.378513279408002,12.379393391796572,12.333423902527514,12.339604068120796,12.330718040466309,12.31424202390816
428,11.886426742265536,11.899873594126841,11.898960123525328,11.97362651273107,11.978883562901245,11.954519271850586,11.987669626142315
429,12.598489417174326,12.586343983574013,12.58783465237042,12.496383323334003,12.60685849277173,12.586097717285156,12.6785671250599
430,12.128791214026744,12.156347917633717,12.153582147770651,11.980466215951411,12.127283664306832,12.223668098449707,12.149485887007806
431,11.985683279598657,11.982968207757164,11.982876218399268,12.007397582513246,11.997169352483134,12.020092010498047,12.030463650953536
432,12.575980261356019,12.564511183851925,12.565212606148721,12.830514368301735,12.55941233844543,12.429011344909668,12.451561289071519
433,12.470140807275852,12.476767956291305,12.476847134054296,12.349900032458471,12.333560069768483,12.306781768798828,12.359052719180072
434,12.558179886570466,12.572338191204377,12.570735021618473,12.082676595539283,12.594223559696182,12.636972427368164,12.606993100577585
435,12.038572225624158,12.045728025274729,12.044723120310366,12.02320625960127,12.013538716448698,12.020295143127441,12.026990582257886
436,12.251500791963114,12.250066655423288,12.25032387896403,12.258116362705524,12.284228541937553,12.29787540435791,12.339970383934517
437,11.92854784545471,11.925486569903875,11.925539599335934,11.90581994078866,11.975920127860075,11.979830741882324,11.982430682011842
438,12.041708921791024,12.039411438550845,12.039328635402015,12.018836674773718,12.0789326552976,12.072598457336426,12.041261080742837
439,11.741168120417742,11.712097348227873,11.714280493575243,11.753328293206666,11.627709448435745,11.61690616607666,11.631116446779952
440,12.140201978485825,12.119641536205531,12.120880813725288,12.178064376606994,12.116340059133178,12.165128707885742,12.146989219798572
441,11.532102160646414,11.527328883225312,11.52729103362017,11.83140734870723,11.543994352741842,11.610937118530273,11.68968143971993
442,11.686697986846196,11.680399102358269,11.678750699770838,11.606071928037371,11.786296056920916,11.702817916870117,11.69558653460476
443,12.388486954450205,12.376137745592901,12.377437207659794,12.387699798203585,12.425599007347582,12.326080322265625,12.346669525151915
444,11.833603879972971,11.842470759736047,11.842489900924068,12.058809030450483,11.901523090991818,11.901350021362305,11.931900156944767
445,11.511779766629544,11.493460048705455,11.494634494696466,11.574856706534508,11.363741258100873,11.308602333068848,11.361008196175954
446,11.886189332863554,11.887405933195605,11.88716540078253,11.920349458430078,12.017281226086345,11.976177215576172,11.945055972407854
447,12.153521582953667,12.150428015726774,12.14995993846598,12.220348230654107,12.144290670431579,12.162413597106934,12.161168892111958
448,12.309248627016004,12.317119465573798,12.315912309593545,12.302551308203112,12.296629338722937,12.294967651367188,12.299723113568414
449,11.854220537953347,11.833531304002221,11.834250484842922,11.77390557233582,11.990777353378729,11.944108009338379,11.977342623895796
450,12.506057794255028,12.496862847150116,12.497367506543492,12.516490252210694,12.485066708803672,12.463135719299316,12.483665032303685
451,12.24464899540679,12.244773521569229,12.244705056271862,12.212918311877463,12.227541710325344,12.223142623901367,12.207838108498027
452,12.212683825212208,12.209215009136775,12.209145360758988,12.166421523271897,12.215627164020818,12.205777168273926,12.232753937983256
453,11.94917618351243,11.949267300191197,11.950025682014564,11.979372550972826,11.98853635244334,11.997312545776367,11.958013711779113
454,12.064949375616248,12.06272910109809,12.062843148737382,12.125692663307412,12.08957478432751,12.078971862792969,12.071908594633868
455,12.721791607035408,12.72112479021037,12.721475269726422,12.708672677995331,12.70786568098684,12.754504203796387,12.767714572274775
456,12.231265640960958,12.23007911871896,12.230600440301759,12.09312387075277,12.184859556830432,12.19693374633789,12.14797430133227
457,12.156087785528415,12.167746690341604,12.166120876525683,12.1849491886497,12.1753705782192,12.152490615844727,12.136495831957882
458,12.394460248560156,12.398458688187695,12.398388057154003,12.376244423743977,12.370876271863912,12.40937328338623,12.419026299580265
459,12.428313571389133,12.424927695908591,12.423344802171652,12.606163491889724,12.382068812074658,12.368704795837402,12.42860217596046
460,12.790444769596014,12.802637068835399,12.802314924383628,12.757217934102382,12.779033282190456,12.781968116760254,12.795736031567639
461,11.873262744102624,11.874174698481953,11.874372201470173,12.055043477331044,11.926924191971354,11.9215087890625,11.889899569738642
462,12.780806260779304,12.77439280138669,12.77579940349255,12.72683243660286,12.816350568695514,12.810158729553223,12.803287752577946
463,12.314565265203985,12.319476858321162,12.318969711814741,12.282651506331035,12.312877667228527,12.342718124389648,12.32499075600463
464,11.790884415790115,11.773183399723445,11.773115680624086,11.783733145019834,11.825022236573423,11.876798629760742,11.804568128435163
465,12.475128533130565,12.480352175541729,12.480482402965755,12.486715842241386,12.47596863675021,12.485477447509766,12.44373633208869
466,12.132164509072691,12.145137975997397,12.143811176229072,12.065028736358462,12.084087135158656,12.142521858215332,12.163002905491084
467,11.941558645206301,11.93631170276548,11.937050003083904,11.93660177173629,11.976826584781772,11.950217247009277,11.936641361772532
468,11.764479434900291,11.760399436393026,11.76097261632225,11.991706306488267,11.72556065367421,11.723341941833496,11.69795599941048
469,12.773736443455919,12.77748590582129,12.77767824439254,12.765967646703626,12.722285961336688,12.72868824005127,12.7507953856706
470,12.199799572078007,12.194763366981908,12.195570516225418,12.180877292042423,12.218321792135919,12.204156875610352,12.202908648381085
471,12.868616182632005,12.863639665768288,12.865118721987763,12.796305459754622,12.726567617206829,12.743996620178223,12.77431874481685
472,12.176354040659648,12.174840176797227,12.174559927618908,12.174840890468598,12.227368619044771,12.203285217285156,12.193984205548993
473,12.200028111583828,12.199227681252875,12.198866306160598,12.173031561162329,12.176075134466414,12.171492576599121,12.177198611594196
474,12.403848180087685,12.401753439024118,12.402640017909642,12.463053427930646,12.43562535492019,12.411511421203613,12.467272739599641
475,12.544483944831374,12.555311373294767,12.554259614392416,12.536831896102441,12.565885500695721,12.550676345825195,12.607502279126196
476,12.134852385776274,12.13803575413498,12.137957334713956,12.0084248374112,12.206685833494934,12.17873764038086,12.195100230916651
477,12.76357506188984,12.767680295958753,12.769086163076896,12.753279909166345,12.681853734830547,12.743701934814453,12.811827956885566
478,12.132203221246412,12.128804538584468,12.129203848719847,12.024530081236547,12.083455813429598,12.106143951416016,12.098684370380381
479,12.015805064421786,12.015069586584058,12.014590236373913,11.98953215003706,12.032394192831111,12.036417961120605,12.05558158848582
480,13.039828291561548,13.042911992291291,13.042570528427445,13.087607505934741,13.05591270832723,13.043757438659668,13.036293543668698
481,12.608195335986034,12.607844630001376,12.607808099968654,12.607700249404528,12.606921998319304,12.548636436462402,12.561460355909258
482,11.971895739103257,11.98790238138374,11.987252115722992,12.04779029231941,11.983529918238574,11.94960880279541,11.966133711964648
483,11.971639160925918,11.971255558985327,11.971957675574037,11.941903114341025,11.90198198219317,11.9776029586792,12.01056277627127
484,11.91689538041136,11.912925281081165,11.913767689130031,11.931316734176807,11.956844996928268,11.962801933288574,11.969515232191949
485,12.963097563963434,12.971189814502676,12.97211079853185,13.126512932847017,12.943392376418506,12.929337501525879,12.896334647281929
486,12.296615104445435,12.296959415762334,12.295801394449862,12.088977661792814,12.198954483414953,12.202500343322754,12.259630790034777
487,12.007731795960458,12.009148013469979,12.007152206619649,11.962925788922885,11.944881686545418,11.974079132080078,11.965219208684044
488,12.356197567752215,12.354182549550947,12.354169394414265,12.327946216596509,12.264646207253065,12.272186279296875,12.2822808681428
489,11.981954964891786,11.984491168064343,11.98386556795343,11.988969471281317,11.999969248543083,12.010869026184082,11.976259263300355
490,12.398819223894762,12.397035260457354,12.39729625789512,12.433040221796135,12.392407446386922,12.395400047302246,12.3876987289063
491,11.762514260359945,11.76442497440719,11.763149616652424,11.834860137959845,11.815891340191891,11.746000289916992,11.760309599926366
492,11.853062376209973,11.83344583291331,11.83606468534291,12.059958947897902,11.832985787394511,11.854368209838867,11.791115320055633
493,11.895566957966986,11.907751485788928,11.906996800015571,11.951615943836176,11.870073536655402,11.943963050842285,11.864446553708415
494,11.957714560557315,11.95402593570445,11.95404238587404,11.922559014794214,11.936639580192551,11.940910339355469,11.946473898000539
495,12.659731991460568,12.66643464179967,12.665893398649613,12.521775387834795,12.556897242945587,12.607734680175781,12.588609342948017
496,11.40076432220921,11.378198789162088,11.379511187785369,11.548336880449648,11.3365203569338,11.350756645202637,11.415284385340804
497,12.037170461016126,12.040957448929111,12.039483394845234,12.030845084905717,12.061523329828155,12.060449600219727,12.089051821664468
498,12.35718289793309,12.352027581885844,12.352669107318652,12.370652567258134,12.356381594449324,12.355684280395508,12.370323590557337
499,12.224348896181734,12.224064701270972,12.226394645675235,12.221635029251416,12.206576399711185,12.20926570892334,12.20772937051051
500,12.375497919719649,12.375100581468885,12.374813860017476,12.385661393493073,12.476030872677232,12.45653247833252,12.403015879163137
501,12.196298055752973,12.193503421356459,12.193668747628513,12.206582106789837,12.149687914601774,12.158411979675293,12.171578609448124
502,12.735021614432952,12.744024730004822,12.743503876701643,12.448366387706551,12.70340101909486,12.742585182189941,12.761510781146786
503,12.561734012833657,12.558033334526218,12.558810503784237,12.540600325540662,12.48523158078287,12.49836540222168,12.559132913351831
504,11.898077305958697,11.899012094262108,11.899380961357709,11.793394603777354,11.934484740671465,11.946434020996094,11.988460346956522
505,12.098235709220303,12.106618655978476,12.106666812563807,12.122022895504081,12.116352423592165,12.067623138427734,12.086546390238043
506,12.603321833683754,12.590952340227867,12.593591493935593,12.550288297516921,12.485178948480247,12.504776000976562,12.574432981622959
507,12.092583924969803,12.111926653251524,12.109749927002374,12.036606849491886,12.100314131421166,12.15119743347168,12.13449902437858
508,12.026471090161618,12.087364582127625,12.087808097918836,12.21516056467813,12.091602194786818,12.020705223083496,11.978789509850836
509,12.91950366325256,12.900549894686703,12.901444082722513,12.873282322090681,12.96555081192412,12.89721965789795,12.871977226567816
510,12.114844867543862,12.110124318152325,12.110552558185255,12.112180067172655,12.187316085021644,12.133211135864258,12.080988531536148
511,12.47697348483119,12.469833409611814,12.47015005031537,12.093123870752757,12.28126240797925,12.36240005493164,12.360337738137863
512,12.270760231362127,12.273209731558147,12.272487679638063,12.254793655176984,12.205491544982909,12.226907730102539,12.25330539612859
513,11.898691125380777,11.915671458663535,11.912028220687871,11.821511550446877,11.857407564515372,11.889960289001465,11.882430328669583
514,11.971437512111253,11.971088511544632,11.970450157873286,11.995072351410531,11.983395007555327,11.969244956970215,11.924600948794144
515,12.018449072095052,12.02024926283702,12.020076241205235,12.043137236983755,12.01057756744179,11.997452735900879,12.003927343755471
516,12.837955637929749,12.835322984068315,12.835364802285524,12.826401415013951,12.79105410784057,12.874197959899902,12.846752053137344
517,12.13405588145698,12.10657749882241,12.107214860621994,12.160666803284544,12.154185047677746,12.136845588684082,12.197292611241327
518,11.8611913591817,11.873861137145196,11.872519339883894,11.930132050490903,11.79810854265367,11.740212440490723,11.748596261524783
519,11.994154440227655,11.995763822116123,11.99540501238264,12.050302178590623,12.047807974145567,12.035279273986816,11.98526885577659
520,11.862421218936472,11.880456557440613,11.88005343941866,11.981298714845295,11.897075306739517,11.926793098449707,11.957783272614249
521,11.87974309564342,11.861274255659502,11.863320588725587,11.908571974482626,11.90384548378755,11.826848983764648,11.731901583975732
522,12.120290955223728,12.109203366219269,12.111290746971163,12.229288069515977,12.139248241445529,12.147200584411621,12.175452906365694
523,12.011801519210836,12.020238652535678,12.018547075293338,12.019537070992646,12.039488715795907,12.056539535522461,12.04091683529138
524,11.993729041186478,11.988693036374428,11.98839537562075,12.050022969786811,11.973933378154477,11.906643867492676,11.946985075327301
525,12.741220349885474,12.740080428957441,12.740039545530097,12.748441037311355,12.789362233897492,12.797616004943848,12.855372420266457
526,11.912770270217742,11.92627095504333,11.92600852855288,11.891461945606336,11.907102964215879,11.877375602722168,11.885913473074362
527,12.486609502879611,12.487807766114964,12.488262510402498,12.455889856857343,12.458696057928103,12.41511058807373,12.471843064954536
528,11.893195414991094,11.85553943716607,11.857635740759553,11.814110291162077,11.964996490852698,11.863553047180176,11.952483636710191
529,11.37424054837202,11.353220280700587,11.354480732363097,11.440941103504919,11.351946938554017,11.494696617126465,11.547653310761799
530,11.812360061104593,11.82380684796943,11.822907002284067,11.852995624083784,11.74837134006236,11.730895042419434,11.739848405819478
531,12.456213542833968,12.458224273551124,12.458057319156316,12.455085931152805,12.422850442494774,12.410913467407227,12.385850790077589
532,11.979398258524052,11.97805595641391,11.978066703175795,11.999471905359362,12.032139772485378,12.000788688659668,12.043821016956189
533,12.063973547018703,12.054740622564811,12.056109707770132,12.044437802777193,12.065409743249424,12.05183219909668,12.0479660010029
534,12.05565387364502,12.050332747502026,12.050223313319204,12.09748296966091,12.20448240029242,12.12175178527832,12.149158159928119
535,12.199723558684305,12.203151227103104,12.204926076086544,12.187152813093089,12.228766926899032,12.276856422424316,12.229794042949946
536,12.400744082755214,12.386119116048095,12.387644319412763,12.411812638474558,12.421772180454571,12.408506393432617,12.386422032029909
537,11.497340780153053,11.477459030325988,11.478790298016051,11.518404464385775,11.356370717430005,11.4053373336792,11.460773300348125
538,12.37960640677615,12.364823855301381,12.367082296431231,12.349374261207691,12.368927020163817,12.289956092834473,12.317379773382932
539,12.123964621275654,12.132079827509278,12.130175734657417,12.126720392958353,12.108213196613551,12.092936515808105,12.045507460543087
540,12.313384797027883,12.310587931871998,12.310330410929895,12.50380907799128,12.246124738893776,12.165215492248535,12.134101193338175
541,11.733792256162884,11.725253159154622,11.725163607098342,11.913931828007902,11.675447009374475,11.623470306396484,11.576243421117056
542,11.626025287697637,11.612267716517708,11.614398900969613,11.582056472679486,11.520074487220414,11.533976554870605,11.524096886462406
543,12.109324713646387,12.109270340596272,12.110622047750907,12.030759292205444,12.10058489909016,12.075230598449707,12.100256477185267
544,12.251802793564478,12.249610513800166,12.24985782719853,12.259345545235362,12.278326254061877,12.250654220581055,12.303686409412066
545,12.755572790229692,12.749812973280582,12.751686942762177,12.684412935565796,12.783678042543222,12.661460876464844,12.73867533126294
546,12.420663635582367,12.416806076358503,12.41699470114185,12.400618584865484,12.3931410079081,12.386368751525879,12.387384076205954
547,12.367144493647585,12.369902010599679,12.36901652727047,12.359076001355174,12.385379947723024,12.36847972869873,12.373518478120095
548,11.791574933671628,11.795405937180787,11.79463667077975,11.822888470247541,11.876463931733252,11.842334747314453,11.829821187790614
549,11.907602428559306,11.912597120739283,11.911755494326187,11.948609188858814,11.940155962759604,11.92107105255127,11.911866632204976
550,13.208178573898842,13.208779856721797,13.208698225634484,13.248992323069157,13.1918263812525,13.184436798095703,13.134640238307268
551,12.437439209819534,12.435849071168635,12.435822969662048,12.424229031796687,12.453337297702738,12.431106567382812,12.449676258951069
552,12.343774285522853,12.340043615093796,12.34071740801848,12.315799811741751,12.365820758682176,12.40280818939209,12.362571914767644
553,12.807164653149028,12.821665045071143,12.8215483434822,12.794476492274065,12.74279545486298,12.777521133422852,12.79713512318391
554,12.111138630704039,12.120635364972397,12.120707311355556,12.017427550977475,12.0304900892256,12.039562225341797,12.064769140272837
555,12.123926787940698,12.116442952150107,12.116664852059479,12.125778825567894,12.14867673800172,12.164700508117676,12.146003890389704
556,12.355490681045087,12.377152252471872,12.377537521907087,12.361061151678467,12.363501315056022,12.318597793579102,12.397324969198841
557,12.04481830661465,12.035903861535209,12.034596180299438,11.943909103818239,12.102021617098004,12.070977210998535,12.092448224100787
558,11.82257756988955,11.81943316095403,11.819530664468658,11.824777958941688,11.949630858866534,11.947464942932129,11.93546579950195
559,12.8488364616946,12.854886777877681,12.85516744058291,12.860274726031317,12.852053180076878,12.862703323364258,12.864001170229107
560,11.936419035693758,11.926885387181958,11.927400625509854,12.105993928855554,11.949435414059755,11.947968482971191,11.938309001756009
561,11.766775562644076,11.743724857439124,11.746263112823568,11.763387376865024,11.840870833423077,11.780075073242188,11.815378401888166
562,12.589532639502043,12.581590208498762,12.582354230985327,12.555098018614492,12.530559620594834,12.526445388793945,12.529302373730763
563,12.184338767797977,12.1947408600549,12.192625028336971,12.06622389750951,12.247387986233573,12.195887565612793,12.172810675069654
564,11.95958373388929,11.965220955934933,11.964347343487084,12.070546080831102,12.079759698310331,12.084635734558105,12.085478213981002
565,11.564559680015705,11.564178434886866,11.564410972030789,11.560704128626366,11.640384788020615,11.545042037963867,11.583741437108678
566,11.930927601988017,11.924127692337153,11.92332961085521,12.041046722836665,12.016227657566029,12.003212928771973,11.96255539485324
567,12.46187844756982,12.440510420441628,12.443169348573392,12.114606491687388,12.483422541193118,12.371694564819336,12.418477392818575
568,11.517211670899064,11.498807509109026,11.50004765971294,11.48517775946006,11.35588994348516,11.434574127197266,11.500161406575488
569,12.536777535661912,12.541568033457999,12.541566686814804,12.550762238109488,12.64836117048474,12.663455963134766,12.667744582511661
570,12.0759966670599,12.085150213573057,12.08448087711529,12.084225441960596,12.027193757565943,11.963887214660645,11.963371665118595
571,12.718915468566546,12.721187667988007,12.721812673335759,12.723594090457242,12.753595950471938,12.76063346862793,12.78936038614159
572,11.915769873574092,11.912991366598876,11.913319556183968,11.91724795441618,11.932508366435528,11.927980422973633,11.93393952569112
573,12.047740213278338,12.03087414465147,12.032530000546911,12.02955282958282,12.095021749893247,12.095967292785645,12.10432189807334
574,12.543911507453593,12.53230085828543,12.533409490941786,12.582713059309697,12.622846515474915,12.559757232666016,12.545051726835508
575,12.839476163996101,12.849657411172727,12.849623557127734,12.840667868035819,12.849378548794064,12.87584400177002,12.933108710914093
576,12.088238558589318,12.093494344999762,12.092559743377933,12.107088499397038,12.123037089255241,12.0844144821167,12.091117214322018
577,12.391882444390038,12.408593745827138,12.407380703660994,12.104452827902422,12.458537339404147,12.464081764221191,12.474175809251353
578,11.855877783381928,11.853118523410146,11.850982220082638,11.82785293615376,11.891538722156245,11.901460647583008,11.878131319442655
579,12.545213374027137,12.549781664140044,12.5498297852053,12.524661972365532,12.534436599636727,12.565496444702148,12.532286820522035
580,12.142123687717257,12.142101076065611,12.142496199210003,12.142450571256731,12.09657700875946,12.142971992492676,12.161933883893331
581,11.742929384034618,11.74787275763053,11.747279475854407,11.789724011627742,11.73239158075734,11.745965003967285,11.757695169758502
582,12.399491918010778,12.394283241624374,12.39542392991387,12.23107116566176,12.398314367754889,12.383230209350586,12.323947637373527
583,12.480960811946414,12.487563781284459,12.487428627721709,12.498504645696524,12.59124593672763,12.598484992980957,12.668264432660015
584,12.071100389096985,12.081632928851311,12.078621031243516,12.07769449697463,12.061695641731617,12.060580253601074,12.055480855689236
585,12.091581819355508,12.10114337465467,12.100132337549597,12.138994895578048,12.107183264668729,12.090516090393066,12.090050970000993
586,12.57305970424739,12.57078015848659,12.572289768947243,12.627535998314368,12.58911212279914,12.563206672668457,12.581361202600654
587,12.511788447579073,12.502380096627965,12.503114917490098,12.455690153111053,12.475074687272643,12.556888580322266,12.567104662930204
588,11.66910907589101,11.67011905191767,11.669661739002837,11.67734083534473,11.795348742414106,11.79321575164795,11.776929552810028
589,11.90406132239559,11.920501730642957,11.916768782884594,11.828863418163888,11.969359968051734,11.91288948059082,11.916052236014407
590,11.820050991090813,11.810943854746071,11.811140652803495,11.769162122631922,11.846344975079417,11.87010669708252,11.859868352530786
591,12.176945770600108,12.156855761101632,12.158273736652388,12.097002195763679,12.163973312437344,12.099931716918945,12.080129043942476
592,12.678087231197903,12.671753448171252,12.672751331666781,12.671874746778542,12.665247870593712,12.585381507873535,12.630081879236137
593,12.489571728277454,12.484123533377927,12.484722892550334,12.48108853007036,12.481105195891024,12.484230995178223,12.437121411416209
594,12.049939666037746,12.045566373752179,12.045705579881528,12.037989992300368,12.111344670845568,12.095370292663574,12.065751446284306
595,11.531478085435673,11.529553298104313,11.528768035745088,11.699100407458463,11.58779049911067,11.596579551696777,11.648295088868279
596,12.049408533806675,12.077005896757385,12.076712048050428,11.991740548280939,12.092221504417095,12.087759971618652,12.08209832341001
597,11.925261106908575,11.939358306108687,11.937434344729594,11.893850877940924,11.88048214154612,11.929353713989258,11.914640952165724
598,12.054138417706081,12.057791157230701,12.056282157814847,12.096304277123394,12.048008227682834,12.025580406188965,12.039325041914749
599,11.997619536655488,11.994802113622894,11.993943507894983,12.01156813560192,12.101157805963096,12.048758506774902,11.99668552449459
600,11.84378197345238,11.843165177819177,11.842831688183075,12.101061539786329,11.915692869040313,11.850568771362305,11.852430262562091
601,11.912794035960266,11.919530498082231,11.918191997733276,11.883151666925823,11.923367223725606,11.958904266357422,11.926284637411076
602,12.245638368792648,12.264722776534493,12.263297807491893,12.268590534988554,12.267121513285689,12.271769523620605,12.268238073235356
603,12.473933604198823,12.477047859613602,12.47710838724232,12.459704547619905,12.459112296761283,12.485791206359863,12.498813263821837
604,12.158637434178068,12.152225040747732,12.15257164828466,12.182368997004508,12.119618365767645,12.151605606079102,12.144187138030778
605,11.861739341855547,11.856290351605045,11.855464527192476,11.869512095688046,11.969419323270873,11.948625564575195,11.933366126998358
606,12.56896659013408,12.567991123076167,12.56772423802666,12.591428558969973,12.57668547038721,12.566666603088379,12.619745352978722
607,12.33632552787957,12.335056031184408,12.335496628167052,12.358791604483113,12.225295613798695,12.287208557128906,12.280779222456857
608,12.73308122823549,12.729877139286655,12.73054328334338,12.705977219376965,12.648183384266988,12.711284637451172,12.584491706752779
609,12.169185800224897,12.170620960064559,12.17061605736792,12.129115959373514,12.040422600756068,12.195374488830566,12.181149459839943
610,12.327481225409677,12.328808920146795,12.328894322237375,12.34765389241421,12.3634876699847,12.339122772216797,12.332254887002245
611,12.322925979257978,12.32435051194184,12.324051795305637,12.291029288150021,12.337413423775265,12.338459968566895,12.352457277942433
612,12.306126597274005,12.326675799165372,12.324819476271212,12.074759152008278,12.204841832567723,12.174805641174316,12.151811737491624
613,12.207352539042049,12.221017826480013,12.219814111047286,12.1576429636474,12.173269574380614,12.1975736618042,12.173452894525509
614,12.559909424947232,12.560308585526048,12.561073694977535,12.557943814550438,12.590218248012386,12.594993591308594,12.561801006134672
615,12.198196674864402,12.17058494992324,12.174357753563577,12.188702022780436,12.345042676247942,12.352020263671875,12.39776162408337
616,11.943014429980389,11.945735470208826,11.945984232923589,12.154916138874224,11.942171435927262,11.936721801757812,11.930550523062955
617,12.670490613966821,12.668294396768001,12.668922872729349,12.318904530814686,12.723706372041084,12.7545804977417,12.74842660636685
618,12.065937569416427,12.083239597293757,12.082612610557051,12.025551771007056,12.072386650496478,12.085915565490723,12.087946298904347
619,12.332015211760154,12.328405257261394,12.32889385685317,12.309067798563568,12.330244273287933,12.350704193115234,12.312595150591402
620,12.831409609029906,12.832633960488018,12.834043147723898,12.630461225025734,12.889065750047978,12.851405143737793,12.796878027138847
621,11.956298546999319,11.97693263866473,11.978438003551439,11.942636109701168,12.008010307004422,11.92457103729248,11.94098236360696
622,12.121831871626146,12.122112602497946,12.12242477301719,12.129595610234317,12.063402694553393,12.079764366149902,12.102065909714886
623,11.883126589513164,11.893372354427633,11.892244986030146,11.919255291083111,11.890847879075709,11.902922630310059,11.916304457948787
624,11.832794641284046,11.838103925455954,11.835788261911159,11.796573845220845,11.819327057003989,11.891139030456543,11.862804945353824
625,12.511336479108765,12.506186089114243,12.506278230228913,12.499765532945087,12.541195374173324,12.532790184020996,12.496873715635756
626,12.037907166837016,12.037565961528067,12.03871341951106,12.064253539240108,11.989496292060029,12.10127067565918,12.036210700953454
627,12.24772059858738,12.251241141466261,12.251318757546244,12.10451571250875,12.275618233221454,12.22568416595459,12.269159747652068
628,12.051254143899467,12.061232301802335,12.060715343941723,12.01671800134046,12.041745765526988,12.052770614624023,12.06495984397278
629,12.76720081087415,12.776881090332262,12.775437872050267,12.758567898244564,12.901764847556436,12.866255760192871,12.86964517708638
630,12.304904657071736,12.309764597499656,12.308805742912734,12.322820105185546,12.254515875733302,12.267044067382812,12.245835676008863
631,12.199127404413991,12.206413904737248,12.206288013702165,12.19753780769263,12.237635650041634,12.20070743560791,12.213654996186383
632,12.233338049907113,12.23566228576977,12.235614890445914,12.242962718416042,12.310550631687462,12.321035385131836,12.327883282558554
633,11.95345561091265,11.968021998120353,11.967283810830553,11.971361533725638,11.938849420834828,11.908002853393555,11.92054536506274
634,12.380814659027731,12.386094250854187,12.386855040326223,12.41079340388415,12.421200948459393,12.356740951538086,12.350370760160983
635,12.385375312027882,12.379768714826897,12.380401409523467,12.337296867419376,12.368645645359246,12.38558292388916,12.310728287617676
636,12.225480487594101,12.225315917440007,12.226603951679843,12.044659887990088,12.128694975477176,12.15412425994873,12.216960842954785
637,12.747863896419316,12.743892026186154,12.744320679109332,12.800141834724892,12.880560169584314,12.843350410461426,12.79432236437502
638,12.322120226530563,12.32246076839018,12.32263938000019,12.35005999041003,12.396130984257349,12.368242263793945,12.367135091124284
639,11.877239090920787,11.900856703249936,11.90017743940277,11.66462247565735,11.751820351994784,11.778117179870605,11.878371385744362
640,12.36809307177643,12.368116839078214,12.368544497186804,12.384426800428066,12.352310399913954,12.345207214355469,12.374711917962808
641,11.8997390935935,11.864345814057714,11.867583372198578,11.957796763122985,11.940360970942999,11.922768592834473,11.875809720423034
642,11.974402149660488,11.973770107016998,11.9731191799616,11.955239322318816,12.101301781339819,12.046696662902832,12.024143910434024
643,12.472935477627438,12.48206853824256,12.48040899015243,12.439587679609831,12.471257693212175,12.466577529907227,12.485666641736637
644,11.925720860663342,11.926712660539208,11.927150455988077,12.051342000814325,11.955580206186001,11.981532096862793,11.978965311103032
645,12.4209545283551,12.425802673183785,12.425849233997853,12.441687850837848,12.290238409325942,12.308648109436035,12.326922017303868
646,12.320861814478713,12.318683904885635,12.318760200340249,12.30310906536427,12.296557739943262,12.30312728881836,12.304149080330397
647,11.750794024604811,11.766523342758623,11.767288483035044,11.781330740783696,11.771164171819773,11.732383728027344,11.738318998566161
648,12.315402187214216,12.310252752183992,12.31038495486459,12.173856589662352,12.34928653486013,12.339941024780273,12.333283756444386
649,11.96915840450596,11.972437533497496,11.97140749864738,12.05402597986087,11.995325333415423,11.954546928405762,11.934456709505538
650,11.662013531290437,11.654193745364374,11.655012939767058,11.75541815478636,11.669837087463195,11.65959358215332,11.710353680598026
651,12.297862909180466,12.309957378825729,12.309708028144971,12.244450070370764,12.400836043300332,12.387758255004883,12.367805855742255
652,12.754942653478434,12.740771650856157,12.742524351444052,12.803486585062734,12.814020979943436,12.819473266601562,12.755185581284376
653,11.930798897754459,11.922099816674121,11.92205040860556,12.11697613322478,11.860464104127473,11.94027042388916,11.909123941238104
654,12.429309043413937,12.423795337345261,12.422548335349854,12.346015416305274,12.473009711200255,12.374282836914062,12.439929481580679
655,12.2473058553083,12.237989744576035,12.239055886731704,12.214263140463787,12.23851116763818,12.263994216918945,12.256551317884373
656,12.363731974008322,12.376269123819682,12.375625714036353,12.113438913066132,12.26095920264104,12.29226303100586,12.270882487934006
657,11.989783668617509,12.002130370581197,11.997220191036366,12.000661742434335,12.085672205747535,12.059076309204102,12.116203158537653
658,12.219595652832256,12.227104710427394,12.225367727586995,12.285727097839679,12.29680967743406,12.268301963806152,12.303342230037694
659,12.281337793636359,12.274124649061562,12.274652083183051,12.296513637949328,12.335918058077237,12.344498634338379,12.308684282167697
660,12.910394426593028,12.904008811007847,12.90528607234608,12.88873927576956,12.875962619205483,12.818967819213867,12.812908505195903
661,12.037995813754488,12.024142309669568,12.024562235870901,11.995207212262745,12.064109380913187,12.010377883911133,12.017065562092752
662,12.18051903563238,12.176625518713854,12.176605430204537,12.222606945363824,12.235053695750299,12.220032691955566,12.231635812369003
663,12.303174375349007,12.284284901695749,12.285704990366233,12.262424136363494,12.2280658244614,12.248686790466309,12.202466610650292
664,12.30690696909445,12.309684047069112,12.309826475726101,12.272669601589913,12.237620314644046,12.248567581176758,12.212127864980225
665,12.33433813217917,12.333906305038028,12.333989349092459,12.296247250304377,12.34215206690075,12.27031421661377,12.318746872412255
666,12.486193979180577,12.495599443676362,12.495191720147155,12.480620601582189,12.446818449522953,12.48311710357666,12.455476098850417
667,11.880195739706723,11.88133264502057,11.88170232464027,11.97052040323349,11.958266508793459,11.902872085571289,11.931085712984247
668,12.513054723113987,12.51136691117482,12.511469032432805,12.817127018896553,12.415761781519251,12.473706245422363,12.49766283139799
669,12.031016081467017,12.029155356713714,12.029059022306786,12.041228487098998,12.081733733028004,12.097870826721191,12.096475509393352
670,12.410767868215846,12.407861124601938,12.408722860013661,12.384512608087995,12.363236021717526,12.390177726745605,12.37168590631133
671,11.635644495014079,11.650005365863066,11.645023135859311,11.70624671649712,11.73011139513602,11.681084632873535,11.690684233289453
672,12.00803600645604,12.004245404479313,12.004252956811637,12.221794193822182,12.11520898689419,12.070395469665527,12.038551664327557
673,11.808139678499794,11.796489319740553,11.796498833710888,11.821666985363027,11.719732111606461,11.688117027282715,11.670757970662116
674,12.04177820685685,12.028793187812703,12.028084901007952,12.081180895836614,12.137951164938649,12.129865646362305,12.127130151022731
675,12.000976045877838,12.029734924613704,12.026364039283218,12.057774924895828,11.972850994546823,12.081635475158691,12.029609013398872
676,12.572862285401978,12.562657079769314,12.563550442034773,12.55883868145384,12.578019825889736,12.553004264831543,12.601433801858445
677,12.826595137463308,12.828118823382521,12.827927960418934,12.82579816689595,12.9667835223064,12.973840713500977,12.946819986102303
678,12.341547054191384,12.354449687738901,12.354336592669608,12.37805306312443,12.442518020172466,12.363455772399902,12.415791088105891
679,12.007658867163435,11.996953950172518,11.996997003937787,12.014403769581715,12.00514274796287,12.010282516479492,11.963724834912853
680,12.445809842948348,12.451333613126206,12.451526508913648,12.421930681969394,12.471508019398401,12.447175025939941,12.446712331724477
681,12.838824686858576,12.841093170465003,12.841328401720864,12.8406851036562,12.811163447469852,12.83023738861084,12.845304989011419
682,12.504277015830018,12.51567043761632,12.515693323449975,12.383369196267163,12.471007630189103,12.479857444763184,12.490773600322935
683,11.978108461530857,11.960822871137305,11.961351461238985,11.92291779627667,12.059428485132294,11.956904411315918,11.90857443979128
684,12.29206171848127,12.2935288573264,12.29332076922326,12.267302420067907,12.256992812084826,12.2672700881958,12.269542353568177
685,12.581471720545382,12.588718694773407,12.588853205720845,12.340829751129412,12.556024795073094,12.480144500732422,12.50615716848759
686,11.933067954542445,11.9367850202234,11.935484825748379,11.922646142045794,11.917740588497788,11.962492942810059,11.941268445723262
687,12.41419907137534,12.410542256002568,12.411677843820863,12.40240077889316,12.325769488997492,12.352092742919922,12.329709132393022
688,11.824405412308195,11.821874919407044,11.822156218831065,11.85149417982765,11.75589296111958,11.731666564941406,11.708379377229544
689,12.595930796900983,12.61441803843576,12.612562758166648,12.574845758108106,12.56281726489374,12.60834789276123,12.647695442307793
690,12.588772793728888,12.584912731535399,12.585721255575002,12.605562367441733,12.617921060402187,12.57749080657959,12.581758341053487
691,12.091533486695498,12.094633434373886,12.094062273755565,12.02958348224146,12.066065139711643,12.106101989746094,12.118320794517752
692,12.335004850392428,12.341865373345184,12.340737988213112,12.304905804327303,12.264398202349613,12.369708061218262,12.438905480644136
693,12.419202259324287,12.413943935975853,12.414754489909,12.424774560334946,12.439022509526446,12.437786102294922,12.423093791444781
694,11.87688473301563,11.88281661207886,11.882917173044472,11.885101965295135,11.877452376033995,11.885490417480469,11.885254980918017
695,12.61690624989215,12.604875132828562,12.606261005877128,12.588244809795297,12.67912206586859,12.670520782470703,12.692693103032548
696,12.038996218634749,12.041143433672957,12.04055862816576,12.040856208688604,12.040019972042714,12.026189804077148,12.010260282114958
697,12.502529032327253,12.510358055143303,12.50937833856523,12.493514568186432,12.474558201025905,12.466643333435059,12.462258933693075
698,12.825136311938554,12.819434182415947,12.819482902931723,12.796012541893628,12.967484503859563,12.949592590332031,12.918397071368268
699,11.99821407229381,11.98788682753754,11.988143215006275,11.859128978976075,11.971268965095367,12.070947647094727,12.045821468344629
700,12.553946930393872,12.5492569022138,12.550084145591304,12.557219649405253,12.507849685253607,12.488099098205566,12.477217297943495
701,11.898767051868429,11.889231415881925,11.889081026943856,11.87084137959182,11.923496604299592,11.89732837677002,11.915318915404063
702,12.112044081528003,12.108472996688374,12.108722486816072,12.109532092253929,12.07899344065683,12.083498001098633,12.081074501043142
703,12.291178834515229,12.288898782718583,12.289081834136995,12.23456438090642,12.257118130531357,12.28393268585205,12.28075187852975
704,12.477383911241688,12.470578305986459,12.470734989619924,12.498036552199618,12.434689632492423,12.493572235107422,12.431335184699064
705,12.187445789258822,12.189233076663513,12.18888458297019,12.197103924503171,12.201013662381428,12.196720123291016,12.175251728961328
706,12.1607578623334,12.1675483158654,12.166777446514587,12.139182460382886,12.217654958633661,12.193592071533203,12.196938183729458
707,12.069870789866066,12.072988293350678,12.07299607696414,12.051089752811441,12.042902934300173,12.021551132202148,12.024544912555013
708,12.720427941554112,12.726369610031488,12.72634294985366,12.739887411657818,12.815392419816334,12.783713340759277,12.86745655814814
709,12.168864201036703,12.169168565471422,12.169014723046251,12.147127988232919,12.167953634582712,12.145896911621094,12.148556673990022
710,11.94573791765855,11.931493762682274,11.932414139272055,11.800175460280492,11.893235256915691,11.926440238952637,11.93388533684056
711,12.279853576178121,12.277760564673603,12.278775199833161,12.241738351923003,12.247449500370793,12.134940147399902,12.162408640931655
712,12.55368244113543,12.544772830694905,12.545242096719468,12.539676991084578,12.552205302889412,12.534165382385254,12.529228996569705
713,12.434172015711967,12.419019863294661,12.419561778303553,12.423786548625829,12.40429227366303,12.386027336120605,12.372597818745154
714,11.850095014913862,11.900638843171777,11.900167712205572,11.8622300404019,11.957244422348731,11.930516242980957,11.907893968391269
715,12.155257163041192,12.165353297874526,12.164843066668341,12.124350925321652,12.144831352435128,12.133089065551758,12.158704189722195
716,12.022974022676065,12.009688233254364,12.010132614139636,11.988584156550708,12.071279001957755,12.049318313598633,12.11500972035066
717,12.306872150711394,12.316222160329085,12.315861086723443,12.325442892529278,12.268733456958023,12.340237617492676,12.326756341616404
718,12.031638564318209,12.053875864357087,12.051211012737552,11.996057054215346,12.038259342569045,12.076634407043457,12.051025101240727
719,12.656190853411418,12.656919926185099,12.656612051176799,12.683630820326215,12.662837989915767,12.705890655517578,12.711862018528185
720,12.344144402379536,12.346368277771724,12.346471765218878,12.315786317273623,12.3201933796718,12.324297904968262,12.324314354197133
721,11.782190619086208,11.78266950849584,11.782922124143793,11.797681093484858,11.831252889181748,11.820282936096191,11.790144642364465
722,11.951214954497855,11.949701394734827,11.949563288511833,11.981379204353459,12.043818391485631,12.005845069885254,12.040553716829262
723,12.410016852105134,12.41464294797146,12.414693768686094,12.365887634626406,12.392396423521086,12.339888572692871,12.361464411193133
724,11.9913596138712,12.007813726603436,12.007382353808477,12.00466524780859,12.02951900225002,12.029533386230469,12.0606181553737
725,11.912198433400713,11.924266436512081,11.92288484598841,11.942026299563153,11.981134736836573,12.02188491821289,11.988971762273701
726,12.077537265510728,12.089248327406395,12.087949735669476,12.101809075446525,12.095234886696318,12.101860046386719,12.144537801204047
727,11.977085479306982,11.978164829589417,11.977526923914114,12.014387530780358,12.033998692077152,12.064725875854492,11.999603584960672
728,11.907842393687165,11.898837072745533,11.899516062430926,11.867493890092181,11.879143003764192,11.904404640197754,11.896134409055671
729,12.726880975862374,12.725120720746931,12.725523951092546,12.710830852998873,12.837264915946138,12.795515060424805,12.764889366165237
730,11.931254172515514,11.936967463784452,11.93634247747052,11.963626721647692,11.95957822364494,11.976217269897461,11.959740426389313
731,12.405886801821861,12.405447109530972,12.405269820950174,12.425278872300954,12.323091642161465,12.314846992492676,12.360754928931499
732,11.665894855655825,11.66041106173512,11.660494892308714,11.662343281940217,11.660253545267139,11.615903854370117,11.612640852400114
733,12.36243846299905,12.367994756211454,12.36755725318501,12.343745908860896,12.378039622805604,12.384644508361816,12.412257659694667
734,12.431787205889494,12.444192356410314,12.443149940775804,12.503012986399888,12.367406671878397,12.37651252746582,12.348087133429791
735,12.04465190327214,12.052805387491986,12.051581229490441,12.041458198600543,12.004170050568788,12.02686595916748,12.03046913404937
736,12.05239489946274,12.054451093587028,12.053636337434483,12.116730533519654,12.03731482680776,12.08933162689209,12.079852013372292
737,11.5919312115118,11.610698736287594,11.60834080310201,11.676721142800128,11.61187589331648,11.66530990600586,11.644924832142076
738,12.687460997864902,12.679165239931246,12.679573779590726,12.721655327989598,12.724486684043217,12.708160400390625,12.693850995367027
739,12.285202268265705,12.286475210343557,12.286740677075734,12.279592135997717,12.251728561095637,12.302522659301758,12.252328215908285
740,12.039274706819837,12.045334846046071,12.045277358166032,12.00080621788928,12.086658775894021,12.088232040405273,12.083692519871724
741,12.48734990215017,12.489300644851694,12.489187303360056,12.508553716969356,12.415123499853259,12.431741714477539,12.437636278203183
742,12.535646362229308,12.53282413001998,12.533029594121365,12.40706720708224,12.539272971646886,12.42876148223877,12.50308321406916
743,12.06770209590079,12.067936388624355,12.066854848895327,12.091018320014198,12.215654314991294,12.238998413085938,12.25177480986697
744,12.23782676086809,12.246999211495323,12.246393490207602,12.23305726194575,12.204335801531105,12.212387084960938,12.24963475982534
745,12.528813499021583,12.525373147577907,12.525727878656305,12.542248725729117,12.556876504484675,12.515481948852539,12.50596935917827
746,12.865388348897547,12.859209075744396,12.86049494444474,12.851375118462217,12.898205641950705,12.88886547088623,12.875769500122763
747,12.034578749440993,12.03901757233519,12.038987934652562,12.010371551734117,12.038644862984293,12.06147575378418,12.050269507674491
748,12.27358891699984,12.268633033236222,12.26914248026657,12.259886210962897,12.203533486854354,12.262146949768066,12.251295377414849
749,12.208190431583787,12.20691507030686,12.206859788309048,12.201347560668392,12.181476583062365,12.217435836791992,12.170794905119822
750,11.87392213237339,11.87497796959855,11.875117279950588,11.95117513233816,11.924721557155637,11.910280227661133,11.933600045635558
751,12.160024522285633,12.178628995265372,12.176957922841837,12.027500604750212,12.144901537716802,12.06122875213623,12.174962828873
752,12.013951627808126,12.019514774185083,12.019843093006472,12.000614145116161,11.902952698060322,12.012292861938477,12.00629694094074
753,12.208576058218048,12.207076946926396,12.206823482748632,12.21305559203308,12.275285040243421,12.285822868347168,12.297678425087856
754,12.057830189087358,12.056231828492095,12.05734207050999,12.101820881584429,12.030136836271572,12.078096389770508,12.07826348489308
755,12.164137566083019,12.158459253118732,12.160099023230872,12.207936006753965,12.056983779068386,12.13715648651123,12.105073275417654
756,11.857323370179126,11.875751094796081,11.873754471505947,11.895603932282775,11.948785860279365,11.934906005859375,11.939393058298185
757,12.443665900120033,12.44481131492081,12.445057919216898,12.443027384876244,12.524930330237298,12.467571258544922,12.479929071152128
758,12.36567629285983,12.36647259608981,12.366684773032755,12.370595799212325,12.332412241758767,12.320077896118164,12.318177492148493
759,12.327091078556567,12.321344679080166,12.321764375952823,12.309177991409225,12.28274222070493,12.281577110290527,12.277076523035708
760,12.310098694488001,12.307050961108686,12.307830418676179,12.297238992422182,12.27382555670402,12.30949878692627,12.303236635073246
761,12.274811464717517,12.286251591417953,12.285455338154977,12.267868462809245,12.239870432878417,12.288860321044922,12.30400737606811
762,12.300046646644185,12.289654710115437,12.291660275658334,12.298772009475865,12.318940088281604,12.326031684875488,12.321680321841242
763,12.326801085085291,12.327114481416553,12.327170773012153,12.318960040568195,12.320116063609085,12.32879638671875,12.32838609880053
764,11.834593836082062,11.849853190103266,11.8491451853396,11.796784265337642,11.947617995731436,11.900023460388184,11.876021850001022
765,12.373257968499766,12.386623177589032,12.385088969875824,12.432786899078025,12.400603709331929,12.376248359680176,12.309376851047166
766,11.64744392624152,11.672885432858209,11.671929201338305,11.621733536083624,11.721449118850375,11.594865798950195,11.580126031996986
767,12.104504121433319,12.099026986035497,12.099679208510093,12.101941993433595,12.08948597763073,12.086670875549316,12.067259147262442
768,12.537038865729372,12.535357800481863,12.535055927750763,12.550871707760242,12.547623469839625,12.540645599365234,12.561499661334231
769,12.000933677843907,12.008159287023068,12.006499722246062,11.982572498381304,12.00803242755851,12.004315376281738,12.019973605202987
770,11.963819407818484,11.963564758646891,11.963795036589861,11.99375584616557,12.047547205804602,12.044394493103027,12.03964633257058
771,11.810440115260876,11.800073986809641,11.801850711048901,11.800720926007957,11.793427117803637,11.739486694335938,11.73746325008865
772,12.629752335547224,12.618995158510568,12.62002232036928,12.630825069072127,12.553110659185,12.531842231750488,12.591490097833418
773,11.985033996298984,11.983955087793536,11.983557836509862,12.071945088090981,11.986368279367914,11.987635612487793,11.988972811367123
774,11.98777018653378,11.993066646899546,11.991738894600505,12.03880321733514,12.005409020036607,12.023096084594727,11.972169155824448
775,12.242234526947332,12.227102962675882,12.229248125730948,12.10691778146279,12.242274750513994,12.236680030822754,12.234455503198854
776,12.134045535257584,12.145457986577918,12.144694218762616,12.167164913266975,12.164658456497278,12.176079750061035,12.17545495668363
777,11.9756797105844,11.974996441410832,11.975140745637805,11.949868294752683,11.928036462131349,11.89946460723877,11.951909286864344
778,11.68117775368276,11.672453210805028,11.671164912963913,11.708060936214665,11.83821253531491,11.703577041625977,11.697460357963209
779,12.747545368571005,12.743413204765337,12.74383597498058,12.774075746529792,12.830166080827809,12.832568168640137,12.763937342973476
780,12.163980227499746,12.172176115841344,12.172134951248498,12.199107417924786,12.253497375713055,12.195777893066406,12.201981138691616
781,12.569360681684119,12.5676923050963,12.56792995115235,12.576075107748396,12.537138677363345,12.543159484863281,12.526983639593976
782,11.93108247418489,11.941059870941245,11.939994290194276,11.957948612848035,12.008308332021102,11.99630069732666,11.994336521374544
783,12.203142709966505,12.199973213892035,12.200164246891157,12.060690512896553,12.213475457229501,12.23326587677002,12.213331560716965
784,12.016514790752918,12.0277038400411,12.027076730460761,12.061155106921134,12.072008627045925,12.048018455505371,12.054591098149968
785,11.887324733872369,11.882809125857321,11.881872917016475,12.22284623858481,11.883780179845026,11.92758560180664,11.900402766755818
786,11.451640719895188,11.441110976840287,11.441554806437646,11.464558655428664,11.515904439048013,11.471121788024902,11.527791400590012
787,12.276784049361204,12.276010056432403,12.275940324530419,12.231738971840349,12.220217162095517,12.267416954040527,12.250420414692172
788,11.910622610862493,11.923467482957612,11.923776798191268,11.910337366485784,11.984388166643663,12.01636028289795,12.009693452298393
789,11.783901147995445,11.785960407423511,11.785660545893638,11.760383817029894,11.87832704409138,11.778177261352539,11.74909097356297
790,11.936991744581812,11.93615666391034,11.935528860518822,11.939009730661379,11.9160424840563,11.83611011505127,11.827473151121849
791,12.012658746181211,12.025782010104868,12.022633028565266,12.044912370354481,12.049919675683842,12.037384986877441,12.071054027067298
792,12.148515205817883,12.154418103306107,12.154102494240322,12.1360734211117,12.107656933573201,12.090513229370117,12.10504741013964
793,11.819515675911523,11.822743739063366,11.822994338943634,11.887677218065889,11.69885841318765,11.679286003112793,11.619445806469589
794,11.805148595332021,11.810952486439115,11.810101360147808,11.869115214955148,11.834525194058818,11.774601936340332,11.76765093666985
795,11.848272446994311,11.835654369781006,11.835587827129297,11.915430927753352,11.921931074193816,11.91666316986084,11.880147883348444
796,12.127762586965762,12.117419772754818,12.117480531746354,12.128328814127286,12.22597668969121,12.220645904541016,12.214136618092741
797,12.210830713790484,12.187989330055544,12.190547281222887,12.246274456798673,12.237099094733113,12.287574768066406,12.266551566132913
798,12.924033544674595,12.921109051027834,12.921760674201062,12.882336498168888,12.915865164389709,12.912128448486328,12.960655254638253
799,12.701689715684536,12.71672004585141,12.715649074958975,12.699904468769219,12.64559800689049,12.672008514404297,12.626094925386607
800,12.660210230002331,12.65928169728665,12.659308111767439,12.644384594531536,12.724061954019222,12.735536575317383,12.74716647362183
801,11.899936353995354,11.91336817142695,11.911029900050366,12.052458018993683,11.96323257117422,11.868388175964355,11.836228402575633
802,12.406742360937994,12.377299343786454,12.380147371953637,12.375572377845922,12.325171115169384,12.300498008728027,12.295106826822623
803,12.235560213732246,12.232608467395634,12.232948162891532,12.228351930692634,12.260484252808975,12.275188446044922,12.249391549431689
804,12.5715913003081,12.580206017573973,12.580132277839912,12.524320435124007,12.445837739291722,12.47038745880127,12.463221614571491
805,11.776851846150292,11.776774600591994,11.77721072694923,11.80733699084162,11.78619485509421,11.738842964172363,11.749773131238506
806,12.025631192051497,12.024165944893001,12.022549797619178,12.040407955455368,12.069794541705377,12.095272064208984,12.097691397242947
807,12.515028634574415,12.52122073241018,12.52109036666548,12.551838352427692,12.546940310423768,12.563587188720703,12.548927048692189
808,11.878177407829742,11.888167063674976,11.88792903357845,11.91627862733526,11.870986865453432,11.876206398010254,11.881174616190803
809,12.006045374517516,12.022553382491164,12.0191194906787,12.003915072151564,12.041240119941829,12.025813102722168,11.99656799277999
810,11.927478371138342,11.924306175954685,11.923425414951407,11.971929351880448,12.061933036678392,12.002225875854492,12.001321069643112
811,11.977091736104123,11.980303675957328,11.979643563502535,11.97940393145625,12.021959125594462,12.024177551269531,12.036324450783518
812,12.454016303323925,12.45199271638281,12.452878756305964,12.424058909225558,12.432187222726043,12.457600593566895,12.452222762695566
813,11.873173194764316,11.87977165999039,11.87894334377074,11.880991492443272,11.880761129518685,11.856651306152344,11.840912596653796
814,12.178591675710443,12.18495329201082,12.184082388739624,12.191564706409164,12.227131810684615,12.228804588317871,12.191171487342757
815,11.87563187809795,11.871567609902483,11.871629881207253,11.86005966363544,11.96493446121931,11.914660453796387,11.916133599581967
816,12.10207941687085,12.100445591170041,12.101199370612592,12.01439172048504,12.031015672162459,12.080758094787598,12.087058255230522
817,12.319076155026377,12.312139679129528,12.313186664072198,12.26655371353258,12.256991933933515,12.2806396484375,12.285180983019266
818,12.487736815619348,12.485425729446103,12.486910670238489,12.46408891442733,12.403033180218562,12.41209888458252,12.439734475554665
819,11.963680529063787,11.96116299826245,11.962031338746916,11.942765812539601,12.045108160092346,12.012531280517578,11.97307306184832
820,12.11335738487257,12.127575334288618,12.12699460326784,12.104862019311796,12.185788286180657,12.180475234985352,12.184025354152988
821,11.992950235297513,11.987355436173683,11.98785165702527,12.132136015950934,12.05080611094153,11.981308937072754,12.003363036532
822,12.281791291853617,12.265022870957496,12.265343868725736,12.283109445551753,12.274451144811971,12.2528715133667,12.26449187939212
823,12.066179407107612,12.060763309968154,12.062984551777026,12.07235347311704,12.088254568271713,12.106691360473633,12.116501859528393
824,12.387147023218667,12.39026823477516,12.390284196460705,12.39633968606978,12.279939210461318,12.36384391784668,12.341800368363767
825,11.811427915919406,11.82249611334396,11.82117810191663,11.788088027281443,11.962042403069612,11.902390480041504,11.950661772171314
826,11.462643646962281,11.469151934281687,11.466795948634434,11.508277665618111,11.520955059852911,11.535198211669922,11.578394373044725
827,12.54219488188784,12.540363399983185,12.540827657624014,12.526224361894045,12.493140633774676,12.551234245300293,12.525695689218606
828,11.816091200484452,11.795301499080825,11.798934502705404,11.739672298219237,11.59529090387568,11.569002151489258,11.563223704497876
829,12.113393763990322,12.095369600939232,12.09585998422322,12.137362370732053,12.103309061543243,12.096607208251953,12.118871337139208
830,11.993267799345954,11.995684690647519,11.995509260035012,12.018681985961198,11.989773887591506,12.015337944030762,11.996480257073644
831,12.559488868500473,12.570754408794654,12.56925872993768,12.524006620537227,12.595550178805446,12.605926513671875,12.625920898180823
832,11.924960070650169,11.95182144686362,11.948915245709888,12.183170539868106,11.865084070768887,11.867661476135254,11.863773956074798
833,11.610649735887128,11.627180392723682,11.625497425349181,11.786479817280513,11.712121094638663,11.703821182250977,11.638635537201774
834,11.932847301214048,11.937275621968944,11.936421125450511,11.952467830342588,11.920889816533911,11.947715759277344,11.949368045901464
835,12.110364814163395,12.122783422461946,12.121421231106138,12.084744901560496,12.249700691547584,12.182764053344727,12.208457732660072
836,12.276109974706955,12.26751250505443,12.267877595360332,12.229453184475002,12.23249247663675,12.240036964416504,12.241514143350553
837,12.397577386181885,12.396918670044583,12.39702769418371,12.400379152238068,12.40097009899165,12.41072940826416,12.394606786666044
838,12.309215398832558,12.313115411569823,12.312246076605584,12.32605738756129,12.271871635892431,12.272114753723145,12.239645677597998
839,12.015213775204577,12.032359515941849,12.028583192481356,12.107095391109281,12.099588257956231,12.142082214355469,12.129196151026358
840,11.718603366574877,11.730402147888078,11.729114751806332,11.82799715097171,11.796668368717992,11.726399421691895,11.700580499483541
841,12.046412591449599,12.040097129073832,12.04020844931067,12.030061533856111,12.000618252077663,12.022417068481445,12.016563862733868
842,11.701661945438993,11.670721918908978,11.673100350016208,11.649705990158854,11.594316513233023,11.445951461791992,11.497745304962702
843,12.112880524670118,12.125034034445976,12.123562640061477,12.115722578763869,12.115311820859331,12.137284278869629,12.187504714345613
844,11.944834190828944,11.9588578645742,11.957109370819126,11.955144036209782,11.9508507011419,11.994796752929688,11.951036853694184
845,12.032293829986783,12.03480214309582,12.03498791208053,11.994985094645475,12.008679740077394,11.983328819274902,11.993457823639046
846,13.028805051076937,13.019025814221397,13.020704123707734,13.090888944437964,13.072143969352467,13.070161819458008,13.073013557953942
847,12.343881364706355,12.345944717389347,12.345751094599951,12.350681187464774,12.405725439548734,12.386778831481934,12.399896086580084
848,12.416815764306735,12.419185889388286,12.418759436353879,12.082676100919741,12.364765729740231,12.439666748046875,12.403981272875486
849,11.893746502554473,11.913275234680968,11.91057549238078,11.84583441028862,11.8936401407835,11.914397239685059,11.905544935749294
850,11.91798270877929,11.920517310222666,11.921725310107323,11.904987632804882,11.786397356328498,11.809805870056152,11.766958133564478
851,12.112350575080873,12.123385337242045,12.120045512618809,12.054733694732839,12.119150443735423,12.164608001708984,12.204751055376214
852,12.146477599685763,12.131217892771318,12.13383397925465,12.200101432397895,12.060353650220604,12.089306831359863,12.113206851014123
853,12.458080567548087,12.478368777533612,12.476548199123558,12.481423804824942,12.42634023825652,12.463815689086914,12.447948950779379
854,11.432306925744514,11.426227535090415,11.427159802537584,11.678844216974687,11.382027867876339,11.408903121948242,11.454130973929686
855,12.065502752257611,12.065106562495762,12.06513805481954,12.047665134363438,12.032459096715368,12.050118446350098,12.039297128275136
856,12.122992667691571,12.129204652102592,12.128936490619061,12.060472518627865,11.981278850931309,12.07459831237793,12.058525494706453
857,11.948209185873297,11.950077921346677,11.950640633165216,11.980681829297449,11.903220801269658,11.94878101348877,11.960170040201595
858,12.322914705368024,12.315964701212401,12.316203771824089,12.293529717559782,12.27493285481463,12.217774391174316,12.251420738818942
859,12.825195869474726,12.815360731823452,12.815879547979803,12.348124981141778,12.859840647678356,12.7538480758667,12.726450434410168
860,12.44770132722728,12.450388567028384,12.449538907271306,12.428618335551583,12.482653421136893,12.496950149536133,12.47269179588314
861,12.533355487705885,12.539942473626489,12.539073008627085,12.093124873022457,12.384738807815319,12.282939910888672,12.364141455955998
862,12.593865968568407,12.58874895576894,12.589683572299016,12.580099499548478,12.580331019711025,12.566100120544434,12.60825612522412
863,11.726675260097682,11.730363916664821,11.73013206917374,11.729540940494305,11.652387003644254,11.65283203125,11.626058460115303
864,12.722818261905807,12.734840711968385,12.734762875375745,12.648955422138028,12.61522703630047,12.631840705871582,12.638372857958474
865,12.308794230993017,12.300935026744392,12.301160533385596,12.103376001754219,12.308560291032803,12.247036933898926,12.22984289884362
866,11.730240416928202,11.734960098921531,11.733469654257476,11.827347664740792,11.81986596425191,11.731908798217773,11.722613596246152
867,12.3046696573676,12.309881335510362,12.309807724299501,12.303348956227495,12.257215517651474,12.317952156066895,12.300969696727329
868,12.298409338856288,12.300173939916297,12.299368017039846,12.311697927496201,12.355112611126046,12.302094459533691,12.299770738847652
869,12.31586162153313,12.306977711107928,12.307924359277239,12.251613827912474,12.211301165583903,12.240255355834961,12.2187604961441
870,11.957211761054275,11.965644991114296,11.965254976021704,11.959017041982847,12.006477947114083,11.988591194152832,12.014023062901398
871,12.114383252519294,12.107884243293446,12.108420264356834,12.027900025795587,12.113870042343414,12.174544334411621,12.112991167701221
872,11.994133647612356,12.002496947693166,12.001451038600866,12.010741632657261,12.053590202444514,12.038453102111816,12.04498696533301
873,12.561315576200423,12.55612207818128,12.556988563871297,12.54050403946659,12.549046453086115,12.503185272216797,12.493833622173169
874,11.805176247229188,11.799601753037006,11.799354435155612,11.751751643100636,11.797999932843243,11.835296630859375,11.852147300634678
875,13.08199759991315,13.084622155033697,13.084882696833697,13.095730965877276,13.025720072695961,13.105886459350586,13.147854322676453
876,11.930552029151292,11.928820611370499,11.928542297765766,12.013989215570277,11.99194377603,11.987996101379395,12.016968725969795
877,12.007911991890834,11.99727401438152,11.999104548217325,12.280757409399435,12.0769304475274,12.094053268432617,12.100205108837969
878,11.954058515964146,11.947866137744397,11.947985602863481,11.973682901705072,11.876384046835282,11.87584400177002,11.927012689007116
879,12.11911005089563,12.094132349552009,12.095104672070137,12.093937225609405,12.089752731375727,12.037861824035645,12.034754613352952
880,11.964218349550237,11.973370682111673,11.973452251664243,11.946028740412965,11.97234489115787,11.965680122375488,11.987811188924503
881,12.216121805678709,12.218819054280356,12.21815891671038,12.16134621464963,12.226243657430338,12.1846284866333,12.174252120255758
882,12.098036012808253,12.116850484209252,12.115963701508626,12.12477607035782,12.087870907699198,12.088786125183105,12.093638365083846
883,11.842251552775444,11.841748433302783,11.84136622082727,11.76877502172694,11.904557145010257,11.898659706115723,11.917573087643522
884,12.448910690339773,12.43776195304002,12.438627698627036,12.417718847349725,12.317289215534874,12.306310653686523,12.316171408995734
885,12.346405526181742,12.334472405487148,12.335535841100192,12.334740559820151,12.27078713035481,12.238973617553711,12.25367321351145
886,12.164413103123469,12.184942086627926,12.182695286792955,12.086389891709352,12.183731554012656,12.17927074432373,12.2093270430241
887,13.169957013903087,13.17937192587532,13.179772973193266,13.194007862657429,13.157470786042637,13.075244903564453,13.058722202771408
888,11.717950674802838,11.726177292749387,11.723719203261487,11.668803939115872,11.679323564523218,11.634727478027344,11.639139984913939
889,11.90524074645123,11.91778093285108,11.91400575090423,11.915402175004862,11.997691055824884,12.006769180297852,11.890985508741213
890,12.379901169252548,12.399131311571415,12.396906394857012,12.228462683624358,12.381026554697744,12.513415336608887,12.453775747513692
891,12.5129788645656,12.512861176738197,12.51342928919403,12.492036598217732,12.471854303241079,12.510420799255371,12.491760147725651
892,12.083656080389948,12.079374155098984,12.079922467744876,12.098224410363809,12.060729258550236,12.093690872192383,12.069850506422815
893,11.885186326532725,11.890547195662773,11.890356841528812,12.058392839218442,11.931796836281718,11.93776798248291,11.957182901528247
894,12.319834078435168,12.31735860645939,12.317337341687159,12.310306154387284,12.3429285926492,12.31924819946289,12.34560529874101
895,12.276488744105002,12.275714701931642,12.275963707923802,12.253811110302001,12.247896877976888,12.2769775390625,12.274906032899244
896,11.98711862967064,11.998150330596278,11.997303254805939,12.008338482120104,11.977435954374446,11.969286918640137,11.984871451041458
897,12.097269094608793,12.118692218595918,12.115318281672149,12.054744841132097,12.080844927238566,12.064647674560547,12.11300806125544
898,12.438586154944057,12.436471774922895,12.43713146329888,12.35415980553579,12.373345641900316,12.431551933288574,12.422377761637975
899,11.463602797154149,11.45858635055911,11.458519017932305,11.65387333139004,11.391279021604253,11.4014253616333,11.464615717793064
900,11.978249621462833,11.973977902040845,11.974079611019723,11.929200579652644,11.974545987966488,11.93834400177002,11.908397381159023
901,12.18170360548468,12.189435512809187,12.189051019021141,12.280793602051547,12.2560701249954,12.099555969238281,12.205747898252941
902,11.768729527294894,11.783658889354646,11.781597029535714,11.801504056506184,11.862476772852188,11.847114562988281,11.843106402854096
903,12.608950615188979,12.605347180665422,12.606178205181738,12.608565388349986,12.608138265144126,12.604898452758789,12.58751106765618
904,11.980586293425514,11.962722409563149,11.964071087011627,11.933436486584704,12.088507292558518,12.055583000183105,12.070885645650062
905,12.045561551217686,12.038239948811357,12.03851794417721,12.040315801527028,12.01732441867359,12.004741668701172,11.989316225861744
906,12.66846613628407,12.681987278336441,12.681201691385654,12.671533130687274,12.630323115103442,12.71596908569336,12.656283213584336
907,12.35493999475055,12.342337510001373,12.342279344374202,12.327129187428799,12.332873617451298,12.39259147644043,12.379943251222096
908,11.818708800454203,11.824085047271268,11.823617943716936,11.832016128455265,11.918877019272658,11.901884078979492,11.93963822370826
909,12.196106971441752,12.177222994759404,12.17942737040418,12.22508960511489,12.167023832913635,12.155177116394043,12.213150499077013
910,12.731631387105201,12.744903207046216,12.744523096897849,12.721378334935396,12.822576801068248,12.801456451416016,12.798271386631733
911,12.192794478484405,12.190534721241795,12.190126430674319,12.187875190424604,12.220647746542188,12.230504989624023,12.256096859925101
912,12.267876646264988,12.271418657055712,12.270476606320992,12.200975170146219,12.203730671997421,12.180471420288086,12.17007503039753
913,12.230082501077296,12.236819219593242,12.23646960833465,12.218057409135112,12.234269527719569,12.271645545959473,12.237935886574288
914,12.150833286006824,12.141247614939411,12.142005686862673,12.193072042384845,12.125778311046705,12.061506271362305,12.071854592719667
915,11.535022210160665,11.527592631251292,11.526345169711565,11.81611008831682,11.67000497476593,11.57968807220459,11.594085779541095
916,12.766595347507486,12.765582582674778,12.765761011530431,12.78969179902314,12.760872307691185,12.776278495788574,12.832475900770785
917,11.862595450245088,11.868082193767068,11.8667257905389,11.827363708767738,11.884769564981283,11.853606224060059,11.872493094364188
918,12.340028200730316,12.346792755644408,12.345978940902725,12.309493483267925,12.30213564058206,12.345256805419922,12.341544800707345
919,13.012035206119041,13.02460063204572,13.023733896735905,12.77661664425745,12.928146212163407,12.957793235778809,13.004978083027966
920,12.319733509367005,12.322070433004384,12.32172866048355,12.327483062561104,12.345335224228961,12.315629005432129,12.32759140459668
921,12.353881259311752,12.364645050905159,12.363324512868028,12.350209583622462,12.425540234922494,12.430891990661621,12.366041915311659
922,11.971329324932949,11.981288184148326,11.980687451686219,12.076109550441434,11.864193653030053,11.929206848144531,11.85576877473291
923,12.40491512689875,12.400844266542535,12.401093199884329,12.37509974860298,12.375975169151504,12.412945747375488,12.411529572931448
924,12.113293022979413,12.135528931134257,12.135034240967945,12.1285248118491,12.1110883104639,12.119715690612793,12.128546145055084
925,12.436826400482776,12.439650313022204,12.43918553666226,12.414203892670443,12.432990014433468,12.443544387817383,12.432324356396789
926,12.100907647083183,12.097095820488981,12.096668184825777,12.050221173721079,12.124429449527192,12.133939743041992,12.149162717173978
927,12.240755960793637,12.228661493502813,12.230211368166264,12.291810765851398,12.312996317608246,12.261653900146484,12.245964414058996
928,12.470111029046823,12.473533967785972,12.472947741886893,12.448711000141593,12.427110794307348,12.459357261657715,12.48467021180479
929,12.47095139830793,12.471944236486827,12.471977879232623,12.464490767925408,12.42601970466188,12.484257698059082,12.450232464449316
930,12.405064680366284,12.40895116134824,12.409812285045561,12.418300392630478,12.392133685526273,12.366823196411133,12.412110413406527
931,12.052435718549319,12.050933639249077,12.051662026127866,12.073473293717157,11.954715049950734,12.008337020874023,11.96686507990284
932,12.051177048885322,12.049199086398504,12.049728609755544,12.04934436908025,11.996089884933713,11.978487968444824,11.979554129116405
933,11.861636988945364,11.860991814448449,11.86166994740399,11.933802583482803,11.88200806759626,11.943350791931152,11.928685702532954
934,12.498330129983978,12.493839714888006,12.494065427570764,12.466071119206307,12.482745845994677,12.479585647583008,12.472568076772099
935,11.929003850685982,11.930730762492564,11.930302635088104,11.960269463665773,12.06553074605939,12.030365943908691,12.05261359840169
936,11.70622289003847,11.70423364890721,11.705331579701816,11.67026501968248,11.75997933772425,11.783821105957031,11.779319211520072
937,12.774770828023968,12.773462066725546,12.773607284784873,12.77587459124772,12.825939422622735,12.860286712646484,12.838152786622626
938,11.353846516290863,11.347602218075368,11.346677412376456,11.36757875593462,11.275685411086709,11.322094917297363,11.400535452981254
939,12.738430433492605,12.735033230840255,12.736157788024062,12.75247225522614,12.793240959577187,12.8328218460083,12.850836862151485
940,11.843790449665207,11.864202973775866,11.862213506666475,11.89849156138164,11.903533775334406,11.888427734375,11.88341612327833
941,12.060125861628126,12.046701331399474,12.04706798975316,12.180317429434144,11.901075903454624,11.950197219848633,11.971286856910986
942,12.044061149575557,12.034069695901083,12.034108017482168,12.112167033018867,11.990184660400192,11.970294952392578,11.961395664073365
943,12.048983572016136,12.055859734193842,12.055100613722086,12.042565594106218,12.055534816660968,12.094924926757812,12.099594240016202
944,12.153613531405098,12.145455530237143,12.145864780663478,12.162490224738583,12.131310247170276,12.142704963684082,12.181968450782684
945,11.94515977900415,11.9298161228832,11.930895351388605,11.894939680220231,11.895577118161388,11.877629280090332,11.90905280341294
946,12.076703158424458,12.066006494179955,12.066998117829906,12.098702904729906,12.099012119447005,12.064547538757324,12.10054551258664
947,12.42667194835325,12.413351237412499,12.413563941274711,12.437860533225365,12.427058779680168,12.308745384216309,12.387263808680038
948,12.134265429263477,12.147365662726827,12.146297346498404,12.190898764513292,12.126144745179808,12.121355056762695,12.165342702896542
949,11.813109835721063,11.79470523691841,11.794961899589275,11.8841159789889,11.898809475476229,11.9036865234375,11.897732308169152
950,12.303797434442043,12.309369187022945,12.308283576860225,12.16983858396945,12.1580589867762,12.19685173034668,12.19713136624329
951,12.219391196089347,12.212164789055064,12.21348487576635,12.284214440087519,12.269489802033426,12.248191833496094,12.246791382576959
952,12.373603736476047,12.374166653828011,12.37458686082888,12.36661075058342,12.33774559053538,12.372855186462402,12.355469950625015
953,11.9146194047336,11.93442930119893,11.931512581518582,11.96845269665829,11.926658709080787,11.93249225616455,11.966984358585789
954,12.057295877751903,12.066545813501758,12.065730467120948,12.070685930848358,12.021290011652354,11.950672149658203,11.946435681499073
955,11.946801571682402,11.958875641544903,11.957502976040669,11.907213032257145,11.976114563842067,11.96463394165039,12.048760381144614
956,12.002422233862305,12.014536389387235,12.014207899623973,12.046831706332805,12.006783421308056,12.05246353149414,12.089316650284255
957,12.474742400700505,12.475937492735454,12.47639705921581,12.464636118029588,12.499834962364378,12.469316482543945,12.494147388512582
958,12.139824771668835,12.138876675356308,12.138856666036913,12.161934363248454,12.121550255580447,12.115074157714844,12.138564968300255
959,11.519718525569358,11.520170697752558,11.521338730925192,11.532155751429531,11.607168966910661,11.518214225769043,11.50937417348955
960,12.604956739770564,12.609368609120168,12.61010811806749,12.483646500040084,12.542397948558555,12.529703140258789,12.533278122630069
961,12.123046378228489,12.105240964135724,12.10507767007447,12.004068887166882,12.122006605325428,12.08287525177002,12.046658256068289
962,12.183658225330692,12.176349512869216,12.175918204151579,12.371396117513923,12.26647831415776,12.185546875,12.228904366179846
963,12.298100583126288,12.29893978614824,12.299000760871794,12.326984519324075,12.31280653628511,12.31561279296875,12.335509349459734
964,12.28132261605722,12.253344703089464,12.255128449922301,12.23739462741147,12.353912274046856,12.38611888885498,12.420841959561265
965,12.437140221005253,12.425981485844266,12.427284258742624,12.458127198858245,12.474032254985753,12.393864631652832,12.446064952449175
966,11.83348585961864,11.828095434242877,11.82899260406492,11.313497397461258,11.881508149665683,11.902215957641602,11.90929727730817
967,11.872342233256063,11.873387712703517,11.873239497082357,11.906612160587263,11.847316302261863,11.91198444366455,11.881722466893056
968,12.20028792703428,12.195177620450066,12.195724224431217,12.231850370628145,12.23491798047537,12.206281661987305,12.1887846076222
969,12.574535677637085,12.582614954016758,12.58257137370252,12.575521994280088,12.524264130088664,12.552054405212402,12.571813233245393
970,12.551867719346449,12.548797528586496,12.549329347201146,12.581335095663082,12.497987987034515,12.52037239074707,12.509865450517822
971,12.122299428065364,12.119388333928455,12.119488681191434,12.074740740596434,12.154969333493616,12.143941879272461,12.145320566650089
972,12.079028281081309,12.083480486860834,12.082537953406971,12.079601373746069,12.059341942203664,12.051465034484863,12.040527146764422
973,11.790854366362002,11.797248679053332,11.796507435733362,11.7798964331154,11.746789423586435,11.725236892700195,11.733738718949363
974,12.00138434235689,11.984690633803353,11.98731754822611,11.995150095764707,11.99749211984994,11.981947898864746,12.0066684741381
975,11.970344903964978,11.971090447624643,11.97039605199039,12.011411462091258,11.967136397472538,11.911813735961914,11.94513027627395
976,12.566375078937897,12.561859176391682,12.56245575265454,12.554112715146896,12.514653729204115,12.500067710876465,12.55317268587756
977,11.912372666844993,11.881392826907485,11.883879109054448,11.855945584411835,11.946668586051743,11.893342971801758,11.886581405058033
978,12.671206373544424,12.674994554505874,12.675346185909282,12.674679669799588,12.63553503440944,12.672752380371094,12.618474245343883
979,12.480456263070542,12.485635252377266,12.485351656734764,12.496402567592174,12.488938838144527,12.491543769836426,12.459453597688112
980,12.355498697470747,12.340831840262231,12.34142255217758,12.320854602361335,12.277504959846528,12.324734687805176,12.341385441957309
981,12.78274906993562,12.768694583554916,12.7714673053793,12.810967302487658,12.758279413593426,12.759361267089844,12.771702149953445
982,12.196958008360314,12.191860414662811,12.192114493645436,12.132811523309822,12.140445598763854,12.122918128967285,12.154815028892946
983,11.946844506475315,11.974855673113197,11.975565471654594,11.95464440652616,11.89670784153757,11.881606101989746,11.887986591452142
984,12.87236770331382,12.870466723729619,12.870954503398671,12.993054793393837,13.01620715892698,13.00383472442627,12.95891332447079
985,12.050455568370253,12.06170317011001,12.061840435010886,11.98624136618802,12.046898833476735,12.118144035339355,12.098709269491348
986,11.943321981853963,11.926973824104444,11.92676283141844,12.126020132067664,11.97188252717093,11.974527359008789,11.937365653793385
987,12.240118215858141,12.256554947229931,12.25557139303866,12.24631326978252,12.158071687831375,12.25034236907959,12.202876302023522
988,11.881894962459079,11.881651563039963,11.881542644316015,11.8879981213345,11.85635546525051,11.900362968444824,11.894551218664573
989,13.158827856994849,13.165617609971882,13.165472111984995,12.50086554249149,12.711080613540165,12.722103118896484,12.705332934806666
990,12.458545976259618,12.464818694279362,12.464703949978373,12.42278192446145,12.439245029736062,12.45361328125,12.45140067518095
991,11.95190867497196,11.947318522564537,11.947448554835118,11.976192476577193,11.936927159202659,11.970638275146484,11.987756677206152
992,12.129216922667542,12.131538409918091,12.132706807386578,12.218351344147468,12.130212854928736,12.145193099975586,12.135438402776629
993,12.390727654753164,12.386773697327227,12.387354121398888,12.313668857565585,12.35013023708811,12.352127075195312,12.36873876238591
994,11.886196392927545,11.897281208002612,11.896082379628451,12.044482368117782,11.897744337730469,11.885929107666016,11.896981171415993
995,12.856190277905725,12.854500719865381,12.854624256568092,12.865313355972056,12.887626154120479,12.839001655578613,12.927260481661065
996,11.934709857228512,11.932173081389484,11.932399242985344,11.934108323087692,11.980010793935751,11.974188804626465,11.996236104034843
997,12.466069462952643,12.466063039898394,12.46672775673922,12.428650505001585,12.45173291169191,12.409692764282227,12.440722002335571
998,11.98134728461252,11.972796341085182,11.974627764918814,11.983043364652705,12.003283999644802,11.997828483581543,12.006332307703437
999,11.774249640560587,11.779438907889825,11.778645329812015,11.749411627472401,11.790377769331544,11.757036209106445,11.777938577282551
1000,12.23105874364382,12.222119888128102,12.222485094491084,12.205426846751834,12.229186423072465,12.19245719909668,12.212528420486478
1001,12.347276224446633,12.346792193505898,12.346315385532584,12.2967554693151,12.267845740422876,12.28361701965332,12.322776101047104
1002,12.544885727642537,12.540781099194627,12.541423283725704,12.54664297790502,12.470047804619805,12.524313926696777,12.498310494244128
1003,12.571960765843846,12.581955673651072,12.581905152998708,12.566757775737921,12.595822519632764,12.589941024780273,12.6426084328067
1004,12.044559525933664,12.044255527764156,12.044746898807645,12.042043213383543,12.08859559267939,12.135648727416992,12.122994558855366
1005,11.899056530266781,11.902255375920612,11.900457579163715,12.09692884518478,11.975665505787363,11.940476417541504,11.934377529389968
1006,11.666376809914759,11.645823715795089,11.647696362232246,11.596877880395713,11.74240656060364,11.677841186523438,11.722073621695136
1007,11.834692406288573,11.834704113718642,11.836038488370148,11.819072402902759,11.827303177573297,11.85172176361084,11.843014004282002
1008,12.538919004392422,12.540757406631505,12.540823763491993,12.53153474749945,12.514676493344593,12.467812538146973,12.446474114788971
1009,11.875007370886982,11.877319379555738,11.87563996686644,12.27546628497062,11.862429548335818,11.898747444152832,11.87473601262845
1010,12.606186397774717,12.615069408195767,12.615025036106728,12.560031023723539,12.38186150292206,12.550848007202148,12.551437710939185
1011,11.625193363058944,11.621834058717806,11.621788032621028,11.594429806076718,11.524273298153803,11.533588409423828,11.554854405698986
1012,12.370732708535254,12.380570282941386,12.37938669816188,12.34964603804635,12.393824196763967,12.352112770080566,12.326194898676855
1013,11.908371202873997,11.906419404146916,11.906234713929177,11.967961288160637,12.007741276342898,11.974684715270996,11.98379704337589
1014,11.703882713057341,11.684296715295629,11.686208021508868,11.623696017938336,11.611524901764506,11.560078620910645,11.56057090193218
1015,12.169673457088278,12.163300308435366,12.162671278556289,12.27431853288651,12.13125451105424,12.074178695678711,12.084917958255074
1016,12.246478215660606,12.237705225462534,12.238779870231031,12.225592297242045,12.25600920418683,12.238930702209473,12.21063960622056
1017,12.394663884712216,12.3889236996674,12.389595319514434,12.367357287367764,12.353619901939322,12.354310989379883,12.345300578933124
1018,12.718822368825125,12.723832433712555,12.722981216662522,11.93063006470794,12.666549775442807,12.661833763122559,12.6522842028457
1019,12.131172299326323,12.121236133471903,12.123414288761618,12.19970386392047,12.096809592282398,12.065476417541504,12.093069181754476
1020,12.012986744725755,12.015505570646111,12.014801191530156,12.042664766764304,12.03414185205533,11.997382164001465,12.019474803608647
1021,11.633092107325712,11.611441832597935,11.613480037078556,11.736156713114502,11.620182607367912,11.60611343383789,11.530083384641358
1022,12.120167777548977,12.127340626601198,12.126579489921099,12.132726357413432,12.094163105847828,12.043631553649902,12.08187688385442
1023,12.648163342551982,12.647179468801065,12.64686375347603,12.653787611769118,12.678506895109718,12.669342994689941,12.750958946739507
1024,12.485408021445654,12.486597261938861,12.486679216302502,12.469434531060134,12.53232808268172,12.509561538696289,12.503845913341252
1025,12.034790722555357,12.03669399666446,12.036656478242493,12.043408754650454,12.128711891406812,12.146770477294922,12.1610204308769
1026,11.57937612408273,11.58952278094206,11.58887392918391,11.604597543540539,11.63847551541788,11.625214576721191,11.598838775581877
1027,12.596405991926042,12.571925273525807,12.574570164846204,12.553385205119934,12.60202610059643,12.598029136657715,12.564279183942933
1028,12.706891546202792,12.681492779371364,12.686563579069867,12.62858735775884,12.59871877547162,12.640530586242676,12.694877665859646
1029,12.45308168753984,12.465059353025401,12.46468661552023,12.448961997651626,12.376959138065452,12.418808937072754,12.423160032290435
1030,12.271822647189142,12.263076733951008,12.2637615432641,12.28857898059037,12.261929129502443,12.248405456542969,12.228739106406803
1031,12.240700274972644,12.231697256223006,12.232035906333923,12.2156553364489,12.221953107423534,12.263771057128906,12.279390750011839
1032,12.75465424994013,12.741396867238606,12.742794499858292,12.80050443689398,12.812855565914894,12.866186141967773,12.862492285811577
1033,12.74924516928632,12.74703110305579,12.74679868249532,12.767454267835198,12.761772652764252,12.791446685791016,12.86486517595421
1034,12.078607008961615,12.07737918695954,12.077891933043349,12.084355700197111,12.070543931272352,12.045722007751465,12.028229881504814
1035,11.677730105925257,11.68638401267579,11.686368278645114,11.576234417477602,11.53198002562626,11.599319458007812,11.59446819106583
1036,11.803706189640478,11.787007696036083,11.785681168505862,11.788720850391693,11.79963596381758,11.810942649841309,11.877719486144963
1037,12.378569301039535,12.38581486910288,12.384968030059147,12.393095677296262,12.459769580396507,12.493749618530273,12.427081132977575
1038,12.815084173858626,12.803217093259091,12.804392672173961,12.282698288106495,12.744860083375663,12.798574447631836,12.793082754764855
1039,11.997597766599046,11.996134243474591,11.99708768871647,12.010237770743805,12.026680414525028,12.02827262878418,12.033049031113233
1040,11.308548803281338,11.26354295159457,11.265056863481114,11.109062753879659,11.500769439125602,11.459415435791016,11.509196707810478
1041,12.279445186130935,12.285278769434713,12.284283121712425,12.28089737068294,12.245022612129375,12.275167465209961,12.224893259106233
1042,12.427928953777649,12.420248653644178,12.420834323991134,12.413067583469022,12.440715561550181,12.407752990722656,12.437720650411562
1043,11.916712883953307,11.895391767009968,11.898213887668206,11.944394647168153,11.896116896105426,11.836700439453125,11.919729784315786
1044,11.818712628864432,11.821634536513608,11.821660198435891,11.810550141734556,11.879884121075857,11.835627555847168,11.841500416333888
1045,12.493654352045567,12.494021634599651,12.494280072982226,12.537874135379102,12.495174252552355,12.51893424987793,12.463789453719713
1046,11.62796857940615,11.630938553273314,11.631424826159469,11.591390822057791,11.67715858428348,11.651495933532715,11.636444676712996
1047,12.283772694787114,12.279580062064806,12.280084040830975,12.245811489011139,12.314970287950574,12.286968231201172,12.269033616048338
1048,12.302716838180482,12.298977942429259,12.299872059478405,12.313683508776847,12.294706821355897,12.347493171691895,12.293240155162424
1049,12.033542689073444,12.031399928931823,12.0304954805226,12.135133042617456,12.000378663701337,11.978533744812012,11.976777856979993
1050,12.013345049978765,12.007501572407731,12.00759467334765,12.019805538994081,12.001200181038971,12.030186653137207,12.009612669773244
1051,11.880088704710026,11.864472868687042,11.867291297767194,11.844579830723944,11.849276043086226,11.848833084106445,11.873158781470009
1052,12.00083091613525,12.003343650916976,12.002872134899567,12.034102857848886,12.04574322447482,12.034603118896484,12.027841563697022
1053,11.828303881571077,11.837892648921077,11.837103469624614,11.98273855218875,11.838829466399819,11.886131286621094,11.859530978408616
1054,12.013500273137153,12.015326000714992,12.016377134823935,11.92445727627139,11.981037081650491,11.997220039367676,11.928245852000941
1055,11.43980119321906,11.44481878556327,11.445198395296844,11.529507019105552,11.489540627566058,11.427154541015625,11.410200785024058
1056,12.007378383023996,12.007364887223718,12.00718800261753,12.1399853511379,11.97291760564891,11.959657669067383,11.984595507376653
1057,12.33855993220146,12.334279573438879,12.334730452117839,12.904434524288101,12.377220221105977,12.312026023864746,12.358177032100276
1058,12.09747614642184,12.104748653782773,12.104534237957688,12.106699255699223,12.12177293372215,12.123477935791016,12.086260275033784
1059,12.612809729553737,12.60821546963517,12.609334363956085,12.660544121789098,12.526053598729549,12.59627628326416,12.59784072558008
1060,11.931921680003915,11.906183058708548,11.908152263359947,11.917664863625815,11.994465973219699,12.002233505249023,11.965098017757487
1061,12.75702014464332,12.742330026925973,12.742175923965233,12.730698794806262,12.692699222908411,12.788259506225586,12.67840998541224
1062,11.960624189701152,11.972118083290786,11.969531587895014,12.154813076781759,11.94902965755667,12.001289367675781,12.003933922559213
1063,12.94983219764673,12.948151664932627,12.949898303683947,12.954940610354722,12.976630074643122,12.988032341003418,12.982937388694026
1064,12.062133775357513,12.055182385753044,12.055584372132584,12.155649129567855,12.084492940478876,12.086012840270996,12.116856336046222
1065,12.960659301811738,12.957521646939792,12.957662772658255,13.008415921966723,13.128679075401601,13.009424209594727,12.970393579595196
1066,12.104891209844272,12.110067343801116,12.109103213115253,11.82314498284968,12.128294403965324,12.108781814575195,12.144236653090115
1067,12.325995642653687,12.327167920113524,12.326970775171613,12.300849164716434,12.276940418488765,12.282960891723633,12.281786838899208
1068,12.226556816674302,12.233115987843002,12.232003942565564,12.204739018836209,12.220252030729009,12.222485542297363,12.242627820083403
1069,11.97159521803081,12.040305641090567,12.038263118599353,11.63196153562191,11.968869826139713,12.1978178024292,12.208931177093481
1070,12.55117717248829,12.550155845999301,12.550456811854396,12.528644269330341,12.491223192948985,12.515097618103027,12.491767972552637
1071,11.99293674172569,12.000531927019725,11.99980798409441,12.01095754638349,12.056180242493468,12.0061674118042,12.05101350375786
1072,12.449112209366678,12.440031945601365,12.441054905574763,12.444333085743699,12.43955019553756,12.428325653076172,12.437432557114898
1073,12.657564661962454,12.66484571478905,12.66462065056002,12.616566025588835,12.696127694134042,12.723072052001953,12.727205209246597
1074,12.124136108492005,12.125776472774538,12.12590802924811,12.134411024165939,12.086360512819144,12.1001615524292,12.09514935386635
1075,12.090469660987736,12.088978721041626,12.088920366577977,12.029320226497944,12.08769636046605,12.063076972961426,12.063854103877754
1076,12.073269615811238,12.081580248781618,12.081678040239055,12.109099433882188,12.027151823284422,12.089832305908203,12.05201266715512
1077,11.960593754671182,11.96866370225259,11.969816724685797,11.863850776311065,11.985328485371772,11.980512619018555,12.00661843987546
1078,12.317967657783019,12.31934388835476,12.318953626378422,12.29166793393368,12.254303770675117,12.258439064025879,12.286994308018928
1079,12.502883340767529,12.490722386797957,12.491679614379446,12.470490076491727,12.446970883190012,12.425634384155273,12.43944958824858
1080,12.062592196232092,12.054411445054223,12.054889971192198,12.062967315781693,12.043401561213354,12.039113998413086,12.034355360218683
1081,11.849522027904484,11.846907811619962,11.846468434004437,11.885505683875387,11.910886451011567,11.94123649597168,11.901073383276364
1082,11.848687141772354,11.856907461339434,11.855699699467236,11.955424987094604,11.875025526991067,11.886432647705078,11.880913978007712
1083,12.62397806581186,12.615640010515342,12.616651587424132,12.85729877386295,12.661336904749184,12.651535034179688,12.637731232127608
1084,12.055013942337549,12.060328322918739,12.059814970903725,12.029403367917219,12.040031941138304,12.011887550354004,12.045928361615807
1085,11.693204980650012,11.687984855143174,11.688321782971913,11.765024444402522,11.682746212176365,11.741686820983887,11.646405297190029
1086,11.758892274362378,11.761412714305933,11.760447284223211,11.763896305673214,11.85699853432981,11.820381164550781,11.834646910225601
1087,12.15725392794044,12.18330380065022,12.181045331792317,12.25452969964486,12.30620761924211,12.171213150024414,12.21017090237687
1088,11.970668915533897,11.979761405037289,11.977080381924234,11.934369971052858,11.898559622551334,11.940608024597168,11.921510969483712
1089,11.943117495166627,11.950132626306724,11.950177554583655,11.892330650234697,11.919642292000093,11.921762466430664,11.91758875811941
1090,12.249181452407626,12.24997603763342,12.24999768669401,12.28476916269798,12.224687461148253,12.257352828979492,12.22539456528421
1091,12.295801632408036,12.295594299631562,12.295669070410824,12.288321611259374,12.284059302854754,12.253677368164062,12.222568929728242
1092,12.032235983083211,12.024445800826504,12.025024029811194,12.126133874597235,12.087795779989724,12.058317184448242,12.071514910114255
1093,11.878610293969212,11.887663466463836,11.887804125969188,11.799067407055746,11.794621187843097,11.88930892944336,11.893092865515607
1094,12.147970533907504,12.147129491980461,12.14719598388702,12.173842018977274,12.10243760006432,12.097331047058105,12.112929005838215
1095,11.786650844076314,11.79246279222539,11.79235294150338,11.780123312822871,11.703844407988068,11.70565128326416,11.720391116727653
1096,12.046325892070595,12.033261821965867,12.033276434443874,12.09667272754093,12.05400845411447,12.076251983642578,12.082110475756842
1097,13.098352439145426,13.099311250871095,13.100053063287111,12.103538902355593,13.017155956279062,13.031067848205566,12.991658558245279
1098,12.124715849055365,12.132297324148963,12.132611838512341,12.149271239547915,12.17438919247314,12.194053649902344,12.1845238276002
1099,12.564893522554218,12.561875419708242,12.561622277411965,12.617515871717814,12.687719171448965,12.663395881652832,12.7650412915498
1100,13.29144479512372,13.279289395910094,13.279774684975855,13.290284772223083,13.269323186080168,13.216537475585938,13.175329963642447
1101,12.013582893392698,12.026508375702154,12.025578816497415,11.95902165963572,12.006447137992112,12.043176651000977,12.065149929192456
1102,12.05435636226695,12.059806937873141,12.059291936983957,12.073890624548664,12.213087361378443,12.19865608215332,12.167549598714249
1103,12.361771508812726,12.360012385864493,12.359760906800224,12.300798513425082,12.27757197982238,12.287129402160645,12.274179562417386
1104,11.729564258889598,11.732016843924141,11.73261582463609,11.77288737290576,11.762538516151338,11.74314022064209,11.75530768366088
1105,12.792903255439539,12.7805542426039,12.782036303055833,12.876369200975352,12.685461125417069,12.729762077331543,12.710719565441902
1106,12.633067232100169,12.615114212503105,12.617482441666272,12.62003897607764,12.594518156199562,12.59626579284668,12.61479254605512
1107,12.2365305380336,12.232990019017233,12.233181658249103,12.24664511046566,12.251299601863957,12.234383583068848,12.227458753481873
1108,11.86815272116304,11.87153261948119,11.871306887815475,11.87492595408132,11.989457807612535,11.9497652053833,11.96850503855685
1109,11.891032758119463,11.902127694784792,11.903038988572758,12.082676595539283,12.006131454978787,12.009208679199219,11.983384499404293
1110,12.371349358066498,12.362310711169386,12.36308150586205,12.35113246888814,12.287618088564328,12.3003511428833,12.30389437000373
1111,11.958316240844656,11.965753444586854,11.965397598698832,12.107217830974696,11.964471321071457,12.023534774780273,12.008524046697346
1112,11.815322358564499,11.827632959975102,11.826300398075118,11.825643324345862,11.87133177891188,11.889732360839844,11.88220646596462
1113,12.348453885829368,12.341248001117638,12.341913091962454,12.3611107592178,12.342225282079553,12.351143836975098,12.35429360196258
1114,11.584710130685178,11.576671122979139,11.575294792083449,11.97771775944901,11.67080505039119,11.633706092834473,11.652974766444588
1115,12.3124603563305,12.305116964524071,12.305851281568781,12.240401718841369,12.226198165292585,12.218893051147461,12.23125128260517
1116,12.146372439444702,12.138669159021276,12.138956972801774,12.178815559741773,12.14367832761211,12.13194465637207,12.127348999119327
1117,11.90649645533049,11.90372952209617,11.903879015002882,12.01638119139834,11.935837303993763,11.91958236694336,11.926597885820987
1118,11.868391820591746,11.885404437842784,11.884960124386527,11.85336821353317,11.961888229038125,11.921496391296387,11.954719809300597
1119,11.9759892125766,11.97602154027341,11.975808594944205,12.08542078462923,11.98354710679143,12.010520935058594,11.995182176997265
1120,12.196400455629192,12.180101519076125,12.181333279254844,12.393280006060548,12.0913559020849,12.076979637145996,12.062056865815238
1121,12.224622374504923,12.220818968773111,12.22084610767594,12.22982926872823,12.217090317683745,12.203804969787598,12.201244865782026
1122,11.73056158324355,11.725793916327534,11.726484599322283,11.7291710480056,11.715660783496356,11.707812309265137,11.669477543514997
1123,12.693628463079929,12.696176368284528,12.696749609141822,12.679904647203763,12.700176379697709,12.707724571228027,12.716472497750326
1124,11.750045684963478,11.763824882181797,11.761344943987892,12.15863258787,11.868597511419598,11.796368598937988,11.824489937755304
1125,12.018265797069,12.024719908527308,12.022943048113202,12.036088564019826,12.059618023102392,12.038501739501953,12.02805458211438
1126,11.895861049011875,11.900118824549793,11.898546325426311,11.923917827898638,11.783635020854533,11.882944107055664,11.812125893499719
1127,12.373171673564272,12.369352299303142,12.369453479137404,12.39782195066266,12.386734204265109,12.365338325500488,12.362033319329736
1128,12.409295902278863,12.404148827409406,12.404668071010105,12.384540117735844,12.405208639513408,12.321310997009277,12.35348141392041
1129,11.649624416859211,11.65027228690217,11.649875228608865,11.629063346854037,11.564354652598238,11.572662353515625,11.561187837530923
1130,11.998899900179799,12.00369801884142,12.002776292222842,12.066553439588132,11.979444690100138,11.98875904083252,12.028457599945568
1131,12.204535271985462,12.209722272345166,12.208815851117055,12.306633350936114,12.249969133679611,12.23166561126709,12.145541896714215
1132,11.940636624219787,11.942060778457014,11.940922944646637,11.899122057915108,12.029713001810306,11.941094398498535,11.952412306142824
1133,12.005645490094055,11.997074620326584,11.997415564459569,12.118882026298667,11.988175721522609,12.010793685913086,11.996872318557848
1134,11.662162840474176,11.642743858697944,11.643439908133972,12.175312494955614,11.768460168925866,11.691008567810059,11.664393273504416
1135,12.037555905990033,12.038569701904851,12.039267128429003,12.010288134150898,12.022043358967899,12.03891658782959,12.05044372803556
1136,12.742316088648966,12.739502646590056,12.740217803227724,12.413514875480132,12.733961932136229,12.786986351013184,12.814933539269292
1137,12.158715314526054,12.166314224179526,12.166054377985072,12.154325104843934,12.189242892068846,12.202159881591797,12.18368594383605
1138,11.939498355682247,11.946451611700196,11.946010663805659,11.985033249482713,11.997353503508645,12.02803897857666,12.039909328975398
1139,12.166452246247294,12.164397640284111,12.164466650495768,12.160113806630289,12.159768269466161,12.139616012573242,12.14671616229557
1140,11.894052909655427,11.899358236658918,11.899443394768799,11.929440763662477,11.915617807426315,11.905466079711914,11.91632226837239
1141,11.794353953684892,11.779614689644328,11.780417014263623,11.672232932806835,11.70571618325062,11.75613021850586,11.720008050121661
1142,11.821606441857185,11.819830022053138,11.818982454454513,11.768398946992642,11.844578237724736,11.862852096557617,11.882226240281671
1143,12.247027792470945,12.235424405156857,12.236697151914361,12.330545562687151,12.15649237958698,12.186257362365723,12.177470562881025
1144,12.288854463676254,12.283274088362257,12.283557325292156,12.303169931956678,12.25784639727479,12.274282455444336,12.282840797479759
1145,12.031777689536034,12.040629423964168,12.040231782143138,12.021715438094695,12.01027621434678,12.001076698303223,12.037422801727862
1146,11.984449339289084,11.981654158691438,11.981548621297602,11.948735195650595,11.99530175719627,11.96714973449707,11.960836455965975
1147,11.917772046950002,11.908840251957397,11.911332468171702,11.904819890377832,11.921401287039744,11.951309204101562,11.945770260198588
1148,12.620491810219287,12.615728457293288,12.615979921044207,12.570361979728364,12.636199802601467,12.64060115814209,12.603806097709544
1149,12.091301685625764,12.085349738778286,12.086524734708455,12.11330916202564,12.14945816524892,12.060637474060059,12.095452446917808
1150,12.03536199342866,12.039759975541003,12.03953670793741,12.057039910609648,12.041222418155655,12.025693893432617,12.017785098320262
1151,11.9893634991499,11.973833986757557,11.975529217986008,12.018940246568663,11.934116764791375,11.939376831054688,11.951919873618074
1152,12.312305636154058,12.303010908546645,12.303460031501013,12.072775539380068,12.190265153313101,12.23867130279541,12.24651127765322
1153,12.293722365629451,12.315932369044518,12.314278983269137,12.179022162914498,12.281285997681318,12.27855110168457,12.344645339868137
1154,12.828036361047038,12.823881103372399,12.824106414018207,12.838305157044568,12.83110479846318,12.839874267578125,12.841706349793139
1155,12.041807407221865,12.040683862680666,12.040359675987132,12.028877199462455,12.077053946782446,12.099116325378418,12.113641187741852
1156,12.163082854982507,12.160825966621864,12.159758435548135,12.109966660726524,12.224684736201809,12.204385757446289,12.228301998641637
1157,12.855555301660402,12.850003688196125,12.851326902740823,12.826992907708014,12.832604041776355,12.830124855041504,12.88205284913526
1158,11.958867325732795,11.950012481519595,11.950704470386617,11.952810665373937,11.999066805489324,11.997323989868164,11.993650393965464
1159,11.987476770879193,11.995114216822527,11.994390868225246,12.062048769974474,11.967098250579205,11.979803085327148,11.98436361370346
1160,11.732550741019491,11.728032033315726,11.728167756073079,11.874964985973206,11.723544804657216,11.71435546875,11.680936268689281
1161,11.33730604878686,11.34309719000806,11.342400408531253,11.389409023131222,11.305681299056808,11.317956924438477,11.347358308017084
1162,12.316540597303591,12.319138127721335,12.318856099559856,12.312239799707616,12.261664180119087,12.27834701538086,12.282033171184068
1163,11.305946362849822,11.300569259329485,11.30080575039515,11.554582044302707,11.2766700642768,11.342819213867188,11.407037037242093
1164,12.36804016399895,12.365897762970402,12.366038376470541,12.327016648772009,12.324236104193602,12.290781021118164,12.299207921215357
1165,12.03644521258377,12.042662622293765,12.042863105537762,12.036111644625537,12.046487459132157,12.035283088684082,12.082663131596146
1166,12.310397536752745,12.306380380195964,12.30633572952909,12.260309410127585,12.233088307037013,12.312882423400879,12.294337250584745
1167,12.0493868304087,12.040341373342374,12.040325975354015,12.052360673083559,12.044943790580001,12.074037551879883,12.061780553728347
1168,12.52582583312295,12.527839397408394,12.528009989318756,12.504642528811665,12.496521377743699,12.494955062866211,12.483564932590665
1169,11.868883163833601,11.864000501071011,11.864589192152614,11.877252655904307,11.909360725209451,11.8948974609375,11.93472896153672
1170,12.831683801254663,12.835707040673011,12.83625261505076,12.87124220277639,12.765795868141304,12.889780044555664,12.909071954439368
1171,11.835104020204001,11.837863101727336,11.837768422148322,11.886002883289303,11.88215702379552,11.9754056930542,11.856318640678031
1172,11.72246783832409,11.716476230698705,11.71624727193959,11.707385873031473,11.829412324895443,11.748064041137695,11.705256955603227
1173,11.9184782864509,11.9162832167076,11.916255274195548,11.821670117404613,11.93196904876632,12.088536262512207,12.038609750182932
1174,13.168172440797033,13.152060617353108,13.153798444940858,13.135641755818344,13.192110761273435,13.180709838867188,13.148152446779248
1175,12.098789292466233,12.0919644154547,12.093879800481485,12.079425587698957,12.144368707920725,12.141305923461914,12.130307081364183
1176,12.013646118627683,12.030687741556129,12.026934890820138,11.830637517938575,12.055275980596265,12.036534309387207,12.033850828522848
1177,12.376862474584728,12.379344431113802,12.379078678590455,12.346688335449064,12.392577521042673,12.350125312805176,12.377174359880815
1178,12.281629049103934,12.279504886411305,12.279402121768761,12.238372712206832,12.245033150659662,12.230561256408691,12.250139084958368
1179,12.048262061936914,12.056024214607922,12.05360573600221,12.052761904295098,12.093125402484018,12.055781364440918,12.056454934809553
1180,11.985880226578514,11.98984728883641,11.989223046571155,11.860028871270183,12.019962653873721,11.999433517456055,12.013745537844049
1181,12.656012085095245,12.651047190832067,12.651605903026354,12.658746656162064,12.545580565797135,12.559891700744629,12.562722360340144
1182,12.25884563702851,12.253411952523475,12.253440205130142,12.224354747621401,12.304368917948729,12.266695976257324,12.309506279119379
1183,12.418367530090977,12.409411150831373,12.410421426085925,12.41680497710562,12.372696697329499,12.317944526672363,12.347422383252784
1184,12.035549070813692,12.042336750204383,12.041894599385296,12.06945394669602,12.073665702152589,12.012675285339355,11.985655962980323
1185,12.273758215698718,12.282766452359967,12.282839474812747,12.262738336165464,12.176728385250554,12.19770622253418,12.2015010970476
1186,12.026061678250635,12.019527089285612,12.020094814443516,12.102580713162586,12.035539230814962,12.031136512756348,12.066322652860295
1187,11.777752498651799,11.752532130914904,11.753815762489175,11.740338815714114,11.761105872242876,11.794193267822266,11.678830522863235
1188,12.055207387284396,12.041104050461893,12.041140037649608,12.076279338712995,12.202294413732192,12.179949760437012,12.197358621485675
1189,12.22246473584561,12.221925120773529,12.222393509126695,12.225421630713566,12.210942718493241,12.238513946533203,12.219805741194133
1190,12.414913035208205,12.41215043602314,12.41260393556088,12.449032281794215,12.487308502501813,12.437970161437988,12.46731236829441
1191,11.963735016783758,11.964160987771006,11.963432431574628,11.979714265860327,11.98311729231538,11.988495826721191,11.980624853156668
1192,12.19973754643631,12.186790608262227,12.187246350487898,12.193068987163294,12.243454805049641,12.206417083740234,12.202312015368125
1193,12.766637280125693,12.760331713916473,12.761499787158144,12.779740750637117,12.784567907274308,12.797444343566895,12.837196874430898
1194,12.06961641360169,12.057765135734673,12.058416005786453,12.091001448579181,12.190869629454477,12.180691719055176,12.058171565705589
1195,12.81292867167624,12.815517479203713,12.81619165167948,12.822156475839186,12.83181821154175,12.836861610412598,12.83136493594308
1196,12.31140007452301,12.294075806999535,12.29522548307634,12.32319762598808,12.33301885301793,12.276283264160156,12.305931275971767
1197,11.885389705936523,11.881118995856284,11.88234419499837,11.799122807836433,11.94022814234549,11.954182624816895,11.924605308295888
1198,12.602995325704024,12.594206093840436,12.594596993774168,12.308106073325888,12.663288175326317,12.676249504089355,12.660382373893757
1199,12.00201086697236,11.981890658440449,11.985273188529677,11.627119909815017,12.011535700448118,11.926604270935059,11.951388390329708
1200,11.620717853791284,11.639327891544937,11.636473257061349,11.750671483112153,11.826724551021565,11.83950424194336,11.815964733452253
1201,12.463630745819238,12.45871329978435,12.460525826665746,12.457688619685467,12.403063959186984,12.417681694030762,12.394791114095737
1202,11.90141902554242,11.90514785312571,11.904439957550055,11.948649121509682,11.95320436742423,11.9124755859375,11.953720835447289
1203,12.20214633140314,12.215065069129423,12.213920172850422,12.161945863536802,12.336005136923806,12.38766098022461,12.4079940723729
1204,12.318900122040688,12.318262256424745,12.31841324136038,12.34449497346508,12.315976579943758,12.333149909973145,12.350907469155667
1205,12.485986576092063,12.488687121773884,12.48876719779249,12.47312318975362,12.458270822322675,12.491466522216797,12.47819144703163
1206,11.896388096455029,11.900503047034059,11.899988891860403,11.901523661132877,11.929850744976026,11.965415000915527,11.977028501132388
1207,11.967888002157226,11.968376701092682,11.968223922910685,12.005519613053458,11.941727371626076,11.978775978088379,11.988982936046076
1208,12.57345137215011,12.585737037983884,12.58494234517537,12.133354483867159,12.566265743506612,12.602381706237793,12.592689606365614
1209,12.637472866782044,12.627143805116336,12.628023834379963,12.646625241131114,12.731989662644844,12.701563835144043,12.701121430561502
1210,12.111484825381785,12.100314884931526,12.101474168786732,12.126828968354863,12.128660569682113,12.144734382629395,12.113940877057148
1211,11.859865004352017,11.853886149117788,11.85373391538053,12.030950011511171,11.901709299437334,11.890390396118164,11.899574494425343
1212,12.169982862707347,12.167749119100908,12.167679395206424,12.168525683185354,12.202937517249108,12.220507621765137,12.234644570556622
1213,11.822547874215545,11.81038028042674,11.811909538389148,11.810119286426502,11.8160325123211,11.838818550109863,11.83211105301594
1214,11.808935775457646,11.824437561779442,11.822888923633254,11.88238634107812,11.913615055832336,11.879014015197754,11.8533415642721
1215,11.825473976625377,11.830242253601403,11.830613964319786,12.006241048064206,11.77008207047942,11.82869815826416,11.766772667723417
1216,12.66485255033304,12.65319928383268,12.654028260505179,12.689178279843972,12.68293235882776,12.759435653686523,12.76575048154692
1217,12.036436989515432,12.036871060437406,12.03680616868915,12.04181348709658,12.032450470620946,12.0701904296875,12.008879212575476
1218,11.954161559538566,11.938336371403217,11.939963635387416,11.976222819613644,11.86517832323517,11.928711891174316,11.852084860287201
1219,11.745166760364086,11.744386659108164,11.744080403099076,11.72932052621561,11.662204627209164,11.647150039672852,11.639019902157518
1220,12.154546967504826,12.146507002877406,12.146670633447856,12.143088159996474,12.123582965583577,12.138167381286621,12.105701308458906
1221,11.864871632851678,11.87209433021193,11.871373150586695,11.887912499264061,11.880110554891173,11.889752388000488,11.871865189030562
1222,12.253522609596837,12.244421660016728,12.245183873591019,12.234424771011378,12.199553632818638,12.217411041259766,12.23860056514824
1223,12.48978874957712,12.487653029655506,12.487530103945263,12.208939517654683,12.495960048147081,12.457226753234863,12.448403753542282
1224,12.80867096800751,12.816513200885355,12.815910273713376,12.792903879950032,12.775812014603124,12.825234413146973,12.84982675039706
1225,11.408075797598274,11.387892096588777,11.38968150972852,11.459907836645582,11.251336577324338,11.283974647521973,11.381829214732843
1226,12.269239063128024,12.271823270140802,12.270150134232749,12.284897356987099,12.20526451828627,12.166606903076172,12.171090283959021
1228,12.023308604729163,11.978374534500267,11.982679619349918,11.967953118514842,11.955896122477165,12.00228214263916,12.001175765056582
1229,11.594234547240523,11.591951464467883,11.591355466263932,11.649073353160851,11.511449566490413,11.39918041229248,11.462712782715462
1230,12.152119799864494,12.148833307763722,12.14993078546043,12.18770074076749,12.186836674627973,12.18096923828125,12.211535800106915
1231,12.035636334497505,12.029084802434317,12.027650956671586,12.162239872832446,12.077804239858034,12.068489074707031,12.091329224062967
1232,12.173188153361512,12.171930994046779,12.171234674682733,12.194145352314989,12.24694887769678,12.243254661560059,12.27346266931911
1233,11.999090506533213,11.982427440213872,11.982589930527167,11.899180722031918,12.069934420906332,12.026300430297852,12.034704030449982
1234,11.731713645438576,11.745868878289068,11.744189483376532,11.760914453708,11.767211681735676,11.668097496032715,11.692367093960474
1235,11.77881837369227,11.77574698690708,11.775555835451783,11.806988884798407,11.861923318667278,11.845248222351074,11.803031925586929
1236,12.498543626205391,12.505977652048557,12.504885002986702,12.509045788134308,12.460592022878052,12.475067138671875,12.467034668056309
1237,12.199560706593768,12.20614771119346,12.205195180873575,12.178399783754267,12.189622149245507,12.210307121276855,12.202431288112363
1238,13.180049919302743,13.176385537208661,13.178650706134793,12.478070755380323,12.871118844255165,12.761884689331055,12.819149534663591
1239,12.400345267149863,12.40208422828773,12.402319241441194,12.387601360130212,12.258435737884374,12.275681495666504,12.284093460656681
1240,11.866095927940039,11.87336617726319,11.872735149113215,12.026632059513435,11.847047242679452,11.859297752380371,11.851405823246113
1241,12.28987864162981,12.283185491974661,12.283612901687345,12.22626398534866,12.218596061717214,12.230796813964844,12.239387428594897
1242,12.511705290019513,12.514386683465588,12.514669546970328,12.548300763522334,12.613071782410204,12.547826766967773,12.551621722918137
1243,12.123085926332513,12.120379082693583,12.120990013777757,12.134215690786931,12.148642895183725,12.110244750976562,12.072879790783752
1244,11.99392449906759,12.002721338918317,12.002343942663176,11.98785363654831,12.0615040782498,12.062788009643555,12.076619829640576
1245,12.09140121166908,12.107776459986615,12.107397594835144,12.049460587760727,12.079735673397472,12.126410484313965,12.155512880052745
1246,12.191716372664528,12.198021445340954,12.19719224003544,12.236808632941685,12.206091602238779,12.21296215057373,12.220606117817969
1247,12.528927000921813,12.533386262025639,12.533159770628957,12.503619623287014,12.521164030893456,12.543149948120117,12.516257494040502
1248,12.629129914781377,12.628710202017437,12.629060237545053,12.63588556349852,12.619799891834512,12.58812141418457,12.584608345224861
1249,11.917481498340983,11.906994263724332,11.908234044515684,11.960297150580796,11.925085301987068,11.93181324005127,11.933108607652963
1250,12.304009895449878,12.28931344186289,12.289653657979773,12.312650862065347,12.348478562343617,12.285666465759277,12.306441271439526
1251,11.806255209052274,11.788076510504679,11.788774379141987,11.744633756873132,11.760242848863374,11.761093139648438,11.746170730650059
1252,12.127155101375369,12.12147520475462,12.1214331308873,12.085468141020566,12.096940788647464,12.182595252990723,12.197120208118559
1253,12.079701815802188,12.088351594684811,12.087444301059804,12.073598139184604,12.05898649956801,12.085619926452637,12.072212578162285
1254,12.053863717066898,12.06045861260458,12.059832033218482,12.044249904615459,12.035864652744326,12.039629936218262,12.032160441530884
1255,12.725848821632528,12.728854611435994,12.728317272613653,12.729931945756132,12.638928756525326,12.677002906799316,12.69832079584485
1256,12.60631032500603,12.59240934727099,12.593846274554458,12.614390142719722,12.572684353928343,12.577489852905273,12.624482880830756
1257,12.303310998085056,12.30581923810963,12.305280118721512,12.103134442701561,12.172334906912818,12.178860664367676,12.142479845666957
1258,12.460054609877526,12.463170712342105,12.462753585538323,12.469651983590932,12.490512745530712,12.403451919555664,12.445331024471493
1259,12.683757987155795,12.662288987305786,12.664251726926558,12.687995246876344,12.784225182673339,12.763646125793457,12.791976244593847
1260,11.836869808343685,11.806740385170809,11.809810362292174,11.73048203296954,11.839970310781874,11.783777236938477,11.769940540674963
1261,11.844273262361865,11.841152409423842,11.841126837561985,11.863940959395382,11.911289530445087,11.954699516296387,11.924000893307893
1262,13.380146797792458,13.382382542410669,13.384160134797238,13.173415699700165,13.240870443328406,13.198588371276855,13.176645564973269
1263,12.400248847031357,12.393891823401486,12.393786369025094,12.420573890186219,12.544907412787074,12.491390228271484,12.471149879726275
1264,11.944274727659765,11.9464664523274,11.94629064693616,11.960686078861492,11.99192430186892,11.9811429977417,12.029876997850483
1265,11.818061996131938,11.81160899561578,11.812045573759768,11.920500767227505,11.825977892378054,11.848004341125488,11.856372360865661
1266,12.383297453417086,12.3333486535747,12.339668235372109,12.3539203725838,12.347680716767405,12.520669937133789,12.435039644442863
1267,11.819442989457917,11.801542723618795,11.804709744325644,11.77565763672868,11.850150705272775,11.78242015838623,11.78392265762889
1268,12.493322640493743,12.488575432830293,12.489256930698867,12.474609583680747,12.496977900699893,12.512105941772461,12.515729178197509
1269,12.181394834766845,12.179835721378417,12.17993930916597,12.182959202030613,12.219131609733694,12.247064590454102,12.24177358745977
1270,11.977482833041869,11.978611585200671,11.978635398035495,11.98536647888216,12.038724904271177,12.002436637878418,12.013588461661971
1271,12.075011297606258,12.082395653206612,12.080303269484377,12.058752774805036,12.009693872026963,12.078753471374512,12.097070167517195
1272,12.336549332857533,12.348130861037527,12.34728844600799,12.21810948737019,12.31698838370512,12.26463508605957,12.32502520340482
1273,12.502376737795803,12.498499499071489,12.499395931873204,12.50366551009904,12.449436389464717,12.46857738494873,12.478053307359556
1274,11.939724900667708,11.93695360837043,11.93691257387765,11.941030309894051,11.98087459768722,12.0165433883667,12.018139404609954
1275,11.779351953213741,11.783646952212084,11.783460667950692,11.774884511558149,11.861552498982162,11.893580436706543,11.890695116587787
1276,12.254442597398477,12.246465430422143,12.246474907030395,12.23655159786545,12.233077410014566,12.259455680847168,12.272128936454132
1277,12.563151378931895,12.561856482766721,12.562573320610479,12.53858585359442,12.556220295628822,12.511134147644043,12.549715638000587
1278,11.389383804718184,11.39414561129803,11.394008067448043,11.35517218901901,11.319003101231566,11.383742332458496,11.458705179959155
1279,12.120564029806253,12.1183099098996,12.118255983333956,12.012565906090169,12.060231186408924,12.136565208435059,12.136551629713926
1280,12.311852693409643,12.308365457623466,12.308886556074755,12.320103182737444,12.340331364200097,12.28898811340332,12.306054425701918
1281,12.076649526851691,12.092542088309504,12.091229528278298,12.675549516034735,12.00880039228964,12.009407043457031,12.019092700718366
1282,11.648216786106929,11.679611357291021,11.674426815865642,11.831307850021739,11.624999973220875,11.699710845947266,11.693915819467257
1283,11.451892925608915,11.48322857655571,11.47593175011852,11.608448799016719,11.64418396124294,11.583223342895508,11.63436172998092
1284,12.39607888938069,12.393069862324854,12.39355579744647,12.363056013197795,12.353498964782792,12.362621307373047,12.318896952302694
1285,13.006373407108706,13.003738202887744,13.003607793935076,12.805164982132434,13.10036923309061,13.056900978088379,13.079046962330775
1286,12.300640615894219,12.28805858292627,12.289194257552666,12.275638451520063,12.241649887954685,12.273384094238281,12.268647771532809
1287,12.22738606217835,12.230611576773487,12.229639530551745,12.195355136069471,12.173623010219222,12.191685676574707,12.209993599636698
1288,12.312487456925812,12.303613333133402,12.304655500052947,12.28202341188633,12.329581890350477,12.341798782348633,12.336278847447437
1289,11.909238681658088,11.949388749628694,11.949471146957718,11.93633138185479,11.919379689203943,11.964027404785156,11.972083229779473
1290,11.354711852475347,11.349318366955094,11.348101445730965,11.480085643763967,11.3727178308885,11.399913787841797,11.47257779139593
1291,12.222243858719066,12.209881225257353,12.211278822512305,12.178326812509475,12.225985530630508,12.19330883026123,12.19321499849227
1292,12.13494096142218,12.140557771066815,12.140279279047151,12.21855561969226,12.140943559901269,12.138150215148926,12.17055587326537
1293,11.867734216525557,11.871229854489325,11.870357825431062,11.878448724028365,11.899734484160687,11.889158248901367,11.89261177730135
1294,12.315146074650649,12.314651924661613,12.314469746095845,12.268339054370305,12.227919954066468,12.234736442565918,12.25343098758111
1295,11.606872980221784,11.640583590640817,11.635528106510522,11.48791986868633,11.562591406333672,11.51012134552002,11.51781717537807
1296,12.892009834166158,12.896496090826144,12.896194430997241,12.895908804930457,12.945527560085663,12.960177421569824,12.941351398215563
1297,12.290711255802949,12.28591774330813,12.286336110345117,12.244109237272719,12.24376744108023,12.218810081481934,12.218661665845861
1298,11.678700761399538,11.720204076993998,11.719708880366861,11.608949928492976,11.68744598792437,11.670913696289062,11.616003127559432
1299,12.532259026630197,12.529514572466903,12.530037353226334,12.516280271136742,12.504795393660281,12.55235767364502,12.531648555935606
1300,12.528885273274556,12.52779003469601,12.527163575694289,12.545431409429987,12.543507381162911,12.452195167541504,12.544251338903976
1301,11.90114327705418,11.90173870529691,11.901533851000602,11.930736671568136,11.949881596606835,11.942679405212402,11.980028182375785
1302,11.914790257937026,11.908729008761066,11.90879994006682,12.043026374268715,11.92319800236314,11.917165756225586,11.9319964752175
1303,11.87328045359834,11.873353964645753,11.872915847050667,11.9027079320627,11.878298764704631,11.851997375488281,11.859247363156749
1304,11.776192097813206,11.775186753256184,11.775115223802196,11.791381223355973,11.670182938308981,11.699315071105957,11.686540620574224
1305,12.00486480832554,11.996196493650162,11.99717284060171,12.031412280054543,12.059614814890132,12.04037094116211,12.080836729643616
1306,11.829823041252496,11.833400911825844,11.833828226081772,11.8422846065821,11.832851761495556,11.789146423339844,11.802134523045735
1307,12.554705809732294,12.568966256212327,12.567802941521,12.544641560045081,12.582064793933991,12.588043212890625,12.549414848619744
1308,11.676133888401118,11.69759336639589,11.695140234407491,11.747816800010686,11.742232117650994,11.8179349899292,11.817573720397668
1309,12.180953656788072,12.185857095154518,12.184828359743083,12.315412959112095,12.144847846785026,12.104936599731445,12.119545278103121
1310,12.35210680498014,12.333941340954794,12.336202581609886,12.085277975824296,12.362333177722801,12.339531898498535,12.343628460623657
1311,12.879998670499392,12.881886817135223,12.881290206718091,12.713959039975588,12.828775662102363,12.803313255310059,12.779978732156726
1312,11.930770946222603,11.915385903523788,11.916660365452993,11.915414520445019,11.915482595092504,11.889446258544922,11.922331728623812
1313,12.119376572245159,12.119343700159991,12.119242903238202,12.122872204215303,12.104592707694701,12.106315612792969,12.079345511960138
1314,12.405130111876298,12.408568042776412,12.408911607620494,12.416986855080745,12.418696057699682,12.371678352355957,12.359377914896339
1315,11.696263830552434,11.712855937681471,11.712463799594609,11.878787013392053,11.716489715399584,11.81725025177002,11.840690853374863
1316,12.119914449316381,12.111144424238597,12.112115761526265,12.131120499483563,12.122304128498564,12.101117134094238,12.083656893635537
1317,12.696446226325124,12.70643898278047,12.703645476455375,12.718147861059629,12.586117093421695,12.649441719055176,12.66470218031312
1318,11.936551477001327,11.946853304362287,11.946091838509757,12.144840073137928,11.971004204369075,11.963597297668457,11.973626030670243
1319,12.10169279023756,12.111614453717621,12.110905061455743,12.170172282832006,12.177410103477143,12.143779754638672,12.177711916315607
1320,11.948915756429724,11.945628822092884,11.94563683199759,11.95843244165466,11.97822925992736,11.99018383026123,11.966266327818223
1321,12.388376582706384,12.385885806149837,12.385723214745063,12.16456826863432,12.460973965014839,12.436923027038574,12.439867731141774
1322,12.142220716893325,12.143123544684729,12.143560567300847,12.02832169497303,12.123802125938258,12.095073699951172,12.127414811584128
1323,11.883033334291333,11.873303677582957,11.873101550770414,11.815292647900144,11.867411985522235,11.93421459197998,11.846137730837205
1324,12.333985069139674,12.33370889435039,12.333341199433553,12.313712596796275,12.310050480228124,12.331990242004395,12.285310626075928
1325,11.839966811560421,11.85139975624303,11.850417596406444,11.827720663220877,11.803041911991127,11.798349380493164,11.807704233041987
1326,12.460696918500643,12.458574028591215,12.459167228025025,12.434114941726632,12.44111557402507,12.476181030273438,12.430287163852807
1327,12.305373064793985,12.322580425752047,12.321174855407682,12.310367741358577,12.363088477126073,12.326482772827148,12.343700850982538
1328,12.457273716471775,12.46450351995055,12.463452445132074,12.435172634903951,12.482675669591895,12.509583473205566,12.516573047311407
1329,11.82186952488148,11.813966612420467,11.815017447949533,11.916383083937523,11.886567501461327,11.890430450439453,11.854991888670192
1330,12.091886756975546,12.0877362211088,12.088368580331728,12.01691228577259,12.03343009675128,12.086445808410645,12.074342402406199
1331,12.465838126302268,12.451860115532236,12.45360677669629,12.50609788453231,12.442514220304021,12.443501472473145,12.443372516169973
1332,13.069727498737697,13.052768186456548,13.053898484993745,13.183095354611755,13.078544252614037,13.042450904846191,13.021775634807762
1333,12.736624472021626,12.727368315629274,12.727807695450382,12.74899868043249,12.878539867072698,12.84946346282959,12.83020276440188
1334,12.011284048285942,12.022369600158871,12.022118453142745,12.047512531668755,12.060710770517161,12.094328880310059,12.07458730227226
1335,12.605672362532026,12.59990230448693,12.600363680355388,12.624840644300557,12.715169313889628,12.662199974060059,12.729673937560841
1336,12.059972107750614,12.062031345055829,12.062882038361952,11.992000592192769,12.089899432007746,12.03730297088623,12.047207123818936
1337,13.05074112018497,13.048270526908658,13.048631375618251,13.054477372088442,12.997143298489393,13.036850929260254,13.067322757862879
1338,11.921960864959171,11.916415138105972,11.916912519517679,11.920957929971724,11.743857748191985,11.698320388793945,11.68265604122009
1339,12.60901654248368,12.60071598949614,12.602077003994653,12.59128103319309,12.495731562991567,12.517465591430664,12.547122391714835
1340,12.45057052569936,12.446520977650085,12.446618119813667,12.417198958077835,12.418837173394131,12.436782836914062,12.41693757371289
1341,12.28766882281066,12.27744906034325,12.27770321193864,12.311656505557856,12.294797081085648,12.325214385986328,12.257548191448295
1342,12.730267281677133,12.721677772904107,12.721779224343774,12.553063245158516,12.79261954567487,12.715792655944824,12.7390449260241
1343,12.035393716021645,12.03271164375896,12.032125649491759,12.086215272804194,12.020196518823102,12.020746231079102,12.02042942102932
1344,12.569115816028745,12.568187633082527,12.56868291825771,12.5356863327643,12.535712577900323,12.555689811706543,12.500285397449316
1345,12.017600963690725,12.018214454646456,12.018050531095781,12.043296491874333,12.085832988878618,12.07913589477539,12.083434068424472
1346,11.80129293693944,11.796312824841683,11.796620072139246,11.80914361085056,11.885386305416603,11.866703987121582,11.876701273693813
1347,11.798446789855893,11.80750441184519,11.806180923779099,11.817300112032445,11.90584959606125,11.879788398742676,11.89030211241175
1348,12.385955933205137,12.369507624146484,12.372315024988103,12.392464795572153,12.250599287576977,12.286656379699707,12.294888760444792
1349,11.75794155417282,11.774129103377208,11.772214463686735,11.692636559598482,11.775996977580787,11.782649993896484,11.747840955844362
1350,12.33071944216943,12.340703530943678,12.339398094335172,12.310390990101137,12.370594039072714,12.398412704467773,12.351268659254194
1351,12.125320748610283,12.12778610820266,12.127661623571088,12.139934530705313,12.115430009291673,12.159015655517578,12.144183438556778
1352,12.494705142246199,12.503226555658179,12.502584288475976,12.474701894860248,12.48931276984415,12.492681503295898,12.474618072178288
1353,12.13511948630342,12.131250383598505,12.131922104405117,12.16594406236476,12.164311145073983,12.173162460327148,12.190994511220547
1354,12.269044407772313,12.263590289018307,12.263756986203195,12.105882515949018,12.281190005043563,12.28917407989502,12.309652537040598
1355,12.23895736102534,12.243490236762074,12.243237975111137,12.250762715218713,12.287259526250317,12.274778366088867,12.275915015032341
1356,12.356654763382682,12.364488997155181,12.363292793313397,12.433385319661118,12.41443963792095,12.394430160522461,12.487866536324109
1357,12.415635697011817,12.40935262608946,12.40935712604533,12.41509062041439,12.435615904508724,12.420654296875,12.393026341321974
1358,11.556052450930482,11.546898054617465,11.5469032164566,11.767550579470134,11.706992862386777,11.6893892288208,11.69968755028594
1359,12.107472446224772,12.094676333913606,12.096424959151745,12.116271407794972,12.084892674923957,12.052138328552246,12.064403577126914
1360,12.004316736085633,12.008019906282525,12.007442363787833,12.02930041986986,12.069771476021067,12.043805122375488,11.978503935997637
1361,11.689470245222644,11.691482159030219,11.69206430445372,11.660934839000975,11.602860257065498,11.62071418762207,11.618643262323022
1362,12.947734054211825,12.962890274769588,12.96334248271751,12.982797828987971,13.017566070925156,12.971495628356934,12.999516217878908
1363,11.692641932136192,11.690197977715778,11.690667121121125,11.61548229910055,11.600584518081144,11.679492950439453,11.645427597345694
1364,12.638452093024913,12.619652026639958,12.62109143488282,12.211950112554227,12.604595181297235,12.618460655212402,12.645519712728237
1365,11.90659444511528,11.937633233695516,11.937063659228814,12.059742140055775,11.93396655303246,11.941800117492676,11.927048481489617
1366,12.036104724286291,12.02768827251949,12.028481722011007,12.10480627096542,12.100148060857727,12.054987907409668,12.026860475074269
1367,12.08546859143406,12.087125765720016,12.087287294994653,11.953640237591353,12.15673040499147,12.210672378540039,12.214723372727747
1368,11.774875204681289,11.771838206451621,11.772083257788228,11.651618486717092,11.805199028280246,11.848432540893555,11.865570489815111
1369,12.631041006026454,12.628707563815215,12.629071039437344,12.656583163453126,12.697496328511589,12.73212718963623,12.702304431625455
1370,11.632479749242718,11.621306111347272,11.622249620661792,11.65799464211683,11.589344305273732,11.547418594360352,11.4932647506208
1371,12.307301222371711,12.315835566504827,12.31515780817608,12.291483522409555,12.32995548647357,12.302074432373047,12.2992093920009
1372,12.427951609845751,12.433081496977895,12.433570243725576,12.225656453277296,12.364194973246446,12.371695518493652,12.389209830928076
1373,12.114079970987664,12.105834126151764,12.107221052914625,12.091678405885464,12.060215325445498,12.018828392028809,12.052778006189993
1374,12.54939159158815,12.542143303021927,12.545237371348954,12.608958577614061,12.574041260212308,12.512691497802734,12.555938170098461
1375,11.83805241960527,11.849020277197736,11.8476396884123,11.834777505957433,11.806799006043486,11.797982215881348,11.791584024845818
1376,11.876424546383111,11.866159175037126,11.867915907487067,11.809660449129444,11.911958602780366,11.894248008728027,11.915489180569596
1377,12.473045315714666,12.465404861095259,12.468023306575,12.460717605659289,12.45082139725505,12.42216682434082,12.411851922775638
1378,11.88465765588574,11.886196845502042,11.88558382867177,12.276536110418357,11.908880976942836,11.887269973754883,11.88947523183952
1379,12.69788074647973,12.708033372781692,12.707266821348231,12.715212455083288,12.773396252977898,12.758981704711914,12.75350679133646
1380,12.570500432405707,12.555442502759668,12.556434633500823,12.591041507601014,12.580139471119441,12.610279083251953,12.570227710880213
1381,12.355252084300052,12.36391419280914,12.363011886649174,12.355496633150478,12.287566301671912,12.332630157470703,12.354540037143934
1382,12.613854547409504,12.615299423175541,12.61521562406196,12.591040541669166,12.612865453529245,12.663323402404785,12.609770854860043
1383,12.043211932491827,12.040112387924166,12.04056237796476,12.02916670681143,12.0339708840193,12.050966262817383,12.026350582987606
1384,12.003449615370405,12.008119411372551,12.007861235186079,12.068015843781383,12.013330420157507,12.013726234436035,12.014801204063055
1385,11.966939460882626,11.966693710158422,11.966342532073405,11.98055905598446,12.035383644436093,12.031312942504883,12.050170553225799
1386,12.37616066873967,12.375814460577063,12.376680479711412,12.350096478880184,12.403604132550855,12.417125701904297,12.415959078555742
1387,12.923486505145156,12.919856776137806,12.920473055698544,12.934704912366788,12.991137437484133,13.015734672546387,13.015051499471033
1388,12.187493457462187,12.195683004667735,12.195631566133498,12.107217021232538,12.224822989369462,12.185529708862305,12.172600925994987
1389,12.469564352102891,12.461720693988777,12.463041326678571,12.471836843641924,12.413825465274035,12.404838562011719,12.394998538235104
1390,11.797300806957285,11.77066352151358,11.772540777553193,11.98559264711269,11.83853976881281,11.795495986938477,11.81863087546475
1391,11.846768278957924,11.856377654918186,11.855329685679768,11.889165516004654,11.901895690221984,11.874761581420898,11.879321909044348
1392,12.215632460986704,12.220129762675956,12.220034762214064,12.260241962928765,12.167190847839407,12.180912017822266,12.188457231185698
1393,12.678109535989758,12.68252168965264,12.682177988793644,12.677776352770906,12.65819911497624,12.729653358459473,12.750160300118354
1394,11.88647887841773,11.897049469076759,11.896051414254735,12.060357830230268,11.92662410644885,11.933385848999023,11.90777358313843
1395,11.7598667233057,11.77019444764388,11.76834512766174,11.756274231601388,11.6958102230185,11.63723087310791,11.588551263142554
1396,11.687962604533894,11.700459266271281,11.699907968200046,11.632858876302588,11.654875121329306,11.694645881652832,11.680068557606846
1397,12.147090193168856,12.160032905089652,12.157793406060144,11.936469338644264,12.047471406523735,12.09467887878418,12.049962571476724
1398,12.051503253949392,12.042414852898222,12.042881123051275,12.106361947912081,12.04979138018393,12.009379386901855,12.092393012728376
1399,12.286654661507576,12.288670835538227,12.28826424130995,12.277736647258326,12.262675513800827,12.271222114562988,12.267473506017781
1400,11.864588368331182,11.883760846439579,11.879677125069849,11.943754948562987,11.877989082917146,11.862045288085938,11.822746068706648
1401,12.040406060093863,12.049282296324906,12.04854633981298,12.024662413493612,12.06256016999471,12.08931827545166,12.128129522768104
1402,12.111826739200856,12.124043913190034,12.122559466245121,12.123825109850241,12.130923316868602,12.131570816040039,12.134266326400484
1403,11.802714221571508,11.801142490735186,11.801763243519751,11.818922019070786,11.837087847898445,11.80908489227295,11.783942662272215
1404,12.383532396344284,12.379484971213966,12.379778273464305,12.415797366667878,12.40521488438422,12.371598243713379,12.38206325405957
1405,12.246747013632898,12.23316016864209,12.234794126974714,12.122307291570896,12.355515571477376,12.22598648071289,12.228659871687807
1406,12.446552001940224,12.454588211820678,12.454078246719838,12.445042959601212,12.423855288812545,12.44778060913086,12.442278181788593
1407,12.065130398054302,12.062220538763642,12.062264305598775,12.057065975784319,12.012705816602168,11.999944686889648,11.976671720685367
1408,12.26708827116317,12.267160587214514,12.26875010008955,12.161639283066963,12.121086182772473,12.242901802062988,12.256668379940804
1409,12.46749270234654,12.465097952117409,12.464705981193017,12.453087121235727,12.455755106697172,12.486330032348633,12.465851467388145
1410,12.402936503139404,12.410811582485096,12.410552546452559,12.440905446146875,12.374087576814674,12.358695983886719,12.381296684140613
1411,11.870976546884389,11.879958219364482,11.879681156233046,11.880121867136282,11.939354843886434,11.955828666687012,11.963907210605084
1412,12.299171328391976,12.286646667240179,12.286973062281007,12.30695615482533,12.327276654790547,12.293795585632324,12.299238142965054
1413,12.275994303187483,12.285929030679617,12.285482130150752,12.22376422962774,12.320746617027925,12.388615608215332,12.395662485558205
1414,12.284052824488427,12.300665626573313,12.29992271717917,12.293105786377277,12.350735030736416,12.356063842773438,12.308551735502355
1415,11.843681943804858,11.83982466571695,11.839142400542016,11.840462523865174,11.878366673372668,11.823057174682617,11.866628837770447
1416,11.743455173647892,11.73969899311576,11.739348459582084,11.85772487960465,11.85316176900723,11.851249694824219,11.819346698892755
1417,11.935307782197574,11.920828122695687,11.921746870818785,12.132756280342743,11.899719887125954,11.904894828796387,11.886347949110597
1418,12.16018899372578,12.161907969796745,12.16212992850007,12.151147238570395,12.194547053729357,12.12488842010498,12.146356639623896
1419,12.051507939085578,12.054662159345552,12.053789899834987,11.995553969525748,12.125251410465342,12.085737228393555,12.048904026918478
1420,12.779601684798871,12.770804319551504,12.771780079350284,12.78644220997382,12.78158501927425,12.779276847839355,12.802229229238918
1421,12.437334885927399,12.438732575753937,12.438701140695166,12.440845615670344,12.383381326359478,12.44803237915039,12.404203482560902
1422,12.376061108349802,12.36071630129574,12.363214664904936,12.20309386410425,12.365288534780708,12.349366188049316,12.334959708331478
1423,11.985315978483635,11.982762763043649,11.982928514025733,12.084192200237437,11.99420825392066,11.99086856842041,12.006746350140663
1424,12.236083885006957,12.226289393385688,12.22716045644432,12.233409967197801,12.234937751934334,12.226635932922363,12.192765002973001
1425,12.037145794135608,12.029488378881222,12.03233364814945,12.043988530135804,12.018590731607462,12.08202838897705,12.070194235388374
1426,11.760121913230028,11.757289654172366,11.755545311413542,11.843699890042004,11.810899372409326,11.891257286071777,11.873089898212978
1427,12.7860190240688,12.797903457200446,12.799012881947862,12.780157683447403,12.72856656517974,12.773950576782227,12.691542423096072
1428,12.502207833623544,12.495995271592124,12.496567160188494,12.479441808556047,12.415256070695426,12.434257507324219,12.431456829312884
1429,11.800313477215022,11.801719926947753,11.801059866963218,11.795734602889933,11.84612487309078,11.854310989379883,11.890226017092026
1430,11.891179609381217,11.89061086238844,11.892011981667027,11.928168039395988,11.930433519775175,11.9559965133667,11.919463018269042
1431,12.320189112923163,12.318392266686407,12.318682489800887,12.133333802163108,12.215260171747254,12.284037590026855,12.243080570659401
1432,12.05268440502837,12.044703122667036,12.045404589877348,12.13870711098984,12.041270442111061,12.081242561340332,12.090960115349436
1433,11.783353209681929,11.782416991483071,11.78235693789007,11.787507856552327,11.783046167432698,11.783135414123535,11.775946017156617
1434,11.432519025868688,11.45707447911362,11.453992766502969,11.467536552857908,11.608401963497217,11.61525821685791,11.640805064089394
1435,11.454001270395848,11.44906567770598,11.44800760847541,12.100164870065889,11.5227090959025,11.456014633178711,11.408859330437407
1436,12.319453376600654,12.322063028358391,12.321658126989073,12.329032794925691,12.281943844791297,12.27956485748291,12.262561581837863
1437,12.794061834672409,12.79007115170822,12.790595708530404,12.825938417109555,12.861326926791557,12.892097473144531,12.878412434905426
1438,12.393698644133163,12.395469733141658,12.394992945468411,12.37754211499978,12.381296302027238,12.335698127746582,12.30454783810865
1439,12.179909956028808,12.188025804641121,12.186334357274259,12.215121700025696,12.134109714275398,12.137569427490234,12.175310085115404
1440,11.875978663372965,11.875366892040674,11.875077128892679,11.935183534018522,11.962507536117588,11.967803001403809,11.983228413650684
1441,12.343125762478538,12.333288994962233,12.333966990116828,12.323549145500552,12.271295837366932,12.247303009033203,12.240084096155917
1442,12.213871560003097,12.202208303090101,12.20220564745763,12.274993813914518,12.254779704285951,12.228920936584473,12.241493448850136
1443,12.262748674643676,12.27549810040177,12.273703063553022,12.306374512167167,12.21351132314179,12.189367294311523,12.173479804284588
1444,12.489012976752468,12.494614602521635,12.494975105029866,12.49050732169924,12.4883272966941,12.470995903015137,12.474869794610377
1445,12.662073794370283,12.6444379646098,12.646750449030076,12.665725377912167,12.763748160744742,12.788595199584961,12.791461355142344
1446,12.27840018867447,12.281249328705965,12.281189936505344,12.292621222306554,12.342734922204702,12.326689720153809,12.36121693720384
1447,12.110836362388453,12.110250778917374,12.109741006398721,12.087923355445753,12.09557239892861,12.112797737121582,12.156446348922003
1448,11.857146534260178,11.857197146748996,11.857219505339371,11.829234528079994,11.964024710858395,12.005270957946777,12.028176264733162
1449,13.656501579408022,13.660310938481768,13.660813836588911,13.621544603462853,13.378685576943775,13.194605827331543,13.166026562360047
1450,12.178312744788588,12.16379062566911,12.165907607269324,12.188462015328167,12.156891889489884,12.114355087280273,12.108179004446628
1451,12.095982218819943,12.085230919005674,12.08650751387994,12.089099124417665,12.132565345558266,12.103751182556152,12.127021970741247
1452,12.534597103091517,12.527600096844075,12.528755517703624,12.503882908122455,12.48499367369161,12.387791633605957,12.446086685769291
1453,11.940015831452447,11.94573774861002,11.944995681877678,12.329741891623433,12.017731704617576,11.989072799682617,11.992014230039937
1454,11.701052043590762,11.687919458795482,11.688572179195639,11.713309596097112,11.719994936545122,11.619444847106934,11.596923529215509
1455,11.885964864313596,11.87628657345317,11.875964074128495,11.908992121910575,11.960748946692974,11.9201078414917,11.897422537246888
1456,12.234283128444817,12.23187465193553,12.231980131265978,12.182389355464288,12.215705624696737,12.226860046386719,12.214404321656374
1457,11.831702429743691,11.836417815156189,11.835689404104937,12.089897004250707,11.843170005465709,11.841983795166016,11.829635321396001
1458,12.349142524557559,12.349559025510217,12.349211193034655,12.323030579956697,12.26405229277537,12.254286766052246,12.304355080532764
1459,12.331002857553667,12.32754852503889,12.328377352534645,12.348085551483932,12.35725763153655,12.334519386291504,12.36355251487236
1460,12.05607460726159,12.062744980255491,12.063041835938238,12.037449827328075,12.074342003272578,12.09841537475586,12.125896488967648
1461,12.122343181749887,12.10550686362613,12.10709999513373,11.584259271017817,12.127212493063686,12.088032722473145,12.072426013504813
1462,11.911072679754536,11.90820004778689,11.909067486136424,11.9385912593794,11.936758082565035,11.958931922912598,11.944151726084137
1463,12.095457633349431,12.080720032170143,12.08403510409764,11.889500158824093,12.102758834473628,12.075677871704102,12.074358022750182
1464,12.277764325685023,12.294177396423008,12.29199527817841,12.305891310060609,12.259242456850991,12.240724563598633,12.232552830754324
1465,12.38258496394068,12.381693618100718,12.381781002564274,12.398041760158943,12.339225114020367,12.368617057800293,12.339504640690734
