Id,ridge,lasso,elasticnet,svr,gbr,xgboost,lightgbm
1,11.908038255648904,11.910641207327986,11.910463400326208,12.008815966696101,12.000277916232234,12.011930465698242,12.0320837135654
2,12.063989413678891,12.056758714997612,12.056925975363955,12.068246622913978,12.006718672183847,11.978448867797852,11.987132559775924
3,11.808312014853097,11.79299462624651,11.794976006421146,12.121097458136985,11.796690379888304,11.753114700317383,11.778048511711784
4,11.884392730125626,11.885105288964168,11.884718626104311,11.93160738466494,11.969626937947957,11.94953441619873,11.921804119590002
5,11.95175565767266,11.967552324536753,11.96630210157784,11.946714292236873,11.858068880956944,11.827127456665039,11.816601532733532
6,12.329724589166046,12.337033324863876,12.336393081614178,12.336373189294697,12.320554546519565,12.318778038024902,12.338483855869399
7,12.204826663823427,12.206401902873187,12.2055953734586,12.10068496233462,12.179714583471656,12.133209228515625,12.165261831888653
8,11.902110170211675,11.910489888476171,11.910310153207314,11.918696655094985,11.929156390847407,11.940857887268066,11.933821469632216
9,12.030808247007595,12.039166032547616,12.037601175381848,12.056836477417644,12.045433215915246,12.04953670501709,12.045700597412067
10,11.965386866943058,11.973726456615848,11.973434641980422,11.988156611167716,12.085608253519458,12.075623512268066,12.01895461239358
11,12.043642429311705,12.064112572327005,12.060055957870663,12.020982235420623,11.96893383251494,11.955669403076172,11.99580686086228
12,12.110978939625292,12.09810709238206,12.098975526782901,12.845336516311042,12.14191884119558,12.099507331848145,12.094201225183003
13,11.870220200027777,11.891105845696451,11.888740610846746,11.958578870916071,11.921031667900742,11.890769958496094,11.852224493792894
14,11.959780504726927,11.956600810893145,11.956133637252973,11.978678727714831,12.008000563612066,11.966035842895508,12.017635606843871
15,11.773078427071125,11.778837895373286,11.778299056239867,12.03420663215562,11.770942320473171,11.777421951293945,11.77051456408513
16,12.24071556027276,12.237506821050745,12.2388798241032,12.19963844280641,12.225319538724056,12.190622329711914,12.187853368613816
17,12.150596395857603,12.157674120285476,12.156401596471468,12.110987811302463,12.09136357463309,12.084985733032227,12.088825831890896
18,12.093472659092566,12.089866059417597,12.091215076552881,12.10580761024193,12.049420480384008,12.047863006591797,12.043678536799654
19,12.26179281896242,12.272507679095463,12.2706424880464,12.272201449617215,12.305280154122643,12.273554801940918,12.281535631699132
20,12.638700821068888,12.63327463563781,12.633301961548893,11.958325726620597,12.636904915278281,12.64907169342041,12.6308443935484
21,12.20812134209935,12.205208291817586,12.204765970412149,12.247107271252554,12.17263486074899,12.151007652282715,12.1566141748949
22,12.09589615559163,12.105647713180103,12.105533253713729,12.310523709031328,12.11320514408561,12.116111755371094,12.14761109948871
23,12.227646919203549,12.215078835375298,12.216744098780104,12.109124733033278,12.210746518939667,12.203898429870605,12.191683092470806
24,12.467242518281497,12.465796363533284,12.465570344474614,12.484217923710304,12.473082586164002,12.495837211608887,12.495778636340988
25,12.530733220618094,12.538048738146133,12.53781181357089,12.09712483877823,12.292839045230277,12.28958797454834,12.268983116426783
26,12.106741806311552,12.123198177632057,12.122908932332612,12.111862669373666,11.935236872249504,11.994051933288574,11.998933447533984
27,12.090994675049927,12.106173381648992,12.103300421140311,12.180823054566075,12.122236236431757,12.171723365783691,12.111847443241764
28,12.611081363480501,12.605487682952825,12.605565925493433,12.597774825513184,12.664590609265405,12.60782527923584,12.577066233816346
29,12.714055507094722,12.703809920982167,12.706024723622587,12.764357706009527,12.570197413013704,12.560969352722168,12.530612798794888
30,12.680705511796734,12.681789363266388,12.682016621132519,12.640616600066995,12.592088949288804,12.57763671875,12.547546651336356
31,11.969977070045744,11.990209744117843,11.988738268134,12.103158592019032,11.946976360591567,11.980626106262207,11.990734679791835
32,12.655523024013956,12.667927994712382,12.667181664529291,12.661910587688784,12.576579690211059,12.594768524169922,12.626951637934551
33,12.875151624059068,12.883017158306123,12.883082509121747,12.896254230068397,12.996299801693594,12.986454963684082,13.038003626680025
34,12.14045257479322,12.145574812508894,12.144900802237172,12.07565640227134,12.126570040116828,12.228611946105957,12.247982753296355
35,12.376908585833743,12.385278821121435,12.384730449655331,12.404885487627359,12.440626366762977,12.45816707611084,12.440819703274896
36,12.128107725615042,12.13324860876261,12.133064025466915,12.300639986519654,12.129074629132118,12.161022186279297,12.165966302281788
37,12.134505159700652,12.121077526486697,12.123479967677211,11.946951992491776,12.146380476466556,12.1476469039917,12.159671931366368
38,12.908956147469864,12.905073897447972,12.905590385908253,12.911087189735417,13.014785017578422,13.027783393859863,13.033631961240982
39,12.478099410994194,12.485330088963856,12.484437917704716,12.457696826810043,12.511512182902697,12.493328094482422,12.5239874059574
40,12.18478568125895,12.181635699963907,12.182148236046267,12.121973235878293,12.19085858440333,12.244904518127441,12.257325922023252
41,12.08261015760912,12.091619421163106,12.088935343658177,12.080436021507413,12.106377367421208,12.132067680358887,12.08770396518619
42,12.061145573329224,12.06529383021773,12.062325133693447,12.231447384500441,12.049663317856831,12.057974815368652,12.064578461547466
43,11.958122473652322,11.942403593223522,11.941928863660868,12.083226833906135,11.956729258246739,11.962018966674805,11.969127893609711
44,12.112494697226529,12.11748522400699,12.117889763798427,12.13496519823071,12.116525449651984,12.157447814941406,12.149463863877763
45,12.392041587581684,12.38985995173142,12.38968986814408,12.392876906707507,12.400269728696573,12.428942680358887,12.402114005083563
46,12.76467610158055,12.761474376926587,12.762441352685775,12.787074920809022,12.617214793300448,12.671904563903809,12.705543407227644
47,11.851709229555132,11.860694987941972,11.859410466874987,11.816255958080951,11.809662754653031,11.740986824035645,11.733883493617753
48,11.985725117486862,11.979702531494693,11.980886408718424,11.990090904861301,11.942853216028425,11.897656440734863,11.913117585622915
49,12.008108234549747,12.011373669557734,12.01019400323554,11.914110303581028,12.043697034524573,12.035953521728516,12.055933048356438
50,12.170216963095516,12.17766347168009,12.17713988353952,12.072586534303484,12.11029362056448,12.14521312713623,12.193145713580254
51,12.948016546633873,12.93856351813368,12.93931615335202,12.93791879988354,12.98171704623319,12.9244966506958,12.876545076335791
52,12.339533136448978,12.332770289152407,12.33328406889977,12.360882673978194,12.284310063304572,12.351038932800293,12.296310705957248
53,11.514422029039093,11.503821345425894,11.505125227423097,11.525538670805355,11.599304884705674,11.59377670288086,11.599689074452627
54,12.002059121604862,11.989055798331577,11.988236376872724,12.096466761292046,12.052150915214588,12.074408531188965,12.035310387180315
55,12.086198670310317,12.102362227065374,12.1007284215184,12.057618168147242,12.120280080659315,12.172435760498047,12.144124748822772
56,12.237039649613047,12.234610272463906,12.234511573034672,12.057146382937628,12.215002645291033,12.23327922821045,12.19175484223861
57,12.251556431680713,12.247732341846374,12.248270132120215,12.259479522303003,12.252284389642996,12.260361671447754,12.266674966525015
58,12.48564827393167,12.490024628045044,12.489496360525221,12.488704343354923,12.515737241077321,12.465286254882812,12.527434509477374
59,12.132177648731322,12.14305740729018,12.142551311362128,12.358885450379702,12.17532300468184,12.158978462219238,12.178285947218068
60,12.150906529080881,12.142400288553398,12.143644146239238,12.163378428823268,12.26622460898828,12.246938705444336,12.253649174919722
61,12.091588907447763,12.098953759339215,12.098229368712934,12.045234966819669,12.00031778673015,12.02334976196289,12.031889124727822
62,11.625652140949667,11.652564278424085,11.650047721148473,11.678123876997788,11.730204763346585,11.67071533203125,11.662458348642094
63,12.78255614044692,12.77593571199742,12.776136572597704,12.777753196215306,12.866070974652072,12.882696151733398,12.902671805839942
64,11.95371057661293,11.952273550851313,11.952432838043427,11.999155182280147,12.007239329871616,12.045841217041016,11.995765111030643
65,12.27075582972437,12.288642125110046,12.287349376570297,12.149254465008406,12.28493370762664,12.283257484436035,12.286033435121377
66,12.041846770401335,12.037007869275259,12.037737264784063,12.021146734230578,12.069587520395778,12.022217750549316,11.957369249051926
67,12.780817944997816,12.785646559035255,12.78546161676546,12.40193253381276,12.707934602136392,12.733094215393066,12.735616178216997
68,11.915602299301419,11.922332614620895,11.921540246657944,11.935750203547673,11.981240532768012,11.97933578491211,12.017348738235432
69,12.07218480731742,12.087768891684872,12.086519019163797,12.098048702923187,12.073929674505406,12.067938804626465,12.07132303678194
70,12.209056694243136,12.187509579614586,12.189575692940391,12.15815411788759,12.175580050390222,12.204855918884277,12.203424459337775
71,12.860171768449689,12.851959062732357,12.85348623096385,12.852672607228566,12.873728242845697,12.8622465133667,12.829887489152595
72,12.275604459897783,12.283261183400038,12.282766738729029,12.256074111484452,12.266893099602383,12.244307518005371,12.231815029470127
73,12.477562479607636,12.465676365087495,12.467751726134905,12.127401867273248,12.532687390996614,12.50568962097168,12.524442175749584
74,12.577047686561249,12.5563443088272,12.558395734571967,12.09712483877823,12.575094544618107,12.485236167907715,12.556211437590692
75,12.40028963162206,12.403874653195832,12.403466897974594,12.388085460563847,12.386095668138301,12.428277969360352,12.4265829258111
76,11.895807556127547,11.912194808919399,11.911472663524183,11.916027399060024,11.879981515768643,11.890815734863281,11.859548656448434
77,11.795304018058303,11.795945122275498,11.7966696054375,11.764807373675534,11.709221076869664,11.731099128723145,11.717022849692055
78,12.344792735053963,12.350569742270245,12.350375886662052,12.311492008731834,12.325882114381638,12.338934898376465,12.311599950653704
79,11.946958461254907,11.961786376733743,11.961135133351595,11.986731426281931,11.876480826471923,11.925695419311523,11.949444475632014
80,12.02738354542935,12.024978782844363,12.02480937124854,11.976993566353615,12.002855543863896,12.028550148010254,12.089951995020966
81,12.648537309528619,12.63266710248468,12.633922851128514,12.670154454695616,12.664690088602368,12.642783164978027,12.635369656074861
82,12.338049675021711,12.348023331332875,12.346951710775734,12.33530925293855,12.367276509284217,12.358124732971191,12.355055108683194
83,12.19952319187406,12.218846333602382,12.217902758123952,12.262436677273351,12.329288652236476,12.35958194732666,12.4017103017009
84,12.019902624575046,12.029031815668482,12.026726468674202,12.183005215209988,12.04113405778303,12.072562217712402,12.0698531886192
85,12.259164677180008,12.249146219697925,12.24939579131425,12.246165191086897,12.199789740533726,12.218935012817383,12.197956029593756
86,11.618833056096115,11.62213359240463,11.621848650966871,11.578821757837224,11.473086795271994,11.569900512695312,11.522648304785426
87,12.309406809350987,12.30597259718163,12.306233316771452,12.268638867686978,12.283895673960368,12.324517250061035,12.333475359527322
88,11.716422666031198,11.717505216215505,11.717793730612772,11.712861612336669,11.733747238317312,11.779221534729004,11.736181636602216
89,11.788179581622938,11.758367431952376,11.762561457471634,11.92456863903862,11.838901508873096,11.801755905151367,11.798052062469408
90,11.900890910489121,11.902233411456216,11.902332797096442,12.016645729446761,11.92566716496732,11.92875862121582,11.934145802466285
91,12.450149574696024,12.451919336291803,12.451877832565513,12.445991341080925,12.466976917366793,12.507826805114746,12.486764348998744
92,12.136487880529664,12.144511823859613,12.14466297657676,12.159111854639672,12.12561572680163,12.100851058959961,12.119874509834528
93,12.452260864984636,12.446271683400848,12.447061138870817,12.373667489651769,12.413768809110591,12.37209701538086,12.389581180782441
94,12.410782489682653,12.421388429829204,12.421527081257343,12.482326432504715,12.614882545147697,12.506103515625,12.598386027974735
95,12.3275636433652,12.328654768141966,12.328573024040155,12.325413786107154,12.307775889175778,12.304253578186035,12.279806509345056
96,12.139437143515748,12.13089135272181,12.13135414845911,12.161506232510702,12.179449131925526,12.100601196289062,12.137245809547727
97,12.461324448180296,12.455008135454557,12.455978024706472,12.425458957220417,12.418727733075869,12.434671401977539,12.418249379736519
98,12.741140633053526,12.726023094391744,12.726914541969654,12.815117715482902,12.614889375494432,12.552748680114746,12.57494595055963
99,12.30985335530977,12.30973893574489,12.31018690571031,12.316658421679573,12.296572566186175,12.273941040039062,12.27510239917491
100,12.62516496253051,12.6343862209202,12.633463704992332,12.624159676561023,12.560703250970315,12.56042766571045,12.531933697337747
101,11.942206361046072,11.93355433003086,11.933324555945934,12.449308175203297,11.948633077958753,12.04934310913086,12.038559072491179
102,12.183907879145574,12.187281310804845,12.187031100406019,12.160944741192962,12.162259973002001,12.180121421813965,12.15207012782442
103,11.917011369312661,11.906365440777346,11.906844704859267,11.882708006420916,11.880014462313428,11.872987747192383,11.809357775176986
104,12.021260486294247,12.032031366115255,12.031486528466173,12.04344618166414,12.014563775642044,12.066231727600098,12.029638671618184
105,12.475545067059093,12.47616228658792,12.476155338330251,12.496080782714753,12.28804299519685,12.275579452514648,12.228265794637958
106,12.21654314731509,12.186808630697124,12.191210184773594,11.977059746068342,12.199044409825202,12.159157752990723,12.17069487338351
107,12.420981586183949,12.409524739098574,12.410383322643588,12.423871478651384,12.467839420086563,12.437417030334473,12.45150865664968
108,11.770526784478438,11.779919809513832,11.779306373406792,11.76033987008878,11.805051998920309,11.7894868850708,11.794175628401714
109,11.873348762985927,11.861955465676076,11.862316343859574,11.895408929829777,11.891255541384679,11.876871109008789,11.866125246787352
110,12.355724991947596,12.358375616289834,12.358261741818557,12.406253583126503,12.407440645746055,12.298407554626465,12.295222491136002
111,12.799091776408119,12.789212199533102,12.790282566165569,12.815978831196182,12.927036714593447,12.90981674194336,12.896420002454335
112,13.015267134173758,13.014870054216104,13.015847953731292,13.044409396198722,13.105495345955479,13.069795608520508,13.10615320292883
113,12.306799676238219,12.305077439318907,12.30584744837908,12.375660965944665,12.242657808192707,12.27951431274414,12.255083432919662
114,12.400001830178596,12.399534446240922,12.399357292243582,12.409951133737241,12.440446685899389,12.406489372253418,12.433702946505605
115,12.09081438286253,12.099583431695674,12.096905794132045,12.097124837583493,12.111813108899748,12.090785026550293,12.12695981413463
116,11.69773804523136,11.692862215504784,11.693430080239914,11.677957980865106,11.680128862002233,11.626514434814453,11.68263417947076
117,12.089828742910832,12.083006076761224,12.083334726595659,12.094222277917227,12.051058456704203,12.043203353881836,12.038981769645064
118,12.59666957027321,12.57205816845849,12.575915559027596,12.115861664979406,12.497748383193013,12.43967056274414,12.443599615004471
119,11.540302346178233,11.533923019147382,11.534914243632697,11.443161695182546,11.36672810707251,11.392631530761719,11.396788150942985
120,12.501294128049347,12.49561171134951,12.49682161897315,12.515309342668772,12.514894736264601,12.50654125213623,12.491145326892417
121,12.530715415179115,12.525122224566408,12.526743773975225,12.473181105462864,12.39604401564613,12.440187454223633,12.415817830095241
122,11.47755567520484,11.504918063243657,11.497664831069498,11.615528339230007,11.554511787712343,11.562996864318848,11.599870406600647
123,12.272490284278698,12.26581893375698,12.26603538835383,12.291231066016223,12.228566518127403,12.242276191711426,12.24202309457166
124,11.649742103497111,11.622237446465274,11.625309812025352,11.439426533933217,11.674079064966811,11.684595108032227,11.751755797540257
125,11.761753591071797,11.76240005343586,11.760362788973483,11.866382184672979,11.906485124418612,11.884746551513672,11.796959199717683
126,12.916224899140442,12.914750534138879,12.914627573898535,13.11173202823524,12.988068391184033,12.977861404418945,12.975221298587421
127,11.761821375175527,11.762852791697181,11.762106545349434,11.80590037283652,11.770904455999906,11.707352638244629,11.731615492956116
128,12.338245467439206,12.328288430300338,12.329253570111748,12.354433019674293,12.412372277921605,12.318093299865723,12.362245461524129
129,12.355641868345385,12.33386689140737,12.337021437583441,12.346574256176856,12.338494420860945,12.36904525756836,12.354732916499263
130,12.342028651977685,12.375126842610726,12.373767154596653,12.388272061645434,12.400520709855027,12.402456283569336,12.387621555473624
131,11.96293651975312,11.964757276000674,11.964439601503232,11.964946469672315,11.967497526575473,11.98011302947998,11.98822310136713
132,11.840639015535963,11.834826268605948,11.83500642912097,11.811892995641198,11.867879520241665,11.815632820129395,11.769105958946948
133,12.759352379194564,12.756686929792572,12.757555218197062,12.758627883168728,12.715270771182348,12.71292781829834,12.729224081798316
134,12.279026015653805,12.2744711712915,12.274657420383516,12.279904925272298,12.270488593485322,12.250565528869629,12.242523651257862
135,11.95446522401008,11.960782161206964,11.960908309021907,12.028730719449921,12.065216042492818,12.039965629577637,12.031557370224165
136,12.215748251210204,12.21633198282186,12.216699842587802,12.67164551299603,12.108990317202398,12.074959754943848,12.039063895759046
137,11.528431765928048,11.533471488782743,11.531816657987948,11.592192480119268,11.538137056975675,11.54821491241455,11.53958633978013
138,12.046091100487253,12.054859477593096,12.053550252576896,12.030114384750046,12.073457721329824,12.046627044677734,12.058281718032507
139,12.167907547793726,12.171998064791511,12.171994693693708,12.10837187547866,12.132917132783593,12.09857177734375,12.100430022302955
140,11.911523780026423,11.907124793058692,11.906400279717197,12.095446331351551,11.988190466017839,11.996718406677246,11.94018137948958
141,12.4484834622496,12.442095683519,12.443874889114582,12.124170008054984,12.44520758382954,12.406294822692871,12.394207427195022
142,11.563216683784246,11.56724433607675,11.567361397414674,11.452010945732786,11.440509237208131,11.471580505371094,11.488680151545271
143,13.135209026404002,13.139179228097298,13.139059261855525,13.148035955090014,13.104370765538448,13.13652229309082,13.12564906980889
144,11.761331178563397,11.749927230540685,11.751737871360952,11.857930414060942,11.746082951786239,11.772616386413574,11.74000772467724
145,12.185890960010678,12.183373250149593,12.183379901720539,12.089966849307507,12.144526914524102,12.19563102722168,12.198164253536774
146,12.391512069314897,12.393038155056612,12.392881957086798,11.908791083803886,12.440338927727034,12.376511573791504,12.36770257293209
147,11.522211427549593,11.488474293586627,11.488301078187474,11.517170200532783,11.475711540397054,11.443948745727539,11.560345149029914
148,12.497613565639945,12.510557473292389,12.509871489366752,12.381969740648726,12.469301856582844,12.465954780578613,12.482049749255907
149,12.5092742125063,12.503558538415577,12.503674392354586,12.50779645855212,12.533436181833423,12.528520584106445,12.513370481941115
150,12.25606501455909,12.250803274712782,12.250922336181423,12.228914573437285,12.232567817758198,12.218660354614258,12.237744338967314
151,11.80879662869039,11.805146361218949,11.805300314019405,11.93755705141151,11.925096787278498,11.86315631866455,11.882831804340299
152,12.087145746259282,12.080829214946737,12.080778446316181,12.08019898457853,12.12011277861857,12.107229232788086,12.123462242287285
153,12.499180581907066,12.50247325246744,12.501768355872436,12.501911855432216,12.514262793324697,12.554835319519043,12.570791842552335
154,11.854072910091555,11.85888189548116,11.858748836050546,11.877488248380287,11.814195155073136,11.809168815612793,11.779713901902483
155,12.866021164062595,12.854343745805933,12.856137477779134,12.8429409840216,12.905748575473751,12.918805122375488,12.923717263968312
156,11.993910135916085,12.001430327817785,11.999496875357018,11.98916669341502,12.005870769490597,12.045618057250977,12.057097054344364
157,12.65959744351737,12.668304272289951,12.668127429549099,12.625442930010081,12.662637914046075,12.749475479125977,12.766128109052035
158,12.574030149583763,12.575724664137926,12.575437162478757,12.560816278437695,12.642182680714328,12.604949951171875,12.63735664065456
159,12.677027335448054,12.669237696600444,12.670609880228065,12.693926293376695,12.56347845424566,12.569894790649414,12.609261105097076
160,12.413722893158257,12.408593954446745,12.40864714473332,12.416809505782501,12.332177738539789,12.311665534973145,12.343614211803612
161,11.67680552250828,11.655916343719856,11.656423670766696,11.622064638913656,11.66592794720535,11.680742263793945,11.578944526012135
162,12.769330782625651,12.769258416433226,12.769268519808724,12.764259490976066,12.732791864851519,12.705150604248047,12.685480948807422
163,11.704741845899445,11.699919286550282,11.699632304943465,11.709605591262644,11.657679747215889,11.657564163208008,11.658313668526493
164,12.594226704806239,12.59569033506891,12.59473009492187,12.564748794341163,12.628928113386646,12.608687400817871,12.630166168369062
165,11.959828287313648,11.96575913766967,11.965632814906927,11.97193346181475,11.989879809655287,12.087753295898438,12.09038450159456
166,11.506696782110431,11.491272789427907,11.491515703393684,11.878873974850109,11.434343509535237,11.476585388183594,11.537483469248523
167,12.31600614091307,12.312618607297399,12.312787186456482,12.317893956515592,12.298815083598127,12.298382759094238,12.284128277833817
168,11.878917778291811,11.854048500396491,11.856327003000054,12.270568377857026,11.879721249717102,11.815404891967773,11.869174558357985
169,12.011054193927407,12.023766792200746,12.02210505488389,12.100663552731325,11.963392906071517,11.987772941589355,11.986465954571104
170,12.20783520968911,12.20363910757097,12.20382422784371,12.270340570685983,12.209617270587469,12.200318336486816,12.257410095536564
171,11.662241643078527,11.658778735388285,11.657916734646298,11.908827607499548,11.587390584572242,11.579171180725098,11.596865903505895
172,13.049649002212224,13.052636440302416,13.052548244944301,13.011573148232904,13.000392552046252,13.038246154785156,13.053486958797961
173,12.372585110651963,12.380071320391528,12.379582372011582,12.125319946405396,12.448148984255527,12.495107650756836,12.52021182163061
174,11.978898377923406,12.002176155669373,12.002069920834462,11.906203079742218,11.890052441282865,11.973441123962402,11.945509198142771
175,12.56755693910024,12.570178540241743,12.570157037400232,12.72639314289388,12.54920376651698,12.544514656066895,12.543764754369526
176,12.597510743646659,12.599166584851465,12.598938607712102,12.586177877763213,12.598077541312628,12.633108139038086,12.572010987765271
177,11.91843589603766,11.930590421514093,11.929154391318274,12.131381057319224,11.891156227594644,11.942803382873535,11.918173159161285
178,12.413675352504898,12.41124980905558,12.411367235880533,12.410727860480407,12.363772585677559,12.376213073730469,12.375256359820646
179,11.730925099608816,11.743090369763925,11.741762905926839,11.643581414918984,11.70895740797262,11.70425033569336,11.696969641281424
180,12.20730716932438,12.198664242968814,12.200015646130163,12.239835744374703,12.180345954369077,12.201866149902344,12.169277021791046
181,12.818064628219824,12.814383381504596,12.815725946667458,12.68423992925017,12.782880934777115,12.828248023986816,12.764339237364096
182,12.63554574685633,12.623761051526921,12.625428403696848,12.600965370216645,12.627594055279747,12.635542869567871,12.645744658926715
183,12.357134584814611,12.358877370985068,12.358314473062174,12.323384721268823,12.353967876686994,12.359729766845703,12.435469442093492
184,11.93448694690308,11.943191076277463,11.941917129269653,11.950651527562956,11.872468707276242,11.91054916381836,11.86105732973868
185,12.006471715258169,12.006727317061467,12.007420228302998,11.956062256535354,12.012559432361853,12.004389762878418,12.010727343509547
186,12.166265661514702,12.143975776249652,12.144943461677663,12.184365873661267,12.103431800287325,12.105243682861328,12.109736650936197
187,12.196512888904367,12.19014582868241,12.19132931986908,12.070420169159464,12.301161488312845,12.24061393737793,12.17360289216467
188,12.627176134352556,12.624860349115108,12.625149690606573,12.618431083135473,12.648093918021223,12.652504920959473,12.653263872862661
189,12.200563240745003,12.194987839674328,12.196092382443956,12.049861538166816,12.176282295139607,12.118200302124023,12.161702736639796
190,12.590095364830194,12.589602772056432,12.58977374199198,12.605266733881558,12.556393173318435,12.570120811462402,12.581394439892659
191,12.168276252325434,12.18430509536683,12.183754292852287,12.107261912745695,12.027070129234293,12.071517944335938,12.091549977352242
192,11.665545460935625,11.662614961808542,11.663468236287223,11.582399976318095,11.653734268207915,11.636853218078613,11.634553586404689
193,11.921494684128026,11.917857420827076,11.917933154479895,11.840796080217139,11.94729120263152,11.95700740814209,11.910834960255363
194,11.71303763704112,11.70881204115843,11.708159988930726,11.659200329530114,11.77371373073071,11.687702178955078,11.70443815309228
195,12.581590682116229,12.570629908589781,12.571875667111724,12.562808169042562,12.52439025865554,12.549442291259766,12.505738887159922
196,11.804470399575216,11.803268814423987,11.80332238943714,11.998859771712544,11.857062438306658,11.824137687683105,11.788880426947463
197,12.50521102815783,12.484200227583354,12.486287015201405,12.476875180907525,12.506559789284168,12.431256294250488,12.458520286011563
198,11.736378604623411,11.745236294293244,11.744389329217839,11.756042027904817,11.808273354728218,11.732231140136719,11.750368466571441
199,13.14899490523309,13.133925187050666,13.136175278450883,13.15511874118148,13.157807489092805,13.164892196655273,13.098798408018489
200,12.150058957835695,12.148989585143239,12.149719729367058,12.185947129984996,12.227857948759699,12.219159126281738,12.203852642845112
201,12.042748982421436,12.073622542653009,12.070475982734074,12.111615621022459,12.076657000986936,12.067343711853027,12.11978091422743
202,12.103268656526533,12.117730089551474,12.116434979074878,12.162483915238234,12.10449867795186,12.105330467224121,12.077328022102593
203,11.553272891860104,11.526400273574295,11.526647442304144,11.441896938559061,11.345638279516631,11.39984130859375,11.422687912338352
204,12.915983034557339,12.916088353065298,12.917287622987505,13.049022525214964,12.858606483723664,12.821512222290039,12.84909612968984
205,12.800764595101569,12.788648326385392,12.790083908917603,12.86693359798749,12.837754872528523,12.80620002746582,12.808177862429684
206,13.000361763771219,12.99790627469823,12.998827686193232,12.974693766283456,12.972728162311617,13.038153648376465,13.056052827036426
207,12.142691682891217,12.140027506740294,12.139151926626635,12.100966679254498,12.091600905657742,12.138731956481934,12.136512963312269
208,12.530406110584243,12.518837710962554,12.51870936240439,12.694149637366294,12.487268702402975,12.427287101745605,12.477002789905065
209,11.60979400876184,11.589625653059517,11.59076445579973,12.092946513619893,11.691069794668717,11.651613235473633,11.559188140287894
210,12.4772008457263,12.468310966848982,12.468744660889879,12.491855567508594,12.556911515086275,12.580050468444824,12.635476293589342
211,12.157124717841569,12.156584136514704,12.155747081760659,12.27105132887023,12.072347811555039,12.08761215209961,12.108021759264552
212,12.64653574085051,12.640245528291027,12.640991721971407,12.67284199550842,12.709018234419919,12.698700904846191,12.714478355323871
213,11.902467719896048,11.901263275323625,11.901393036363226,11.891145363940318,11.883215942688459,11.887988090515137,11.907268977187366
214,11.657452386448334,11.674945018620095,11.674517347569543,11.606690077168325,11.641189950487211,11.707963943481445,11.731646192941923
215,11.80810321514911,11.803645705657301,11.804389482289434,11.738867180751306,11.917693090317892,11.869985580444336,11.842925221621597
216,11.87638992864606,11.878342494425175,11.877434833238693,12.017657774505427,11.932881081797218,11.944236755371094,11.933081862647894
217,11.79221085195046,11.801007490052537,11.799375166114872,11.796439002835502,11.868106128477306,11.85962200164795,11.788302856773237
218,11.854601178599488,11.858699285102357,11.85782229989878,11.835598182630847,11.834953951445215,11.851834297180176,11.841653478171308
219,12.485673325323093,12.496017789769787,12.494779389106771,12.471475434416517,12.527142401668183,12.494734764099121,12.505997405071275
220,12.014165297623808,12.014384410850019,12.014570116607551,12.030127498581495,11.909591289640673,11.962529182434082,11.940912712202781
221,12.784836973568515,12.767835407902275,12.769148495063009,12.493715142029632,12.862201253204764,12.793731689453125,12.81844924994962
222,12.070992608775516,12.082811891213913,12.0809134833666,12.06959574493183,12.03062408728991,12.090615272521973,12.10189794178205
223,12.240610109277142,12.240330074799816,12.24010880430877,12.275199026950494,12.270034405761423,12.258774757385254,12.262473543832153
224,12.171213859410942,12.172834734522068,12.172961196091633,12.186843490587382,12.119234430022995,12.099109649658203,12.13256430149697
225,12.550689465485775,12.563643142075392,12.562706735915546,12.542732247766393,12.541691620721592,12.602726936340332,12.544546058740915
226,12.889690046200204,12.897271593015093,12.898769600396323,12.929635068828132,12.961462617163251,12.892533302307129,12.906187480399778
227,12.715414128252723,12.715987260772783,12.715987062073124,12.673832186290717,12.808538582482031,12.789650917053223,12.766813254951535
228,13.363557423277442,13.36000901483198,13.36057610500639,13.341866361417903,13.203957280571029,13.194369316101074,13.159999849580947
229,12.240201689640568,12.235860340386726,12.236090365031055,12.297672094001115,12.315851600940725,12.241286277770996,12.293778438338476
230,11.99584674021009,11.991400628175342,11.991875078182352,12.227505821607233,12.003489909908003,11.982285499572754,12.00403411208118
231,12.074065472855725,12.085470607826952,12.08298464166668,12.057746332962619,12.122607134872261,12.10564136505127,12.10465603068093
232,12.338489346274823,12.325603877078759,12.32543049163262,12.329165765457718,12.357259859110437,12.304933547973633,12.32666592913683
233,12.248724855391151,12.248942026610838,12.249002816258638,12.268282484748225,12.266449608656536,12.28141975402832,12.298853021166579
234,11.963417835273429,11.96886937699593,11.967067315662696,12.063595432592138,12.022217258008414,12.014025688171387,12.001102159024024
235,11.833787221851455,11.855680479481737,11.85424990137794,11.8387633951687,11.729594081114774,11.780985832214355,11.72610119724154
236,12.240569900389895,12.242068967044473,12.243235958222112,12.023563222920227,12.283001814743168,12.241228103637695,12.235975523721091
237,12.226351817460056,12.20994772326736,12.21160894118042,12.213799440385554,12.240769938792823,12.227804183959961,12.190052395626132
238,12.746252985244526,12.755558192257064,12.756284830747818,12.733002272335028,12.67451885487363,12.7119722366333,12.784259753680178
239,12.395284111813467,12.393291929879597,12.393428186107665,12.381704043432588,12.360432388503762,12.376384735107422,12.323602742182008
240,11.90379446743531,11.91771981708642,11.916427913371159,11.902756867317628,11.960594969233119,11.930376052856445,11.929535968132754
241,11.963033877643849,11.955788509181597,11.956503036810682,12.110793466246562,11.912959729002848,11.87773323059082,11.877043001009806
242,12.130858915746021,12.124551371751739,12.124120553978651,12.200584053479803,12.122148994171956,12.122174263000488,12.101743275775222
243,12.470181758265772,12.47604076253197,12.476024213375503,12.453922410489461,12.458587504740251,12.439597129821777,12.462543817839864
244,12.61749323203505,12.604694478390403,12.606155485231293,12.64869949725325,12.698008721314107,12.702723503112793,12.68408038628029
245,13.007840686908889,13.005764090774543,13.006467368363603,13.037177103911283,13.044928992401106,13.028998374938965,13.01179486715909
246,11.874308910026839,11.879878030232339,11.878799293864521,11.878519284829995,11.90945897589661,11.903843879699707,11.896001113737585
247,12.265699984575308,12.22414879962153,12.227010996433238,12.216281507443457,12.260178326932348,12.331341743469238,12.208159540156952
248,12.185571532525222,12.170314355812202,12.173093000463746,12.119718117155339,12.154689650910578,12.138702392578125,12.13210779568874
249,12.282771414497239,12.282564890046407,12.28318832865986,11.946612962947047,12.228581809902252,12.254908561706543,12.270943025259287
250,12.911650046645008,12.913297717292188,12.913634693809346,12.911069246752543,12.7895024949343,12.817817687988281,12.8396170767794
251,12.851060011103867,12.848791878608555,12.848927905168974,12.830291327648718,12.843704408375102,12.863133430480957,12.836717818060684
252,12.299895642902563,12.301571346861063,12.301142949937564,12.411262280849291,12.278080436080616,12.275070190429688,12.278482498594062
253,13.135123765300733,13.129394872887278,13.131104390610979,13.098526154572765,13.123820109878366,13.11858081817627,13.050681223023984
254,12.052253624517071,12.047526904986842,12.047856636548854,12.069395948239226,12.040031498476422,12.098318099975586,12.103928963256434
255,12.10517728496318,12.104700040131432,12.10465492001108,12.150612992561115,12.139202597635407,12.148025512695312,12.139630447485908
256,12.351649500480843,12.344028704717122,12.344316906738204,12.37006237666782,12.448774093039617,12.440289497375488,12.390043615232308
257,11.785104631432004,11.80845879698158,11.804933985330464,11.787795124424804,11.956650168148983,11.896485328674316,11.895568285738106
258,12.473728167090442,12.472599175793993,12.472227219424772,12.475739593886383,12.625746009820109,12.606959342956543,12.590519036257534
259,12.392182845769431,12.393315428892452,12.393370520057015,12.384691553048315,12.385200868183452,12.404552459716797,12.399652916134125
260,12.275855524107023,12.278806428416912,12.279941430271673,12.255348163488076,12.230853619259776,12.212185859680176,12.231630226307658
261,11.947784929542282,11.953512544051167,11.952387362125883,11.951902866625272,12.047273091042445,12.042994499206543,11.920444653811387
262,12.319940445113934,12.320224873611542,12.319907561740651,12.314581406365194,12.297278021199809,12.29464340209961,12.299075532735744
263,11.767687095025824,11.746868428723777,11.746750483089615,12.125351446982865,11.851015356798808,11.881159782409668,11.863573050329359
264,12.45325421524529,12.440977450271937,12.44037982819095,12.477705888545188,12.42963376619529,12.426523208618164,12.445118028042225
265,12.058010446278816,12.061593007744221,12.061290681858365,12.07790401650453,12.215708402116656,12.211880683898926,12.201944006367905
266,12.048714433299535,12.037618772475453,12.038317170882543,12.060389317764281,12.090403154738006,12.097075462341309,12.091414642598888
267,12.591331704488452,12.591032289692546,12.591524888082434,12.574957982307714,12.517991055891088,12.54798698425293,12.603681947656376
268,12.139576566518194,12.148331902838946,12.147402633177133,12.157204270480909,12.171638874870313,12.166624069213867,12.14933769591278
269,11.846686241929193,11.8820816837956,11.878035897966663,11.87064642874267,11.84501372090906,11.963855743408203,11.90112723301675
270,11.944229853097413,11.934396817342325,11.936458708537064,12.090680462416831,11.858004620427867,11.820832252502441,11.791734457281967
271,12.998797317317926,13.000914716964722,13.001293749793344,12.99186207795738,13.001693382554734,13.054244041442871,13.021379865774481
272,11.795651832633846,11.796796054657497,11.797294648834741,11.851587563977136,11.71964375454691,11.71409797668457,11.676227186813122
273,11.46218647829074,11.459120302612915,11.457081714487725,11.434309008400419,11.454636329539936,11.426267623901367,11.511124949451002
274,12.477583067493617,12.468331217971787,12.469085129857927,12.213589405241432,12.361255848501147,12.44373893737793,12.442196228302782
275,12.100915785935932,12.10839522012325,12.106024635539535,12.034134284100729,12.042602761069878,12.055724143981934,12.052726957112815
276,11.869045163142891,11.874651669557117,11.874259176097043,11.845821252320338,11.782538924911023,11.769290924072266,11.765343493901089
277,11.885977937739392,11.881297621376154,11.882610929043253,11.912573817128816,11.889111598467894,11.888542175292969,11.8680732317059
278,12.651770010656529,12.673593746090043,12.673942524372944,12.691471817565418,12.632004737220255,12.613856315612793,12.6170969165527
279,11.610089474562267,11.608748741508714,11.609147632919901,11.613039609792434,11.532360323768126,11.560823440551758,11.529591821256627
280,12.266407086226572,12.267526849364708,12.267819371491198,12.274817218949508,12.228879139708278,12.205153465270996,12.213726076994718
281,11.82325171684724,11.834772539724224,11.834542151625556,11.679398246866407,11.825687726429274,11.801179885864258,11.804592904235085
282,11.706772904212368,11.700762173249862,11.700768461562898,12.088116637190943,11.902646074005704,11.86545181274414,11.776052583819968
283,12.465336389873023,12.467079615337138,12.467949603992244,12.474171535295433,12.520694459366187,12.53642749786377,12.519944167515245
284,12.455120599248996,12.459098146927591,12.459069029144256,12.427222643362484,12.47215226489177,12.42447566986084,12.43225583283495
285,12.174587866031043,12.168794960871894,12.168936428854929,12.226688170807794,12.218591568709881,12.212101936340332,12.221784444332576
286,12.060025998684361,12.068885421680239,12.067671170132149,12.155515295798994,12.1729836674637,12.119024276733398,12.12745694580364
287,12.680284874837444,12.688143356157696,12.688510116297477,12.724879171170418,12.665411779878871,12.731626510620117,12.759036578594909
288,12.032416722219118,12.048839402554382,12.045435458945944,12.206408348935215,12.11820452441158,12.070033073425293,12.036974631574955
289,11.709843453181813,11.715711905143493,11.714351628935118,11.6956034230761,11.705389656221387,11.720170021057129,11.697435729873524
290,12.284914051444757,12.283686374942583,12.283684252427964,12.00146259567283,12.234756265165668,12.251215934753418,12.253872100019844
291,11.941645815385824,11.935527340879775,11.93603149155687,11.956666153074192,12.01013235639295,11.990297317504883,12.005174852426395
292,12.009886468785815,12.006234522853243,12.005992182111964,12.03361454459095,12.051013506280478,12.073685646057129,12.062458530494878
293,11.837735388094902,11.84436797599266,11.84301830882928,11.904592290786752,11.846314941625883,11.888222694396973,11.814584228953711
294,11.828789629567492,11.823858156597515,11.824356915306232,11.956815493025747,11.858766482744429,11.863214492797852,11.830793382238275
295,13.057064786250907,13.05464524571601,13.055407537257882,12.269145602952149,13.176357703134146,13.11091136932373,13.126302663978265
296,11.886106809659173,11.872676640687859,11.873679185260144,11.945830695548196,11.9367644560474,11.913921356201172,11.946377365611099
297,12.240471166077837,12.267010971490835,12.262798594920957,12.134719062581206,12.205104824752919,12.233034133911133,12.235913485066552
298,12.33729069568638,12.337431080882919,12.337300982857656,12.329733124682914,12.291103242411667,12.294824600219727,12.318102394245091
299,11.947299175355784,11.953533463058273,11.952268455690671,11.950010349890386,11.96796309459236,12.007355690002441,11.986288499692426
300,12.022150291642095,12.0213569220057,12.021165094903516,12.04110803482909,11.987687361162939,11.992453575134277,12.01758281256907
301,12.32605500353065,12.316890961450472,12.317241445578288,12.18555997784192,12.182560184846736,12.224120140075684,12.222397919343942
302,12.189002092274182,12.161329728540265,12.167737307715091,12.084488407569204,12.229108496748797,12.219797134399414,12.246415810626612
303,12.71607248575581,12.691346210175908,12.693985790406574,12.2672100884309,12.782210073857698,12.745534896850586,12.731561274806044
304,12.274093364622422,12.278690757226903,12.27842834760138,12.265748254436858,12.32516670934174,12.268373489379883,12.261576484202127
305,12.037868752050823,12.033664375410392,12.035034177725953,12.16768768540845,11.948015857988503,11.98855972290039,11.985302415543778
306,11.890955232304915,11.899929440242035,11.898949544523068,11.921390470504814,11.921645921108418,11.924805641174316,11.932266817776242
307,12.253726758075768,12.25052396450413,12.250328538624645,12.192241621852279,12.242279001418467,12.221921920776367,12.22420211226418
308,12.122983008905651,12.119922883764827,12.120403367641474,12.140449745288858,12.121803795484293,12.12396240234375,12.12316753084184
309,11.992935759602503,11.998649132301066,11.99700322629716,12.016456551575533,12.024179105741485,12.030868530273438,11.999838778740127
310,12.036944375567472,12.066620443767883,12.063751398425392,12.173070285046142,12.004728121974093,12.01179313659668,11.998144535606661
311,11.584712392935554,11.603574136722447,11.599136518723581,11.709844202632098,11.734158730287316,11.664263725280762,11.599081338837467
312,12.166641567326895,12.1535662829446,12.155230060034679,12.178243329650456,12.106242914331773,12.086531639099121,12.096111360107285
313,12.421808813478316,12.426926793241893,12.426983581869468,12.395925149067308,12.453152330098526,12.429891586303711,12.433031647321322
314,12.175734342100792,12.172576702041203,12.17308024198058,12.194210192873012,12.167911842803719,12.176548957824707,12.170464218001015
315,12.15305736513493,12.151004448747706,12.151283779274673,12.206186464685118,12.194358610268246,12.201117515563965,12.203658105394501
316,12.688895461621957,12.702982146964708,12.701763540982498,12.687067540323131,12.757197496744126,12.810486793518066,12.821026921181355
317,11.800258811631018,11.789321421422702,11.789993224546816,12.048494078297871,11.81750229061893,11.756340026855469,11.740909890770855
318,11.77914244850481,11.78377591827382,11.782002951306485,12.062121207558755,11.866702606408458,11.822478294372559,11.828108455200155
319,12.115131154081988,12.109508143793832,12.110990701167548,12.185207455957219,12.295824432827242,12.204498291015625,12.217321734239517
320,12.609393943267785,12.607040121128717,12.607013281326568,12.638457780116475,12.56588838314394,12.503222465515137,12.585097700595606
321,11.581916037139871,11.592669897520256,11.590875477125266,11.60354313897345,11.526026261239602,11.559107780456543,11.541863680850541
322,12.094778417529225,12.090954621019726,12.091080926618964,12.027553038585824,12.092799080326794,12.116819381713867,12.131262633140096
323,12.006079260518918,12.027529602083044,12.026399931192431,12.081284364636286,12.036014369589633,12.003262519836426,12.022907266013565
324,12.452999973168195,12.467468535974364,12.465964661159695,12.173159178244957,12.351931808964196,12.32556438446045,12.373288452713712
325,11.627665850206014,11.662364581108049,11.660486587739506,11.461205913658409,11.605928492319665,11.640677452087402,11.594766145645583
326,12.372495445212785,12.36821787887719,12.368882937673476,12.343655210611225,12.367796926859022,12.35262680053711,12.369762482924205
327,12.659041184525634,12.66791633022314,12.668113078262179,12.40923113488244,12.666381847636853,12.647659301757812,12.64621330300644
328,11.904133820460226,11.903699084393887,11.903493581134374,11.877081083119421,11.95157473032783,11.995003700256348,12.026318591758047
329,12.197210684023778,12.19583550739061,12.195700097521591,12.19368355371088,12.246362692058295,12.204513549804688,12.226129470345262
330,12.70496483232213,12.706140215219882,12.706245747096578,12.705348300323799,12.679439996699863,12.710953712463379,12.72526355720713
331,12.064271334423236,12.049708671842438,12.050966428452876,12.000383522599185,12.069016319329489,12.0763578414917,12.048501663358815
332,12.369705102279909,12.36888449957287,12.369870446576918,12.213329796700362,12.423397220737375,12.455382347106934,12.423481374954099
333,11.997644976383567,11.981386055756982,11.983532580951042,12.000352640267785,11.952640240085982,11.986530303955078,11.991865631477658
334,12.043975564242874,12.047043129796336,12.046508337989488,12.033336882849849,12.011179497317224,12.02426528930664,12.022454501543157
335,12.628114342670033,12.624519504763542,12.624688982608456,12.670074883288626,12.775859859115458,12.691158294677734,12.775122827962385
336,11.797423904860315,11.80139319978761,11.800513772627703,11.768285408202805,11.786594843998028,11.801929473876953,11.757952827665928
337,11.988605322979154,11.993264839596025,11.992691633815886,11.956321562865018,11.946502825065359,11.962170600891113,12.02527655752294
338,11.829165223016457,11.82130484143479,11.822093468311715,12.443525376603317,11.813780462779249,11.767318725585938,11.810048001406894
339,12.368542528037924,12.377033850795623,12.375986391606409,12.347788232265728,12.423653723722175,12.402854919433594,12.413261721479275
340,12.728853049090624,12.729447399509134,12.728785240485525,12.804037474122936,12.827606230533402,12.765576362609863,12.81536163690309
341,12.442421705360774,12.449592280699717,12.44843109726833,12.406970805885702,12.43588192724559,12.443678855895996,12.459817780304794
342,12.09226716711344,12.082236755778688,12.082260240961332,12.097124838778232,12.075246768968087,12.057695388793945,12.065601805046038
343,12.359395825425919,12.365499506904834,12.364941047862178,12.357910280876535,12.391936588844317,12.33007526397705,12.327095345582942
344,11.939203354294511,11.937333111284783,11.937553804676478,12.03916469270981,11.985689043102331,11.974658012390137,11.980497094632106
345,11.926442979668346,11.91857315572615,11.919294693768334,12.021836818894297,11.982975504165559,11.944252967834473,11.987478975280169
346,11.68644270128198,11.70281308520207,11.70181270346857,11.686497878662927,11.718475054693181,11.715752601623535,11.675906043293097
347,11.920243176111953,11.89570165245968,11.896304825409104,12.078487560357114,11.95419470288948,11.968525886535645,11.865881918060992
348,12.530859443371826,12.541742584590876,12.541193957528957,12.149795565246883,12.529493163564489,12.485852241516113,12.53178399740406
349,12.163274525556295,12.164407362564157,12.165578639098644,12.1883659522849,12.204935833661668,12.208870887756348,12.194110713764392
350,12.086772403660914,12.100292973447377,12.097998997235374,12.05843364000007,12.017720560516805,12.035918235778809,12.101760829969447
351,11.732766245745648,11.726898346810469,11.724325957383146,11.941481530287115,11.836333968432236,11.71971321105957,11.81287254763426
352,12.546641188006438,12.543131729059068,12.543283249964116,12.52249941228749,12.481046593266782,12.5401611328125,12.523595256772802
353,12.523785448681329,12.527030084778971,12.527466477957393,12.601237646431974,12.711052479009027,12.610311508178711,12.648699105416656
354,12.81715336958382,12.815642520719088,12.817014830522014,12.843739795237946,12.808352427640179,12.851481437683105,12.833014905650078
355,12.314697601080443,12.308760522459114,12.30873235485975,12.289109734467834,12.30395937263945,12.280875205993652,12.33168611082805
356,12.0066079074752,12.012629946371876,12.01308427493722,12.019446558489205,11.94917499356794,11.962349891662598,11.948332352668757
357,13.117417308904958,13.109974910371296,13.111446282195468,13.142508275721614,13.145823765502994,13.07101058959961,13.06283638754415
358,12.89411653099463,12.895645949725148,12.895744017912406,12.89698186259168,13.010775653188533,12.9798583984375,12.952571966933666
359,12.37790236764417,12.366880147427509,12.36782683278263,12.382766739793915,12.172891581454001,12.17541790008545,12.182679757184083
360,12.23075375382924,12.20612815968922,12.20767011971048,12.537032969216137,12.268285173032174,12.257307052612305,12.24834481992194
361,12.692462248274463,12.683445681558334,12.684213756693905,12.688404738390908,12.725393869739083,12.683390617370605,12.684165548133846
362,12.791869868283042,12.79145336490793,12.791159307491657,12.820674025891993,12.772215992163842,12.80295467376709,12.844574433535554
363,11.906972121561529,11.908996597807876,11.909293024272307,11.901580491081132,12.021107750729596,12.01720142364502,12.029505013206387
364,12.809158674870172,12.81016886836605,12.811043185246875,12.793136143369418,12.80860439579175,12.81404972076416,12.838577522480644
365,11.754826680311158,11.764579863218696,11.763464956538693,11.330049192959281,11.701419564780974,11.679075241088867,11.649887676534634
366,11.959909732391008,11.938031523803271,11.941051630767097,11.963039041307438,12.00071444986693,12.005558013916016,11.925358022613032
367,12.015958130705057,12.02703839110704,12.02646756527159,12.056953222475373,12.012830789336704,12.026854515075684,12.027189818455287
368,11.592443968504467,11.608994620807957,11.606646852600765,11.589540188654569,11.508134452786111,11.551919937133789,11.578237999968165
369,12.293365842534323,12.289187631894393,12.288939521572564,12.284043977865858,12.249651771113452,12.257304191589355,12.262496063648333
370,11.949464904229146,11.97276379460158,11.971468533817408,11.802982042767225,11.82969642916113,11.836477279663086,11.836625109622862
371,12.241907405099022,12.264579649561032,12.262707559747446,12.259436698684148,12.220092510588088,12.28504467010498,12.263796788692463
372,11.918127251788688,11.929831979285217,11.928839065495643,11.967022242044393,11.936708198726576,11.929908752441406,11.959840517433442
373,11.93287315820404,11.93086768660925,11.931164695438106,11.923299920343169,11.908433780337845,11.850678443908691,11.907149051269998
374,11.682159851864505,11.684822630059186,11.684789329844765,11.723493194121904,11.727911509279531,11.719871520996094,11.706019765317608
375,11.770766551687569,11.773184849996849,11.772860906108663,11.677158399919502,11.896631869997114,11.831016540527344,11.812567080227971
376,12.01888595306598,12.016266385005675,12.01771182859342,12.203169337449216,11.993746651682764,12.045380592346191,12.047847356866962
377,13.095547352413801,13.082919005269748,13.085388977061802,13.105026268315742,13.059988905879882,13.12153148651123,13.070975208958107
378,12.091003740738326,12.09707665120074,12.097224356430273,12.106887611254967,12.088092199534124,12.05826187133789,12.0694627338563
379,12.054850494742356,12.05150074375797,12.053090538487064,12.055737544270352,12.077009283143926,12.091919898986816,12.081695615022573
380,12.344607104538577,12.347608219789054,12.347253630496617,12.314148667054447,12.29035699133692,12.321563720703125,12.299498634115649
381,11.780613135551986,11.792940882952195,11.7921060636855,11.794402998737642,11.89916445153969,11.833246231079102,11.785345512480033
382,12.0424266721621,12.043655235880143,12.042869743688634,12.133513926189861,12.02659009360669,12.106037139892578,12.034255696174323
383,12.009892520074567,12.015575881180489,12.01477095265672,12.07842241089401,12.059090370943462,12.047934532165527,12.042144811025448
384,12.572494442881627,12.574868042790905,12.574578940012513,12.568820011535031,12.565219765227726,12.552469253540039,12.563135536801463
385,12.121789704410027,12.119646634767987,12.120208106472335,12.174268730767993,12.163884755133598,12.186124801635742,12.15853199568866
386,12.00000764164712,12.01234981889009,12.011990004788094,12.038528736619398,11.962959038922667,12.011551856994629,11.972514455004086
387,12.447597120423726,12.447207533951532,12.447171618630387,12.404402851110042,12.396542726359169,12.449893951416016,12.445844182837218
388,11.616058064709723,11.61943295351364,11.61766435454389,11.578746596346326,11.612691415897025,11.544981956481934,11.555067705967337
389,12.018287069802785,12.030349154015317,12.028739834909608,12.024039788485704,12.10073124510296,12.067839622497559,12.061067458689305
390,12.047935279654268,12.052480786206342,12.052092473135584,12.08015390240233,12.06570773774896,12.063639640808105,12.081749516112085
391,12.178547757970254,12.178269085036465,12.177812272866735,12.165489349504101,12.174543130482284,12.208120346069336,12.16703497175824
392,12.256613490861245,12.254291803540001,12.253911547313526,12.26760545220952,12.203215105564828,12.210371017456055,12.232161541297828
393,12.094578457411455,12.105814705082537,12.103843129492855,12.094823557127079,12.09539953917964,12.044389724731445,12.070216711804571
394,12.897469868245192,12.89181324248366,12.892756893617317,12.898044904025411,12.871099471437528,12.920289993286133,12.92483960040065
395,12.395531098233267,12.395135878953756,12.394868436245162,12.380690025135635,12.360506108886176,12.354700088500977,12.362691801828177
396,12.857412861916494,12.859550565826137,12.860389641198703,12.865198784533955,12.844328376778147,12.931356430053711,12.95835249178864
397,12.059141183979072,12.070282740603387,12.069244394775934,12.068101936640332,12.03249837548913,12.008170127868652,12.035162120070794
398,12.143030897037391,12.147320321623713,12.14733022838376,12.181044948354346,12.158930543712891,12.176013946533203,12.180290912268699
399,12.348979512237339,12.346319616741447,12.346357883860806,12.32548438152074,12.342203717937783,12.316305160522461,12.291318502136791
400,11.918388006103367,11.925150450916352,11.924323713441419,11.918103337318355,11.827734930532083,11.934596061706543,11.837881663793944
401,12.10181266268314,12.10360447126115,12.102673563499915,12.116456414573666,12.13843847046378,12.090709686279297,12.057963639710717
402,12.627882541976154,12.61633641705755,12.617963849091744,12.615697194431537,12.577479371352407,12.595767974853516,12.551993464132652
403,12.880076262354894,12.87718760978798,12.877698192573405,12.859028116321063,12.879056825705161,12.901238441467285,12.874625121357102
404,12.093111322700068,12.051993564523206,12.05663660133437,12.122786108163718,12.054739739849387,12.063272476196289,12.0915400141604
405,12.028879481551485,12.031189596959376,12.031107386324624,12.296285358581402,12.024998665532506,12.045382499694824,12.063244955363283
406,11.932745647951359,11.945500102714522,11.94495391184423,11.93708524775932,11.928476593081516,11.931648254394531,11.934415992587313
407,12.511238113717932,12.509712457202788,12.510122018533178,12.512521848537283,12.511123962652036,12.561765670776367,12.535403376517287
408,12.59172645043979,12.600222392279221,12.600137672790916,12.594873177162452,12.567933092700686,12.589509010314941,12.572008504934846
409,12.378578817990007,12.378358875985278,12.378315678027027,12.364916198698605,12.381716640649147,12.339208602905273,12.354220162951156
410,12.310845238575215,12.309334054169828,12.309567660215073,12.328765069412109,12.278694207177027,12.28298568725586,12.280096491971792
411,12.627331567935748,12.62389211720936,12.624388123220882,12.622837558863733,12.611700721650704,12.617060661315918,12.61474389297167
412,12.01109765417725,12.030615709424728,12.028420339361833,11.945246366847307,11.901421893815028,11.96627140045166,11.929011006900579
413,13.087168786431825,13.093341546908876,13.092519155494333,12.938072988670694,13.144386409179289,13.138029098510742,13.120473581674565
414,11.748823096380411,11.76082090993288,11.759120311015511,11.654374970946638,11.693937267889618,11.745128631591797,11.674233749406408
415,12.234302760701006,12.232988143633127,12.23292494003454,12.230370053752244,12.216337016340178,12.262804985046387,12.272851839242643
416,11.960044597246968,11.95984571343558,11.960558808715254,11.99922155336834,12.016006660000054,12.024884223937988,12.032506092746056
417,12.789267749408664,12.80343880248174,12.803004821607137,12.789730267664575,12.88085662298909,12.861791610717773,12.837628967247902
418,11.953321487067651,11.973112381966434,11.972421208578925,11.962264770549485,11.967622000680846,11.970325469970703,11.972661230278504
419,12.306157860189968,12.30336203108152,12.303227861070885,12.32139599928223,12.360649513852916,12.352027893066406,12.368424398831207
420,11.954457089730498,11.934512697099398,11.935995810486812,11.774397334604789,11.935190989147413,11.9234619140625,11.926402399529747
421,11.682685296023568,11.684249327506475,11.684027254855662,11.667401093275727,11.703713565346828,11.72897720336914,11.684908182755166
422,12.328759161914352,12.32865612951562,12.328639515552288,12.297946040791047,12.29704061990972,12.288649559020996,12.279132963051909
423,12.115631505378378,12.115791521879837,12.115185481514292,12.092830450296479,12.165679862661385,12.143046379089355,12.091078317733936
424,12.911143563690693,12.909412033857246,12.911760241407205,12.885394106208096,12.508779666403708,12.442391395568848,12.4102267840336
425,12.28472000405339,12.275953018720278,12.277536378240493,12.331834106266735,12.273486857766892,12.273048400878906,12.306576885199151
426,12.093204868926513,12.086992374068918,12.087900499730127,12.0832693791577,11.868214941848558,11.980766296386719,11.915307459024437
427,12.385171707227492,12.377626005762295,12.378320825636898,12.332480792886184,12.331792341109372,12.33305549621582,12.304428712804194
428,11.886414815042173,11.897122956770172,11.89606909244638,11.962502032540621,11.96585373337551,11.954116821289062,11.982552233228397
429,12.597818364422862,12.587700173418598,12.589711535622547,12.515308324056878,12.61080004944727,12.626575469970703,12.685470730135226
430,12.124809441316827,12.157472606367982,12.154736870119013,11.972855718630669,12.1509372796118,12.195088386535645,12.144854890210356
431,11.984061602549733,11.98117781501266,11.981147386467452,12.005308362765554,11.999491677818904,12.032726287841797,12.040707729069897
432,12.582930015350343,12.569497537553502,12.570436364221074,12.831267302167998,12.478732013831284,12.463347434997559,12.474903940552283
433,12.454695987040736,12.473846504095995,12.473312896037578,12.358142645550261,12.30625885143224,12.336678504943848,12.354232004012088
434,12.564200900652658,12.575048806304201,12.574144239031343,12.10983774733111,12.609606742084175,12.6525297164917,12.635944984629505
435,12.037895271643041,12.045424330125694,12.044223582695947,12.01879296700837,12.00431433939287,12.022258758544922,12.024854807691849
436,12.250672777951092,12.25132389163829,12.251477853661093,12.258074201815086,12.290756070372813,12.3201904296875,12.318767916115103
437,11.930466822927826,11.929555778708766,11.929542437614593,11.902534706178056,12.031459715317872,11.970414161682129,11.966607469646409
438,12.037543788828893,12.03374425846434,12.033679814179806,12.017246187567796,12.084438370203516,12.058603286743164,12.041170599814247
439,11.746601111453966,11.717421090394218,11.718760065643243,11.758812774368012,11.588501352632223,11.604159355163574,11.619633710055782
440,12.134745859531394,12.117523147747603,12.119405340558341,12.142579326120877,12.119618732753203,12.157625198364258,12.151062052560643
441,11.540524838186716,11.533773113205159,11.533930892104877,11.84937889521427,11.565442887622826,11.572857856750488,11.690304420115147
442,11.687046922312994,11.684317958547446,11.682412122457082,11.55982721611607,11.78185938719085,11.756017684936523,11.688396822272507
443,12.389503836857639,12.377175006972692,12.378375562956526,12.385843849848833,12.42910590658892,12.336461067199707,12.351872015505377
444,11.83042560258689,11.840527923915602,11.840703711958938,12.062466596181787,11.918922829444856,11.911850929260254,11.924581996052389
445,11.490690497638354,11.498296843034407,11.49975361724623,11.581328994317094,11.371910073084146,11.298168182373047,11.354129192123445
446,11.886615113144174,11.888269315315274,11.888082692888677,11.911235772915283,12.017129434104017,11.96343994140625,11.938044332159624
447,12.153638144095058,12.150898554357116,12.150481637809724,12.228731798264656,12.13473470931138,12.162793159484863,12.159160775861764
448,12.305388453809034,12.312795194445101,12.311415812714564,12.296746331684096,12.29010482096239,12.309515953063965,12.313769771500825
449,11.844042698658908,11.824403202731695,11.825157532809344,11.769793081158099,11.992030548353346,12.000799179077148,11.993641559694868
450,12.506103516071725,12.496260636411161,12.49673869280425,12.520860571027864,12.46679626413406,12.45858383178711,12.464041365239233
451,12.244014647652946,12.243757829371056,12.243752866714459,12.213819559328677,12.21351066272026,12.210491180419922,12.21067543032496
452,12.215792623793167,12.21073901444139,12.210862765602707,12.169288538296689,12.24661514034728,12.207858085632324,12.215383591919183
453,11.950011235032537,11.949676590111507,11.950310262538807,11.977195698687114,11.960709708118024,11.99985122680664,11.949585097801377
454,12.062787337449175,12.060463404698558,12.060669157521032,12.121884034192169,12.130792065318776,12.064471244812012,12.075122236541644
455,12.718914344234527,12.718895619403966,12.719337363728286,12.708731387744407,12.71237263852303,12.769906997680664,12.765146500467546
456,12.255568137077226,12.24331778096018,12.246085769490652,12.117088835488406,12.169798449029939,12.199766159057617,12.15539230123221
457,12.15521755397054,12.167064354046433,12.165477905111697,12.17683929467854,12.176557503544228,12.144540786743164,12.148442665715963
458,12.430540307294597,12.434712222380263,12.434565656518028,12.77485883414908,12.38927392695321,12.412549018859863,12.416925348693164
459,12.421337964597372,12.424658294636487,12.423498682661764,12.614892510886225,12.379242759571074,12.371506690979004,12.430394148276722
460,12.790623261439922,12.803419918352828,12.803300403948285,12.764438205793848,12.725049736456636,12.770119667053223,12.787874604554982
461,11.873972985192456,11.873450983331812,11.873656653387512,12.059419571126398,11.920527684139024,11.924361228942871,11.897343225017442
462,12.768747052129212,12.764981548167102,12.766110316713675,12.717136408659131,12.846070331506805,12.833661079406738,12.787357389384596
463,12.313740459287898,12.318711684423514,12.31828057444683,12.286491670508614,12.32495133950443,12.349149703979492,12.319547851511176
464,11.791450853760821,11.778263590471274,11.77803420915862,11.779267801864547,11.851085828185264,11.870288848876953,11.809562190410496
465,12.476950231995557,12.482113147183082,12.482438420640344,12.488159672673392,12.467235607623214,12.48935604095459,12.44001761986845
466,12.138766082786931,12.150311254519426,12.149152030907581,12.062579690952967,12.136467124171586,12.116196632385254,12.157308521075509
467,11.945673385258367,11.938763700387776,11.94003246641282,11.931502097991887,11.948267477996119,11.926835060119629,11.915902288481389
468,11.7636987793819,11.760486253908399,11.761261964974143,12.019935147860272,11.711843696075988,11.723235130310059,11.699203637173389
469,12.7743334417505,12.778537354166545,12.778656399878141,12.763185644207717,12.759635079045582,12.753254890441895,12.741571283755642
470,12.202512514017526,12.196977065569172,12.19779186779611,12.183716947726673,12.211845965550477,12.209205627441406,12.206078140043477
471,12.865628465724019,12.862457183877476,12.863367962084938,12.779988001935202,12.73543912047772,12.72520923614502,12.755204254186305
472,12.180296937188613,12.178786425965841,12.178394544965332,12.174752036879962,12.201834801151753,12.230366706848145,12.196361841803606
473,12.198441508177542,12.198132620313856,12.197730958140706,12.171839087259354,12.184356256759346,12.183197975158691,12.169636980521142
474,12.4099552948281,12.406877728798452,12.407481619713801,12.46584594261855,12.446552331622907,12.417947769165039,12.45066946260698
475,12.536616984673095,12.549883904004256,12.548704012954904,12.530831170506701,12.591576778573751,12.582988739013672,12.609191452513729
476,12.116586838171019,12.127381771202622,12.12723901497949,12.008385763590969,12.214333734808594,12.17529296875,12.202125437127979
477,12.760275041743844,12.765462682359235,12.766503724548254,12.74585724058958,12.68983576616417,12.761731147766113,12.7786420562747
478,12.132790683324048,12.13001398883426,12.130312900137357,12.025245960233244,12.096215765625372,12.115928649902344,12.11267334086884
479,12.01576284383385,12.01370769155917,12.013490761282332,11.9937338506705,12.029708647620751,12.049912452697754,12.054327289078262
480,13.039808288987313,13.041931415681832,13.041777581187429,13.08584283407669,13.071159220637666,13.058711051940918,13.041410602978132
481,12.603785832304494,12.60376903051484,12.603666401870662,12.598783574500947,12.593828793795062,12.567282676696777,12.56105806213469
482,11.968931265029878,11.986507866488576,11.985483147721938,12.051013611502428,11.977599894864353,11.958535194396973,11.948818998948903
483,11.967875497422046,11.96803423385845,11.968985901291767,11.95077084736348,11.938888057398945,11.987709045410156,11.99492496747317
484,11.914257887359843,11.91141699460063,11.912125002097673,11.927220833599922,11.954162080341455,11.959283828735352,11.950221667368943
485,12.964880036408545,12.974040776004014,12.975061978518578,13.06887704414924,12.928487351114791,12.919759750366211,12.913535627070708
486,12.288923885348947,12.291469494495669,12.290615307442998,12.105593195740756,12.195232791565791,12.185315132141113,12.249024246030974
487,12.008306339173133,12.010719900413816,12.008696182848784,11.96218343855849,11.958000772335952,11.951925277709961,11.949228851038633
488,12.355243573405819,12.352788936663819,12.352726552074316,12.324476837347333,12.251972226317756,12.256077766418457,12.292749658454763
489,11.985024810457837,11.986828677321785,11.986219768313296,11.98658484476628,11.980783316648203,12.010381698608398,11.987738372545548
490,12.40050956024024,12.397743746483462,12.398018320173373,12.425783642345985,12.422706808701292,12.384454727172852,12.390610772378112
491,11.760322676894255,11.764955381693094,11.763610650707232,11.813008593689032,11.796664984407121,11.737763404846191,11.765661760983031
492,11.855694829444115,11.834966479682057,11.836477867491817,12.061073681165121,11.903214978706144,11.887187004089355,11.794151508914359
493,11.897967800523269,11.907666095136237,11.906640350256056,11.965226521317627,11.904886378125427,11.90542221069336,11.871836863069626
494,11.960671540066738,11.958428386220666,11.958610713588309,11.918997918470687,11.884862957850741,11.953267097473145,11.946184925127099
495,12.659469715479599,12.664495731204115,12.66419743601365,12.516715116525631,12.538586271131804,12.592314720153809,12.597094762610116
496,11.405694698283593,11.38377448871055,11.385044119488542,11.52783785480852,11.362457142630221,11.35268783569336,11.414331698593177
497,12.034727035943101,12.03965062098817,12.03827609292507,12.03560448793364,12.10366116064731,12.043313026428223,12.101176369802271
498,12.353282835102592,12.348532385379341,12.349288686921517,12.366326809492822,12.36768205600918,12.35898494720459,12.362468319654266
499,12.222089478936056,12.222721741001438,12.224120545132791,12.218478994416685,12.183176099628236,12.207242965698242,12.197363832859496
500,12.374291573185333,12.375812382445863,12.375529840714274,12.388881803936094,12.441949482863965,12.443168640136719,12.446096363840823
501,12.19449985122754,12.190799523977546,12.191123991427798,12.224456862359544,12.138371532193998,12.193259239196777,12.174292581483638
502,12.787513021635565,12.795884223791246,12.79536510207048,12.115314311066829,12.686697978316639,12.743630409240723,12.769401121295283
503,12.56261971558989,12.560062064866667,12.561047388984662,12.541512410217951,12.508646294602485,12.52150821685791,12.541185377402671
504,11.896727571148674,11.89995312463191,11.90016377610123,11.77778385790536,11.892837568264774,11.970282554626465,11.990351456469437
505,12.094555757822407,12.10192505656102,12.102133766226896,12.126783753453704,12.111127062725235,12.086650848388672,12.099451910990902
506,12.588172948724758,12.587572267138764,12.58854384308786,12.542107011455354,12.462074013072339,12.511762619018555,12.554910985222696
507,12.086397516931683,12.104726823259092,12.102124683279394,12.032736982394862,12.140233730907928,12.134622573852539,12.136808789585341
508,11.980871968388259,11.964763480495701,11.965368311644195,12.112270838202555,12.054722791812015,12.0330228805542,11.982618622775242
509,12.919734094078697,12.898280370868239,12.899076795872721,12.868901965806486,12.898528336365633,12.903756141662598,12.861667974616417
510,12.113625334022942,12.108204522194427,12.10850972580723,12.114350031180535,12.151467430873685,12.0955228805542,12.070576398945102
511,12.46240841408174,12.460576435865395,12.458898734381686,12.117088835488405,12.289464475807378,12.352400779724121,12.357597455310495
512,12.27130370802489,12.274445212541474,12.274029729578182,12.258027518700318,12.22546888216086,12.199602127075195,12.243730141761036
513,11.894926598960467,11.910054964244344,11.907189287212555,11.828074658441606,11.85471194155668,11.889756202697754,11.888303657999696
514,11.971109694011407,11.972280822412879,11.971389441875024,11.987546893038774,11.980366659634441,11.988846778869629,11.940295786085223
515,12.016347165449288,12.01873521428792,12.01837594137083,12.044868629674623,12.035808207642544,12.037481307983398,11.99017225723163
516,12.837765247184677,12.833664321634684,12.833892453271773,12.822495721199768,12.873516814723045,12.85179328918457,12.84023038632176
517,12.141764716819718,12.108619239985977,12.109854124865699,12.161491754596417,12.201781510488924,12.157781600952148,12.188657766191174
518,11.857603145017446,11.874376963198218,11.87403571471273,11.937978354426884,11.785296041205587,11.717528343200684,11.752565415671354
519,11.997087669997887,11.998089137907622,11.997665382848298,12.03846477272563,12.055051898434545,12.032938003540039,12.011402549865467
520,11.83339607591107,11.878619433985277,11.87820172816692,11.923149545354388,11.945111934023778,11.926682472229004,11.939377240494071
521,11.880384305843313,11.863026133734309,11.86523036412691,11.90678403231217,11.84522837877443,11.834586143493652,11.717031125457275
522,12.121315305176326,12.108899858780378,12.109806728900283,12.230387326929858,12.142348979662435,12.159198760986328,12.158700035156118
523,12.008053338474445,12.016723254984363,12.015027437518555,12.009398573067877,12.015967160068028,12.052693367004395,12.029379807361487
524,11.989738498248153,11.989855039697028,11.989634212773062,12.020508040134477,11.917213987516714,11.93039608001709,11.954217649998924
525,12.74326231428539,12.742745475989025,12.742727956772358,12.751199716091476,12.785133292036964,12.832454681396484,12.86470584336456
526,11.910997528133388,11.926581360298885,11.926254458797224,11.893518742133326,11.872843843327242,11.876168251037598,11.878898626437577
527,12.484383215815726,12.486416841784031,12.486899790090098,12.458056805884135,12.466019730557143,12.431944847106934,12.459810841124586
528,11.89954776740125,11.866265994175375,11.868303935624462,11.839299934919651,11.955656849435435,11.906574249267578,11.927127513075241
529,11.381777005701519,11.35774862397378,11.35944391890903,11.442539005629415,11.431737631343827,11.502289772033691,11.548893418272526
530,11.814110664759351,11.82535377530952,11.824563214710826,11.850711696238223,11.769245704880484,11.735063552856445,11.723397992935938
531,12.505041121704414,12.505306822174783,12.505209210928871,11.3888133284009,12.404796966126632,12.411821365356445,12.394912003929718
532,11.984953614608807,11.984164665835099,11.984208054611877,11.999962263704903,12.018707665920628,11.995260238647461,12.036794465954095
533,12.065606912677875,12.055056373304332,12.056281469757838,12.050879385835383,12.06218593847831,12.045587539672852,12.060273655988038
534,12.05482084912373,12.049936982718338,12.049550069678736,12.093955890116561,12.152088297535924,12.10582160949707,12.115478302818786
535,12.191817141993877,12.189757617300598,12.191606990964893,12.106608059500589,12.160465887946707,12.270376205444336,12.241172030686009
536,12.399388303981423,12.385262527852877,12.386702380553727,12.409405988642115,12.423568915041995,12.409956932067871,12.386556171154998
537,11.498874186702825,11.478817286523416,11.480449506705355,11.522204398499408,11.353309940701726,11.418811798095703,11.441505530305411
538,12.380021627790834,12.365522303078674,12.367334048615712,12.347131006940435,12.339204386695975,12.312641143798828,12.314080430495062
539,12.12622544413543,12.13756689237349,12.135587159328109,12.135255853757295,12.103021679660316,12.08153247833252,12.046579979785637
540,12.306245321629337,12.302046629412661,12.3017468346155,12.49942861708611,12.23503837033732,12.193723678588867,12.16467520645444
541,11.739380045775855,11.731298790331888,11.731108339648552,11.91465364247808,11.655164203413758,11.609731674194336,11.561989992718726
542,11.625116842003214,11.612883199080496,11.614836691189804,11.582671171709126,11.534918890187358,11.547274589538574,11.518965390142831
543,12.10829202876365,12.106830351995145,12.107998812518005,12.02984876059393,12.055500909408751,12.082001686096191,12.091611259698242
544,12.25238380310883,12.250451286151812,12.250529339811271,12.260155575625104,12.250708461091683,12.28235912322998,12.290054978415048
545,12.751373451668089,12.747096289551887,12.748850707582369,12.678758724356861,12.784846024660292,12.683801651000977,12.698906694019724
546,12.419177041702557,12.414947594145296,12.415151310194586,12.401869976077194,12.399303537829468,12.384398460388184,12.378486536935293
547,12.366262489597307,12.367505579872065,12.366795031738919,12.365031350532096,12.36724025919002,12.386568069458008,12.36700286179612
548,11.794556876894662,11.800793929505726,11.799938200007402,11.824381305209563,11.875508442973869,11.819733619689941,11.826862535640693
549,11.911573173090295,11.91813372871719,11.917209049537497,11.94912383152198,11.950379091622795,11.903550148010254,11.904982785455696
550,13.209640822734091,13.20825142764955,13.208506042185881,13.252660581669348,13.222979556694822,13.200671195983887,13.143593576252377
551,12.433989758534754,12.433445290817193,12.43336923129879,12.420668469550673,12.427947897893048,12.444549560546875,12.43378011585592
552,12.342052182565123,12.338081732320838,12.338415576471677,12.318690496992385,12.413888686671367,12.368309020996094,12.364157713295707
553,12.810541710520067,12.82568472050182,12.82588233672022,12.799413856484271,12.781393613927074,12.773698806762695,12.800132284352502
554,12.107492402450069,12.109772596190886,12.109909725539055,12.120615013952165,11.98669966036396,12.028444290161133,12.050993542520326
555,12.123588706769253,12.116393239169676,12.116484211338676,12.121912012946195,12.124288717601285,12.159248352050781,12.148574971605882
556,12.343901755100307,12.336087480627729,12.336548572808729,11.936392127006483,12.332537495434721,12.345006942749023,12.393869421646627
557,12.04589920589474,12.036539302160064,12.035366685829633,11.957590849707113,12.061390387673333,12.064106941223145,12.089238784362513
558,11.819759394471777,11.816957920438739,11.8171187685551,11.823681503499348,11.958480978899104,11.941678047180176,11.934796626674222
559,12.850957508354915,12.85761541311001,12.858247873512585,12.862200247141146,12.87143838116949,12.86322021484375,12.873229302059364
560,11.953640703966782,11.93305303622384,11.9349956710106,12.111688047474921,11.921986959467532,11.928003311157227,11.931729082297837
561,11.76809276467095,11.74525325552543,11.747990423965879,11.763876325871209,11.871515123447885,11.837876319885254,11.821598422865106
562,12.587428528713936,12.579408074703956,12.57992713813977,12.552096818211437,12.57491916127197,12.515705108642578,12.51519571426168
563,12.180043619440715,12.193921910372357,12.191711418353643,12.060070783389728,12.186811661571614,12.195690155029297,12.171624508594197
564,11.980712111532972,11.978227591917785,11.97918092961402,12.069161911078629,12.136457546489654,12.071600914001465,12.080369318964053
565,11.561543392902195,11.562059270385491,11.562325816390302,11.525528618927503,11.616510231118035,11.562370300292969,11.574303714109487
566,11.950325623627757,11.932327810238732,11.933188439833547,12.03930409339864,12.033014285927452,12.021363258361816,11.97711830633711
567,12.470869858831705,12.447943967880093,12.450883992618966,12.115430880313992,12.409474717016199,12.418900489807129,12.427584570057036
568,11.523228839946055,11.499736147083631,11.500746765304273,11.533993602881045,11.392403224540294,11.474419593811035,11.507327011620374
569,12.534710274995655,12.539701881924547,12.539643104602293,12.543604198148788,12.609723983259528,12.668946266174316,12.685145810320314
570,12.072247410609634,12.082123349509532,12.081075328821932,12.076318537950625,12.036801273078227,11.9982271194458,11.966296961371071
571,12.719028447827263,12.720557746567932,12.72113968367326,12.732560853865142,12.748035815801288,12.769240379333496,12.793981624701486
572,11.914212680528014,11.91211593287046,11.912687092363768,11.916962696281285,11.939792048808018,11.942044258117676,11.930566474147058
573,12.043439605753377,12.02688245113198,12.028459542235357,12.011932145038429,12.12887584026097,12.092706680297852,12.122831437682041
574,12.541875163055645,12.531442719226932,12.532392537959849,12.584870032477436,12.608113232055587,12.554475784301758,12.545977298932677
575,12.838724690640094,12.849866849644993,12.849931901396511,12.838885636393801,12.893648341771494,12.8759126663208,12.933493098497564
576,12.083015466406081,12.089271282283413,12.088334111975316,12.10368298515787,12.087000327070525,12.094856262207031,12.09622185294809
577,12.396823235698411,12.410566567155692,12.409615867288743,12.130365785049605,12.487757845940488,12.455408096313477,12.482873453389935
578,11.841684990752576,11.84489162036475,11.842583721925681,11.830026917681861,11.945495753133763,11.90145206451416,11.887472046138619
579,12.540885785318672,12.546641279625742,12.546509826852688,12.522892786164643,12.559739878416567,12.570009231567383,12.551975294290807
580,12.143059036226889,12.140601171582137,12.140470714778443,12.144226999277215,12.131776216672861,12.127394676208496,12.155129327200443
581,11.743247452049806,11.7478125987253,11.74748854973103,11.754166331297924,11.732789219415434,11.723140716552734,11.738412969131545
582,12.394263578424146,12.389774053613175,12.390554626344162,12.212842860276215,12.308545842526259,12.390351295471191,12.309399314697274
583,12.477971127217607,12.48534661905995,12.485075034858042,12.486845078195586,12.62689074780003,12.612546920776367,12.68299019805485
584,12.073924001693337,12.084186769557084,12.08107939146133,12.079303797199323,12.085806846990518,12.04025650024414,12.053606940549038
585,12.082344096599524,12.087914836946846,12.08727835818338,12.12829802681189,12.08382385455428,12.08644962310791,12.082002717348098
586,12.571993970367407,12.57092154895541,12.572445618291418,12.628396740809654,12.566246622060229,12.577352523803711,12.585041752347546
587,12.508166778601403,12.498226874282489,12.498923404065195,12.450090054190431,12.507069685582321,12.551301002502441,12.549961042194418
588,11.675651737860445,11.668189430008814,11.667706350409368,11.67728087641485,11.811570765162745,11.791115760803223,11.779049712383957
589,11.902795112761977,11.9221109198506,11.918546991751336,11.828523104170124,11.942208218136328,11.89588451385498,11.91260730733812
590,11.820550722093317,11.811592031286942,11.811687326435694,11.77357704235374,11.868053944531852,11.894447326660156,11.871154424076988
591,12.188080291610758,12.163031030782465,12.165846887897617,12.11457664500449,12.15537183751157,12.09105110168457,12.08091206808063
592,12.676745003434341,12.670982916557973,12.67189531806897,12.671621311111934,12.633528020813905,12.615123748779297,12.61399262332325
593,12.487513073983049,12.482568505165764,12.482959282499273,12.481377058229798,12.486846347931124,12.48796558380127,12.456155482110185
594,12.049829619713469,12.046029418103183,12.04618396621035,12.039877470153048,12.113539210330181,12.085831642150879,12.06862190768348
595,11.53227132100428,11.530834397947425,11.529768161927482,11.71580042401825,11.63686925805706,11.626169204711914,11.638444771381039
596,12.044721126903205,12.073649034513348,12.073359153325184,11.998182263646449,12.092598753433327,12.058354377746582,12.064032471913443
597,11.922584733564504,11.942735279817784,11.940941842123703,11.894824385348391,11.817449200987157,11.901815414428711,11.910995020092281
598,12.052210106732366,12.05782037357688,12.056418649430498,12.114671651506391,12.058405472075192,12.025169372558594,12.02435273120038
599,11.994714463496802,11.99556115563543,11.994549435129066,12.015814135547343,12.080254975833748,12.064535140991211,11.987954804818125
600,11.857214319524706,11.849038999063037,11.850237662792987,12.119002055877939,11.872856740380087,11.859329223632812,11.848108961570892
601,11.916251615893291,11.923192372849737,11.922032024698712,11.880731181398549,11.959365938937333,11.945969581604004,11.952340699676055
602,12.24376624969095,12.26247003731178,12.261141601320787,12.271194790098285,12.256286391859934,12.289977073669434,12.260694547107587
603,12.472894406432143,12.476518176308476,12.476679576677498,12.46028257710407,12.480675620685327,12.46812915802002,12.475605265177219
604,12.156590763038997,12.15235871980839,12.152690974489138,12.18943732737935,12.18433150786067,12.147480010986328,12.147101158413859
605,11.859594042891414,11.853616509472872,11.853008274451458,11.865175271506148,11.965828795477906,11.93609619140625,11.919997271611189
606,12.565280046059963,12.565231636669624,12.564761744437746,12.587118315423321,12.552465452897417,12.558784484863281,12.601886293532864
607,12.337616742364977,12.33625874678501,12.33616914283651,12.360468121443434,12.28533063767746,12.259427070617676,12.28764485410195
608,12.731095972796332,12.72792515039027,12.728400126742011,12.706062831586078,12.627442777514403,12.709036827087402,12.586710180890286
609,12.166063032353186,12.17159439781969,12.171427214270967,12.13098090439404,12.113343663899537,12.143332481384277,12.19250743952037
610,12.324663289239579,12.325584243048313,12.325646549745443,12.347646530750607,12.358411868051732,12.340855598449707,12.334684436532228
611,12.317326948406858,12.319696207740744,12.31926619030452,12.289709821015315,12.335631335257,12.325850486755371,12.350721395409673
612,12.31111285514334,12.333639889820684,12.33167370194246,12.09712483877823,12.200003356536449,12.18808364868164,12.155525203231525
613,12.208154475336437,12.220410534198024,12.219627974581957,12.158255210266129,12.204801192661836,12.194925308227539,12.191388151694452
614,12.560884046661716,12.562188717797389,12.562793291237401,12.558296150704344,12.599790334795047,12.594470977783203,12.573431405971652
615,12.195810070053206,12.169765668715922,12.17293111309657,12.181873058782058,12.274422798195936,12.368905067443848,12.398396920723178
616,11.939730803230365,11.94132855204081,11.94167791936509,12.145248004025024,11.93046068469597,11.939077377319336,11.932974189192917
617,12.673068311956591,12.670708527090953,12.671479740355824,12.319023508458153,12.730973597606678,12.756372451782227,12.732842429688823
618,12.058708719131474,12.065667392834516,12.065032961544947,12.10281166009132,12.031267074548147,12.081005096435547,12.085607679121567
619,12.331087673294794,12.328259630411589,12.328504345073982,12.307948718991895,12.329367019102307,12.363444328308105,12.329727948954403
620,12.832747783109127,12.83519239833231,12.836738333922863,12.630403346989068,12.844019966732862,12.846190452575684,12.791930605725433
621,11.947874180929828,11.939330536927981,11.94015699797341,12.285104619852849,11.972027321177539,11.953004837036133,11.949969388627466
622,12.12364054211406,12.12284801924559,12.123109008648767,12.132847144695994,12.069569304732525,12.073636054992676,12.104115608806232
623,11.883129520918594,11.89436432657849,11.892964904659294,11.914953386540326,11.887012404598027,11.908123970031738,11.919088107707132
624,11.832894330580551,11.84334110042205,11.84088013728727,11.801607059244047,11.831748547893104,11.879167556762695,11.854056189852278
625,12.510434530148714,12.50432238640625,12.504455187042087,12.498985824241895,12.498741333460307,12.496246337890625,12.488649277786799
626,12.030908622835582,12.029302076926703,12.02974932079691,12.033859808925651,11.981914659966083,12.088263511657715,12.048873719425256
627,12.242401172636924,12.246347077175287,12.24599454184237,12.107852773188164,12.304655642248017,12.244924545288086,12.275694663807986
628,12.044116683729557,12.065672410794916,12.065254672744624,11.976106252715583,12.032314932991799,12.043943405151367,12.038247385750307
629,12.767495907737702,12.776086780919023,12.774906866652337,12.755868520354142,12.909783024307064,12.87243938446045,12.865831570716686
630,12.301126859440604,12.307987998165471,12.306909235429034,12.3268604772014,12.254536265486998,12.253890037536621,12.247702049729016
631,12.201245633601431,12.206927444930965,12.20660807296693,12.197979465597424,12.210035169077058,12.19933795928955,12.211230178074317
632,12.23294908033426,12.23559964512492,12.2352237572794,12.23981288866013,12.305117329538895,12.310077667236328,12.306809774031489
633,11.955694361303944,11.967236553068625,11.966537103631063,11.974848332402003,11.943970901048095,11.876837730407715,11.925530246191858
634,12.378561245831676,12.384854948393722,12.385445674131937,12.392811430698703,12.410412255310973,12.346061706542969,12.357520399680999
635,12.386218809081136,12.381740679830713,12.382369323157873,12.337151147922768,12.303688556384346,12.387655258178711,12.323765515893998
636,12.219479938227044,12.220286306781789,12.22159741258752,12.038492203048635,12.176427005025587,12.179927825927734,12.197324776252366
637,12.748036510739515,12.744100189672242,12.744592034136833,12.79258582123852,12.896684203715072,12.828218460083008,12.814578322312828
638,12.319667404478237,12.319839386679819,12.319934879593113,12.352806945757886,12.396551420857604,12.357648849487305,12.370619968934019
639,11.863641384388915,11.887096610356929,11.886443794442389,11.675139719518295,11.733179445918903,11.797215461730957,11.830917973212289
640,12.371602883288569,12.371060151255584,12.371518895382701,12.387779548483211,12.336603289234436,12.342321395874023,12.376043316736947
641,11.87502075691736,11.856808368538683,11.857984348909762,11.964980651120955,11.950980003889677,11.91302490234375,11.870295394079104
642,11.96953778838018,11.969537785185741,11.968836910639,11.946233233193489,12.061908536491176,12.046780586242676,12.037208371081961
643,12.469034619230635,12.479767092174235,12.477883111014753,12.447882995104765,12.449774014964225,12.484686851501465,12.50982267244414
644,11.922360205717615,11.92351169167021,11.924160783705277,12.05139219426312,12.01826153659842,11.987105369567871,11.98607576442346
645,12.418688479879542,12.42286971067432,12.42294829377228,12.441910889975013,12.2955395214487,12.3103666305542,12.346110226662336
646,12.31884372358009,12.316849022615353,12.316928961511199,12.305612075569652,12.308160530509815,12.311067581176758,12.309602965172376
647,11.743683169549291,11.73052842149896,11.731258205752075,12.101682607732679,11.726517355386655,11.764260292053223,11.726715623361178
648,12.312740034297168,12.307804028402014,12.307702611150884,12.174537109501092,12.369700439687618,12.341830253601074,12.330232337586727
649,11.969682110894874,11.972549135719694,11.971395105549476,12.068260141548643,12.036461708863822,11.95668888092041,11.944300584776999
650,11.664377540447001,11.657064665147644,11.657775027119758,11.754694581992064,11.63378901546544,11.649808883666992,11.70050811437886
651,12.304361244711671,12.310639822509524,12.311529320368049,12.244344852420145,12.399409542321731,12.3778715133667,12.359122388016063
652,12.756822574870986,12.741720821130125,12.743627492717845,12.80205167141568,12.790700653295128,12.819089889526367,12.764392679452015
653,11.924006724849438,11.915626750372411,11.915648536326772,12.118102076325414,11.845285827747977,11.970597267150879,11.946397428991094
654,12.43401611066361,12.426309198492426,12.425312768325549,12.346302245574018,12.446975787668139,12.391823768615723,12.435655173508682
655,12.24740200441976,12.237024910628419,12.238561485092633,12.216598507693638,12.27296308904339,12.249046325683594,12.256814754333648
656,12.354006945234094,12.369341718804812,12.368677969999922,12.136117493365994,12.33112658528336,12.2821626663208,12.267569294873198
657,11.985809635804495,11.99814319131013,11.994438224131695,12.041376138011398,12.074930029903582,12.051451683044434,12.110068536373573
658,12.215821562357908,12.221847410746456,12.219975323650283,12.285300162187905,12.298566536366504,12.265844345092773,12.29098394686984
659,12.277904475377914,12.272051318489035,12.27251836883719,12.295626616104283,12.389110254239974,12.336530685424805,12.29084562787337
660,12.909785317758054,12.90244357904326,12.903744254532077,12.888303113366007,12.834252632570147,12.832979202270508,12.823825720683134
661,12.030299224617462,12.021151974042732,12.020897369995062,11.98649492232219,12.070097699140844,12.03027057647705,12.01404076321525
662,12.183636684407189,12.178412055099528,12.178474499503482,12.221626177798955,12.237279792682331,12.237401008605957,12.231268019461005
663,12.30184418351083,12.2821611054332,12.283741143294794,12.263997130721238,12.212894594930615,12.242419242858887,12.206204198232657
664,12.305035970934025,12.31074566426668,12.310787251176809,12.280476750756787,12.241099503157407,12.254653930664062,12.22266502294627
665,12.333398532392248,12.33253802210864,12.332505264426763,12.29678254694847,12.339939727316706,12.286158561706543,12.326122117472647
666,12.486670142727569,12.494801501396546,12.494794050219044,12.480809746370303,12.438972972461443,12.483075141906738,12.463320440288895
667,11.875260515354798,11.880171342860532,11.880125458377128,11.914850495976843,11.9360920372677,11.920421600341797,11.917775588903696
668,12.5037472915007,12.497967449326543,12.498191696257653,12.83233798621736,12.438924850639124,12.475418090820312,12.512770989956442
669,12.02994716812696,12.027752444878923,12.0275294238229,12.047584800459688,12.08771238462145,12.096081733703613,12.1061779118914
670,12.40910090326802,12.407110558197807,12.407568822527,12.384391375669018,12.365935666875146,12.380722999572754,12.370674603143623
671,11.634743598805459,11.654553372654519,11.64898703510221,11.669792252027811,11.670770178028933,11.748984336853027,11.69035073022183
672,11.997083939685242,11.993042311952248,11.992982281266249,12.225868014005806,12.109067772785771,12.08096694946289,12.05391278802093
673,11.809050267751006,11.79852447824359,11.798503401933784,11.793167038983274,11.689410367033837,11.6859130859375,11.63802074269872
674,12.039599312646121,12.027306893676334,12.026958444919664,12.07990523032586,12.1660728892652,12.140430450439453,12.12955183280854
675,11.998068527231696,12.027500155191206,12.023866464055923,12.058078593969594,11.999383704890173,12.07206916809082,12.018322104381665
676,12.575349679186102,12.565147062539591,12.566199651575145,12.568073761667717,12.555634465811995,12.555153846740723,12.59117368781895
677,12.82674907673192,12.828682137373606,12.828557657981458,12.825798044666339,12.915805635495836,12.932252883911133,12.962709532559954
678,12.553864590797591,12.557909505442122,12.555415808696008,12.124170008054984,12.474956379343855,12.393733024597168,12.410096862822748
679,11.998837591836143,11.99208408677079,11.991832974208357,12.01859826315253,11.970422680328504,12.00255298614502,12.001834704383448
680,12.446826185491807,12.45164540726354,12.451744294087808,12.421578967073312,12.441795340530232,12.45620346069336,12.442193355529303
681,12.834986228457199,12.836580847582086,12.83644220565882,12.840286510713186,12.88736574179165,12.834566116333008,12.822414509793404
682,12.493432343373534,12.499685835977266,12.499694464348043,12.345729862966412,12.473962883015071,12.478089332580566,12.487201119297099
683,11.972006760587373,11.959648588565129,11.960278099896405,11.82551786835612,11.981778102826077,11.95116901397705,11.924145982045394
684,12.28769864645079,12.290611475712096,12.290302493285429,12.262031012496507,12.27891652190791,12.259982109069824,12.277191242003171
685,12.580128034471741,12.589831122232237,12.589910183536286,12.354518077217977,12.562577421049488,12.523938179016113,12.516026321270186
686,11.937257678558064,11.94030975488493,11.939652970591702,11.922989673189228,11.9264719859747,11.931846618652344,11.932440925544492
687,12.413664254503585,12.411726528374972,12.412814288225297,12.402473510033133,12.327223219115703,12.355433464050293,12.332875729475123
688,11.820829109994479,11.819953591811544,11.820203567496183,11.85182824488317,11.759201126396746,11.740081787109375,11.705566034051529
689,12.598197872091474,12.618504198693694,12.616690865063045,12.609245095000404,12.60611694314865,12.597057342529297,12.648583998889945
690,12.588870688507141,12.585720446793557,12.586391818108094,12.604454254804109,12.593835653682062,12.598943710327148,12.56502051979259
691,12.088560587873042,12.09476881983379,12.094224440442455,12.091086421369328,12.009068871337018,12.1004056930542,12.124244539081657
692,12.338762873341647,12.343858931939792,12.342836036714058,12.298363266720015,12.356967207186024,12.351661682128906,12.426057004822923
693,12.417571682392463,12.411906607212119,12.412715385277698,12.425428257719133,12.419598271050027,12.437260627746582,12.435176512270171
694,11.874727158622669,11.88124959128523,11.88147842413853,11.874645638799336,11.897021860625816,11.881468772888184,11.891942026268293
695,12.613974865800229,12.603618290292282,12.605067079086519,12.593323710987503,12.691492450237204,12.687671661376953,12.70093113945409
696,12.039718432297446,12.041788298929085,12.041120197120742,12.051180715132352,12.053750868357595,12.01307487487793,12.00340707113904
697,12.503327660422455,12.51195050351684,12.511244970026201,12.494301793613543,12.492730194576229,12.46141529083252,12.459385050152656
698,12.828526017803119,12.821578187270507,12.82162650887093,12.797457633413323,12.933726251550056,12.930130004882812,12.930871905821586
699,11.99440236661665,11.990114296321778,11.99017166500668,11.868495940606422,12.003378967664379,12.057952880859375,12.035813038565655
700,12.556224208126244,12.550102926296546,12.55137658490634,12.561425181089367,12.500411648001084,12.47063159942627,12.458536418749071
701,11.899039022550413,11.891186380950934,11.890878865822971,11.864569814412778,11.930308784447014,11.903779983520508,11.920317394097403
702,12.111287390792803,12.107620970769835,12.107720566798491,12.108872782767033,12.045086296908353,12.090025901794434,12.09742934928222
703,12.290226621366868,12.28914798429399,12.289447291235824,12.231810602182591,12.279660270844953,12.285563468933105,12.268890133363923
704,12.481204127368207,12.47417625060423,12.474426554294729,12.496474835899253,12.399768255460984,12.493406295776367,12.419476375157277
705,12.183582869956298,12.185224454977261,12.184757071731404,12.197487551158286,12.197321653699293,12.186800003051758,12.176252581379774
706,12.17664576080973,12.174736167795224,12.175581063428542,12.139317411319256,12.21338442819874,12.189720153808594,12.193628882996597
707,12.067368905683987,12.070046299690631,12.069758972082012,12.054171631540132,12.04497635687392,12.017897605895996,12.03135445844311
708,12.717284017892583,12.724228854928473,12.72437040074548,12.738019112305366,12.823256731057384,12.793027877807617,12.844251598745315
709,12.170579809766382,12.170863817505756,12.170732307341003,12.146417490242138,12.184528635436589,12.139945030212402,12.1461690089757
710,11.937465264284414,11.930692333274646,11.931304761357017,11.832079527996779,11.926249399610208,11.922000885009766,11.950551941501566
711,12.27453349355557,12.269094101671476,12.2701826132556,12.231675385992435,12.242462110216787,12.13474178314209,12.158358252870244
712,12.549142549297578,12.541471689183819,12.541941558607029,12.545982967501098,12.53874215439822,12.532726287841797,12.53227918334184
713,12.432910833526039,12.417896885862971,12.41847671582084,12.421529712297188,12.435710728087374,12.366119384765625,12.396293991711943
714,11.834651428955933,11.848227181661837,11.847921392123414,12.238475758806473,11.957098095195155,11.908681869506836,11.941224955933043
715,12.155205902383965,12.166892875377332,12.165892071132417,12.128374135884181,12.173532288859239,12.14848804473877,12.175856506461095
716,12.026414620300013,12.01798479857987,12.018447440368844,11.995568488453813,12.041652990103861,12.067160606384277,12.106782917625834
717,12.306434181795643,12.315039169409262,12.31462918321475,12.331279649440901,12.334575423217254,12.322704315185547,12.328218395892252
718,12.02921719099842,12.049377739275442,12.047105845094968,11.998039496752451,11.976385764373777,12.082907676696777,12.073449446372662
719,12.654621677789509,12.656156129116566,12.655975990406448,12.679210635547111,12.65298265799624,12.706182479858398,12.702690851619721
720,12.340474731210824,12.344345732407662,12.344287694925315,12.312896189288178,12.300141360713615,12.332354545593262,12.323766338879471
721,11.782218013985265,11.78375720033766,11.784098923006518,11.786029645795233,11.814678073597983,11.765292167663574,11.806239281374015
722,11.952157265711174,11.951073314801791,11.950980421717126,11.982967006895706,12.040093600050803,12.027955055236816,12.033045191393173
723,12.410243283996357,12.416723796611183,12.416961844387828,12.37105947443107,12.35386459402227,12.36071491241455,12.366624112279464
724,11.992156855266739,12.008667272135856,12.00823946857731,12.002656693241047,12.034604332719272,12.060465812683105,12.060951009975764
725,11.911115315882729,11.923309750050318,11.921914147444134,11.933427952991796,11.99609331948816,12.013459205627441,11.998442514536652
726,12.0785931076535,12.090584173335605,12.089193664977191,12.090257302774061,12.090227570950384,12.125526428222656,12.151054188877774
727,11.979175244077373,11.978314463427635,11.977724831769772,12.011764822361219,12.065036134984048,12.05524730682373,11.972145809604493
728,11.90624606389426,11.901439996553833,11.901506549792513,11.832916651195365,11.90228224118066,11.89101505279541,11.879893243611974
729,12.725740990638728,12.724104205696127,12.724528726533029,12.704676116915897,12.782425684144881,12.783706665039062,12.771609134276597
730,11.931385929082708,11.937559956935361,11.937051349202541,11.968707983039792,11.956934988521848,11.984747886657715,11.969796380200972
731,12.404238355019583,12.405593629474348,12.405373852956792,12.425362122283339,12.41378223190742,12.323431968688965,12.356660289824658
732,11.66678880986896,11.661539056746316,11.661610899276681,11.666133096982872,11.639628770668104,11.613260269165039,11.613330787419349
733,12.358633856217875,12.365152886902472,12.364714424819876,12.34055364910897,12.349361341826473,12.380009651184082,12.396709773512876
734,12.431284174472763,12.443876088909615,12.442704475008714,12.480620710650825,12.404682671466741,12.427043914794922,12.371141597093231
735,12.04380753527701,12.052101685708719,12.05110092718174,12.041741379831967,12.005023616870638,12.022168159484863,12.030390889944933
736,12.048392266609401,12.052112612030994,12.051359634108351,12.119052382900906,12.05923521038251,12.068830490112305,12.065877239899564
737,11.583903751013276,11.600873472954536,11.597714310498818,11.67589077882254,11.60192779360766,11.64041805267334,11.633089624254872
738,12.685699565916611,12.677190217218044,12.677907250805566,12.714287384280812,12.681673035576436,12.6979398727417,12.687245592003787
739,12.28422326215361,12.285212348738398,12.285474155408453,12.276588842199125,12.250823653935903,12.265618324279785,12.255022287085602
740,12.039961539546768,12.04638944242004,12.046337768776471,12.003491293939852,12.073822338610485,12.08216667175293,12.07356881118799
741,12.485115774922598,12.48655479172248,12.48635281465501,12.506282117006041,12.439850197826576,12.411860466003418,12.42297408497998
742,12.535361257705043,12.531882009556371,12.531951235875614,12.3570436552993,12.56999448029408,12.431282997131348,12.465348102658709
743,12.062803014404189,12.069020221546788,12.067498290286194,12.09354892141153,12.20700796858967,12.250626564025879,12.247825163609631
744,12.238710417860698,12.24792439909693,12.247438771229204,12.237703465531315,12.213412453935057,12.21079158782959,12.24615443964369
745,12.527023507465962,12.523010595463235,12.523491191635797,12.546447361033739,12.514202100195542,12.527287483215332,12.505699792875065
746,12.865817423730004,12.85804425214668,12.85984252720715,12.853117139585118,12.872989911140202,12.886747360229492,12.87580508035542
747,12.036803958874339,12.040606718313542,12.040547636852267,12.008477710472294,12.042464563230444,12.04262924194336,12.055076664605677
748,12.272528275677132,12.2693871570341,12.269795081942284,12.257901449206422,12.274103820223912,12.262295722961426,12.256015653835547
749,12.208248299830197,12.208144650036942,12.207985933950429,12.201478666956694,12.2469870161562,12.231768608093262,12.173314787992155
750,11.872380547781296,11.87317121383636,11.873261684438347,12.039448120422328,11.929251424391854,11.91877555847168,11.906875896138997
751,12.154951195626971,12.175089603825375,12.173802328706891,12.028260950916179,12.112028225103579,12.094881057739258,12.179943354721772
752,12.011557266607026,12.019659589284803,12.019915490742632,12.004553716676849,11.9226058224708,11.988829612731934,12.031880503182467
753,12.209152684291642,12.207725320034307,12.207263692930214,12.213372594920989,12.253910652555293,12.2634859085083,12.31104820329719
754,12.060842029863913,12.061495921596025,12.062144656019688,12.11251067626407,12.006897956161701,12.058329582214355,12.043247470211604
755,12.156527383954119,12.154984046961145,12.156589387589703,12.207396281054644,12.029888283382395,12.10799503326416,12.095388095236695
756,11.860456784167301,11.87930649430278,11.877116171652744,11.899299373586416,11.9289654979335,11.914475440979004,11.937647885879409
757,12.443632053326638,12.445446623709653,12.44526658344774,12.458060866596629,12.511755462557465,12.480618476867676,12.48149520803028
758,12.36579791933643,12.367035867223295,12.367464739387307,12.366269344283277,12.353464727661331,12.300436973571777,12.316802765514897
759,12.326431707371325,12.32057343136905,12.320790522150418,12.310144356665507,12.263354918691492,12.268153190612793,12.300521134211069
760,12.313663448156907,12.310320834412924,12.310968893306189,12.300767116077163,12.29455169228364,12.305428504943848,12.29753036600575
761,12.275352626018165,12.284869173317293,12.284100295570264,12.257528805267155,12.266468243810749,12.307267189025879,12.307212511333192
762,12.296189170357719,12.28705439129652,12.288386725100315,12.292931064902188,12.340392074485237,12.327500343322754,12.320759300091146
763,12.327055625101236,12.325816210970762,12.325668726284212,12.326410382620606,12.337473886591816,12.332983016967773,12.306627728366736
764,11.832130242879822,11.850100437446526,11.849249929555828,11.814338859999589,11.935642513207195,11.905499458312988,11.879709157065308
765,12.373128874079049,12.383808704272301,12.382748769183053,12.433107527358867,12.344331658699616,12.410194396972656,12.302874667601058
766,11.638669825557038,11.659882726603879,11.659532977783467,11.61955647085808,11.710209463716145,11.63593578338623,11.579654973014614
767,12.099514865399168,12.09466124819982,12.095250079138236,12.102994115761481,12.03833991286659,12.051697731018066,12.07537892987622
768,12.53438185739284,12.532764585501996,12.532082428844584,12.543522363775724,12.550748164890607,12.536432266235352,12.585883260742028
769,11.994444440807191,12.003975828531605,12.00248685834237,11.995671280854591,12.020638991334465,12.011582374572754,11.998420813795018
770,11.96555711541904,11.965657203754665,11.965727147660566,11.994352263136072,12.01709610464514,12.043216705322266,12.035134155705936
771,11.811868117824757,11.802390829832527,11.804427966231964,11.796659544563827,11.767292787785191,11.734293937683105,11.755144690083846
772,12.629624385723723,12.618478228417324,12.619570040016253,12.631647032513452,12.557325547051448,12.550552368164062,12.586434050514914
773,11.987343488920727,11.986136200585435,11.98574726245626,12.071227504652803,11.971388812135837,11.994078636169434,11.988086102068625
774,11.988743378665388,11.99318760595734,11.992324445916674,12.035852570261849,11.982946459009199,12.004142761230469,11.959144211937422
775,12.2509764915847,12.226158819089555,12.229724060177533,12.134427245407547,12.237221864962638,12.214299201965332,12.241761408188395
776,12.132635957454191,12.145107657418242,12.14418924362373,12.170874222663807,12.155315392283054,12.144499778747559,12.171710189022813
777,11.973119351366488,11.973902218305625,11.973727464572015,11.94715911414572,11.916583148160049,11.897686958312988,11.901468980915945
778,11.672766770955446,11.663155350689522,11.661822096918176,11.696056922221821,11.836520618463998,11.702897071838379,11.694937359104346
779,12.745218518955529,12.742119429624385,12.742276613095271,12.773500975001376,12.834296982575365,12.822104454040527,12.762872645470466
780,12.16852146518658,12.175211823454086,12.175333618792733,12.200691840779356,12.244287258787665,12.197602272033691,12.210317144030272
781,12.567369464557702,12.565295341933448,12.565612601142188,12.576700080109754,12.56205112204871,12.55837631225586,12.513307892693822
782,11.932488317224465,11.942945806391602,11.942270029160467,11.959662281439847,11.997581156019864,11.995652198791504,11.987961183510002
783,12.203586399395451,12.200698786116515,12.200922541030078,12.063627460795145,12.158593162296487,12.202704429626465,12.223378250090516
784,12.016968085663933,12.02596499505466,12.025339151715091,12.063355825794478,12.033860087607684,12.027518272399902,12.047433624996707
785,11.88599006257225,11.879023255712168,11.878239392850004,12.218418742587167,11.912072638614381,11.933019638061523,11.900021653917655
786,11.450311333148873,11.441289363559047,11.441683138645626,11.453883400014439,11.512156975464597,11.454192161560059,11.54374879439906
787,12.275792812592776,12.27344247704667,12.27331815190139,12.237051094514369,12.239260053838363,12.252646446228027,12.24799520149217
788,11.912541102568127,11.92687553143663,11.927513895312323,11.923279862992791,11.989316665724278,12.013151168823242,11.980568124518673
789,11.785340106536411,11.787013932901388,11.786779873024095,11.759931643766794,11.813651197780068,11.77039623260498,11.747243810622074
790,11.936074281690031,11.935592685154301,11.934463850951548,11.949672161074123,11.86904816094549,11.854609489440918,11.8544973161816
791,12.014035808352117,12.028127377116146,12.025644213152933,12.036078483787747,12.060470497878129,12.045267105102539,12.064756904757655
792,12.152390125367939,12.154781203448064,12.154742727563253,12.143111438452113,12.089230951622389,12.081079483032227,12.088132209112521
793,11.826345746162746,11.828966153523442,11.829464044569006,11.889703107891302,11.71171798325475,11.671831130981445,11.603403600444217
794,11.804641392919283,11.81320248037645,11.81263159637115,11.84671640612304,11.82056255593325,11.787932395935059,11.761364196279374
795,11.83690536322504,11.833885143381744,11.834201712818633,11.900225567227478,11.968128268059095,11.924604415893555,11.872569687282272
796,12.126937147157133,12.120821034356338,12.120789934052098,12.144306569026853,12.207709851886447,12.217667579650879,12.234348990030918
797,12.20986765777493,12.187566336823991,12.190270350291062,12.253316308947788,12.235576916367014,12.269804000854492,12.25056838033816
798,12.920102880351084,12.916087181379638,12.91674825634502,12.880621822633778,12.877866527492559,12.942938804626465,12.958275701807665
799,12.702305024447114,12.716611563158375,12.715477814590264,12.69511927078198,12.616178105211366,12.696392059326172,12.629200240907831
800,12.661501278813997,12.660892271310367,12.660989302309124,12.654167498400684,12.688463141246478,12.722490310668945,12.750171014907538
801,11.881013400403024,11.909199529044095,11.904782139776245,12.067846922056818,11.925875481485217,11.854303359985352,11.827538702084535
802,12.39621203486823,12.370319109700029,12.3716146536333,12.365145327570291,12.292641974630355,12.317090034484863,12.294565158961689
803,12.235032323518325,12.232495878819268,12.232843958419016,12.228038288031485,12.270143202736957,12.270654678344727,12.264388706134376
804,12.572609062651845,12.580643656992722,12.580604580753185,12.535830522436445,12.474533531690204,12.494757652282715,12.453376656500339
805,11.769257733619815,11.771558191711147,11.771733951419714,11.801160854003266,11.829093187016944,11.753907203674316,11.773653997671165
806,12.034354203977628,12.032520927513232,12.031189684035493,12.061861719258086,12.126065256507223,12.086113929748535,12.08307275749769
807,12.520133723108117,12.52424071637309,12.524529656567625,12.555369013687992,12.584716173737945,12.57606315612793,12.537265806428927
808,11.884810006640837,11.894727366602881,11.894382389166024,11.92307209729539,11.822307010598328,11.873310089111328,11.870563329138452
809,12.008089376728051,12.022005464009721,12.0184672283813,11.998745887177332,12.012900655512121,12.023728370666504,11.975484983945393
810,11.93302707101535,11.926889531321484,11.926141015405397,11.971910941587787,12.036948631777305,12.007315635681152,11.992812669898724
811,11.977373607067326,11.981563551088492,11.980705245514601,11.97793250450733,12.017091189158055,12.040850639343262,12.011781993568272
812,12.453615355789221,12.450702807516114,12.451333647752806,12.430408343642274,12.418564565604568,12.4421968460083,12.432684495266853
813,11.87051779573252,11.87734959164491,11.87641145391853,11.87505669071262,11.848378310490746,11.844561576843262,11.86449007087552
814,12.178213181529172,12.184679178782062,12.18370755847849,12.190266405097075,12.220049927103517,12.20742130279541,12.19147749352273
815,11.869540097124547,11.866188651002842,11.866158403161624,11.850085959608219,11.957940218553885,11.928462982177734,11.894809386396533
816,12.09954681457984,12.101167685006928,12.102353584178214,12.048250765794789,12.012605841729629,12.08474349975586,12.096490929900487
817,12.31524007506776,12.30932455928218,12.310036554217701,12.265622441242286,12.291240045551401,12.260424613952637,12.290208447738406
818,12.48711904874327,12.485926626812327,12.487146029530187,12.469130155914861,12.3760756666901,12.41935920715332,12.440833477428638
819,11.962490304394295,11.961311281886637,11.961826073206495,11.945992612688505,12.014985201011447,11.973840713500977,11.941702063265575
820,12.109900599419989,12.124653511186988,12.124170798591422,12.1104777940307,12.164245123249975,12.166722297668457,12.186591015641497
821,12.001742281934797,11.985338781099196,11.987633671920989,12.135336946767268,12.058564691746112,11.975482940673828,12.003783736189055
822,12.280770829999161,12.264373155732747,12.264637251176131,12.276662724430164,12.251375764891296,12.253697395324707,12.26199145772359
823,12.068294051633798,12.063816698725756,12.06554624192811,12.077681055656527,12.119528600375125,12.111556053161621,12.111432975167526
824,12.386738821121492,12.389268304031855,12.389306563443425,12.402112202694486,12.296351588179084,12.350255966186523,12.342478581189265
825,11.806292135224735,11.819981212172834,11.818343294062807,11.792430345883993,11.9332216124212,11.916099548339844,11.943146379494323
826,11.459865740798389,11.463192186561866,11.461594343759957,11.535452897438947,11.542554536427096,11.556371688842773,11.578614449214697
827,12.542656298194483,12.541033709755883,12.541852611498873,12.523679399642269,12.519976203354785,12.544109344482422,12.533569175132486
828,11.815982625860821,11.793742432901144,11.796542642008907,11.74593305440094,11.630082544879187,11.564432144165039,11.568107672105018
829,12.108813918528726,12.09391475018814,12.094366693420376,12.15115798365578,12.12505092833195,12.09363842010498,12.120670606572615
830,11.991016969488768,11.993413094270446,11.99315064755248,12.025252632840928,12.012545846202645,12.001232147216797,12.001777732263426
831,12.560490304802856,12.57033052614916,12.569283730528193,12.518981789546386,12.59030339705536,12.588241577148438,12.640829603005471
832,11.929837754925407,11.954921147101757,11.952217245396069,12.207719205524453,11.901709405569967,11.871335983276367,11.879345395689949
833,11.610311090242066,11.62845073453576,11.626910161359282,11.775543552075035,11.663201844375468,11.686299324035645,11.63998708575631
834,11.934113125790073,11.94119435397568,11.940372783778843,11.955531464090594,11.943578356374507,11.93929672241211,11.967351300252247
835,12.108564153869544,12.123591753825336,12.122101720390749,12.077455674244222,12.210440067313261,12.155818939208984,12.194303467760884
836,12.273623528350745,12.265346241010864,12.265629955389059,12.226300991667143,12.214316465155768,12.241908073425293,12.248960814886468
837,12.397526783297682,12.395942093755213,12.396097754693153,12.402454861931298,12.41377418568089,12.40953254699707,12.406452225225772
838,12.307533749842502,12.310794636673165,12.310083349179589,12.316260276636177,12.27177209519372,12.254494667053223,12.247283941987076
839,12.011654201903257,12.029185438234618,12.024810985722032,12.10936828371923,12.06323200878668,12.139927864074707,12.127172831337463
840,11.716297941017366,11.72534770139173,11.724324055117341,11.887287493700923,11.75132519307169,11.754685401916504,11.703674438251241
841,12.045460491101881,12.037880487158011,12.037722435264119,12.029314161997538,12.055164486157729,12.022536277770996,12.005043983986754
842,11.69280587233601,11.666462453039456,11.668456507386779,11.644625933968785,11.591102023561982,11.45152759552002,11.492616063424755
843,12.111167661987912,12.125121809099442,12.124023420763912,12.130713452718698,12.100493236819394,12.127466201782227,12.192746882372179
844,11.932054699098991,11.94634229696764,11.944582383435964,11.953558791993423,11.95070809905331,11.996598243713379,11.967545365625828
845,12.032961605110353,12.037438598977879,12.037175999097817,12.010549310040485,11.991216933941942,11.987529754638672,11.960588597401356
846,13.030750423737093,13.020907688040396,13.023113291842158,13.096099674468654,13.08529809845764,13.105329513549805,13.074396326189191
847,12.339719298361505,12.342348369024478,12.342106705802223,12.382863619841414,12.425303478921723,12.40866756439209,12.410324785319606
848,12.42531069154931,12.420319378621949,12.421471949794316,12.109837163518183,12.394804524725933,12.424784660339355,12.414652615213011
849,11.889889785582879,11.907602535869751,11.90502552252603,11.846039702636585,11.906047084386119,11.916056632995605,11.910865457618122
850,11.915305464272862,11.919156011864738,11.920381182848264,11.889187047377229,11.811226572610087,11.793109893798828,11.760911884479873
851,12.115043871402259,12.116797350308884,12.113347654998499,12.055363607509628,12.148625744469808,12.189518928527832,12.18913133107378
852,12.144650545561564,12.13640389524984,12.138150376168525,12.135980073910861,12.104010040059206,12.131938934326172,12.098551546066687
853,12.45857043456335,12.476659463130403,12.47479574572904,12.464835190657212,12.522480417938676,12.477509498596191,12.435090881647985
854,11.435212563395616,11.432323370049986,11.433077323471382,11.642248903229603,11.409337617492094,11.417893409729004,11.435536864456232
855,12.063969558711978,12.063810359536948,12.06382754983118,12.05100916785499,12.03665059915708,12.040132522583008,12.04062042684755
856,12.116426213597958,12.128746009133348,12.128259012119262,12.070243208219368,12.001621977692057,12.074904441833496,12.063816309918433
857,11.948304481449508,11.949564318168786,11.95019803546923,11.976980325909633,11.93674793931114,11.948002815246582,11.94500911093903
858,12.3230701603865,12.31614035961553,12.316397286765886,12.298681332683715,12.267774016446568,12.222992897033691,12.226327812201028
859,12.828555438080034,12.819198967819746,12.819718624490717,12.348671333038432,12.857335584381635,12.733555793762207,12.742720646733039
860,12.447209897767582,12.449216623989466,12.448559840383341,12.426426386105579,12.441032143829341,12.47686767578125,12.470444572994332
861,12.534733222264347,12.538842422028498,12.538101548435261,12.117089795964139,12.336562487318998,12.263396263122559,12.366760052794628
862,12.591981593913868,12.587003725481237,12.587756206315262,12.579135907013317,12.543961500108734,12.56368637084961,12.604418684507383
863,11.7227422356376,11.72673014933311,11.726461154477898,11.739208972173696,11.686905086099102,11.713741302490234,11.613381463017605
864,12.721692902085007,12.73357981868414,12.733425562108126,12.629812121111165,12.60747240240173,12.642617225646973,12.620614599469347
865,12.302761517604786,12.294246209803742,12.29456717867634,12.108086002196222,12.251253288804138,12.269265174865723,12.249048371061493
866,11.721384632391528,11.727061113461186,11.724823454605032,11.86410038376819,11.80138433637318,11.702645301818848,11.744238937624688
867,12.30669750492793,12.311571443260869,12.31153943260641,12.305043733860963,12.283070887281948,12.326963424682617,12.318061182057795
868,12.293076546217556,12.293967434716349,12.292727392241078,12.306523681289264,12.357563905453079,12.291773796081543,12.287376203106916
869,12.310727034321982,12.3050382981343,12.305937092408978,12.264961227384335,12.189540802223977,12.257394790649414,12.219458409084316
870,11.955323789645563,11.963221928839316,11.962547248186327,11.963458782291134,11.981587229860237,12.002254486083984,12.004626437174952
871,12.102544710472952,12.106538122337534,12.106932419489151,12.029858778535665,12.147120038175665,12.138692855834961,12.122024902143542
872,11.995835282906544,12.003851521737106,12.003058813207177,12.012775641636967,12.035209559104844,12.028413772583008,12.036512412755396
873,12.56166228208014,12.556494958259215,12.557318447880508,12.539120073830198,12.52932645283953,12.492266654968262,12.495129505384446
874,11.804951730702989,11.799078461052474,11.79888282589654,11.747060209594263,11.854322731715643,11.845243453979492,11.838801500290709
875,13.080810928172271,13.084455823428343,13.084596947443409,13.09952090717135,13.03325425054246,13.116153717041016,13.13295725702572
876,11.932367430535667,11.929796724142975,11.929553393978978,12.02447985139953,12.00699194482896,11.980177879333496,11.998521463787485
877,12.010108689443337,12.001588739788499,12.002532872133218,12.283250020687165,12.111310444399496,12.090521812438965,12.078993101284567
878,11.949879501258442,11.947110219609678,11.947056987987262,11.97503520240573,11.876227119923348,11.898920059204102,11.917938198209468
879,12.119708315697507,12.096188443983626,12.097105536889998,12.089809839361632,12.04448321567837,12.026966094970703,12.051069297573322
880,11.955113253547358,11.964475064718082,11.964815297984526,11.922939134181094,11.931246409844606,11.97451400756836,11.969708079392962
881,12.215674335610302,12.217339317163308,12.216514431521087,12.107104320147316,12.18657306795179,12.193842887878418,12.184358786201345
882,12.096365012001867,12.11540973819637,12.114536410579515,12.137214738583912,12.075604054824957,12.082283973693848,12.102421913841805
883,11.843908489593554,11.844865572677021,11.844305007290027,11.77236541778869,11.885654723342018,11.901264190673828,11.915571296679449
884,12.448804466797007,12.436430276988846,12.437271453755192,12.414412586240049,12.327783027262344,12.315961837768555,12.31592270737833
885,12.346570736191158,12.334555543183821,12.33571517109227,12.331501692624787,12.247272439509947,12.260122299194336,12.253391758134287
886,12.162157765454781,12.18272149415551,12.18030855994466,12.090172560616136,12.188754534985828,12.210689544677734,12.204091283372753
887,13.169487650294961,13.179146563499328,13.179551904022526,13.196303260393853,13.19267865950213,13.126785278320312,13.058890824662813
888,11.716091185985846,11.724544146119008,11.722167569208487,11.676116925590755,11.679092581117239,11.68674087524414,11.641511160800734
889,11.907717023201423,11.92209610431317,11.918187214968045,11.940262573618652,11.920672597698882,12.008894920349121,11.919626414937138
890,12.379622141975004,12.402558307717385,12.400330600726615,12.228805742563631,12.376951415789483,12.487250328063965,12.43709220099007
891,12.514022890393509,12.513372943230568,12.513996695500449,12.500557229397737,12.486516542118697,12.496923446655273,12.491970609883504
892,12.085573112735872,12.081883445833997,12.082243054385843,12.092283854879586,12.021821591485846,12.088847160339355,12.088112963308728
893,11.881729559445816,11.88702797300205,11.886869896417158,12.061936702882054,11.932007128208744,11.937051773071289,11.957317811587606
894,12.316473252851157,12.31340180230817,12.313132658477834,12.309144110930417,12.34302998127056,12.318049430847168,12.348755884225021
895,12.277247216155548,12.276893546811344,12.277180532235553,12.259593913814705,12.25701911484962,12.291717529296875,12.28397742684591
896,11.98610892738717,11.998214613732417,11.997536434071762,12.000076490229498,12.00773300064988,11.968420028686523,11.98340095232608
897,12.100786255685195,12.118019961309685,12.114654622473468,12.058047981279167,12.000092860962692,12.096121788024902,12.08843852688111
898,12.437348825833014,12.43492897755262,12.435563527600111,12.371127639165405,12.383446804382077,12.404789924621582,12.417646508859047
899,11.463036333751779,11.453206180643676,11.453836513657286,11.650645541851583,11.384052134830736,11.399216651916504,11.46500632895019
900,11.973646891542927,11.969687301122478,11.969753120975414,11.937147333269152,11.952750865420487,11.960057258605957,11.921926338770438
901,12.180812560887198,12.189456263382501,12.189117185643925,12.269366921456216,12.195460134406687,12.121389389038086,12.17214283919556
902,11.769249218276295,11.784694754168223,11.783035051343612,11.797112810890235,11.846035463871747,11.84093189239502,11.863076045770008
903,12.607873742781283,12.604470695098344,12.6050291694888,12.60485862009333,12.612716798642852,12.599970817565918,12.589274138204047
904,12.018576870442931,11.998659050247264,11.999684404921274,12.199031991890273,12.138233761899372,12.036371231079102,12.056100573070795
905,12.045051309897183,12.040839895914905,12.041365666523836,12.034140028794745,12.02249199268269,11.996087074279785,11.989701421065586
906,12.669226557534552,12.68228049353763,12.68136296171811,12.664234261408923,12.61290950576868,12.693276405334473,12.650139334702525
907,12.359717424662643,12.34673839866799,12.346700340829148,12.331254883047638,12.435886872634233,12.374658584594727,12.384347961658236
908,11.820137136753647,11.827091990265274,11.826642006912952,11.833963653902334,11.925423867383982,11.898917198181152,11.925143634929602
909,12.18743693326579,12.174544531264411,12.176434253431696,12.242558527159886,12.140847834133343,12.19407844543457,12.213026599112267
910,12.721918098221526,12.736728902377637,12.736083715853844,12.712185468665288,12.835375823867938,12.796339988708496,12.787284419103715
911,12.192488610130138,12.191739279392914,12.191157305852611,12.186654602284625,12.212054737825458,12.21328067779541,12.258671263585732
912,12.266503492611594,12.269207761687886,12.268287724248573,12.204452985419326,12.188358761970159,12.181750297546387,12.190414654240005
913,12.228266678271195,12.233804945240761,12.233479352448054,12.210585171892523,12.227878823328531,12.276288986206055,12.2406133807753
914,12.152550445220555,12.143238767636218,12.143939344652654,12.195052969742719,12.156040755254269,12.082539558410645,12.066085582430167
915,11.53068692134644,11.5218232654898,11.520856077916687,11.807786077443431,11.672392767156946,11.586316108703613,11.596840223625883
916,12.760263569832185,12.759686520661608,12.759762328136873,12.782817845759338,12.786417753708504,12.795138359069824,12.829958312350975
917,11.859481113288243,11.865247039211265,11.863343023237633,11.83461454695064,11.868950769090624,11.881797790527344,11.870848575414406
918,12.335711406792958,12.341061505887494,12.34029728772806,12.307988101693226,12.282997230374635,12.31837272644043,12.358554015184422
919,13.009593319167934,13.017802026575463,13.0168668675852,12.75553822377826,12.899190156450192,12.955827713012695,12.995495689578112
920,12.319846903992296,12.321662466341541,12.32123959199086,12.329258696018801,12.338049549330666,12.326519966125488,12.323694931324594
921,12.350870929244087,12.366097204110174,12.364767373384922,12.344677683281445,12.37187296320757,12.403532028198242,12.348406959040497
922,11.97696239706432,11.98235037841834,11.981759172364935,12.098023011834623,11.898073209083718,11.900507926940918,11.863489010826223
923,12.403260953498231,12.399477073792411,12.399720662355405,12.374871074888134,12.366713529894904,12.424802780151367,12.415596988345913
924,12.108569439640604,12.122282637858577,12.121446736551567,12.066240076928603,12.107682201619623,12.113470077514648,12.120471699271182
925,12.436041914653599,12.438242235565632,12.437612202126806,12.417529844729296,12.42439424050996,12.441445350646973,12.442992018567459
926,12.101269093730151,12.096651721148277,12.096070469338832,12.048169859579103,12.138568140290543,12.107754707336426,12.15234758721879
927,12.24226724457348,12.230845634266558,12.232239527907739,12.29080407376725,12.272486153941953,12.24586296081543,12.23630959175182
928,12.46666456706982,12.470110387795286,12.469678895470858,12.440510798810969,12.418413899895647,12.43980598449707,12.490065307826388
929,12.466692387511769,12.467992017528825,12.468004298410683,12.469667926662245,12.43341421305464,12.484557151794434,12.452431704398052
930,12.407416356636677,12.409541264631075,12.410370876969015,12.417171469004408,12.443286673946053,12.369232177734375,12.43270939078857
931,12.048347101030366,12.045331869454577,12.045614013887453,12.06732836597238,11.955173539550055,11.984295845031738,11.962962673651962
932,12.053819591823553,12.050708975124083,12.051456853447988,12.05853846042671,11.985935814447272,11.991476058959961,11.981869775327294
933,11.854737380445027,11.857009979239834,11.856891001699347,11.919912832237106,11.898634797965522,11.927092552185059,11.927931667934134
934,12.497573071710898,12.492546194927167,12.492488008149936,12.46567402652977,12.486524687703186,12.475425720214844,12.48011606367281
935,11.925978307812388,11.929273703960185,11.928825167716756,11.951129867554974,12.085565606917957,12.021077156066895,12.0449842229277
936,11.70517951412322,11.705575378860699,11.706194391863754,11.677146035513216,11.775127603440023,11.765238761901855,11.764533231113617
937,12.773385927518255,12.772205007108866,12.772370626984932,12.776857655966838,12.81275638691167,12.821345329284668,12.829665336444727
938,11.361848267491483,11.350888223544187,11.350045251003014,11.371460044527936,11.340684826584292,11.335648536682129,11.385891285310857
939,12.739820480894208,12.7358279439203,12.737206212857547,12.75613530896183,12.808101043626154,12.822173118591309,12.844192212003449
940,11.849872224620796,11.87036861587108,11.868419799045649,11.900761342564396,11.876035385684409,11.854671478271484,11.873969511913378
941,12.059517824873879,12.048306239154762,12.04867743138942,12.177166454156602,11.926135336518916,11.954240798950195,11.97580017263184
942,12.040338314988947,12.031556430803013,12.03169002104221,12.126771026282675,11.970745841951278,11.99875259399414,11.940682585408155
943,12.049773086426276,12.05616708426842,12.055146481155173,12.045256443094202,12.076124289017333,12.071803092956543,12.091109226345978
944,12.15057267686506,12.14287002843146,12.143345901407182,12.159991731523288,12.1286241630437,12.16128158569336,12.18460487171675
945,11.943278839330512,11.927561263628576,11.928202660192827,11.89694520689425,11.89518093690105,11.88882827758789,11.91343165438357
946,12.075546197808803,12.064386576391662,12.065141295743564,12.096544100584392,12.076091599311207,12.082490921020508,12.100084022882886
947,12.42506514868588,12.411317667936352,12.411532760616623,12.438962391452101,12.40956350552922,12.324383735656738,12.402337097851756
948,12.127917134563495,12.145214604119419,12.144330869124751,12.186071537278993,12.095340839677808,12.126760482788086,12.183472724580318
949,11.816869801966629,11.799741787522963,11.800045346081458,11.887877629846216,11.944156740475572,11.896310806274414,11.869724666534896
950,12.308664451026184,12.314858461294373,12.314081277254088,12.182776725004478,12.121833186197044,12.222197532653809,12.181211761290328
951,12.213615385441129,12.19964969930166,12.201178184883657,12.259438785203484,12.275290207746679,12.246524810791016,12.26616282363251
952,12.374908343367968,12.374643495708233,12.37511118310679,12.372013395940964,12.324029148073,12.389899253845215,12.35354749805294
953,11.915688850399974,11.934130184348865,11.93128877271197,11.968970119545748,11.991307501668823,11.937541961669922,11.962694658164951
954,12.054451300868292,12.061612132725584,12.060537070843637,12.064230442798165,11.92149615295742,11.92264175415039,11.975256134979375
955,11.937207333380403,11.950080781784207,11.948613380498868,11.949755396471538,11.99043242790286,11.963696479797363,12.025575261522398
956,12.005532210193413,12.01599140677456,12.015758326513977,12.049951850489174,12.049002473645942,12.052773475646973,12.044516549218974
957,12.47391180062556,12.474532248216391,12.474961026920894,12.46464043810932,12.474020463199313,12.464261054992676,12.489168932876193
958,12.142338611242431,12.137597560437731,12.137809028076488,12.154037897000796,12.111070471806398,12.123371124267578,12.12465409163548
959,11.52398031758923,11.522714820521799,11.524123255399031,11.52325249480796,11.532535019696132,11.522116661071777,11.489892458269102
960,12.60242694551005,12.60872527467824,12.609489790068904,12.492437780549285,12.554474044709467,12.503994941711426,12.516058044399921
961,12.12684121303198,12.11038212983596,12.109994031735194,12.00321208134947,12.038518174925137,12.08333683013916,12.064770295782441
962,12.18550438763547,12.177442736582753,12.176744833320988,12.372281881913072,12.241886009102355,12.19389533996582,12.229362454233987
963,12.298193114071601,12.299289183294091,12.299284767086972,12.32967703472658,12.315328549380698,12.331010818481445,12.327979707736315
964,12.282508880432268,12.254978489817908,12.256863931860885,12.258594388400676,12.340938780555307,12.37596321105957,12.427632736552404
965,12.437905756032107,12.426942202041065,12.428216501511535,12.453678856145403,12.461085891168997,12.426918029785156,12.431398881019906
966,11.824668701962619,11.822236556598488,11.8227309462154,11.313674531359345,11.898826557808004,11.918754577636719,11.904104170704617
967,11.871309209774083,11.87353742719863,11.873389468489039,11.905455467166123,11.92538957658311,11.934700965881348,11.883277253340273
968,12.197045939253877,12.19295892124601,12.193124980852936,12.224410716379998,12.214189790887207,12.222369194030762,12.203170309387161
969,12.57188505999478,12.581009520828822,12.580726964463436,12.56965321612752,12.544835409928991,12.537068367004395,12.577179534204507
970,12.553112165613936,12.550617934405617,12.55146423544641,12.582685033098398,12.494431822595622,12.543608665466309,12.570587323090884
971,12.119686411017687,12.11602074084575,12.115772658711894,12.097090517118138,12.130154903435567,12.15146255493164,12.147012762301607
972,12.08141220884969,12.087318885463738,12.086821121182451,12.085903887865062,12.066049331009012,12.04727554321289,12.041651953574137
973,11.79485363628927,11.80199067634375,11.801261906439121,11.781761459687564,11.748519823799239,11.730039596557617,11.729678190175852
974,12.0043820256863,11.987350877952151,11.98982914761362,11.9993698376325,11.993972131793905,11.971635818481445,12.02388761334828
975,11.966800491991215,11.971275241201742,11.970446685617459,12.008259273809538,11.991476939827834,11.951820373535156,11.968686741844355
976,12.564971873385115,12.55840665812678,12.559050102060851,12.553180114982009,12.450752776362693,12.499395370483398,12.536982820511751
977,11.912666961828325,11.883768038135164,11.886417252000163,11.859537124157754,11.897250535414758,11.860413551330566,11.867532139719426
978,12.670798069097792,12.675293442183081,12.67570325233288,12.676193017489155,12.625179292311666,12.623039245605469,12.604631368301373
979,12.4779717715505,12.483336906845597,12.482866944274411,12.501592330226622,12.497192612995303,12.444320678710938,12.47158887176273
980,12.35904700819795,12.340665472983497,12.341288991430158,12.333225215982162,12.282684484615508,12.308889389038086,12.342086345874758
981,12.783895198967238,12.771218607026377,12.773163497409092,12.806225661154706,12.779073839303445,12.759833335876465,12.798719901446288
982,12.204854105066945,12.19818612475767,12.198566456625045,12.14031087259811,12.067355218413606,12.106864929199219,12.154430522344349
983,11.934802686992631,11.933215039140185,11.933984505104817,12.106588386700935,11.885057774008072,11.860588073730469,11.904972998954788
984,12.87763575308519,12.872409728914311,12.873091492886523,12.825239742394716,13.013801692523598,12.981277465820312,12.948515944198755
985,12.065267095591196,12.071295357575686,12.071758412336925,11.962504825591392,12.019083713703921,12.127405166625977,12.10274861971042
986,11.947179196846879,11.930079983055153,11.930156366365779,12.125768681476792,11.993828278518057,11.979975700378418,11.946266970351829
987,12.454306853803626,12.478295803826736,12.476282136174964,12.119001330209286,12.212485280691446,12.241310119628906,12.204106592749353
988,11.881548610194212,11.881059216918018,11.880991487362694,11.889949889504772,11.865944698780142,11.884174346923828,11.897886699158036
989,13.14327789374549,13.145836767247582,13.145856769909514,12.511375896024472,12.713430941204473,12.742757797241211,12.682837512896983
990,12.456434511091379,12.462736187088906,12.462138216324703,12.421917534543422,12.463328010876932,12.455025672912598,12.434053369120347
991,11.960524296683106,11.955020676044022,11.955091756386233,11.94555987408606,11.932507143078853,11.9688138961792,11.97904174784123
992,12.123892804589872,12.132143714420232,12.132679794604917,12.260271040917827,12.173284793747136,12.141329765319824,12.125773050294278
993,12.384774197711888,12.381669411632776,12.381856824883386,12.310403221762302,12.33971735761677,12.325835227966309,12.369014214461814
994,11.883759580877706,11.898184092918042,11.896795618380752,12.032339957663567,11.89372980268259,11.861905097961426,11.890035731153162
995,12.854241414778304,12.851498008037494,12.851830395394222,12.87432859588607,12.893341205796146,12.874403953552246,12.929823957400753
996,11.932637951365516,11.929322264942757,11.929474712564325,11.925081613765158,11.952103566789011,11.986096382141113,11.991366782163116
997,12.46682787847855,12.467175853678446,12.467670657574269,12.433018605226302,12.419198412946605,12.405487060546875,12.458765594539672
998,11.981197596245904,11.972598680141225,11.974121007651853,11.987484787740168,12.019695380221084,12.018238067626953,12.010459531774861
999,11.777815200044822,11.782644459095188,11.782000410705985,11.751577256809943,11.786459785532902,11.748956680297852,11.772485521036764
1000,12.23229016680138,12.222886373998895,12.223215170082907,12.204920186189856,12.219836638361471,12.217547416687012,12.21381833327802
1001,12.346525508001367,12.346215414715862,12.345860148988558,12.29932822250784,12.290638165156144,12.304706573486328,12.320862610774713
1002,12.541888826945828,12.53896665560307,12.539851632344748,12.548478334175197,12.50631737750782,12.511375427246094,12.483219150974579
1003,12.57399785824256,12.585133588613242,12.585232047577355,12.571952918821369,12.611993766765833,12.625473022460938,12.6463218163827
1004,12.045029753047727,12.046347906372638,12.0470014230788,12.041901325976767,12.080735948117374,12.126383781433105,12.13438735068588
1005,11.897020936881946,11.901285602044698,11.899504964988584,12.110953625109094,11.943545055537722,11.926520347595215,11.923469257813878
1006,11.662269346658867,11.645194720573647,11.64717354336754,11.593681048239606,11.65905160204799,11.671285629272461,11.717200645485132
1007,11.835398572942932,11.834627373500133,11.83587981566628,11.825495353675404,11.867465493099314,11.857574462890625,11.823959591424442
1008,12.534059541359547,12.535547206282317,12.53530826515136,12.53161744887985,12.452413419527227,12.479954719543457,12.458473501433465
1009,11.874780010487633,11.876266862269349,11.874974565933869,12.265273782078314,11.901170479411011,11.904433250427246,11.863920615153184
1010,12.60845135559649,12.618832853691796,12.619335575797097,12.56064517905255,12.51643485645517,12.537532806396484,12.583382155625568
1011,11.626311200738709,11.623663510013479,11.623548595973975,11.586482896172033,11.520030316918074,11.523232460021973,11.54454443430577
1012,12.370286559305335,12.380166663639436,12.379448166312866,12.347332456042272,12.365603940784764,12.37088394165039,12.34748874835445
1013,11.905874818522573,11.90374436159261,11.90342539667242,11.968769360610887,11.992149231012174,11.981318473815918,11.984893305058899
1014,11.704209486524775,11.685629642965031,11.686944404440311,11.65869893296648,11.593692832302114,11.569313049316406,11.54428130359999
1015,12.169373322215321,12.165878571931117,12.16517267373752,12.292448683374745,12.11173037654565,12.055447578430176,12.106998616635934
1016,12.245102288033024,12.236788952169587,12.237424646133842,12.222630481097305,12.23760370571185,12.225238800048828,12.223533605477815
1017,12.391798694406315,12.387995991861485,12.388519490676963,12.366099179776672,12.336636812092298,12.34382438659668,12.342556007632249
1018,12.7180669139222,12.72065598504775,12.719856975716992,11.933508652495417,12.678883065700507,12.667226791381836,12.640707373217653
1019,12.132115304413388,12.121106137898739,12.12321294797973,12.203243147403525,12.115732039472187,12.07805061340332,12.068613152458125
1020,12.014858747111896,12.019655735009243,12.018831175947915,12.060372480510125,12.050367426227766,11.99945068359375,12.027943847600524
1021,11.633141340641181,11.613927869085247,11.615742051306341,11.741539248185896,11.645176848832675,11.59736442565918,11.543093935403016
1022,12.120022102384986,12.125382293889137,12.124501564550776,12.149385446722555,12.095091092863102,12.070812225341797,12.081952162524722
1023,12.646903912654603,12.644956888613267,12.644669173433686,12.65287925224658,12.685647959008444,12.690441131591797,12.776160735783854
1024,12.481368591000594,12.481090299465038,12.480776601630655,12.460015508100728,12.518483747061039,12.516661643981934,12.516807840192248
1025,12.034083361669564,12.03793956176963,12.037863868607822,12.05209273941572,12.189499337820642,12.138456344604492,12.173293621005788
1026,11.578780749395385,11.59058635558414,11.589537921832724,11.613607787683765,11.646494620217178,11.626334190368652,11.603606326275576
1027,12.600857829275055,12.576743940188516,12.579662042033933,12.561044566060392,12.58570289289257,12.578397750854492,12.58300677266704
1028,12.713089897626046,12.686779980102896,12.69228657477179,12.643159270659599,12.648583147185157,12.691502571105957,12.675274853548308
1029,12.450143301465316,12.461540855100179,12.461031937906004,12.448690161670566,12.417704537559828,12.429045677185059,12.434547006855793
1030,12.271615869688338,12.264028363053658,12.2645004401676,12.283231787334728,12.245746850585963,12.225859642028809,12.24263965278073
1031,12.23567133270393,12.224858748663989,12.225221015883957,12.215490761858987,12.241186087997871,12.274827003479004,12.289224913638803
1032,12.756184742576654,12.74361392478407,12.744712227606744,12.800985493161193,12.871599646907718,12.876152992248535,12.844103519018365
1033,12.748360704651127,12.74431099966231,12.744183649375813,12.771094163954848,12.795050706812566,12.772951126098633,12.848316075770512
1034,12.078691820683742,12.078551315024649,12.079275970464757,12.089499988000718,12.073730100577981,12.060334205627441,12.031168416677403
1035,11.68070004438236,11.68914558395459,11.689270513801928,11.593884983614107,11.574476680510477,11.59915542602539,11.591571594880156
1036,11.810182925996227,11.790967082499286,11.789608140409694,11.756274624029809,11.72914606447398,11.847574234008789,11.865593037081778
1037,12.37806496998003,12.384674189041851,12.383903080840183,12.389447365259254,12.466764561294202,12.480230331420898,12.430463052241949
1038,12.814637014524644,12.804449149252642,12.805859482318768,12.28873412391473,12.781138116440083,12.774995803833008,12.804145986334882
1039,11.99828831007517,11.997542491444666,11.998272436558702,12.009697263539463,11.999033287486151,11.988420486450195,12.038510295347102
1040,11.316559582511593,11.269878602220942,11.270557705049152,11.113019673619412,11.471534910618608,11.4539155960083,11.500433070070393
1041,12.279026997149607,12.285349895242291,12.284415309396664,12.283976617521786,12.249586067298644,12.271723747253418,12.250517897091795
1042,12.43042596407074,12.42258778782916,12.423453080994207,12.414512803542367,12.434984627490051,12.431087493896484,12.411439582349736
1043,11.910706726612855,11.891394206317448,11.893226459182014,11.938109931019408,11.833509632973024,11.838125228881836,11.922135029570674
1044,11.812763289793544,11.818236329784513,11.818222388702539,11.800561512747969,11.86785090024463,11.860620498657227,11.835913558611658
1045,12.493664196522811,12.49445905379959,12.494475044399334,12.537892650401975,12.507654040255188,12.507488250732422,12.479565130137392
1046,11.626400319381261,11.62844708894788,11.628815469716068,11.56270159191699,11.722229009942536,11.668477058410645,11.60609133183477
1047,12.281408824522005,12.278975954383261,12.279226851142088,12.244794884327355,12.325163485505369,12.281316757202148,12.26346408316778
1048,12.30559663502714,12.303658865684504,12.304338341596509,12.313087507514844,12.314250941653055,12.335190773010254,12.307529826647285
1049,12.029725599631536,12.029200932061418,12.028197740842291,12.146883703143118,11.95082129573879,11.97586441040039,11.968720782347251
1050,12.017094188477769,12.012494530061971,12.0124497635504,12.013593485448094,11.997136307148244,12.01644229888916,12.044697999222299
1051,11.883259813343427,11.866835879863105,11.870313851876062,11.858316053063064,11.822418729581988,11.85517692565918,11.833430803655544
1052,12.000465047874384,12.004445436900374,12.00401182392201,12.032998948806828,11.98731923829657,12.011393547058105,12.033843264639708
1053,11.83023791367589,11.84390734517549,11.843167090748771,12.006929808380523,11.849037344118242,11.8781156539917,11.859465184924861
1054,12.005466713169074,12.011916937789222,12.012583183328534,11.931998847675185,11.944696455434999,11.979493141174316,11.925625706284936
1055,11.44224528477925,11.446681311305534,11.447032023581219,11.536294516644436,11.471487146728064,11.468196868896484,11.400838149774815
1056,12.002909160936074,12.00468714384533,12.00427536786137,12.151042899360348,11.935322946064852,11.937397956848145,11.984514798256154
1057,12.339473130038872,12.335084305846168,12.335507507513025,12.86109600657291,12.340700375878118,12.324275016784668,12.331619421436965
1058,12.095618359326293,12.099563926548731,12.098865920194996,12.10881786676029,12.102534771926589,12.105181694030762,12.102120235741383
1059,12.611377366676935,12.607038384728764,12.60799849097565,12.65801802266134,12.52913816920708,12.607880592346191,12.593828055084504
1060,11.928289003984185,11.902723537982322,11.904662683673722,11.905741986698558,11.982371688190574,11.98842716217041,11.950343632576613
1061,12.750175792172943,12.735783313284102,12.735637659271829,12.732751927448875,12.629561524227537,12.778389930725098,12.689878691970758
1062,11.959007597729123,11.972260824054834,11.969409122866733,12.155887719959093,11.945663715428811,11.973838806152344,11.992485918822403
1063,12.952649280192135,12.949916871592047,12.951595135257165,12.964822552338138,12.973135376966193,13.003236770629883,12.982400733128737
1064,12.062891797432325,12.055276585108214,12.05523847553803,12.154535718761371,12.042021376321117,12.089127540588379,12.087648003424126
1065,12.959670315478515,12.955781275284425,12.956077015221005,13.01608003816866,13.070906905303167,13.002396583557129,12.935564351943544
1066,12.103553096947321,12.109467920323347,12.108544882810982,11.855141030959379,12.071891074887716,12.089841842651367,12.125366521683466
1067,12.322707799305695,12.324659299589095,12.324286953986732,12.298020617638825,12.280124816990718,12.269386291503906,12.284757984351408
1068,12.2294297643666,12.234196420691333,12.233509516389251,12.206153278747225,12.198898721237423,12.202093124389648,12.240874642391585
1069,11.965299160930025,12.018839523171858,12.015086577671227,11.778874434919885,11.987522247948714,12.164119720458984,12.25300026299121
1070,12.5467962268741,12.547890564694182,12.5478859536848,12.531014081129078,12.534322591678587,12.522842407226562,12.501093367690562
1071,11.992277411207404,12.003374398074838,12.002425539486516,12.022532245588728,12.032337367276705,12.046842575073242,12.047900472521086
1072,12.449257565288345,12.441517919746012,12.44230468563107,12.44551521951834,12.42822995100903,12.425056457519531,12.445432056795672
1073,12.653412103101845,12.66369114163277,12.663388600296216,12.619955990431539,12.678864670463582,12.720707893371582,12.73908447909052
1074,12.123703647000541,12.124668834867684,12.124583066884297,12.139272918034553,12.097743398361116,12.09028148651123,12.111932552310519
1075,12.09120974543733,12.09083280633429,12.090733905130197,12.035903655584814,12.095235608195518,12.056464195251465,12.058111426834952
1076,12.073074112053009,12.081637368329899,12.081544425366642,12.113601986680157,12.014822377698597,12.078551292419434,12.05689206259834
1077,11.96069354896244,11.969284767090084,11.970422788052359,11.869237834730118,11.948548384392083,11.98842716217041,11.988341681320042
1078,12.319292512560045,12.320366732265814,12.319963210647106,12.291656724172254,12.233743953295162,12.261820793151855,12.27785376686252
1079,12.500287439739575,12.489770412277478,12.490733741627086,12.468351305671346,12.43968711146967,12.440179824829102,12.44303255771731
1080,12.062520468958942,12.054035985221294,12.054917206039448,12.063082027371545,12.05173671599382,12.028645515441895,12.03400482659783
1081,11.850972344601264,11.849180681157872,11.848730425960412,11.894265949891684,11.94198924461674,11.909461975097656,11.912394634786859
1082,11.851274962163066,11.859653037284264,11.859005636111297,11.965418778449113,11.849185867348378,11.874958992004395,11.890992826484432
1083,12.621583323257116,12.614014906067043,12.614912639536929,12.857798504058728,12.66955900937106,12.649626731872559,12.633533659825543
1084,12.056269348350419,12.061755995682432,12.06122498707186,12.025418538143668,12.039147166906707,12.016079902648926,12.063851295926217
1085,11.687316390385199,11.68350916625405,11.683871548526692,11.769893173436882,11.672086925222871,11.708467483520508,11.626486524196768
1086,11.75724936703202,11.761082341955497,11.760336990234645,11.755681833979708,11.85651578173846,11.83243465423584,11.8349452595824
1087,12.161299851083811,12.184299730344561,12.18217211121823,12.261879811209596,12.256328442754182,12.189461708068848,12.213547128131154
1088,11.975194341534781,11.982864621803989,11.980381390889768,11.933908668264106,11.945957757541992,11.954374313354492,11.916115895822664
1089,11.941860561965017,11.950837918035567,11.951039806887337,11.896893226628238,11.923963989909419,11.934820175170898,11.929352914319098
1090,12.246164762010414,12.246894007751257,12.246976851652667,12.276480730890704,12.2312888135309,12.251219749450684,12.219560816773779
1091,12.294508517211097,12.295170263363048,12.295238650805539,12.28635342407187,12.291224736938183,12.25793743133545,12.249492293353995
1092,12.051158594722583,12.033301746416182,12.036120492779856,12.126603299095992,12.08954897162891,12.087273597717285,12.077374040336418
1093,11.874862194700489,11.883584505426457,11.883741490735908,11.785658580292338,11.837178594671407,11.849799156188965,11.877489822706208
1094,12.14758599361262,12.14671723025819,12.147148072337966,12.18806300795883,12.07605453725907,12.098508834838867,12.091434441215217
1095,11.790318571312003,11.796113362238472,11.79594458040973,11.780659622764619,11.702169407760966,11.702128410339355,11.722722546920672
1096,12.068392892935275,12.046581199341281,12.048910038478787,12.11953906393923,12.075998931978537,12.071649551391602,12.064283196946242
1097,13.08825939369169,13.092200917107556,13.09225789231085,12.073091251606424,12.99757481058139,13.019609451293945,12.970420226119943
1098,12.124870317089801,12.130448026874319,12.130666193294875,12.141362077974117,12.147240081986975,12.17713451385498,12.186867540169377
1099,12.564046565563151,12.559232810090261,12.558976422431556,12.61202930331077,12.699428242074191,12.67812728881836,12.755504255162942
1100,13.294867766138081,13.280092818882064,13.280652921317255,13.297614861111816,13.304865799021032,13.238639831542969,13.182317589315451
1101,12.01483299737603,12.029212834544278,12.028588215086275,11.972190661478287,12.004440234854995,12.05477523803711,12.071326596832877
1102,12.0543574642718,12.058872608794946,12.05842129724331,12.068315398457404,12.21548277452982,12.20392894744873,12.172665722372752
1103,12.360929687037514,12.359467940957071,12.359191258190053,12.29804995662794,12.281046347527274,12.286893844604492,12.29566136933788
1104,11.730212425520422,11.735029473207877,11.735743275270346,11.770221769898988,11.7281624665991,11.706220626831055,11.742602290729302
1105,12.792649333249987,12.790701621369294,12.791783748017636,12.902423224433369,12.675726223684341,12.706236839294434,12.665884459953446
1106,12.63379268234738,12.615429976019634,12.617959983380366,12.62038635850348,12.56751042329597,12.58920955657959,12.601027725377513
1107,12.235954261214086,12.233277156576479,12.233417137704263,12.249572584146868,12.253524190534208,12.250041961669922,12.230463398033011
1108,11.86945812586637,11.872754279353012,11.872544966198475,11.882136500120072,11.988839337611665,11.960205078125,11.975957498337678
1109,11.807982396703013,11.874562390168512,11.867602469842044,12.10983774733111,11.994967022093677,12.0101318359375,11.976730879842437
1110,12.371204050608268,12.362586864089018,12.363270917287707,12.348850071594878,12.298317742711292,12.309694290161133,12.307491174516198
1111,11.960281480610101,11.962789913445786,11.962772785268962,12.112271634609938,11.98913219376129,12.009899139404297,12.022674856763361
1112,11.811320469316897,11.828214567552187,11.826633785110825,11.81842138128186,11.896425303437704,11.880781173706055,11.872856786068576
1113,12.350246463456696,12.343737018886808,12.34436112465318,12.360077702873696,12.343992944752841,12.327475547790527,12.35868866014384
1114,11.581011257328571,11.573222820218135,11.57187369508948,11.963073282241401,11.626346619716973,11.623172760009766,11.637764047689858
1115,12.312540165522659,12.305460575253424,12.306048157082403,12.242845998498192,12.229085850825376,12.231851577758789,12.228720774259523
1116,12.147847984595579,12.139515541540316,12.139647857780748,12.172733757299243,12.13547055900849,12.147072792053223,12.125740267477076
1117,11.900845234789681,11.900104732381614,11.900262757713378,12.027003879221553,11.922072559372413,11.937784194946289,11.928878615191115
1118,11.888832944419885,11.889968012281486,11.889637852664885,12.111619878924747,11.923411276537056,11.944639205932617,11.93418492298422
1119,11.977156422579787,11.976431119066726,11.976027639152695,12.045143022036644,11.980248385900662,12.0189847946167,11.99249022529565
1120,12.202747745739698,12.18399423875812,12.18537079564972,12.393426552650507,12.11194764519973,12.042304992675781,12.057997154626488
1121,12.22442693777034,12.221932638673517,12.22197234867471,12.233428175177275,12.204771989822481,12.21102523803711,12.199287292396633
1122,11.730601787868476,11.727048368204814,11.727494706546393,11.727863952199622,11.709699078973205,11.703415870666504,11.669471591017908
1123,12.692660193918027,12.695131386597375,12.695672446944098,12.67852326574672,12.69583932807896,12.710600852966309,12.713580273306457
1124,11.771109955641418,11.774521890141065,11.773885630859917,12.162464053465877,11.848977294156082,11.8053617477417,11.821956572424604
1125,12.020271595717388,12.027022164207336,12.02504886488472,12.03977404592773,12.0590725254247,12.037155151367188,12.019396127074321
1126,11.8911046301911,11.900597256129002,11.899072767696175,11.952768087187916,11.79092774606581,11.83249282836914,11.825123347604118
1127,12.37264972823492,12.370014655431111,12.369844354105044,12.397363063520295,12.412688065252015,12.37568473815918,12.373435427222466
1128,12.406610723522517,12.402832228938225,12.403226427443172,12.383110368960788,12.400057344923427,12.321374893188477,12.376618158974088
1129,11.650105904870978,11.651028968857915,11.650468853314017,11.632600158982221,11.592016725917865,11.574824333190918,11.57231073149624
1130,11.997429157578706,12.002281966307743,12.001445014916971,12.0831289627624,11.979307137868187,11.986205101013184,12.006916663317787
1131,12.221627597044762,12.217091503332327,12.217870547962365,12.306837934464243,12.230607192372446,12.230753898620605,12.164573905623232
1132,11.937914247246693,11.941171362688555,11.939545136339689,11.9002850454427,11.986383518184272,11.9370756149292,11.950131004445087
1133,12.003492242477222,11.99507399511005,11.995406951198168,12.12380210067656,12.017823789527247,12.041996955871582,12.008314618744746
1134,11.675631195911015,11.6455321151029,11.64790398468502,12.17752068667959,11.779096972863002,11.694080352783203,11.677180612983442
1135,12.033100042296624,12.036023039576081,12.03645065502699,12.011109213737184,12.01957678231447,12.03824234008789,12.044469726921344
1136,12.738239196969975,12.737285009844793,12.73783855287057,12.348512672750365,12.739470866171347,12.78747272491455,12.815883067473155
1137,12.16007440808621,12.168169406685978,12.167893614115403,12.15242539158675,12.209978132151335,12.193777084350586,12.172975877632371
1138,11.939356849912219,11.947761669479567,11.94752929741837,11.985362412249852,12.014290351663401,12.033063888549805,12.024274323865912
1139,12.167966226042308,12.165435844351657,12.165575035178072,12.160650497170884,12.158176629351516,12.149588584899902,12.138353036003178
1140,11.891639305017684,11.89618770398776,11.895963005044166,11.931487023023806,11.908090579325433,11.92192268371582,11.926682321412322
1141,11.793316449969636,11.782689267470701,11.783177806703835,11.666974139747495,11.697105614411807,11.74015998840332,11.727670203898384
1142,11.811679444603794,11.81310586607026,11.811934232517173,11.753841194673713,11.876854000657946,11.85923957824707,11.92204946242953
1143,12.24668663496435,12.236024692973077,12.236969278149664,12.357161959776322,12.171202749885001,12.199745178222656,12.187654757196924
1144,12.284039914955539,12.278991855136558,12.279243835105948,12.304779779935506,12.296800543654976,12.26388168334961,12.270603218278184
1145,12.029811717395974,12.039768567651581,12.03957815799583,12.015009246567566,12.012966242049387,11.988358497619629,12.026948172942781
1146,11.983936561897213,11.982105886184948,11.98115276150378,11.94757682853738,11.986928294540379,11.969022750854492,11.990818483125677
1147,11.920090413941908,11.911665741607464,11.913710417500221,11.905999388363766,11.930555861060297,11.959802627563477,11.946883763527293
1148,12.61669811583894,12.61339205355058,12.613607740126545,12.570267208957793,12.610726626029807,12.632761001586914,12.596954274592113
1149,12.093381269603881,12.085570493890375,12.0869859876862,12.113182779189613,12.13242164450552,12.080415725708008,12.085358330264942
1150,12.033764055262408,12.038383045424425,12.037922103217483,12.054372016297702,12.027591007662506,12.042596817016602,12.028211392676436
1151,11.996090914341192,11.977908843453289,11.979931831882112,12.019036422628313,11.879340451295459,11.9306640625,11.928870638673489
1152,12.312245156105359,12.303479029449443,12.304195739339482,12.094846271816861,12.173022583332664,12.257245063781738,12.243578223512504
1153,12.284867619263165,12.314043907136398,12.312592427285027,12.191415597479557,12.301051079801736,12.32052230834961,12.347619954017546
1154,12.82770933433034,12.819377002714944,12.819647305287944,12.829843823265389,12.835661794200131,12.846513748168945,12.860671191664593
1155,12.03958526397074,12.038263178563339,12.037678966735498,12.028185989261365,12.100942999450659,12.118049621582031,12.105782143347165
1156,12.165848704859062,12.162135231119304,12.161159893794421,12.115585404968789,12.193008629428457,12.198383331298828,12.210774484443075
1157,12.854570041267113,12.84900292892803,12.850139338179154,12.825349904992104,12.811989160755777,12.851634979248047,12.843357932406652
1158,11.961079699874277,11.950103261409806,11.950795161750507,11.95324474531824,12.005675702667878,11.984221458435059,12.015654970299074
1159,11.984330334264627,11.994151353277871,11.99337391400469,12.071548436480448,11.974099406914187,11.967583656311035,11.974883159722548
1160,11.735211201357256,11.731318198712778,11.731386077651957,11.863440190489866,11.72106818216764,11.717748641967773,11.687686016557132
1161,11.336051177829475,11.340265565079958,11.339533732162316,11.391539626731142,11.30366641325956,11.318881034851074,11.338003580875
1162,12.316496382893144,12.31895904399817,12.318680979603835,12.312927502852855,12.257318041486222,12.264037132263184,12.280322892533748
1163,11.302557292496335,11.29553956689941,11.295898224073946,11.537853437963545,11.260350191422178,11.338371276855469,11.403855850270402
1164,12.365069465948652,12.36527636913839,12.365284722417858,12.322858332874347,12.292257014335942,12.293155670166016,12.300302970441045
1165,12.03593939715317,12.042898737273838,12.043105005309545,12.040463682639464,12.051361372636812,12.044245719909668,12.062077561405632
1166,12.309964380772488,12.305274481105103,12.305290531486108,12.257154728083341,12.298323886097627,12.302229881286621,12.288875780797806
1167,12.051870592427841,12.042111579121459,12.042061779695011,12.05029277346626,12.050564561496477,12.073966979980469,12.068800548584901
1168,12.524928872769719,12.528587601415435,12.52884300043654,12.500119929037709,12.544708220077489,12.506354331970215,12.46413109493856
1169,11.867101436941223,11.863759494465834,11.864035267527512,11.876902834007081,11.92374157455562,11.921773910522461,11.9321299051537
1170,12.829145660741188,12.834184985066392,12.834690752639704,12.86599453086047,12.816099989251255,12.875699043273926,12.915072759002687
1171,11.83456274087766,11.83945553964421,11.839288373516515,11.882425726445225,11.954458550583766,11.944378852844238,11.849255179116923
1172,11.722193034378018,11.71757146942629,11.717245351896269,11.714668555379026,11.765687805993554,11.734013557434082,11.70498951457997
1173,11.922076984114751,11.920326017039919,11.920311291544376,11.82526136474287,12.006995721719347,12.057565689086914,12.03145849690723
1174,13.169007803265355,13.15173072950043,13.153670179907696,13.134408999461114,13.184017834538045,13.195298194885254,13.143542585852016
1175,12.09635007093128,12.091382262365292,12.093997275956955,12.077844635470768,12.1327897670287,12.159255981445312,12.160779097245966
1176,12.014349465820247,12.03106959409773,12.027820455218151,11.826699415908783,12.0232066981438,12.038758277893066,12.016247665648544
1177,12.374244415382753,12.377048811892879,12.376549155021332,12.349450306335356,12.406269766386131,12.349851608276367,12.380492983488738
1178,12.280248398980422,12.279736509252874,12.279438187503633,12.241928639394803,12.23664429350278,12.240015029907227,12.251874506733422
1179,12.050768828983825,12.058897028543544,12.056202421543635,12.054735269428255,12.067547006119884,12.043614387512207,12.049188716494784
1180,11.987663583380904,11.994427799384981,11.994123352221163,11.830494043469047,12.00711790168066,11.988847732543945,12.002072256399627
1181,12.65229320627359,12.64717756767425,12.647545917397085,12.661401194941467,12.590658138405498,12.568224906921387,12.55634389967127
1182,12.255239251186614,12.252696272038184,12.253081350328353,12.225801670907485,12.32554319089952,12.283686637878418,12.303331886139713
1183,12.417559234791566,12.407006974288425,12.407841019668377,12.413758756628141,12.344296728024716,12.315431594848633,12.353360951201061
1184,12.02923781631198,12.035896489480189,12.035391969751606,12.069878591255323,12.044882731435663,12.027783393859863,12.008754902931328
1185,12.276497039275323,12.284651982327683,12.284574414731804,12.22826387827395,12.22967087843861,12.176942825317383,12.194227287781205
1186,12.028986890363681,12.022593840277409,12.023158383576453,12.103498545996215,12.053090689803069,12.030956268310547,12.07269806451934
1187,11.780529860003515,11.75931970658006,11.760420547344983,11.745337319539706,11.714334879301903,11.767148971557617,11.702494871641283
1188,12.054327944448909,12.041126870720179,12.041103904163254,12.067049303119463,12.200382236174814,12.159372329711914,12.1922344595993
1189,12.223812623865873,12.22371354345759,12.22412987442203,12.225861920658172,12.232230368667432,12.246624946594238,12.22062099728094
1190,12.41567471898527,12.414239783029945,12.414496577139504,12.450331817127754,12.505192753383035,12.449915885925293,12.47380106744871
1191,11.962396264446182,11.96214684226504,11.961206782521842,11.979253151079602,11.956670595847083,11.970582962036133,11.978198083674261
1192,12.199076983919225,12.18727867574478,12.187919057906711,12.193823508668324,12.219979092211673,12.198026657104492,12.224668866998922
1193,12.766965776610075,12.760006956116836,12.761078844586498,12.783327595368368,12.795044739331267,12.796636581420898,12.845872997157091
1194,12.066153281969827,12.058943773450707,12.059279509645636,12.087543376586389,12.150214288286664,12.17914867401123,12.087585849857437
1195,12.81846078018397,12.81992845372723,12.82058415151982,12.827481351632956,12.843953043284545,12.828721046447754,12.841305083439677
1196,12.309709453742103,12.293268200525084,12.294627383802716,12.319289454576186,12.32304792256678,12.27157211303711,12.303349048088139
1197,11.87954952851031,11.876301053302319,11.87734922655598,11.785921837573268,11.958193212545964,11.922945022583008,11.930402247569855
1198,12.584387351191506,12.593414946023994,12.592037437200217,12.309389845482157,12.657639826083644,12.66921615600586,12.673359938754874
1199,12.001345541085108,11.980339355441052,11.98382243886444,11.623943376681455,11.949490232556487,11.945520401000977,11.96190423747038
1200,11.623428866931528,11.639062969317267,11.6363975220279,11.745797653120636,11.83843860728725,11.826762199401855,11.817980142769661
1201,12.462217683569552,12.45880519876488,12.460022315473006,12.460449996206531,12.425836921347834,12.393231391906738,12.4111384697646
1202,11.90354886722779,11.905867293734891,11.905638730932662,11.948112851157713,11.949511200837412,11.909400939941406,11.94846755140757
1203,12.20352798746616,12.216546589882563,12.214998029437876,12.171977004646653,12.306802757943357,12.386224746704102,12.386681438041702
1204,12.318426795017496,12.317420167519407,12.317601946511383,12.34580641148059,12.32005145474999,12.349101066589355,12.349534019466883
1205,12.48371348924985,12.48649070575783,12.486500326189084,12.474572531069862,12.423997709157776,12.493887901306152,12.482248507807872
1206,11.900408340304374,11.906866433503339,11.906386695590054,11.909958475923494,11.930123623409,11.919150352478027,11.978310828703881
1207,11.970542524433483,11.971863952533086,11.9717432053451,12.01657868901556,11.988275683821453,11.994264602661133,11.999034062080403
1208,12.57325984972257,12.587056610576544,12.586160860061993,12.13320082942892,12.584927142225835,12.58177661895752,12.574453860212751
1209,12.636309039555302,12.626090039904408,12.626850729022292,12.64406361051648,12.72191194315717,12.689512252807617,12.704843670144271
1210,12.11134342914073,12.101614157847838,12.10275215656395,12.126702514553452,12.085705650674724,12.12014389038086,12.106831919369336
1211,11.864606992072542,11.860228525409976,11.86001434242144,12.011439054396433,11.830873911572159,11.889366149902344,11.895780207568555
1212,12.168818372646015,12.167850021783925,12.167608892285056,12.170569086384507,12.190482540506366,12.208090782165527,12.232755400097505
1213,11.82389547454794,11.814414995024208,11.81622944413897,11.81044831909335,11.839915150295624,11.834063529968262,11.833159001896162
1214,11.816762400090372,11.8308663502039,11.829989186380994,11.893101536248775,11.891237052884874,11.865377426147461,11.858496415141474
1215,11.816574358957823,11.823276893820008,11.823751704425648,12.009284580140145,11.802646401860097,11.816017150878906,11.773570834758159
1216,12.66161606846887,12.65040985290958,12.650971688842779,12.689053872495414,12.706794252768374,12.723170280456543,12.750847365987852
1217,12.034235083360718,12.03438321018052,12.033919032050258,12.039917829022968,12.05846589036655,12.053706169128418,12.01646740335468
1218,11.956581656103676,11.941330508722467,11.943086806102718,11.94531084277503,11.825206604697877,11.93138313293457,11.846761025762197
1219,11.742004294033134,11.742627722546436,11.74221779255689,11.728742360594332,11.657418888767438,11.62614917755127,11.638976352067615
1220,12.157120292241606,12.14784200293323,12.147945146275157,12.147144937811296,12.099102703878797,12.149622917175293,12.10661433474678
1221,11.863994614700747,11.872777321106327,11.872083263986411,11.891334895764873,11.890665750828568,11.886979103088379,11.866820859119127
1222,12.252435229730512,12.243358180843304,12.243777819357065,12.23614819129766,12.220603526334605,12.217119216918945,12.248940292224257
1223,12.491043628445397,12.488005332484635,12.488268246317388,12.208404921410176,12.49773461938392,12.4669828414917,12.458627939928412
1224,12.810862005001814,12.818771330192448,12.818189313001284,12.78561750870027,12.798190160660253,12.819195747375488,12.852523028010298
1225,11.412370753755445,11.388463045144817,11.39020311933964,11.491209524029667,11.302889749921151,11.247319221496582,11.397991315965113
1226,12.267164416791044,12.27053063239964,12.26919450966295,12.284336034642667,12.209056431062123,12.169953346252441,12.190854038335237
1228,12.019879977240125,11.983302258607651,11.987506856339861,11.945822671541123,11.982371799546078,12.008025169372559,12.03026095606768
1229,11.59055193215064,11.589923218533077,11.589234807671573,11.714932697117755,11.504287152561465,11.43632984161377,11.44864054089082
1230,12.154692675197559,12.151997844608081,12.15255993571508,12.18762919237875,12.15468528594433,12.183661460876465,12.192917571679873
1231,12.026520581633289,12.02449059156685,12.023033818252571,12.162506758426483,12.07452413695234,12.057962417602539,12.076904473678583
1232,12.175148711888486,12.173375818236831,12.172722686229772,12.193037803759898,12.256356121236411,12.235450744628906,12.277216921636315
1233,11.999437090432599,11.982893000945133,11.982891991973114,11.951432743243116,12.041583965929455,12.026461601257324,11.999892068886249
1234,11.731601776280813,11.746471288063848,11.744632269250932,11.77908186351437,11.735509315022732,11.670597076416016,11.690779208211811
1235,11.781256916879917,11.778857497328545,11.778725114316522,11.809887808644817,11.855235900948639,11.823086738586426,11.821258613821694
1236,12.499189681927831,12.505178802853568,12.50412422636959,12.502941414615975,12.477220930778238,12.484918594360352,12.43956578682471
1237,12.201327376932673,12.20860707845704,12.207650371423256,12.180691879142916,12.184066774610413,12.21625804901123,12.196541223188573
1238,13.178215320022254,13.177926506640977,13.179960371567784,12.46823438256486,12.848543235542683,12.778437614440918,12.800833377044109
1239,12.404287701733793,12.405753046670123,12.406213723607092,12.386082969600237,12.260937038589697,12.253270149230957,12.290276776079656
1240,11.868673206987804,11.875251908985588,11.87484723670601,12.026868843718445,11.809788132669725,11.860479354858398,11.830230308416178
1241,12.286814762397983,12.280245138184082,12.280628098978074,12.226919488257748,12.234561228505672,12.242593765258789,12.238140518687477
1242,12.51067090859533,12.512060211072082,12.512399751003834,12.554923851180819,12.537173809275846,12.555754661560059,12.547227323969407
1243,12.12514168238727,12.119567864799217,12.120039340656144,12.12660791928397,12.1188759722441,12.146007537841797,12.08771950707787
1244,11.992850397245848,12.002403297198278,12.001926886853783,11.985561906462673,12.06620682224877,12.067617416381836,12.074832243089258
1245,12.090205833406426,12.104789072351085,12.104537866446428,12.054169391637384,12.10122143425547,12.17132568359375,12.170818410175873
1246,12.19196812060839,12.197769649257394,12.19715743970412,12.238968565394554,12.17655366694996,12.218301773071289,12.224060470722746
1247,12.532707957090034,12.538933549767783,12.53868889285535,12.503088941369066,12.53847554912828,12.559096336364746,12.566573592636136
1248,12.628967433847304,12.628269268978103,12.628387095043623,12.641111655976307,12.610325602291994,12.579057693481445,12.562835051621388
1249,11.921066713588706,11.910400288207974,11.911826650681505,11.960562376710591,11.944236781389375,11.951799392700195,11.933727013970248
1250,12.30197746405145,12.286011257460219,12.286319412210053,12.307420982435497,12.327703470877447,12.2955961227417,12.312833379198121
1251,11.809441061207536,11.791854338806212,11.792555536854735,11.749898242253579,11.785741565232156,11.764443397521973,11.744460096832404
1252,12.123603420059872,12.11955576653908,12.119409099871602,12.076538502716858,12.139951905269752,12.174036026000977,12.219610035039912
1253,12.079105979319294,12.08859576138165,12.087732755128549,12.081347763346262,12.076110207430132,12.088204383850098,12.058042824033652
1254,12.05276444488321,12.059096096867176,12.05842507335405,12.043968077482269,12.022224557113804,12.038795471191406,12.029682538462401
1255,12.72639782204835,12.726479355946587,12.726016438463596,12.728402311476458,12.657791775323778,12.692521095275879,12.692629511887946
1256,12.605360698383041,12.593075695277708,12.594510332056391,12.610963059044362,12.600918649059805,12.5709228515625,12.632478082161466
1257,12.301274491677358,12.30011515637237,12.299567887627669,12.129208669523898,12.171902323027574,12.176952362060547,12.161298960973276
1258,12.45672815255873,12.45993402217988,12.45946991785243,12.469607384347603,12.51095451032768,12.405253410339355,12.442291533839581
1259,12.679908481263508,12.659910310906278,12.661925772039638,12.680731171180504,12.77047285091678,12.764628410339355,12.794002107109831
1260,11.833999000357045,11.806983155699724,11.810291783134751,11.725870920414785,11.84971192853714,11.755657196044922,11.763634638243712
1261,11.845027608540018,11.841766706433816,11.841699920704933,11.877298763647506,11.881905488262133,11.971692085266113,11.935934989379989
1262,13.445797571235481,13.437071172851072,13.438711902370441,12.113796020843608,13.231132961742649,13.196829795837402,13.161063269516347
1263,12.40127822474,12.393555759373296,12.393723642348618,12.415933823609329,12.532716838770387,12.478630065917969,12.481768366034824
1264,11.943319453198775,11.94687384378082,11.947026761492369,11.97380998241259,12.007866802030922,11.986315727233887,12.002527024844836
1265,11.81489099042362,11.810702791893924,11.811293905212484,11.920140694745204,11.852683691406947,11.841165542602539,11.862218808940332
1266,12.383584945536873,12.336585626922064,12.343337906642931,12.350009812483982,12.359767653904843,12.480714797973633,12.466115931946376
1267,11.817324812935675,11.794470613421808,11.79727122862179,11.798398105846053,11.8360630228007,11.775097846984863,11.770038898553805
1268,12.486123692400037,12.484969313561844,12.485475280009801,12.47664911209134,12.5123947362425,12.514357566833496,12.506882318332051
1269,12.18374674585441,12.183178921172066,12.18342977330944,12.182633065324492,12.220467775306412,12.24250602722168,12.252647725793109
1270,11.975967597869172,11.977815243197574,11.97783799372695,11.98695696622228,12.024684264359607,12.011542320251465,12.01046595950525
1271,12.075312490241009,12.084970375158644,12.083566575046701,12.05788055629796,12.06220358899921,12.101643562316895,12.076130682841194
1272,12.337223566615355,12.34890192818789,12.348112651045561,12.222985232257468,12.288761320291657,12.267271041870117,12.323846818324574
1273,12.502547524970776,12.4998759911179,12.500691379559987,12.496210065022659,12.472033941154248,12.466795921325684,12.476320277194448
1274,11.939018875636005,11.937807442042285,11.937724888433419,11.935282745034224,11.96646676498882,11.990836143493652,12.017247067312542
1275,11.776559777484655,11.783169222095514,11.78299608622822,11.771820025141768,11.85081681716477,11.900415420532227,11.883109511505426
1276,12.253251161539707,12.244802561214689,12.244789490596915,12.233472987693887,12.250997537142357,12.249883651733398,12.26133817105379
1277,12.565415385724707,12.561685060396144,12.56232852633263,12.548183501906486,12.49737853353144,12.55549430847168,12.52155395229884
1278,11.394071546805401,11.396956195091404,11.396786488640062,11.37837406594788,11.371485594271855,11.399151802062988,11.45777711899824
1279,12.120635715951677,12.11991218395998,12.119769194939972,12.041863195895006,12.109373692348038,12.11173152923584,12.140944978666457
1280,12.311007009160239,12.307562830278071,12.308082205512042,12.321738754522753,12.346913147448236,12.302433013916016,12.304660018410495
1281,12.078660885206862,12.091149026200647,12.089833468681947,12.677366459398637,12.013883541298464,12.027444839477539,12.035714064817277
1282,11.643221818185967,11.674658865466276,11.670449533559248,11.864186184699127,11.648377600565368,11.708688735961914,11.704690868148887
1283,11.455614069989863,11.487142507629878,11.47972550325319,11.605421749151892,11.635957956860839,11.588726043701172,11.625509452348442
1284,12.39317613143801,12.39150787748893,12.3919379773444,12.36187919786543,12.337160185092579,12.337117195129395,12.31937428800972
1285,13.004316276307431,12.997023856610138,12.997070755150496,12.816760825027849,13.131891073130847,13.051567077636719,13.068307041192682
1286,12.299624106878724,12.287238100842677,12.28828244695,12.278620379622158,12.263886270364273,12.243843078613281,12.27755675535071
1287,12.22531848151024,12.228201978637202,12.227403661637522,12.188275720423155,12.187402655107515,12.212674140930176,12.206418329504569
1288,12.314406390816178,12.307680783637657,12.308822098545159,12.287001338535685,12.34090915573818,12.351554870605469,12.320340830776596
1289,11.891713385359118,11.889233395788262,11.889288513553298,12.142155210226976,11.907049932636129,11.947185516357422,11.986691123324304
1290,11.309376382310056,11.348306762324697,11.347116237589406,11.485601738979206,11.381660858470497,11.389681816101074,11.45321540532116
1291,12.224057319459627,12.210092238690349,12.210780754883018,12.17830878190815,12.218933590310858,12.202579498291016,12.190724356597839
1292,12.130274321328937,12.135293389684914,12.135053980926562,12.231031457845663,12.159649302282467,12.144782066345215,12.153456449648061
1293,11.869499779478172,11.872224485735556,11.871387623291074,11.88208692166095,11.935182513235695,11.87802791595459,11.886536906389177
1294,12.313590831543012,12.31358162836104,12.313367195787956,12.266041389232416,12.202909256998138,12.24042797088623,12.233416045612627
1295,11.605080298314068,11.636833043480367,11.631778869446174,11.441868824026214,11.580486370137603,11.535719871520996,11.513971909392833
1296,12.891259961849068,12.894248711861213,12.893975582050036,12.90237126789124,12.962203836697931,12.953174591064453,12.95110034512944
1297,12.28938546030168,12.28439809928024,12.284614073221684,12.246125815843806,12.233610396145998,12.216904640197754,12.224258459581145
1298,11.674795452908661,11.690288028509018,11.69051285322082,11.98068031823227,11.674455658326002,11.665244102478027,11.624650158678017
1299,12.531831869864,12.529402770226133,12.529879908876687,12.521080650402302,12.534354786926528,12.54760456085205,12.529531488665317
1300,12.524071453179834,12.524680096296379,12.524239880332665,12.544705359077994,12.542116544338402,12.483593940734863,12.535790496863667
1301,11.898937102994077,11.898105770105117,11.897930363292051,11.925220729549377,11.922551428101562,11.948095321655273,11.978003529247207
1302,11.913536572662816,11.90823946274306,11.907975361975428,12.057523580225272,11.926127613513028,11.922219276428223,11.917179293702292
1303,11.876920927503827,11.876711462800492,11.876608544785785,11.902268331469376,11.856557711994526,11.863241195678711,11.860538203748806
1304,11.770217524400877,11.769825695178532,11.769678302573185,11.787655993052608,11.74901907519679,11.687969207763672,11.680838489252759
1305,12.013343240480973,11.998032127616192,11.998806823502589,12.0378633394198,12.05435365004812,12.037891387939453,12.074652466735714
1306,11.829794246980242,11.833816292941325,11.834204157391902,11.840532747034125,11.825050962475643,11.802960395812988,11.811375683214354
1307,12.551617521733974,12.565768337440627,12.564695050194356,12.54918419380878,12.569776839383332,12.569704055786133,12.545542505644832
1308,11.677094181064849,11.698738302398308,11.696225308536158,11.750855202889198,11.768145943674778,11.802303314208984,11.807547720065893
1309,12.190846826848732,12.188647610387866,12.189219582923291,12.315790984338303,12.162038990233825,12.101734161376953,12.129282186793793
1310,12.362786368173293,12.33582551274522,12.339607431172759,12.105354759698601,12.336111487180712,12.364124298095703,12.354949734775929
1311,12.884666538456955,12.882166784611575,12.881663601409283,12.716106893865442,12.843430360269748,12.803252220153809,12.789266068752267
1312,11.935261487207462,11.920459834816652,11.921565249423502,11.936819000664357,11.918769916253328,11.893917083740234,11.899840356760055
1313,12.120787779581288,12.11995729530358,12.11986065076869,12.125302350474243,12.120689087280187,12.118282318115234,12.088279269316217
1314,12.406106650237332,12.41144522671255,12.41170336051169,12.419374340168085,12.416480365815692,12.38181209564209,12.343655754968001
1315,11.700105965114618,11.7172647695806,11.716974702206976,11.834555221987943,11.724526566926873,11.797149658203125,11.811305235818987
1316,12.119903876057926,12.110705697902192,12.111841146529423,12.125894836520622,12.114919519719267,12.107678413391113,12.08042591442118
1317,12.698315604246803,12.706643388137644,12.704229838267368,12.72142753886491,12.589659016453293,12.644150733947754,12.649364468001625
1318,11.936873727511436,11.94726250153073,11.946368971246232,12.144612805878213,11.97737089460117,11.954148292541504,11.973763525706541
1319,12.101212386134874,12.109439539361222,12.109192491522464,12.167651609074213,12.180474989286294,12.165452003479004,12.158925784503056
1320,11.94758131368254,11.944454613608679,11.944190558614867,11.958859678047157,11.996397466527105,12.020400047302246,11.984373238741096
1321,12.388913091183369,12.387412626669226,12.387164274773319,12.166943008119983,12.428902192864706,12.437211036682129,12.450706943974009
1322,12.141373930787102,12.141846181019359,12.142223456047729,12.032342075901962,12.097041361078066,12.105031967163086,12.131819456717954
1323,11.89034337654727,11.881679823229543,11.881488180956596,11.82328012780222,11.897948034414396,11.927312850952148,11.86124489453473
1324,12.334763200352217,12.334481903837316,12.33412637216469,12.31604904291604,12.289144176636691,12.326745986938477,12.294232109858534
1325,11.841052568268719,11.852767089504235,11.851368596907967,11.823137426629092,11.761376704245592,11.78926944732666,11.808336584289606
1326,12.46142883084869,12.458096668981934,12.458685397075007,12.437606229282892,12.424463276215018,12.45191764831543,12.419319189359555
1327,12.302767643191233,12.321382050803711,12.319901601078342,12.307479667934334,12.354487899386315,12.34719181060791,12.339013402558228
1328,12.453758335326283,12.461104818499223,12.459868449964713,12.428658628740733,12.469792495978501,12.511432647705078,12.516797465146524
1329,11.842976969639281,11.82495159646742,11.827943746871506,11.870301621688853,11.844314009250114,11.90331745147705,11.83772458696676
1330,12.092439612698577,12.088374766355205,12.088910285868135,12.0323814115862,12.041709654672262,12.08548641204834,12.078082570548338
1331,12.464662198092071,12.448838107126956,12.450809710163195,12.527046688669794,12.449045281179014,12.429676055908203,12.454817238346465
1332,13.067409622806583,13.050513485386544,13.052237627421476,13.053490340194616,13.136421703300195,13.043449401855469,13.014067219103197
1333,12.735589541720055,12.72539019705161,12.725899905254218,12.747213759621633,12.860580817873512,12.832749366760254,12.839480103136971
1334,12.013249724424535,12.022932091863431,12.023110077054433,12.048697952617612,12.072913616927481,12.090800285339355,12.080197589651693
1335,12.607529149817976,12.600705285237064,12.601312205359433,12.632009078773466,12.726036374065139,12.653300285339355,12.731331965526447
1336,12.05906333433552,12.065347711542564,12.065504832511342,11.995788639914359,12.078828055221045,12.037109375,12.04380071533637
1337,13.053731798101685,13.05155382233465,13.051929610356286,13.056467693635742,13.01817865237422,13.05078411102295,13.07458681814863
1338,11.921914938608088,11.917330239375662,11.917620841925427,11.917578589065494,11.792386415607709,11.73672866821289,11.692471026980334
1339,12.60174635870844,12.59445943563652,12.595635224012534,12.586033074617047,12.514867991613386,12.491701126098633,12.528094829693838
1340,12.450176358110477,12.44590811875002,12.446091788783662,12.419355420728447,12.409074862329371,12.437225341796875,12.423612243951276
1341,12.286549863241962,12.278364067642054,12.278233479714832,12.305069604222144,12.264776153874076,12.303728103637695,12.277671586205894
1342,12.721228187160602,12.714846108683023,12.714871157975194,12.549322940425935,12.784797087724609,12.713305473327637,12.721135595131745
1343,12.034518319821943,12.033580052622073,12.0329592434221,12.058332121641417,12.031272808584463,12.016180038452148,12.028028739485478
1344,12.565371382334654,12.566360053903828,12.566398230591554,12.533153264008988,12.515052251920936,12.537616729736328,12.515543127494595
1345,12.016154364743434,12.016704257138223,12.015988034358582,12.025360104985362,12.065373234070101,12.079606056213379,12.096741830752423
1346,11.800123989817045,11.796307244583904,11.796425440535254,11.799612037782763,11.8534231949055,11.850123405456543,11.867877446547762
1347,11.79795615197893,11.807624241593027,11.806075752291326,11.820776589558236,11.912007911346958,11.864678382873535,11.88513043052422
1348,12.388154464596942,12.368373346653062,12.371268130176606,12.397352518508985,12.301039509013462,12.298931121826172,12.286934407569158
1349,11.76025635271075,11.776149777607941,11.77501839461694,11.707664617456864,11.784125175531653,11.791577339172363,11.746946657502388
1350,12.32937961067783,12.338472221259352,12.3373126522726,12.318646074854573,12.346540954193243,12.35482406616211,12.345359149107976
1351,12.125717463745522,12.127853993802459,12.127693180583497,12.140918709838195,12.136304230430424,12.168070793151855,12.117932081706554
1352,12.49493583603855,12.505775316532164,12.505221784104046,12.480249221317129,12.459014780941441,12.479048728942871,12.471735675789052
1353,12.134034322609986,12.129904105593885,12.13058673047761,12.167748768339155,12.169280713808185,12.181666374206543,12.176209480048637
1354,12.264054102946641,12.258848302318876,12.259010311077239,12.090623695597808,12.202844338662631,12.285870552062988,12.29082719932279
1355,12.23913551254886,12.243957935955104,12.243594922792438,12.253440477283227,12.277621568876256,12.285630226135254,12.249461840149339
1356,12.359852243095016,12.369267279607751,12.368110645204101,12.430633965692403,12.36822107583177,12.40926456451416,12.509827913071389
1357,12.416654698458478,12.411443339337152,12.411744136472398,12.414148455710112,12.445094719987521,12.432268142700195,12.40769867879859
1358,11.563820942530489,11.554477298081954,11.554960242406953,11.763335790084179,11.69248161194537,11.694433212280273,11.693778326152088
1359,12.111504197756481,12.096449696167587,12.098237739927848,12.118765403705456,12.061835609781003,12.064855575561523,12.07531353659936
1360,11.99947922501908,12.005917527147009,12.00505747641833,12.040816562357431,12.012090470567397,12.028288841247559,11.96653318744279
1361,11.68887473627421,11.691979837343153,11.692511307871861,11.661581213030086,11.61806415201651,11.586862564086914,11.624770443513448
1362,12.945184433761995,12.962000612167857,12.962331208394716,12.986822486271626,13.0293538962021,12.9791898727417,12.985967160557006
1363,11.68918838372948,11.687317121643815,11.687730537639238,11.632172517991071,11.571593012957637,11.679804801940918,11.652337032833499
1364,12.639950649507092,12.622129603827242,12.624336947785878,12.198984064101188,12.579496235707007,12.630485534667969,12.659292508462581
1365,11.916895728568427,11.908480672141923,11.909757279805849,12.117088835488405,11.933008437053417,11.926292419433594,11.924411861842364
1366,12.034451201461117,12.02711876925316,12.028041430439393,12.096375009819768,12.13544041634064,12.09456729888916,12.05827967128482
1367,12.083162658686962,12.082815124789386,12.082969996999513,11.964572658146398,12.172026521559228,12.20437240600586,12.207901908455119
1368,11.778272332772215,11.776662343116714,11.777197055277828,11.661722883287434,11.845697357862889,11.857346534729004,11.88546936578866
1369,12.629291352404636,12.625992927255668,12.62639272169853,12.657306228735987,12.692425416652997,12.710466384887695,12.707625264258853
1370,11.631309852466503,11.620015717941872,11.620984957874835,11.637284043599017,11.56783020473142,11.547469139099121,11.494784878185747
1371,12.304773467480619,12.3149236147287,12.314086102392732,12.28903114599395,12.301209956993787,12.315679550170898,12.293701400926867
1372,12.422788052846105,12.429599129813855,12.429922709755976,12.224009572583176,12.335331720389982,12.380779266357422,12.395621115933997
1373,12.099510503694573,12.103182308105001,12.102095623346251,12.085420032713833,12.098834063877376,12.043581008911133,12.069872298961124
1374,12.523411794112565,12.536062844411838,12.536523341091241,12.594065375765316,12.5786224333986,12.514093399047852,12.561204234056126
1375,11.837661940461603,11.850453544912321,11.849069745327354,11.839288567636814,11.791996188421233,11.8005952835083,11.793358903897065
1376,11.87456084942536,11.867355233248407,11.868108410210734,11.814130180829105,11.844204586564524,11.91959285736084,11.89744418784926
1377,12.473862443841227,12.463899169044286,12.466595719143276,12.445501349844335,12.455005343429232,12.452132225036621,12.420455651451721
1378,11.880242099805608,11.885060510339676,11.884286830521036,12.32367609981677,11.947264994197015,11.884995460510254,11.897567088606218
1379,12.69408873721166,12.704835284121355,12.704073390263112,12.713418019997192,12.76377270599616,12.760883331298828,12.751672609436667
1380,12.571240059119555,12.555883598509277,12.556945703563496,12.594507323347736,12.562470961546147,12.590065002441406,12.548516477495296
1381,12.354256756038783,12.363271226528749,12.362052662352827,12.354174261461898,12.384808729492253,12.3411226272583,12.352060383418324
1382,12.61026157137156,12.612008538917841,12.611840808670777,12.591300385377048,12.610197383783557,12.686481475830078,12.62693922184841
1383,12.044366915339596,12.040987615562354,12.041328849829883,12.027292141208086,12.057473467985773,12.051088333129883,12.025215308526972
1384,11.999875948311104,12.00462187766215,12.00437349908475,12.067483246740684,12.00751930751795,12.001059532165527,12.014679678231614
1385,11.966566289070995,11.965680283314194,11.965360260633219,11.982826005266904,12.039646657852604,12.048574447631836,12.055710336560459
1386,12.375069604964914,12.374233387535334,12.37518354004789,12.354019064884486,12.358883104586056,12.429244995117188,12.39929931206868
1387,12.92106791044408,12.91647994839639,12.917124729033018,12.930217925899312,13.017523218487652,13.025379180908203,13.013794612409269
1388,12.175814527620323,12.18476535901946,12.184626387111571,12.112270843074464,12.214523834391134,12.213052749633789,12.183926181356918
1389,12.467717876915751,12.460875768014473,12.462020548248814,12.466549609631722,12.40830247435627,12.41293716430664,12.412859362187072
1390,11.800720896487212,11.776188834581944,11.778210669745434,12.014327605983512,11.778713763054288,11.786191940307617,11.826155708744526
1391,11.847805366468226,11.858795692576939,11.857653868053829,11.894128375716075,11.916605982036579,11.853322982788086,11.87813241550667
1392,12.219923440042447,12.221757768843643,12.221456169074283,12.257139221661808,12.18345954116198,12.176124572753906,12.179705780643825
1393,12.674442089555429,12.679542411899615,12.679302993215607,12.676219035704264,12.720722123786897,12.736483573913574,12.77182584803138
1394,11.881806440379373,11.89269889691283,11.89158512703084,12.059630591687034,11.936526141140416,11.91662311553955,11.915178719002371
1395,11.760735272314715,11.770490714780568,11.768952413275704,11.760546627088651,11.703102404837834,11.648877143859863,11.590029874043406
1396,11.678225194223025,11.692093325040378,11.691366109326601,11.627667024209885,11.634279420299785,11.693392753601074,11.683662954524449
1397,12.143385060281934,12.158226118098337,12.155779592473083,11.936624885905232,12.088739747602753,12.063931465148926,12.057847134991604
1398,12.055681567143342,12.045166520632952,12.04541657472032,12.106826382578088,12.013105460510065,12.046624183654785,12.083725990444693
1399,12.285145119791887,12.287152705614863,12.28694630516181,12.277558087546694,12.272911851216744,12.275923728942871,12.258981840530668
1400,11.864623102790862,11.884377959317645,11.88111312969185,11.934694983647145,11.892346298536195,11.859140396118164,11.847243823032247
1401,12.037524123338603,12.044147445057707,12.043763020549909,12.030265215537309,12.039490274618705,12.089029312133789,12.112345803448003
1402,12.111889240317335,12.124257515260995,12.122835860927191,12.124761337973188,12.168911526971797,12.140373229980469,12.128427124758737
1403,11.80631253761571,11.804770571727058,11.805783951216812,11.823549934463312,11.83625660710606,11.795357704162598,11.790701097235225
1404,12.38435534251705,12.379499184173818,12.379793660141765,12.417636583560032,12.396505858639102,12.38017463684082,12.375276228456734
1405,12.23861981371997,12.225693991753428,12.226974964747168,12.134944068812842,12.3296175629746,12.22175121307373,12.236087159989715
1406,12.447394644933992,12.454406103677085,12.453880687617694,12.442892600965282,12.460188516780281,12.408973693847656,12.45758525739855
1407,12.063419763605296,12.060978206744025,12.06085813183215,12.06229212733124,12.015238739826843,11.999710083007812,11.994234204578188
1408,12.266212784645177,12.26667709964359,12.26810130819746,12.187609792820668,12.145291315253791,12.23178768157959,12.250786144158557
1409,12.466810160256632,12.463714671014712,12.463517285395941,12.467142066177994,12.504021743942275,12.464384078979492,12.474470745532855
1410,12.392310574034239,12.398717539583641,12.398162179988596,12.434449894813111,12.381299045449474,12.4079008102417,12.36768954889195
1411,11.861110403816332,11.869783345463423,11.869478220519726,11.882595271920705,11.940666994581786,11.964462280273438,11.968414788597304
1412,12.300928755676596,12.288468019419941,12.2888772433131,12.30384359266755,12.316056700501234,12.290043830871582,12.311615265425537
1413,12.283905545200597,12.293752722505586,12.293244224186807,12.233537841729799,12.366886283028357,12.358860969543457,12.41204271827496
1414,12.282040931051165,12.298425501099755,12.297618125251047,12.277339243024144,12.351820269957173,12.356027603149414,12.29780443208234
1415,11.843619786742925,11.842325985376576,11.841670837451307,11.818498757576702,11.842327258435201,11.8897066116333,11.822630797998041
1416,11.74706956843924,11.743930796598015,11.743485950142187,11.842850988229833,11.839265843534523,11.816585540771484,11.823645974452843
1417,11.945707321589294,11.927201706344631,11.928488849982383,12.13492483913263,11.878970329782558,11.899648666381836,11.907280945864672
1418,12.159763308418075,12.164766195796783,12.165260195064057,12.144694834160273,12.134209961955055,12.127519607543945,12.12906552204888
1419,12.054527733779565,12.056405584830232,12.055416554339413,11.951618403866574,12.135961186379808,12.115516662597656,12.071518916058363
1420,12.779049334273408,12.769882400181343,12.770992164377713,12.786843146970902,12.793978905987892,12.746136665344238,12.810965594934908
1421,12.437178446040166,12.436748135246539,12.436678941581501,12.438569583105261,12.404061645304965,12.451760292053223,12.394858730515958
1422,12.372669317131102,12.356592116050274,12.359001749437702,12.167279819036226,12.388436724343741,12.357185363769531,12.335468791345619
1423,11.983739894303739,11.982316198716353,11.982478655137733,12.070548416559895,12.002233871294592,12.028889656066895,12.001895496784714
1424,12.233764958303436,12.224933711134414,12.22587255334994,12.236987009862036,12.196198633996264,12.209444999694824,12.217509304586054
1425,12.039937325161643,12.032392390431122,12.034649335781017,12.045865071433225,12.046898622228344,12.077122688293457,12.077938091213394
1426,11.761128141684733,11.758232345080598,11.756090179253974,11.814514115723059,11.834192348628184,11.8932523727417,11.890188867641983
1427,12.783478287170563,12.796399956672062,12.7976448896073,12.794910843711374,12.680944767056987,12.783393859863281,12.695696174786603
1428,12.502949516730386,12.496881379347085,12.497471875256075,12.479590054515564,12.401368646982956,12.420540809631348,12.413859192189753
1429,11.801152812721925,11.804134522576986,11.803242977516977,11.797305340235598,11.882290052761883,11.871955871582031,11.89436794758063
1430,11.893198793222673,11.893691687478306,11.894901009559794,11.934011808833187,11.91637275515751,11.94674301147461,11.939791471865083
1431,12.322419604852206,12.31900582771311,12.31917128717971,12.153777359597917,12.185228370521651,12.257174491882324,12.260147504519125
1432,12.052595716927224,12.044652567411188,12.045679454914222,12.14579037040061,12.085164294018144,12.074495315551758,12.100868650821354
1433,11.782762743927856,11.78462214651667,11.784709719400412,11.784072853980081,11.774078239078277,11.7991943359375,11.797801771657808
1434,11.407349861519416,11.445779979583937,11.439849377333324,11.43510018024195,11.495902935219377,11.615008354187012,11.655260355012068
1435,11.461570899637563,11.45276118530134,11.452012388176653,12.121097595660828,11.51187521978166,11.454206466674805,11.417949847073277
1436,12.317239295696982,12.319301354579585,12.31882441305443,12.320962440526355,12.274352728299577,12.268609046936035,12.265406636789947
1437,12.793469848738441,12.789857327092648,12.79064504582497,12.8256344553144,12.87071018803515,12.87069034576416,12.902144301245638
1438,12.393540088935493,12.396207502617495,12.396061306971163,12.376664764215366,12.362003494097888,12.356562614440918,12.33083728701719
1439,12.184822235921702,12.191322384597257,12.189747939899878,12.211611929470862,12.086728337137043,12.165976524353027,12.175853542461212
1440,11.87546913628812,11.875478723080859,11.875294860255766,11.94869008044515,11.973448457157673,11.985840797424316,11.98448042272671
1441,12.342262438094707,12.332893291049173,12.333516668863169,12.318601261597559,12.233608458786945,12.252686500549316,12.252618965543885
1442,12.217278596027207,12.20391332232313,12.204087340541276,12.277501667870132,12.242843250225205,12.2278470993042,12.23221836107619
1443,12.264262111044392,12.27672844277562,12.274898860588882,12.301980251265668,12.209067187314417,12.19146728515625,12.15612507118096
1444,12.4892994218735,12.493004940965363,12.493052335656293,12.490897221122403,12.486778372352717,12.45711612701416,12.482166420161409
1445,12.659486616615823,12.641391310186583,12.643702558697886,12.67074123740828,12.783876734765464,12.76909065246582,12.786908413920113
1446,12.277020581243146,12.280638740975961,12.280502859508914,12.295686502029227,12.340058927787062,12.319600105285645,12.358925186439537
1447,12.112438184177691,12.112852034911135,12.112070863210544,12.094184162503169,12.096306868473976,12.134233474731445,12.130363506842807
1448,11.857394708631343,11.86075470226525,11.860374923045882,11.82873695026651,11.946854108201991,11.986346244812012,12.018567332568844
1449,13.618596582164752,13.650521231984664,13.647959603218396,13.552840399345286,13.356604168625116,13.192283630371094,13.166461150086727
1450,12.179885595905388,12.165309642869467,12.167752808423941,12.186446183824318,12.192990937570398,12.118388175964355,12.109998434178852
1451,12.091023959929236,12.079681174473471,12.08092484769005,12.085286315787394,12.11152931919406,12.108172416687012,12.109152402189402
1452,12.53398667967361,12.528861593360368,12.529837843846545,12.507412391087621,12.477915795313079,12.456101417541504,12.461462778574436
1453,11.946917843338541,11.95043966270513,11.949725185664091,12.390281591197567,12.024527118808265,12.003499031066895,11.98062394117308
1454,11.702369247650523,11.68926086299171,11.690210425617655,11.728148092777564,11.668863153150657,11.665672302246094,11.594111260560098
1455,11.88591531225249,11.88041465666576,11.879813184623082,11.92367194301717,11.960113346800577,11.870538711547852,11.876073345609939
1456,12.23363310580636,12.23212986476228,12.232308013396224,12.189041994388853,12.228097204567357,12.21692943572998,12.220127801053657
1457,11.827998149899306,11.833242030913658,11.83223753008455,12.089032563497996,11.86818841394513,11.847770690917969,11.817249965208212
1458,12.35035060752874,12.34970785930748,12.349317601385996,12.32529871255965,12.309695180183938,12.259315490722656,12.291051595651844
1459,12.330006361186767,12.323836063963217,12.32463205345507,12.339613850692482,12.352943168988249,12.335118293762207,12.366364801767471
1460,12.050636969139626,12.056636951648995,12.056480322375815,12.023163432078142,12.101089543998917,12.112639427185059,12.128492615724527
1461,12.123048109772766,12.106926025198145,12.10834655235305,11.590031353972648,12.083831197092971,12.099458694458008,12.095396500813427
1462,11.90707092478035,11.905506253758587,11.906079321247436,11.9334173265703,11.914748215648405,11.96014404296875,11.942232012891209
1463,12.09296569202367,12.078697124372784,12.08119264670722,11.910741834247965,12.122109933966321,12.088664054870605,12.090374959710672
1464,12.278712656989013,12.295523710911711,12.293336924347566,12.30610069150113,12.286487932641498,12.239999771118164,12.237735577841827
1465,12.383643218889562,12.381326330964185,12.38142914836901,12.402343160824042,12.389691614176483,12.365336418151855,12.336413826744584
