Id,ridge,lasso,elasticnet,svr,gbr,xgboost,lightgbm
1,11.908038255648904,11.91065572711317,11.910477141060287,12.008815966696151,11.976606551096054,12.001686096191406,12.033682566364305
2,12.063989413678891,12.056731018258533,12.056898251628288,12.06824662291395,12.054057998915,11.989969253540039,11.978062987017069
3,11.808312014853097,11.79303440142911,11.795008991349189,12.121097458136985,11.763234657523022,11.78020191192627,11.794952735868634
4,11.884392730125626,11.88510153438451,11.884713157462805,11.931607384664932,11.96560752087096,11.937743186950684,11.929762174212915
5,11.951755657672658,11.967572438107418,11.966319902474424,11.94671429223693,11.849283274543142,11.851944923400879,11.827411806150113
6,12.329724589166046,12.337071588184957,12.336430683796348,12.336373189294697,12.30293766908193,12.30986213684082,12.321037122491818
7,12.204826663823425,12.206406051093383,12.205595836433243,12.10068496233462,12.173722246879315,12.138227462768555,12.164068118212944
8,11.902110170211676,11.910502366750887,11.910322415252967,11.918696655094985,11.93927790127423,11.93036937713623,11.948213924439724
9,12.030808247007595,12.03913082103804,12.037565382248395,12.056836477417644,12.054978696233327,12.039823532104492,12.042807434685155
10,11.96538686694306,11.973697673718624,11.973406646227511,11.988156611167787,12.141904763930267,12.07223129272461,12.024741323190058
11,12.043642429311705,12.064096786151298,12.060042151758488,12.02098223542061,11.949162639935047,11.94248104095459,11.9767593198915
12,12.11097893962529,12.098079491999597,12.098952172452732,12.845336516311042,12.124268676905087,12.10855484008789,12.091645617400298
13,11.870220200027777,11.891117742792709,11.888752466490699,11.958578870916117,11.932629251331681,11.903903007507324,11.846328250291311
14,11.959780504726927,11.956601487734877,11.956133082888774,11.978678727714831,12.017575211460283,11.974102020263672,12.009431898820544
15,11.773078427071127,11.778841557293115,11.778302844076658,12.03420663215562,11.762294931189489,11.772439002990723,11.767964181287331
16,12.240715560272758,12.237511841895673,12.238883653062842,12.199638442806481,12.214349189380181,12.198831558227539,12.1785524910147
17,12.150596395857601,12.157662461846163,12.156392538443555,12.110987811302463,12.088586413503382,12.0946626663208,12.105105376919589
18,12.093472659092564,12.089875649505483,12.09122378117931,12.105807610241873,12.044943693713323,12.055946350097656,12.056154087832551
19,12.261792818962421,12.272494687659789,12.270623718892836,12.272201449617189,12.270435710025485,12.254231452941895,12.282021565634727
20,12.638700821068886,12.633286473749854,12.633312728145023,11.958325726620597,12.661867094492361,12.652003288269043,12.635085375243344
21,12.20812134209935,12.20520660899419,12.204764416970312,12.247107271252554,12.188264347658821,12.151622772216797,12.159222435590205
22,12.09589615559163,12.105640217167597,12.105527007497525,12.310523709031328,12.169543176632432,12.106182098388672,12.15402554721565
23,12.227646919203547,12.215094263462502,12.216757476430281,12.109124733033278,12.265739668336218,12.227814674377441,12.203777271356808
24,12.467242518281495,12.46579949914874,12.465573608959192,12.48421792371029,12.487989856634037,12.495226860046387,12.492933629377044
25,12.530733220618094,12.53807134772916,12.537839104826348,12.09712483877823,12.286987347006894,12.264721870422363,12.27402508210304
26,12.106741806311552,12.123186620333946,12.122899816246933,12.111862669373666,12.03553707208287,12.006145477294922,11.995671023107496
27,12.090994675049927,12.106180453108033,12.1033115151448,12.180823054566071,12.082428547214649,12.200560569763184,12.100719710250637
28,12.611081363480501,12.60549311508322,12.6055690439641,12.597774825513184,12.676126493865494,12.601337432861328,12.579447691501922
29,12.714055507094722,12.703792964485709,12.706010898686408,12.764357706009527,12.548895533351647,12.547172546386719,12.503553060384707
30,12.680705511796734,12.68178208811257,12.682011187507415,12.640616600066966,12.60769972465837,12.572123527526855,12.550458639562232
31,11.969977070045744,11.99022229815102,11.988748619156867,12.103158592019032,11.912345056193143,11.95047378540039,12.007469992038875
32,12.655523024013956,12.6679330748181,12.66718741640465,12.661910587688784,12.595097362098109,12.582925796508789,12.629109641132024
33,12.87515162405907,12.883033429865101,12.883096689757075,12.896254230068525,13.012290448541739,12.97691535949707,13.038067645352143
34,12.140452574793223,12.145552595024222,12.144879434028049,12.075656402271326,12.130256762390676,12.220104217529297,12.225937146378223
35,12.376908585833744,12.385276201789708,12.38472765023891,12.404885487627366,12.379414954416958,12.462627410888672,12.430692215905124
36,12.12810772561504,12.133233349401666,12.133051042084505,12.300639986519666,12.098904682094714,12.15744400024414,12.146206225941029
37,12.134505159700652,12.121018409565382,12.12342749763403,11.946951992491776,12.145919663422236,12.124722480773926,12.157999146736236
38,12.908956147469864,12.905089804802584,12.905605897518546,12.911087189735445,13.040219287663557,13.01302719116211,13.035361993336275
39,12.478099410994194,12.485361830367566,12.484466370292221,12.457696826809988,12.492684612830498,12.513425827026367,12.485964381360708
40,12.18478568125895,12.181609293661708,12.182129146347664,12.121973235878295,12.29045746722372,12.262960433959961,12.260770571892747
41,12.082610157609121,12.09162143345743,12.08893667942599,12.0804360215074,12.118578460057128,12.104415893554688,12.089382505326922
42,12.061145573329226,12.065311728386256,12.06233298773381,12.231447384500447,12.122925522925756,12.052261352539062,12.059455033983527
43,11.958122473652322,11.942406742611086,11.94193012963898,12.083226833906135,12.005324396675535,11.973294258117676,11.980836695094714
44,12.112494697226527,12.117487175868195,12.117891618096296,12.134965198230852,12.171956281017126,12.14940071105957,12.159864700460611
45,12.392041587581682,12.38986741760974,12.38969708748724,12.392876906707464,12.411364567171303,12.43543815612793,12.376817467928579
46,12.76467610158055,12.761504652966282,12.762468548502344,12.787074920808994,12.571417554441096,12.647612571716309,12.71613983735198
47,11.851709229555132,11.860690700444128,11.859406469335767,11.816255958081022,11.751849128691374,11.754563331604004,11.751656912920298
48,11.985725117486862,11.979683028418826,11.980870339633904,11.990090904861301,11.938782577780414,11.919463157653809,11.89830040410897
49,12.008108234549747,12.011404254240956,12.010220241040106,11.914110303581026,12.038281270517697,12.030750274658203,12.03557515086531
50,12.170216963095514,12.177717045422073,12.177188736384085,12.072586534303483,12.101451197377484,12.147701263427734,12.191572185015504
51,12.948016546633871,12.938586755548144,12.93933754336275,12.93791879988337,12.9422720984621,12.951201438903809,12.891785340681851
52,12.339533136448976,12.332775624677137,12.333289544504948,12.360882673978209,12.308963920584842,12.326125144958496,12.285756287101725
53,11.51442202903909,11.503908248564294,11.50519773283502,11.52553867080536,11.618591291352319,11.595521926879883,11.604251438571692
54,12.002059121604862,11.989027928986038,11.98820757450045,12.096466761292081,12.03385287197107,12.041379928588867,12.036744786940185
55,12.086198670310317,12.102407628550623,12.100765264736276,12.057618168147256,12.134042531931101,12.162337303161621,12.157014161752953
56,12.237039649613045,12.234615603291523,12.234516900914743,12.057146382937626,12.230029065131488,12.223958015441895,12.203299969644906
57,12.251556431680713,12.24772722103113,12.248266125526282,12.25947952230289,12.262592176465262,12.230731964111328,12.269613783708566
58,12.485648273931671,12.490031774360608,12.489503293563509,12.48870434335491,12.577125380111466,12.498871803283691,12.528768588525994
59,12.132177648731322,12.143068383014565,12.14256126345601,12.358885450379706,12.233573837318168,12.169090270996094,12.160358821821388
60,12.15090652908088,12.142402981069763,12.143646098796372,12.16337842882324,12.219554657114791,12.22183895111084,12.235280713585217
61,12.091588907447765,12.098930252539997,12.098207913172608,12.045234966819669,12.023850286372298,12.038298606872559,12.02157478506925
62,11.625652140949668,11.652587317092054,11.650072479495392,11.678123876997844,11.637533880184465,11.640901565551758,11.668730274395013
63,12.782556140446921,12.775933048834663,12.776134524149441,12.777753196215306,12.907494341024714,12.873160362243652,12.894984800839785
64,11.953710576612933,11.952267918106113,11.95242711607212,11.999155182280175,12.034080458877751,12.032047271728516,12.015468673672778
65,12.27075582972437,12.288637541256023,12.287344959655794,12.149254465008406,12.295868195797496,12.266709327697754,12.288587417620853
66,12.041846770401333,12.03699293556475,12.037721904125275,12.02114673423057,12.014596891701405,12.010754585266113,11.957156426447083
67,12.780817944997816,12.785642505579451,12.785460842052288,12.40193253381276,12.774480907726808,12.736523628234863,12.727482407957941
68,11.915602299301417,11.922345351616364,11.921551725475414,11.935750203547702,11.990417044619173,11.988890647888184,12.01463252784867
69,12.072184807317422,12.087797254595387,12.08654258362978,12.098048702923158,12.081867086356644,12.063680648803711,12.078143419339854
70,12.209056694243138,12.18752601902313,12.189598291848391,12.158154117887646,12.20403072840987,12.215286254882812,12.187414481679442
71,12.860171768449687,12.851943478861456,12.853471187449333,12.852672607228467,12.874872893707103,12.873751640319824,12.822669321951134
72,12.275604459897783,12.283272301598949,12.282774710021714,12.256074111484452,12.238828336743445,12.243609428405762,12.229505524271193
73,12.477562479607636,12.46567866686497,12.467752156173416,12.127401867273248,12.542285813974202,12.529125213623047,12.55450276336869
74,12.577047686561249,12.55628086453579,12.558335878875585,12.09712483877823,12.61834582420406,12.509766578674316,12.541246787717515
75,12.40028963162206,12.403883628429003,12.403475770036245,12.38808546056379,12.408689531414746,12.4399995803833,12.43015957954297
76,11.895807556127547,11.912198568370949,11.911479224902083,11.91602739906008,11.957358135206151,11.879105567932129,11.871925963331604
77,11.795304018058301,11.795962568273048,11.796686447656601,11.764807373675549,11.699403127924835,11.710687637329102,11.696358602129294
78,12.344792735053963,12.35057353826053,12.350379509804624,12.311492008731834,12.332874723982396,12.330453872680664,12.314425808958774
79,11.946958461254905,11.961787263515616,11.961134125807964,11.986731426281931,11.907411403834503,11.97201919555664,11.946524111315512
80,12.027383545429352,12.02496958881281,12.02480033900366,11.976993566353675,11.984027585567816,12.037652015686035,12.09344414640381
81,12.648537309528619,12.632660105956052,12.63391797109869,12.670154454695616,12.67778202681184,12.609509468078613,12.638340175457317
82,12.338049675021713,12.348031668148288,12.346958594579334,12.335309252938522,12.364663406882197,12.360641479492188,12.349070165552327
83,12.19952319187406,12.218828374639,12.217885572069886,12.262436677273348,12.369907994572344,12.336644172668457,12.392564420963637
84,12.019902624575046,12.029018512940663,12.026716854996513,12.183005215209986,12.021120941646565,12.12469482421875,12.069899717025173
85,12.25916467718001,12.249129730195229,12.249379903347867,12.246165191086897,12.183736370804525,12.20832347869873,12.1966725976
86,11.618833056096115,11.622160352272351,11.62187010111246,11.578821757837224,11.518401869042604,11.545767784118652,11.521868230220141
87,12.309406809350987,12.305967661455467,12.306228436439737,12.268638867686978,12.300242456105464,12.31795597076416,12.317343619197867
88,11.716422666031198,11.717497506050943,11.717786958495353,11.712861612336797,11.760195510868872,11.74899959564209,11.733044892097558
89,11.788179581622938,11.758349919602617,11.76254433709055,11.924568639038599,11.859615725382975,11.84309196472168,11.7951222364689
90,11.900890910489123,11.902246456330435,11.902342385705419,12.016645729446761,11.950548882862998,11.926798820495605,11.936077524768157
91,12.450149574696026,12.451930935763077,12.451889119565344,12.445991341080925,12.457878906951379,12.534584045410156,12.505924017108923
92,12.136487880529666,12.144507844653646,12.144659009602162,12.15911185463966,12.093875688093883,12.122098922729492,12.122267132775654
93,12.452260864984636,12.446248645424411,12.447043108095372,12.373667489651778,12.44284218924842,12.360132217407227,12.384605444742785
94,12.410782489682651,12.421404735280218,12.421541783945692,12.482326432504713,12.59937498752297,12.512578964233398,12.626572940740083
95,12.3275636433652,12.328656445522041,12.32857453693024,12.325413786107168,12.338489659454158,12.319615364074707,12.282497774970524
96,12.139437143515748,12.130900433423664,12.131361983927146,12.161506232510702,12.147707653850428,12.08434009552002,12.114784659079199
97,12.461324448180296,12.45500478851423,12.455969538962869,12.425458957220389,12.432993705865414,12.430927276611328,12.40345353543962
98,12.741140633053526,12.725975594615626,12.726874029457576,12.815117715482902,12.541537967625688,12.537931442260742,12.564445877556913
99,12.30985335530977,12.309732841428088,12.310181679417935,12.316658421679502,12.268791228196314,12.288834571838379,12.281606425111146
100,12.62516496253051,12.634401293179499,12.633479190953926,12.624159676561023,12.568653993736705,12.549723625183105,12.514641696723551
101,11.942206361046072,11.933565529600653,11.933335649595929,12.449308175203297,11.974462943746245,12.003042221069336,12.030608528202574
102,12.183907879145575,12.187287624119286,12.187036586693742,12.160944741192962,12.173291385610842,12.178786277770996,12.165315553429409
103,11.91701136931266,11.906384032401851,11.906861378711259,11.882708006420916,11.87603484635982,11.847105026245117,11.815479628119741
104,12.021260486294247,12.032026187467002,12.031480006982388,12.043446181664224,11.994780626123992,12.038636207580566,12.025353652910589
105,12.475545067059095,12.476152256439564,12.476145701718515,12.496080782714758,12.3922863277893,12.253718376159668,12.274216755401007
106,12.21654314731509,12.186812807267085,12.191212986169145,11.977059746068342,12.190792740274137,12.165576934814453,12.183127827869225
107,12.420981586183949,12.409488623762805,12.41035254972511,12.42387147865137,12.429850332571009,12.43537712097168,12.447294904598332
108,11.77052678447844,11.779924374598922,11.779310020830827,11.760339870088822,11.84817735146948,11.758991241455078,11.763038112191406
109,11.873348762985929,11.861938478740026,11.862303345021953,11.895408929829777,11.876838501842093,11.865131378173828,11.8625602574096
110,12.355724991947596,12.358384725890478,12.358270840281884,12.406253583126503,12.371638184813431,12.31014633178711,12.307915087735946
111,12.799091776408119,12.78919172934175,12.790265970834977,12.815978831196068,12.899946291984278,12.924208641052246,12.90227352760531
112,13.015267134173758,13.014879384719976,13.015859150484948,13.044409396198807,13.09109912357182,13.075419425964355,13.085540661533601
113,12.306799676238219,12.305085208879492,12.305857070261663,12.375660965944663,12.273031464138379,12.267080307006836,12.259073920682273
114,12.400001830178596,12.399535328785142,12.399359190580476,12.409951133737241,12.451566311667284,12.408831596374512,12.445065709048606
115,12.09081438286253,12.09958607828448,12.096911980298376,12.097124837583493,12.06012442598986,12.087912559509277,12.089575466394004
116,11.69773804523136,11.692880978060902,11.693453730336904,11.677957980865092,11.683190112922338,11.632189750671387,11.686848360956526
117,12.08982874291083,12.083034188405058,12.083358466291958,12.094222277917227,12.044285278722937,12.049368858337402,12.044041313553475
118,12.59666957027321,12.57207477935813,12.575930872851103,12.115861664979406,12.46084730212567,12.461201667785645,12.484193367469203
119,11.540302346178235,11.533919304350746,11.534910631714395,11.443161695182635,11.401823423208752,11.391990661621094,11.409628660871668
120,12.501294128049343,12.49560285476838,12.496813419569243,12.5153093426687,12.515411737485312,12.489730834960938,12.446884653410718
121,12.530715415179113,12.52516671526274,12.526779304912253,12.473181105462864,12.363211493799728,12.413856506347656,12.460977660236042
122,11.47755567520484,11.504908695470169,11.497656441879597,11.615528339230007,11.52145776664009,11.568990707397461,11.581075194138005
123,12.272490284278698,12.26582494700312,12.266042237247245,12.29123106601621,12.22623199538133,12.243295669555664,12.226928361131623
124,11.649742103497111,11.622286081459112,11.625361520436057,11.439426533933233,11.767077802116088,11.658618927001953,11.761652005853202
125,11.761753591071798,11.76240609752203,11.760371109258736,11.866382184672856,11.946612104360119,11.925809860229492,11.773590600126738
126,12.916224899140442,12.914748717257254,12.914625977948214,13.111732028235243,13.00121623580565,12.958667755126953,12.978231415184679
127,11.761821375175527,11.762843632623394,11.762099281367002,11.805900372836508,11.766950481259332,11.710949897766113,11.736939304387022
128,12.338245467439204,12.328296798965782,12.329259862288435,12.354433019674293,12.370168498451944,12.316573143005371,12.384566498105418
129,12.355641868345385,12.33386934783881,12.337025563442548,12.346574256176865,12.315899413939984,12.360748291015625,12.328793566132203
130,12.342028651977683,12.37517288917635,12.373806850761492,12.388272061645434,12.375136064257283,12.378783226013184,12.39532986034472
131,11.96293651975312,11.964760666597295,11.964443311124372,11.964946469672272,11.965460287915999,11.975787162780762,11.987387406121348
132,11.840639015535963,11.834744463329763,11.834935277275827,11.81189299564124,11.75887785615935,11.807494163513184,11.768342816133343
133,12.759352379194564,12.756703129014447,12.757566339897206,12.7586278831687,12.736733594637778,12.730976104736328,12.723155380189844
134,12.279026015653805,12.274469364736506,12.274655722733812,12.279904925272312,12.293996051212218,12.26797103881836,12.246223858371001
135,11.95446522401008,11.960784765998977,11.96091114079175,12.028730719449928,12.0199487755549,12.04104995727539,12.038704876611465
136,12.215748251210204,12.216337008889388,12.216707372749283,12.671645512996028,12.05463048939966,12.09376335144043,12.023858277384308
137,11.528431765928048,11.533474426013905,11.531827141729032,11.592192480119275,11.52215363858061,11.567334175109863,11.520841111936845
138,12.046091100487251,12.054848565688415,12.053541501802226,12.030114384750018,12.056848966269902,12.052748680114746,12.055433791715162
139,12.167907547793726,12.172009140134834,12.172004242065796,12.108371875478662,12.083210865148605,12.081153869628906,12.107983647989277
140,11.911523780026425,11.907091246216998,11.906369246868174,12.095446331351551,11.997930520064102,11.976256370544434,11.95465417336852
141,12.4484834622496,12.442104050497289,12.443883313029083,12.124170008054984,12.422324052528769,12.414884567260742,12.414006946830963
142,11.563216683784246,11.567252002720803,11.567368662855472,11.452010945732843,11.43092913876808,11.458014488220215,11.477434117768597
143,13.135209026404004,13.139188742023695,13.139068316912956,13.148035955089986,13.124496171363441,13.119597434997559,13.129078373292502
144,11.761331178563399,11.749916404655233,11.751721770477365,11.857930414060942,11.757025189099323,11.766283988952637,11.740174658649309
145,12.18589096001068,12.183355218936903,12.183362277515,12.089966849307507,12.17906656030548,12.183636665344238,12.190944982272434
146,12.3915120693149,12.393052994598246,12.39289641058742,11.908791083803886,12.40430361612749,12.375458717346191,12.362849124225065
147,11.522211427549593,11.488429802091991,11.488251239530648,11.517170200532812,11.474229277157722,11.455204963684082,11.553097623250046
148,12.497613565639945,12.510563541795145,12.509876760662973,12.381969740648726,12.464154843904955,12.481929779052734,12.478717595186975
149,12.509274212506302,12.503565201462326,12.503680771305357,12.507796458552148,12.515363110066698,12.55692195892334,12.526335398840944
150,12.256065014559088,12.250782842813912,12.250904854990447,12.22891457343727,12.2433702020332,12.225371360778809,12.242518677830777
151,11.80879662869039,11.805134170763864,11.805291002668056,11.937557051411524,11.905068571794295,11.8575439453125,11.8799027772291
152,12.087145746259282,12.080809678196708,12.080760922290155,12.080198984578539,12.136421583995297,12.115355491638184,12.126825609981925
153,12.499180581907066,12.502471585677316,12.50176719533974,12.501911855432244,12.508319546722362,12.569561004638672,12.592224245259041
154,11.854072910091553,11.858869842618384,11.858739071659343,11.877488248380272,11.874862193304974,11.830667495727539,11.758339900144767
155,12.866021164062593,12.854325907864705,12.856123025616586,12.842940984021686,12.869431458422921,12.940377235412598,12.897427923001446
156,11.993910135916085,12.001430370100127,11.999496174806827,11.989166693415248,12.068499959614167,12.013057708740234,12.050025204379182
157,12.65959744351737,12.668316002037123,12.668139595881902,12.625442930010024,12.667703672541675,12.749568939208984,12.744274081960091
158,12.574030149583761,12.575715112532231,12.575429091718503,12.560816278437695,12.611604150488423,12.59006404876709,12.63116672310285
159,12.677027335448056,12.6692318247314,12.67060669230522,12.693926293376638,12.556576352647873,12.59447193145752,12.62164177478222
160,12.413722893158255,12.408566707796389,12.408623036571575,12.416809505782497,12.312527170246865,12.296701431274414,12.333870847423288
161,11.676805522508278,11.655894832220103,11.656401667712357,11.622064638913592,11.659390997751547,11.671396255493164,11.610809646376381
162,12.769330782625653,12.769254820459002,12.769266065221228,12.764259490976052,12.74481666083886,12.689184188842773,12.706085063017062
163,11.704741845899447,11.699890624043485,11.699609608103616,11.7096055912627,11.675664071458577,11.658415794372559,11.65179905678757
164,12.594226704806239,12.595681969746646,12.594721135875686,12.564748794341149,12.60807311377001,12.614928245544434,12.61425600484353
165,11.959828287313648,11.96577612667262,11.965651765181551,11.971933461814707,12.005645349923045,12.063923835754395,12.078851640490226
166,11.506696782110431,11.491250318102164,11.491498481289637,11.878873974850103,11.433355924583369,11.494645118713379,11.543598341710672
167,12.31600614091307,12.312615005260124,12.312783828693243,12.317893956515677,12.295152194820599,12.287679672241211,12.299442194265813
168,11.878917778291811,11.854032435348016,11.856311117419088,12.270568377857021,11.889571799401653,11.865352630615234,11.873794726880748
169,12.011054193927405,12.023756472642798,12.022095331936745,12.100663552731332,11.961142579893489,11.993351936340332,11.97564790236381
170,12.20783520968911,12.203615391583334,12.20380236133944,12.270340570685997,12.209062668990429,12.208929061889648,12.235661799668524
171,11.662241643078527,11.65876473478454,11.657904357176458,11.908827607499553,11.579804124232561,11.584053039550781,11.592233670122969
172,13.049649002212224,13.05266811000101,13.05257004385164,13.011573148232818,13.01084903250209,13.059208869934082,13.057510542050217
173,12.372585110651965,12.380061274733075,12.37957310467296,12.125319946405396,12.447897817381456,12.510546684265137,12.510450152739866
174,11.978898377923406,12.002255312853624,12.002137783640444,11.906203079742218,11.928301488080258,11.970037460327148,11.94546363748127
175,12.56755693910024,12.570220768903086,12.570191613598922,12.726393142893878,12.547016951054609,12.536720275878906,12.522697516127943
176,12.597510743646657,12.599160418777497,12.598932348606672,12.586177877763198,12.617978849161494,12.62435531616211,12.552871800547038
177,11.91843589603766,11.93060506529016,11.929167519244709,12.131381057319226,11.91017946821629,11.923079490661621,11.90754477047777
178,12.413675352504898,12.411253471851117,12.411370856048299,12.41072786048052,12.377327964130876,12.36011028289795,12.358055222640886
179,11.730925099608816,11.743109847070155,11.741781811959727,11.643581414918984,11.69965780789756,11.720892906188965,11.69554952579329
180,12.20730716932438,12.198675823171978,12.200025942422794,12.23983574437476,12.171284622970628,12.181629180908203,12.171998111804047
181,12.818064628219823,12.814400687406861,12.815741720781485,12.684239929250182,12.792478126978585,12.825921058654785,12.783939007567435
182,12.635545746856332,12.62375269994705,12.625416169784241,12.600965370216759,12.615116462277367,12.657549858093262,12.655369509000131
183,12.357134584814611,12.358890614259625,12.358326897659392,12.323384721268823,12.315715759229322,12.358915328979492,12.454167211033475
184,11.93448694690308,11.943177306760965,11.941903037401316,11.95065152756297,11.922501854102332,11.88486385345459,11.8728972158276
185,12.006471715258169,12.006737131521167,12.007429901317,11.956062256535297,12.012134522715138,11.99962043762207,12.003890311659072
186,12.166265661514704,12.14395444260234,12.144942671032702,12.184365873661267,12.069729375724249,12.11548137664795,12.128888325281256
187,12.196512888904367,12.19012901392109,12.191309686445459,12.070420169159455,12.259582189535884,12.225577354431152,12.19631662575088
188,12.627176134352556,12.624863100146285,12.625151369324671,12.618431083135444,12.669454464058385,12.644851684570312,12.637862426182412
189,12.200563240745003,12.19499161224354,12.196096392049636,12.049861538166816,12.183249014202609,12.117975234985352,12.17078590403394
190,12.590095364830196,12.58960137766036,12.589772367138673,12.605266733881558,12.564835738292954,12.616294860839844,12.584770143948193
191,12.168276252325432,12.184305892308153,12.183755110669283,12.107261912745724,12.013719905472493,12.09091567993164,12.080361553610246
192,11.665545460935625,11.662639318736288,11.663490463279336,11.582399976318113,11.66710185529037,11.680489540100098,11.63286417557616
193,11.921494684128024,11.917850060582081,11.917924842866968,11.840796080217128,11.924881457035843,11.928972244262695,11.903779530253065
194,11.713037637041122,11.708825124207072,11.708170167409754,11.659200329530117,11.708618538397868,11.645451545715332,11.710905635929844
195,12.581590682116229,12.570613085203604,12.571862340038953,12.562808169042562,12.601556327068757,12.545646667480469,12.505689634137557
196,11.804470399575216,11.803264252880032,11.803322951708118,11.998859771712544,11.84967409217259,11.793707847595215,11.78335203910859
197,12.50521102815783,12.484167614038629,12.486257360699692,12.476875180907525,12.490857919208311,12.420674324035645,12.470330516226474
198,11.73637860462341,11.74523173924097,11.744387055240235,11.756042027904789,11.796251491338065,11.731263160705566,11.739086328446158
199,13.14899490523309,13.133903571139363,13.136156536580271,13.155118741181495,13.154284354611205,13.147406578063965,13.0970137731634
200,12.150058957835693,12.148977856292701,12.149709403737464,12.185947129984996,12.245412000630173,12.203256607055664,12.1981083075838
201,12.042748982421436,12.073622235217883,12.070475253674156,12.111615621022459,12.114249461038694,12.09518814086914,12.130376893831404
202,12.10326865652653,12.117743240506199,12.116446888793734,12.162483915238234,12.14086019456639,12.098779678344727,12.075599743878445
203,11.553272891860104,11.526387295026728,11.526636787166687,11.441896938559108,11.358691497252671,11.390868186950684,11.419955125319053
204,12.915983034557339,12.916079975249547,12.917279068975706,13.049022525214957,12.858301125617148,12.798632621765137,12.869053774523993
205,12.800764595101569,12.788662018352074,12.79009615760587,12.866933597987488,12.838673372479853,12.802958488464355,12.820085513521875
206,13.000361763771219,12.997922945926934,12.998842714910825,12.974693766283485,12.991845686732805,13.010791778564453,13.049324291874434
207,12.142691682891217,12.140028066647137,12.139151615235017,12.100966679254501,12.109663148253459,12.14712142944336,12.138962851262336
208,12.530406110584243,12.51886538207681,12.51873883234964,12.694149637366309,12.50714624250527,12.434106826782227,12.47910905173758
209,11.609794008761842,11.589619694567954,11.590758765150802,12.092946513619893,11.67758064177285,11.631781578063965,11.556356677271785
210,12.4772008457263,12.468305948020827,12.468739264574227,12.491855567508537,12.600933907559618,12.574320793151855,12.637025288235215
211,12.157124717841569,12.156589038329297,12.15575151554376,12.271051328870229,12.0985799437236,12.093768119812012,12.090889863199896
212,12.64653574085051,12.6402535213494,12.64099954548858,12.67284199550842,12.728399418041615,12.691813468933105,12.737135365498316
213,11.902467719896048,11.901251999122218,11.901382461559857,11.891145363940261,11.925383401741191,11.845296859741211,11.88128952710494
214,11.657452386448334,11.674970558168331,11.674537635106791,11.606690077168478,11.676293282223277,11.714634895324707,11.718706691861014
215,11.80810321514911,11.803628800953934,11.804374508855991,11.738867180751296,11.926095317293843,11.875569343566895,11.853579523442114
216,11.876389928646061,11.878304640420346,11.877403707712062,12.017657774505388,11.880708217437064,11.941658020019531,11.915289346292663
217,11.79221085195046,11.801002470970326,11.79936963742961,11.79643900283553,11.858674944387827,11.882192611694336,11.778268240723209
218,11.854601178599486,11.858695262060484,11.857819082857738,11.835598182630847,11.83253281734879,11.86750602722168,11.813778411769382
219,12.485673325323091,12.496013104791848,12.494774673900405,12.471475434416488,12.531640426545055,12.490049362182617,12.501376649483221
220,12.014165297623808,12.014416692984671,12.014602635352158,12.030127498581495,11.920573098234788,11.940855979919434,11.96132872710674
221,12.784836973568515,12.767803595417666,12.769118221851084,12.493715142029625,12.845894635535597,12.822707176208496,12.811873803918072
222,12.070992608775516,12.082824812514248,12.080925240783312,12.069595744932,12.02934435960838,12.100544929504395,12.09048420967742
223,12.240610109277144,12.240339952096296,12.240116520602678,12.275199026950466,12.259192893792006,12.273706436157227,12.258356182653223
224,12.171213859410944,12.172827387039856,12.172953611801287,12.18684349058738,12.116772767727124,12.094300270080566,12.128759264810812
225,12.550689465485775,12.56364773953609,12.562714004255755,12.542732247766393,12.53095007954781,12.595210075378418,12.557386440738812
226,12.889690046200206,12.897284860434961,12.898784082018292,12.929635068828068,13.002488869000224,12.886425971984863,12.908479582616891
227,12.715414128252723,12.71598508529831,12.715985187273692,12.67383218629066,12.792061442176763,12.788687705993652,12.761674255285916
228,13.363557423277442,13.360048973687864,13.360609891243204,13.341866361417818,13.254194983423808,13.185423851013184,13.16097840588892
229,12.240201689640568,12.235860977913095,12.236090724783901,12.297672094001115,12.342405977681405,12.260916709899902,12.267279085316117
230,11.99584674021009,11.99139158396864,11.991865374187968,12.227505821607235,12.03383339941492,11.987748146057129,12.007697372168188
231,12.074065472855727,12.08546775020623,12.082981619386517,12.057746332962619,12.07702247139832,12.093957901000977,12.109616497491592
232,12.338489346274821,12.325609067227107,12.325436415891554,12.32916576545759,12.376404059920677,12.30650520324707,12.29731838869247
233,12.248724855391151,12.248940476884814,12.248998354984769,12.268282484748196,12.244846211224468,12.28311538696289,12.282862412884757
234,11.96341783527343,11.968878083362041,11.967076804221112,12.06359543259214,12.072861482711351,12.025642395019531,12.00095349282209
235,11.833787221851455,11.855709010515973,11.85427833057162,11.83876339516877,11.760985507797525,11.750575065612793,11.72154095649467
236,12.240569900389895,12.242106101832519,12.243266087046166,12.023563222920227,12.26219682820488,12.26866340637207,12.256618778070942
237,12.226351817460056,12.209918021420052,12.211582520484578,12.213799440385554,12.229233135636912,12.211849212646484,12.212037694502289
238,12.746252985244528,12.755554587853746,12.756282205818279,12.733002272335199,12.636839890536248,12.745808601379395,12.778694514412884
239,12.395284111813467,12.393292720041927,12.393428620736751,12.381704043432588,12.331760644708455,12.359593391418457,12.359371419875952
240,11.903794467435308,11.917730393438989,11.91643683081262,11.902756867317642,11.946401908073812,11.951370239257812,11.930883516713036
241,11.963033877643847,11.955807326294126,11.956519227627949,12.110793466246562,11.953348089000716,11.863767623901367,11.867467767097892
242,12.130858915746023,12.124548905255343,12.124117659309093,12.200584053479803,12.106477831572477,12.09858512878418,12.091567551526904
243,12.470181758265774,12.476046114513201,12.476032126474303,12.453922410489405,12.445470995686499,12.45801067352295,12.453464797801884
244,12.61749323203505,12.60471296604598,12.606171048770328,12.64869949725325,12.689382581648143,12.693885803222656,12.676769450034225
245,13.007840686908887,13.005764360519482,13.006467465718583,13.03717710391134,13.041123928915155,13.017251968383789,13.026265224268082
246,11.874308910026837,11.879912786520928,11.87883011469977,11.878519284829846,11.896426877103565,11.894865036010742,11.905661410035313
247,12.265699984575308,12.224126690566903,12.226989629379354,12.216281507443457,12.327677631697595,12.332781791687012,12.214591082210106
248,12.185571532525222,12.170324670402085,12.17309986664985,12.119718117155339,12.166785203522691,12.10111141204834,12.134607476786549
249,12.282771414497239,12.2825875475013,12.28320999227674,11.946612962947047,12.236395036156715,12.240520477294922,12.263342929856337
250,12.911650046645008,12.913316513522487,12.913652101686495,12.911069246752536,12.785169628810614,12.850669860839844,12.834575914454703
251,12.851060011103867,12.848796373208907,12.848932446794443,12.830291327648718,12.850936477800909,12.86455249786377,12.822263808841935
252,12.299895642902563,12.301590217989363,12.301158392913468,12.411262280849309,12.298566195138092,12.253180503845215,12.270104841816014
253,13.135123765300733,13.129395489995185,13.131104233546708,13.098526154572765,13.102613328127248,13.107394218444824,13.044378925918405
254,12.052253624517071,12.047510593000906,12.047841301715557,12.069395948239226,12.04007561528212,12.073625564575195,12.090368405620978
255,12.10517728496318,12.104736913400478,12.104684702108772,12.150612992561214,12.151887573096394,12.14351749420166,12.123124293661208
256,12.351649500480844,12.344032236105233,12.344320155578927,12.370062376667876,12.464785433256932,12.445450782775879,12.379332384608638
257,11.785104631432004,11.808481680605219,11.804951972509667,11.787795124424829,11.988508063244835,11.901616096496582,11.876147591063924
258,12.47372816709044,12.472614924379792,12.472240686881742,12.475739593886368,12.637839610930586,12.611002922058105,12.582056125634821
259,12.392182845769431,12.393302291308656,12.393357954512238,12.384691553048315,12.405166705207906,12.391535758972168,12.397262778937026
260,12.27585552410702,12.278814329521644,12.2799479020693,12.255348163488076,12.239555732745812,12.223692893981934,12.227152115606547
261,11.947784929542284,11.953519182309064,11.95239645518134,11.951902866625272,12.010400029508418,12.080461502075195,11.93324942378883
262,12.319940445113934,12.320216334710178,12.319898682025514,12.314581406365138,12.305672251704936,12.316673278808594,12.31633575305594
263,11.767687095025824,11.74683808896127,11.74671380962791,12.125351446982865,11.844417002235822,11.857664108276367,11.86341036685178
264,12.45325421524529,12.440974957635301,12.440376215214288,12.477705888545131,12.411362556083203,12.429107666015625,12.451933662331033
265,12.058010446278818,12.061594452811427,12.061293031202643,12.077904016504473,12.206914968779474,12.197490692138672,12.205720467958114
266,12.048714433299535,12.037587317845988,12.038289487784711,12.060389317764283,12.100911128503348,12.081031799316406,12.070834345845455
267,12.591331704488452,12.591055413405282,12.591542935602375,12.5749579823077,12.551887146312792,12.546791076660156,12.61906438869149
268,12.139576566518194,12.148355152888133,12.147423536612548,12.157204270480909,12.152894040005402,12.174873352050781,12.142169430123822
269,11.846686241929193,11.88210655270656,11.878056968161198,11.870646428742642,11.820411997354409,11.978617668151855,11.90936517525723
270,11.944229853097415,11.934392507090053,11.93645426760957,12.090680462416831,11.833281048983823,11.798274993896484,11.786481927509744
271,12.998797317317925,13.000914463539935,13.001294315241765,12.99186207795728,13.036402001462232,13.087563514709473,13.017692124424833
272,11.795651832633848,11.796804887062708,11.7973001357572,11.85158756397719,11.673818523403302,11.7049560546875,11.670188753222345
273,11.46218647829074,11.459064053282532,11.457035909565263,11.434309008400419,11.475519266199488,11.424103736877441,11.488318998133392
274,12.477583067493615,12.468345483342421,12.469098111599934,12.213589405241432,12.406250164157274,12.40552043914795,12.42579995171221
275,12.100915785935932,12.108387754086662,12.10601767706139,12.034134284100785,12.015558604532169,12.068345069885254,12.053873946955294
276,11.86904516314289,11.874662579869309,11.874268819665346,11.845821252320324,11.746069486705558,11.778244972229004,11.760726101684718
277,11.885977937739392,11.881300757442249,11.882614589252661,11.91257381712893,11.922766175791336,11.874534606933594,11.864286132552747
278,12.651770010656527,12.673620193647649,12.673953029205313,12.691471817565375,12.633962817185198,12.618162155151367,12.621188286678732
279,11.610089474562267,11.60875758694127,11.609155919372036,11.613039609792436,11.536914513953946,11.553956985473633,11.527721090647209
280,12.266407086226572,12.267521917066281,12.267814218298518,12.274817218949508,12.225797009032965,12.231941223144531,12.210616055336342
281,11.82325171684724,11.834824480938432,11.834587370472276,11.679398246866384,11.828418669533772,11.830617904663086,11.833722047795336
282,11.70677290421237,11.700741778764824,11.700748617720475,12.088116637190948,11.932640932219922,11.84083080291748,11.791960532584964
283,12.465336389873022,12.467103915855766,12.467968076035058,12.47417153529556,12.500339767775044,12.52706527709961,12.52763138657207
284,12.455120599248996,12.45910265860698,12.459074293418627,12.427222643362484,12.4578494410057,12.42992115020752,12.424517740227522
285,12.174587866031041,12.168828610128276,12.168964924789078,12.226688170807964,12.214378226930046,12.214495658874512,12.210695510721584
286,12.060025998684361,12.068890095427001,12.067677819236897,12.155515295798992,12.14538003112899,12.120831489562988,12.12364488374301
287,12.680284874837444,12.688157887273492,12.688522055622663,12.724879171170418,12.57478311971018,12.747075080871582,12.761162292600435
288,12.032416722219118,12.048853310068598,12.045453655476638,12.206408348935213,12.07153021910174,12.086652755737305,12.059179760453436
289,11.709843453181815,11.715708051171509,11.714348399555279,11.695603423076072,11.684196652390467,11.65125846862793,11.684405959069803
290,12.284914051444758,12.283696061692082,12.283694032904469,12.00146259567283,12.258921265741098,12.247272491455078,12.25166061829429
291,11.941645815385824,11.935509566404205,11.936012835748043,11.956666153074163,12.019406231722849,11.989192962646484,12.012797083568236
292,12.009886468785815,12.00621170977992,12.005972082574893,12.033614544590948,12.053505120866593,12.074995994567871,12.05658222832994
293,11.8377353880949,11.844367549736008,11.843018293137774,11.904592290786766,11.870690520464665,11.874882698059082,11.836401767745752
294,11.828789629567492,11.82385755572333,11.82436034507457,11.956815493025747,11.876216901502016,11.894855499267578,11.833711892241716
295,13.057064786250907,13.054672943803391,13.055435435600476,12.269145602952149,13.139081390742493,13.109501838684082,13.119489886480492
296,11.886106809659173,11.87267647779795,11.873679031552772,11.945830695548194,11.963078122511375,11.93258285522461,11.938178878109825
297,12.240471166077835,12.267028529103998,12.262815489843844,12.134719062581206,12.191835376783368,12.228530883789062,12.245944059683625
298,12.33729069568638,12.337433816360605,12.337302995964356,12.329733124682857,12.315585398756461,12.31354808807373,12.335237699144251
299,11.947299175355782,11.953558377480586,11.952290658117535,11.950010349890398,11.953981856491987,12.000896453857422,11.966142184166436
300,12.022150291642095,12.021376871644328,12.02118418811443,12.04110803482909,11.990434641463109,11.994039535522461,12.004482520292102
301,12.32605500353065,12.316873421699327,12.317225733155038,12.185559977841928,12.1679377154142,12.229997634887695,12.20037526901788
302,12.189002092274178,12.161314442703041,12.167724927121137,12.084488407569136,12.179614168053511,12.224656105041504,12.241347807331762
303,12.71607248575581,12.691381232713494,12.694013401026528,12.267210088430899,12.769893372462043,12.750160217285156,12.739029209547317
304,12.27409336462242,12.27869195806091,12.2784291861158,12.26574825443685,12.297813384791988,12.279107093811035,12.250062346840144
305,12.037868752050821,12.033678028316146,12.03504603642179,12.167687685408461,11.939379302191012,12.017019271850586,11.980709975018428
306,11.890955232304915,11.899949345421529,11.898965567249165,11.921390470504814,11.940459647709014,11.923580169677734,11.935344913027158
307,12.253726758075768,12.25050361805581,12.250312025189185,12.192241621852308,12.226183281507968,12.224231719970703,12.224136113125049
308,12.122983008905651,12.11993443093493,12.120411530038853,12.140449745288887,12.148857265343414,12.150200843811035,12.118988002730521
309,11.992935759602503,11.99865553378063,11.997009936973836,12.016456551575533,12.047596931357486,11.993219375610352,11.998662687856358
310,12.036944375567474,12.066656253933937,12.063786183230258,12.173070285046142,12.016102593564966,12.00330638885498,12.003037830346825
311,11.584712392935554,11.603584179925164,11.599143222056012,11.709844202632055,11.729304507389559,11.66677188873291,11.578714875315816
312,12.166641567326895,12.153549961969132,12.155216913202027,12.178243329650456,12.126189270468984,12.10247802734375,12.096306057363492
313,12.421808813478316,12.426926299150947,12.426983306696268,12.395925149067308,12.420710722336873,12.430826187133789,12.44946162919409
314,12.17573434210079,12.172540299360627,12.17304865100431,12.194210192873154,12.160585003689322,12.189702033996582,12.164598287217828
315,12.15305736513493,12.151009669979228,12.1512959523323,12.206186464685118,12.242752570878556,12.208386421203613,12.197801838449086
316,12.688895461621957,12.702974287516133,12.701755597161045,12.687067540323117,12.719209893866537,12.821788787841797,12.81415392687348
317,11.80025881163102,11.789319342835674,11.789992374767884,12.04849407829789,11.7899916773928,11.739631652832031,11.741080657196735
318,11.77914244850481,11.78375270538914,11.78198005857197,12.06212120755876,11.845861870337107,11.81466007232666,11.826329933157373
319,12.115131154081988,12.109485083404216,12.110973818786487,12.185207455957217,12.226465379708232,12.202376365661621,12.214575210842657
320,12.609393943267786,12.607039192743372,12.607010369963026,12.638457780116589,12.614831321210476,12.545683860778809,12.574325429963825
321,11.58191603713987,11.592679053983955,11.590882443827018,11.603543138973535,11.525901436443279,11.548552513122559,11.552365018593063
322,12.094778417529225,12.090957316452252,12.091085612893394,12.02755303858583,12.085253921705755,12.089943885803223,12.130415981988818
323,12.006079260518916,12.027508562694829,12.026377035197681,12.081284364636314,12.03020543938094,12.005077362060547,12.023808879675089
324,12.452999973168195,12.467476491111183,12.465972411985387,12.173159178244957,12.322378121339568,12.36263370513916,12.357497882082162
325,11.627665850206013,11.662398057436953,11.660516248887044,11.46120591365841,11.648489468649743,11.608978271484375,11.597520883981684
326,12.372495445212785,12.368222970963172,12.368889203585171,12.34365521061121,12.349873140013083,12.36517333984375,12.376255495795382
327,12.659041184525634,12.667910142598158,12.668109917267888,12.40923113488244,12.683238207071472,12.685791015625,12.642690350828678
328,11.904133820460228,11.903658836135765,11.903458827643856,11.877081083119364,11.92445151037839,11.966976165771484,12.026880067441112
329,12.19721068402378,12.195808163059594,12.195677801848978,12.193683553710908,12.232562142739237,12.180538177490234,12.228321691379298
330,12.704964832322132,12.706139227680893,12.706244826079285,12.705348300323799,12.642843514680003,12.725017547607422,12.713578447430503
331,12.064271334423236,12.04971518802231,12.050971829683569,12.000383522599186,12.086275387946825,12.058828353881836,12.008874923103178
332,12.369705102279907,12.368861014721938,12.369850847887658,12.213329796700362,12.385819609490063,12.455733299255371,12.429458454520967
333,11.997644976383565,11.981395672140609,11.983540919811416,12.000352640267785,11.985483831166178,11.998869895935059,12.00788756625093
334,12.043975564242874,12.047041445890569,12.046505082909414,12.03333688284982,12.007258632958818,12.020463943481445,12.02835375287453
335,12.628114342670033,12.624495016296637,12.624670661148489,12.670074883288626,12.736162992428575,12.675620079040527,12.775362326191665
336,11.797423904860315,11.801390649805843,11.80051193282355,11.768285408202749,11.769537074290671,11.798105239868164,11.750860869928513
337,11.988605322979154,11.993244456586186,11.992674296298935,11.956321562865018,12.025442910657977,11.98744010925293,12.012422962266127
338,11.829165223016457,11.82129420149111,11.822083404574641,12.44352537660332,11.782991446492888,11.79858112335205,11.803980681711263
339,12.368542528037924,12.377031126905681,12.37598565929262,12.347788232265671,12.407908732681014,12.39771842956543,12.407350965000417
340,12.728853049090626,12.729412896631208,12.728756081515352,12.80403747412294,12.773690537715114,12.765625,12.823404341134161
341,12.442421705360772,12.449600087009072,12.44843777654259,12.406970805885702,12.429307247414581,12.471735000610352,12.435949592146448
342,12.092267167113441,12.082194065360682,12.082223324198145,12.097124838778232,12.056807933354591,12.05812931060791,12.08109091632288
343,12.35939582542592,12.365514937190323,12.364956561501128,12.357910280876649,12.377784556683935,12.323929786682129,12.324153000261516
344,11.939203354294511,11.937332022808208,11.937552725104883,12.039164692709802,11.987302238342231,11.968461990356445,11.982066760980647
345,11.926442979668346,11.918578088147504,11.919299132339464,12.021836818894293,11.950391801637986,11.967308044433594,11.979048462190887
346,11.68644270128198,11.702816156420086,11.701819488626304,11.68649787866287,11.721383814436916,11.719213485717773,11.68706063787448
347,11.920243176111953,11.895636626178057,11.89624447620676,12.078487560357118,11.96135388668985,11.916159629821777,11.850210824179154
348,12.530859443371828,12.541732265042178,12.541184109836655,12.149795565246883,12.542866991458547,12.482769966125488,12.528452333373213
349,12.163274525556295,12.164419659335381,12.165592592483504,12.188365952284958,12.216437818153722,12.199728965759277,12.195002048780603
350,12.086772403660914,12.100289794996069,12.097994619550777,12.058433640000127,12.079984537595584,12.045309066772461,12.090635466024384
351,11.732766245745648,11.726868719099992,11.724300608802949,11.941481530287122,11.799541429052985,11.726823806762695,11.779883290524506
352,12.54664118800644,12.543121899502921,12.543275779265812,12.52249941228749,12.496293781073305,12.511242866516113,12.532191443837991
353,12.523785448681329,12.527043903109854,12.52747413112579,12.601237646431974,12.70384501530622,12.624523162841797,12.667235686068429
354,12.81715336958382,12.81564033823112,12.81701305393374,12.843739795237932,12.80815216789807,12.831592559814453,12.825833305542028
355,12.314697601080443,12.308752393662498,12.308725461299518,12.289109734467834,12.315192462185879,12.31005573272705,12.31110351925147
356,12.006607907475198,12.01265831492638,12.013107932595384,12.019446558489205,11.960558335931236,11.980400085449219,11.956132135447138
357,13.117417308904958,13.109971687528812,13.111443216102293,13.142508275721642,13.159969241099924,13.089160919189453,13.047670686064018
358,12.894116530994632,12.895640647777427,12.89573945782781,12.896981862591685,13.004195236930752,12.962824821472168,12.964835840562904
359,12.377902367644168,12.366856194922844,12.367806925615485,12.38276673979393,12.192205840599629,12.15916633605957,12.182561394250587
360,12.23075375382924,12.206083241379782,12.207633037726284,12.537032969216098,12.27687795650743,12.275333404541016,12.234291045370684
361,12.692462248274463,12.683470007578055,12.684237191597507,12.688404738390908,12.677400964973913,12.710466384887695,12.668577500536642
362,12.791869868283044,12.791456504052666,12.791163263350207,12.820674025891986,12.813434569533234,12.815157890319824,12.854791983518206
363,11.906972121561529,11.908958573617676,11.909260791298161,11.901580491081104,12.060719664587428,12.023407936096191,12.037919044246564
364,12.809158674870172,12.810174127672843,12.811048714338263,12.793136143369447,12.83621863787238,12.833577156066895,12.834873906281684
365,11.75482668031116,11.764599947195126,11.763463258373086,11.330049192959219,11.696199268620415,11.677330017089844,11.634577246638468
366,11.959909732391008,11.938055089424665,11.941071757261211,11.963039041307438,11.975396495100352,12.00275993347168,11.919941535152866
367,12.015958130705057,12.027040955031204,12.026471584437203,12.056953222475386,11.993288750216035,12.051642417907715,12.014206160976272
368,11.592443968504467,11.60897068096261,11.60662896045368,11.589540188654682,11.55841120263436,11.553777694702148,11.55879401401889
369,12.293365842534323,12.289165393353446,12.288920699697746,12.284043977865862,12.305756744564864,12.282303810119629,12.257183149537688
370,11.949464904229144,11.972782745537748,11.971485566638085,11.802982042767225,11.831759355959191,11.852602005004883,11.828884635432974
371,12.241907405099022,12.264615210613632,12.262739616301252,12.259436698684148,12.243949080354145,12.278268814086914,12.263453305067207
372,11.918127251788686,11.929855041935646,11.928859378733334,11.96702224204438,11.929795108341061,11.948883056640625,11.958705469981426
373,11.93287315820404,11.930874049936696,11.93117047861668,11.923299920343169,11.94767832486099,11.845714569091797,11.918144937576015
374,11.682159851864505,11.684829588497594,11.684796034547292,11.72349319412195,11.750386621350664,11.744839668273926,11.711895477633933
375,11.77076655168757,11.773153978770454,11.772830536297397,11.677158399919485,11.905343096853052,11.817303657531738,11.812424436348543
376,12.01888595306598,12.016273365910802,12.017718904228545,12.203169337449216,12.017584811857274,12.016695976257324,12.05905271271172
377,13.095547352413801,13.082909522376394,13.085382838996637,13.105026268315742,13.10546589822115,13.107155799865723,13.05485272581877
378,12.091003740738326,12.097063355486396,12.097213800082029,12.106887611254995,12.08052391535424,12.04537296295166,12.065171459374369
379,12.054850494742356,12.051499275161257,12.053089204450032,12.055737544270352,12.093526669382284,12.078920364379883,12.086105344167255
380,12.344607104538577,12.347605852147089,12.347251832566597,12.314148667054504,12.27509796267062,12.299321174621582,12.307009361349868
381,11.780613135551983,11.792940818243423,11.792101665330991,11.794402998737684,11.859016343139972,11.855652809143066,11.783038232215777
382,12.0424266721621,12.043627460460081,12.042843721965603,12.133513926189861,12.117745654021787,12.098989486694336,12.046345255496933
383,12.009892520074567,12.015571282166647,12.014766412444304,12.07842241089401,12.070525811052198,12.06493854522705,12.043636212830583
384,12.572494442881629,12.574863034902089,12.574576246742879,12.568820011535031,12.568960209179973,12.562673568725586,12.551107877886626
385,12.121789704410027,12.11966234398546,12.120222356440747,12.174268730768008,12.140773468033323,12.172747611999512,12.154448231390704
386,12.000007641647121,12.012348629934792,12.011988454816342,12.038528736619298,11.960503504678533,11.986912727355957,11.974193532702404
387,12.447597120423726,12.447200382737138,12.44716456800811,12.404402851110042,12.408166991130159,12.465981483459473,12.449227282700301
388,11.616058064709723,11.619425090459929,11.61765627030073,11.57874659634634,11.585761751921364,11.53603458404541,11.562908189722773
389,12.018287069802785,12.030326199036205,12.028721702637121,12.024039788485817,12.080374361408834,12.062448501586914,12.06415909953729
390,12.04793527965427,12.05246100313123,12.052073666709818,12.080153902402259,12.089393441067816,12.075278282165527,12.076718417986399
391,12.178547757970254,12.178281799284086,12.17782564894906,12.165489349504101,12.1842799633558,12.189733505249023,12.180599157003002
392,12.256613490861245,12.254289785377143,12.253910103948831,12.267605452209517,12.243792558584193,12.226799964904785,12.238347290773726
393,12.094578457411455,12.105820243156124,12.103847178202088,12.094823557127121,12.099826722825307,12.056524276733398,12.06937130334853
394,12.897469868245192,12.891820666521271,12.892763478978187,12.898044904025369,12.89842747129432,12.917171478271484,12.922087079933771
395,12.395531098233267,12.39512445270634,12.394857659499113,12.38069002513565,12.355524283610839,12.36487865447998,12.348784947460139
396,12.857412861916496,12.859565832294098,12.860401584408338,12.865198784533955,12.871457551484488,12.938309669494629,12.975434850828199
397,12.05914118397907,12.070267378537718,12.069231115984122,12.068101936640351,12.078535524565273,12.021016120910645,12.059577050322886
398,12.143030897037391,12.14731589527546,12.147326021762597,12.181044948354346,12.171951099137017,12.19222354888916,12.187746748662214
399,12.348979512237339,12.346315112449485,12.346355425108658,12.325484381520726,12.361206423865552,12.326885223388672,12.301349770051674
400,11.918388006103365,11.925168417134557,11.924339809180909,11.918103337318298,11.856112287808836,11.897563934326172,11.842510774746
401,12.101812662683141,12.103588037526356,12.102656025135284,12.116456414573609,12.15699731084912,12.093745231628418,12.062133472781628
402,12.627882541976156,12.616333282170736,12.617961841233024,12.615697194431537,12.532570122684469,12.595584869384766,12.570274143577004
403,12.880076262354894,12.877211010240062,12.877722559468491,12.859028116321092,12.893703091437118,12.907905578613281,12.88012975758156
404,12.093111322700068,12.052012725378418,12.05665095808947,12.122786108163718,12.097477971902224,12.065953254699707,12.095198204908895
405,12.028879481551487,12.031183256865653,12.03110063506671,12.296285358581402,12.102264387484434,12.077615737915039,12.038735158027698
406,11.932745647951359,11.945528953719656,11.944979302635879,11.937085247759263,11.918072632647243,11.921980857849121,11.921874604631038
407,12.511238113717932,12.509716211578976,12.51012546862958,12.512521848537297,12.499141322033154,12.566603660583496,12.52119136343743
408,12.591726450439786,12.600239962832328,12.600152226744799,12.594873177162452,12.533515752279387,12.57136344909668,12.5890711888341
409,12.378578817990007,12.378353149305678,12.378310070973647,12.364916198698634,12.375209060209905,12.335136413574219,12.339173358736671
410,12.310845238575217,12.309332883765423,12.309560195238877,12.328765069412137,12.289718554792158,12.292326927185059,12.282997424449105
411,12.62733156793575,12.623868617866144,12.624371383046043,12.62283755886369,12.600402701366257,12.612348556518555,12.615284569388466
412,12.01109765417725,12.030637451174902,12.028440269878015,11.945246366847321,11.919302572404613,11.962178230285645,11.908466246932253
413,13.087168786431825,13.09337091280458,13.092545801967304,12.938072988670696,13.170066875225906,13.142815589904785,13.126283668049085
414,11.748823096380411,11.760812095372959,11.759110599551775,11.65437497094665,11.739351419960567,11.747044563293457,11.687197050904832
415,12.234302760701006,12.232974975502561,12.232914185304494,12.230370053752244,12.225908082618089,12.261829376220703,12.277454379257648
416,11.960044597246966,11.959846501788348,11.96055941595794,11.99922155336834,12.022424176817182,12.034756660461426,12.058411744234423
417,12.789267749408662,12.803443738423828,12.8030100116273,12.789730267664575,12.852825359126038,12.87232780456543,12.864393668985732
418,11.953321487067651,11.973109237618322,11.972401563095813,11.962264770549485,11.959956370219421,11.960589408874512,11.962349713974291
419,12.306157860189968,12.303371931840108,12.303236306319207,12.32139599928223,12.38537069427741,12.352531433105469,12.355447562682281
420,11.9544570897305,11.93449827268018,11.93598413010168,11.774397334604755,11.963548896122468,11.881755828857422,11.949120631784785
421,11.68268529602357,11.684270365162646,11.684043780529322,11.667401093275737,11.714491337318591,11.725767135620117,11.688378129702564
422,12.328759161914354,12.32865336892284,12.328637416928853,12.29794604079099,12.294630872748026,12.283520698547363,12.285921539286122
423,12.11563150537838,12.11578467057915,12.115178203968386,12.092830450296507,12.181274023898151,12.110965728759766,12.096025888611688
424,12.911143563690693,12.90948672344888,12.911828376299855,12.885394106208096,12.387765627615687,12.432931900024414,12.40385055334839
425,12.28472000405339,12.275948704148457,12.27753235946098,12.331834106266735,12.277087976093064,12.281031608581543,12.341268265334163
426,12.093204868926513,12.08697487178929,12.087880854584053,12.083269379157711,11.89867874014196,11.942571640014648,11.900558083139058
427,12.38517170722749,12.37762886824827,12.378323186025996,12.332480792886212,12.33439708134648,12.33497142791748,12.30610859007725
428,11.886414815042174,11.897126485205995,11.896073200117867,11.962502032540637,11.989691676676161,11.954678535461426,11.976083204422055
429,12.597818364422864,12.587691050042595,12.589703318854609,12.515308324056935,12.641008780522387,12.671813011169434,12.668953423209729
430,12.124809441316827,12.157508550314482,12.154769124484487,11.972855718630676,12.114971457349633,12.21985149383545,12.165701415067103
431,11.98406160254973,11.981157835597106,11.98112912071234,12.005308362765554,11.986944897601814,12.017770767211914,12.053963379436706
432,12.58293001535034,12.569489098476167,12.57042946224959,12.831267302167994,12.498770667254355,12.451583862304688,12.458545539302326
433,12.454695987040735,12.473846175640938,12.47330108358662,12.358142645550254,12.33524398282437,12.329093933105469,12.33656290901116
434,12.564200900652658,12.575062378001574,12.574156929618868,12.10983774733111,12.577424057570937,12.65042495727539,12.63327318973997
435,12.03789527164304,12.045423584545924,12.04422234219795,12.01879296700837,12.007400142794035,12.01871395111084,12.025319407380241
436,12.250672777951092,12.251325905456465,12.251482875397414,12.258074201815058,12.314040333324172,12.313121795654297,12.322395665592033
437,11.930466822927826,11.929547467292876,11.929534591891825,11.902534706177999,11.998398139882822,11.989356994628906,11.963701059501883
438,12.037543788828893,12.033742406661599,12.03367993402792,12.017246187567824,12.081403969483778,12.083203315734863,12.03163716316906
439,11.746601111453966,11.717425487391951,11.71876158907625,11.75881277436804,11.665737865750957,11.6272554397583,11.625736761573332
440,12.134745859531392,12.117504805536093,12.119389200719112,12.142579326120877,12.138720695650075,12.154501914978027,12.153336402552368
441,11.540524838186716,11.53375841394023,11.533916879635528,11.849378895214269,11.56198148955426,11.577587127685547,11.676158860452864
442,11.687046922312993,11.684300794886862,11.682393950158879,11.559827216116112,11.73936476815413,11.756467819213867,11.720812708657943
443,12.38950383685764,12.377166885257433,12.37836834332859,12.385843849848833,12.384451948323921,12.327698707580566,12.357810770597236
444,11.830425602586889,11.840550306324332,11.840723206005226,12.062466596181793,11.901216838836056,11.9308500289917,11.930824608314198
445,11.490690497638354,11.498263027680169,11.499722869512622,11.581328994317033,11.319288450460562,11.30640983581543,11.364798178903197
446,11.886615113144176,11.888271822201778,11.88808535109398,11.911235772915298,11.96935920745346,11.961956977844238,11.964264702660609
447,12.153638144095057,12.15088913681232,12.15047427553435,12.228731798264645,12.111022875948773,12.150909423828125,12.145033931007044
448,12.305388453809035,12.312799893455024,12.311418688674655,12.296746331684096,12.289332178349037,12.295791625976562,12.2920660626819
449,11.844042698658908,11.824396292745757,11.825150811686077,11.769793081158097,11.993475140979033,11.962635040283203,11.985163112361079
450,12.506103516071727,12.496250318698959,12.496729367383786,12.520860571027864,12.47111474702566,12.476938247680664,12.490242106016819
451,12.244014647652948,12.243761975298328,12.243756629116108,12.21381955932862,12.21205591346552,12.209190368652344,12.219644653157097
452,12.215792623793169,12.210747509275754,12.210868168565382,12.169288538296632,12.19942347460073,12.198854446411133,12.218995279099243
453,11.950011235032537,11.94967132847435,11.95030119644497,11.977195698687071,11.944806075793739,12.005593299865723,11.965945490381374
454,12.062787337449175,12.060435189426283,12.060643216072501,12.121884034192211,12.099815311876965,12.052858352661133,12.072320690701934
455,12.718914344234527,12.718906794021432,12.719347158266618,12.708731387744407,12.694751441707874,12.745315551757812,12.761364277544196
456,12.255568137077226,12.24332065361296,12.246088555581283,12.117088835488406,12.171782816843987,12.173890113830566,12.120646200911823
457,12.155217553970541,12.167085615504922,12.165497138690318,12.17683929467854,12.165136769136744,12.159470558166504,12.14579999905391
458,12.430540307294597,12.43471256276844,12.434565701895883,12.774858834149079,12.369334383036103,12.414251327514648,12.409950923644285
459,12.421337964597372,12.424601569118849,12.423457604884232,12.614892510886229,12.378386557080255,12.357908248901367,12.427371031609907
460,12.790623261439922,12.803421016772525,12.803300958541612,12.764438205793834,12.778607128913892,12.772156715393066,12.795222868416765
461,11.873972985192458,11.873452156871425,11.873657574016796,12.059419571126387,11.952597253327639,11.924134254455566,11.883397476902934
462,12.768747052129212,12.764985750443346,12.766115680982473,12.717136408659128,12.783143287429072,12.826831817626953,12.77818512427329
463,12.313740459287898,12.318716431848555,12.318283120813307,12.286491670508585,12.358866806654069,12.340521812438965,12.310904183916493
464,11.791450853760821,11.778243492648164,11.778012589571862,11.779267801864519,11.831038962495516,11.818344116210938,11.804151561769327
465,12.476950231995556,12.48211928189951,12.482444271597293,12.488159672673335,12.470403945819431,12.47119426727295,12.449224247851665
466,12.13876608278693,12.150345302434754,12.149182807566438,12.06257969095296,12.005259949564131,12.131972312927246,12.140013032618446
467,11.945673385258367,11.938765898831825,11.940034765656522,11.931502097991887,11.932936787134677,11.913808822631836,11.900478302048906
468,11.763698779381901,11.760480937030925,11.761257519867916,12.019935147860263,11.714400399134137,11.729589462280273,11.69174316725754
469,12.7743334417505,12.778540322449782,12.77865608389787,12.763185644207717,12.727009212381832,12.708209991455078,12.748615727801424
470,12.202512514017526,12.196981234019587,12.197797361630347,12.183716947726616,12.264110524290064,12.209551811218262,12.202501785081019
471,12.865628465724019,12.862486125727028,12.863392579600678,12.77998800193508,12.804111312070127,12.740310668945312,12.747226011718903
472,12.180296937188615,12.178789840103612,12.178399205994813,12.174752036879962,12.244722793282783,12.218454360961914,12.19468839173399
473,12.198441508177542,12.19812887760522,12.197728220151903,12.171839087259382,12.181974259843956,12.172174453735352,12.179964255768896
474,12.409955294828098,12.406877837669239,12.407480599267103,12.465845942618579,12.442773830801821,12.420018196105957,12.44795073126868
475,12.536616984673095,12.549883254264506,12.548703169397328,12.530831170506701,12.568396337795022,12.577560424804688,12.598721272278304
476,12.116586838171019,12.127378445183316,12.12723574096662,12.00838576359096,12.175089865397036,12.171097755432129,12.196387818935998
477,12.760275041743842,12.765447005885822,12.766489766430055,12.745857240589519,12.682399320677073,12.735676765441895,12.790605866486557
478,12.132790683324046,12.1300198481397,12.130318360216172,12.025245960233244,12.12525976270839,12.119341850280762,12.090527068364295
479,12.01576284383385,12.01370052511748,12.013481946513082,11.9937338506705,12.025597796719508,12.032093048095703,12.042010473425375
480,13.039808288987313,13.041953949708104,13.04179759162312,13.08584283407669,13.04075554574851,13.03088092803955,13.041095429265024
481,12.603785832304494,12.603786067992687,12.6036790458847,12.59878357450099,12.605970902803643,12.56951904296875,12.575331454448
482,11.96893126502988,11.986504557190301,11.985480070068435,12.051013611502425,11.987870478555536,11.94499683380127,11.956009523807293
483,11.967875497422046,11.968046591974637,11.96899567571586,11.950770847363444,11.925195690328795,12.002045631408691,11.990992133178716
484,11.914257887359843,11.911417525740662,11.912123626783629,11.927220833599893,11.936266983951345,11.933859825134277,11.948732129550077
485,12.964880036408546,12.974049146381516,12.975070349795615,13.06887704414924,12.92496539381576,12.901752471923828,12.87670703429825
486,12.288923885348947,12.291463286401376,12.290608113905002,12.105593195740756,12.187040805873865,12.227266311645508,12.247604730126298
487,12.008306339173133,12.0107234003872,12.008699983134635,11.96218343855849,11.966589343538537,11.976418495178223,11.963439873119027
488,12.355243573405819,12.352786335829467,12.352724671830014,12.324476837347348,12.2510355368649,12.252518653869629,12.296844588786971
489,11.985024810457839,11.986827651657979,11.986216610435298,11.98658484476628,11.974181118042225,11.992671012878418,11.99128480385179
490,12.400509560240238,12.397752754393279,12.39802605007568,12.425783642345957,12.383330433540646,12.396697044372559,12.399942829725852
491,11.760322676894255,11.764972205375098,11.763622345611068,11.813008593689018,11.814571200077587,11.74659252166748,11.75862212219345
492,11.855694829444115,11.83497952803127,11.836480603822032,12.061073681165128,11.86106382797977,11.865114212036133,11.827107633714348
493,11.897967800523269,11.907680939441027,11.90665509175028,11.965226521317627,11.867434441932442,11.935670852661133,11.88638328924071
494,11.960671540066736,11.958411266894183,11.958594463240301,11.918997918470758,11.917749312642972,11.97407054901123,11.94728771805491
495,12.659469715479599,12.664513404493162,12.664214947944712,12.516715116525631,12.585124492630763,12.608602523803711,12.618281836135745
496,11.405694698283593,11.383760212625997,11.385033598100298,11.527837854808553,11.302402854247504,11.346125602722168,11.424213941696427
497,12.0347270359431,12.039631535945187,12.038259353724737,12.035604487933641,12.038452130777943,12.059920310974121,12.114800591400865
498,12.35328283510259,12.348536240695031,12.349292257043873,12.366326809492879,12.344338624394082,12.352173805236816,12.359513262327175
499,12.222089478936054,12.222706504741792,12.224106545803947,12.218478994416671,12.178764716402663,12.224889755249023,12.174514889651979
500,12.374291573185333,12.375791633347374,12.375510924390065,12.388881803936066,12.472922154117335,12.45836067199707,12.433291946339937
501,12.19449985122754,12.190787340031681,12.191110005082844,12.224456862359558,12.128147977937289,12.166145324707031,12.17715183994469
502,12.787513021635567,12.795900037522898,12.795380295297191,12.115314311066829,12.743329987640752,12.752970695495605,12.768517780325242
503,12.56261971558989,12.56006935591375,12.561054197521512,12.541512410217965,12.492347710319873,12.515625953674316,12.562256519874072
504,11.896727571148674,11.899967412147737,11.90018139850732,11.777783857905344,11.917428418176595,11.938469886779785,11.973422309012957
505,12.094555757822407,12.10193303623133,12.102141251952927,12.126783753453704,12.084657665365203,12.084485054016113,12.100586130924125
506,12.58817294872476,12.587612680019035,12.588562388999502,12.54210701145534,12.561775902849678,12.498961448669434,12.550866901042985
507,12.086397516931683,12.104729458193116,12.102121744610011,12.032736982394933,12.155979570799618,12.14590072631836,12.136133780625453
508,11.98087196838826,11.964764016148239,11.965369068168414,12.112270838202555,12.020485495605705,12.038087844848633,11.978980948121201
509,12.919734094078697,12.898278184266758,12.899074767411468,12.868901965806458,12.94367903184748,12.876246452331543,12.87676496828843
510,12.113625334022942,12.108185983316455,12.108491471791742,12.114350031180507,12.154092194545882,12.106864929199219,12.0961953094003
511,12.462408414081741,12.46058574345955,12.458908077193989,12.117088835488405,12.26811299722217,12.342164039611816,12.383304993952835
512,12.27130370802489,12.274461417596925,12.274044300731347,12.258027518700262,12.226930866491626,12.210418701171875,12.26140890288753
513,11.894926598960465,11.910086714056234,11.907217486040771,11.82807465844155,11.849516176583185,11.896638870239258,11.893192034090099
514,11.971109694011407,11.972302298040285,11.971409050214024,11.98754689303877,11.966993657283007,11.991531372070312,11.938607784528108
515,12.016347165449286,12.018735810510197,12.018376070569984,12.044868629674623,12.032658541931891,12.022635459899902,11.996637706214134
516,12.837765247184677,12.833673759939693,12.833901834534934,12.822495721199797,12.841393499601557,12.882084846496582,12.859852522649003
517,12.14176471681972,12.108590230881838,12.109830789193998,12.161491754596419,12.163865516134457,12.135106086730957,12.184826972611766
518,11.857603145017444,11.87440003677489,11.874056367549388,11.937978354426882,11.820071933888837,11.755813598632812,11.754454578158889
519,11.997087669997889,11.99809812832832,11.99767306881943,12.038464772725623,11.997466614202095,12.045694351196289,12.001720083616583
520,11.83339607591107,11.878633671690967,11.878213539186282,11.923149545354423,11.932534696029158,11.922451972961426,11.94600444788669
521,11.880384305843313,11.863029889488521,11.86523399019297,11.906784032312194,11.91380245130764,11.823966979980469,11.72632580663101
522,12.121315305176324,12.10889556284256,12.109802718777186,12.230387326929847,12.145003057510491,12.150395393371582,12.15674390384768
523,12.008053338474447,12.016717921994275,12.015022450704546,12.009398573067912,12.03342373824374,12.038202285766602,12.04920922866333
524,11.989738498248151,11.98986335254693,11.989641783045917,12.02050804013442,11.943381274513351,11.946271896362305,11.943169243380073
525,12.74326231428539,12.74275381092237,12.742736078592303,12.751199716091504,12.78464103878575,12.7991361618042,12.858892868517383
526,11.910997528133388,11.926583598368026,11.926256880655401,11.893518742133297,11.904680852182912,11.879303932189941,11.890592362816918
527,12.484383215815726,12.486412548069417,12.486893616213166,12.458056805884135,12.456416564779936,12.423123359680176,12.454418915473958
528,11.899547767401247,11.866194802715654,11.86824080508648,11.83929993491968,11.978105589902535,11.887951850891113,11.938158857264154
529,11.381777005701519,11.357674397444248,11.359380215354587,11.442539005629408,11.383373783222314,11.485523223876953,11.538458436863804
530,11.814110664759353,11.82537150952454,11.824578802592441,11.850711696238225,11.781060793412482,11.736958503723145,11.735325724892936
531,12.505041121704414,12.505312376478466,12.5052145429088,11.388813328400898,12.391315482352807,12.414911270141602,12.385188712686059
532,11.984953614608807,11.98415113523907,11.984194933393779,11.99996226370489,12.016953413356257,12.012557983398438,12.057197992216945
533,12.065606912677875,12.055062125720687,12.056286858956051,12.050879385835355,12.067160631812085,12.046483993530273,12.071780333068709
534,12.054820849123729,12.04993157401658,12.049544953889757,12.093955890116447,12.107422121864966,12.12320327758789,12.121461495427408
535,12.191817141993875,12.189771814465471,12.191619037781924,12.106608059500582,12.200810382583443,12.265146255493164,12.22440373095923
536,12.399388303981423,12.38525919591307,12.386699896804549,12.409405988642115,12.442903450088286,12.402531623840332,12.385031807312073
537,11.498874186702825,11.478841820507743,11.480471033437077,11.522204398499477,11.37161596289822,11.412687301635742,11.462805722673187
538,12.380021627790832,12.365509987085488,12.367323684986644,12.347131006940407,12.378245726651379,12.28057861328125,12.32129443719473
539,12.126225444135429,12.137561962015527,12.13558264964583,12.13525585375738,12.14086982712806,12.08860969543457,12.029856111659157
540,12.306245321629337,12.302055702653648,12.301755434854478,12.499428617086103,12.222867156327247,12.185585021972656,12.180191765842187
541,11.739380045775855,11.731284451112316,11.731095854757486,11.914653642478104,11.650690001449853,11.611990928649902,11.577487781328001
542,11.625116842003212,11.612893739215156,11.61484563372425,11.582671171709125,11.534456290428862,11.531547546386719,11.516549180727244
543,12.10829202876365,12.106828374982916,12.107993528177824,12.029848760593886,12.08924232361027,12.074930191040039,12.103357970882987
544,12.252383803108831,12.250449345610045,12.250528561304687,12.260155575624962,12.29717110398649,12.273056030273438,12.301404142649409
545,12.751373451668089,12.747085578999824,12.748841373239292,12.678758724356857,12.73208860592219,12.684712409973145,12.710877030322212
546,12.419177041702557,12.414967588223103,12.415167560262395,12.401869976077194,12.39019286028249,12.393637657165527,12.396798021377974
547,12.366262489597306,12.367521415204655,12.366809084832665,12.365031350532067,12.382411447738425,12.395147323608398,12.355128346529167
548,11.794556876894662,11.800772162900987,11.799917150392904,11.824381305209478,11.890892065967636,11.850102424621582,11.832162263112414
549,11.911573173090295,11.918138534476627,11.917212514884218,11.949123831521966,11.92004166215722,11.932300567626953,11.925217119483731
550,13.209640822734091,13.208275397801872,13.208525209690004,13.252660581669291,13.197598819119325,13.187366485595703,13.13940240810542
551,12.433989758534754,12.433433756235594,12.433357387187986,12.420668469550701,12.416507481451712,12.450827598571777,12.430458531765712
552,12.342052182565123,12.33807493083404,12.338411938459286,12.318690496992385,12.400069401457438,12.369614601135254,12.369694686578612
553,12.810541710520068,12.825703656808642,12.825903264970066,12.799413856484271,12.806081434805469,12.790173530578613,12.80698441922339
554,12.107492402450069,12.109750797284322,12.109892626544303,12.120615013952165,12.058936312845985,12.021730422973633,12.030293840489671
555,12.123588706769253,12.116381509278167,12.11647331461087,12.12191201294621,12.133979221720539,12.127586364746094,12.154221561407484
556,12.343901755100308,12.336083400345673,12.33654440166667,11.936392127006483,12.371725010457657,12.33809757232666,12.385233714381
557,12.04589920589474,12.036511419491784,12.035336897807207,11.957590849707113,12.066083610067837,12.07382583618164,12.079481192944373
558,11.81975939447178,11.816968059026514,11.817128157093006,11.82368150349929,11.961272310888054,11.94038200378418,11.94318545985398
559,12.850957508354915,12.85760491132263,12.858239402409183,12.862200247141175,12.841514889102582,12.868693351745605,12.866536259847079
560,11.95364070396678,11.933044593438852,11.934986782305767,12.111688047474921,11.947695225901935,11.92593002319336,11.929829279736227
561,11.768092764670948,11.745241948847529,11.747981160996455,11.763876325871209,11.837871631369286,11.821467399597168,11.806127376334443
562,12.587428528713936,12.57940588145516,12.57992841192473,12.552096818211437,12.527950188565557,12.51697826385498,12.51859005960093
563,12.180043619440713,12.193916056891618,12.191704972310294,12.060070783389719,12.183610409411406,12.178104400634766,12.203575725706592
564,11.980712111532972,11.978219136478037,11.979171945702467,12.069161911078627,12.081959023254868,12.08360767364502,12.076521400048847
565,11.561543392902195,11.562059346720993,11.562326176904568,11.525528618927357,11.62171455104141,11.56266975402832,11.585091942076806
566,11.950325623627757,11.932327056853618,11.933187301142636,12.039304093398638,12.023822446382344,12.045968055725098,11.9674723252032
567,12.470869858831707,12.4479369101091,12.45087675981209,12.115430880313994,12.453176871506962,12.409419059753418,12.422182950309917
568,11.523228839946055,11.499700255182782,11.500707998655448,11.533993602881035,11.40809178891547,11.431145668029785,11.50774456542442
569,12.534710274995655,12.539744054471761,12.539677083664806,12.543604198148788,12.586206853358513,12.664982795715332,12.69022068832432
570,12.072247410609634,12.082152933395877,12.081099795491523,12.076318537950653,11.97878045102711,11.995282173156738,11.971318082412205
571,12.719028447827263,12.720573974161878,12.721153473778347,12.732560853865184,12.754423392085096,12.758709907531738,12.77265410259977
572,11.914212680528014,11.912102913951742,11.91267107116913,11.916962696281328,11.923790216776839,11.957714080810547,11.924046161204263
573,12.043439605753377,12.026897836768539,12.028471382801571,12.01193214503847,12.109842288651011,12.110419273376465,12.099821651346387
574,12.541875163055643,12.53140827266509,12.532360440424773,12.584870032477436,12.5424666615245,12.550362586975098,12.539337928973586
575,12.838724690640092,12.849870936052259,12.849934410046684,12.83888563639383,12.859519804526625,12.889897346496582,12.932380802114535
576,12.083015466406083,12.089260922475514,12.088329765850382,12.103682985157898,12.071923860176273,12.105121612548828,12.09515575658348
577,12.39682323569841,12.410588533523743,12.409637066323778,12.130365785049605,12.441541228677782,12.494441986083984,12.480600688400605
578,11.841684990752578,11.844868975389181,11.842559534778355,11.830026917681861,11.951911649144417,11.896162033081055,11.881708841646745
579,12.540885785318672,12.546640996265143,12.546510273075617,12.522892786164729,12.566008942325553,12.556046485900879,12.551338938336011
580,12.14305903622689,12.140624232303045,12.140490822450118,12.144226999277102,12.126692905052222,12.164753913879395,12.15639902038896
581,11.743247452049804,11.747838113866926,11.747510782718194,11.754166331297883,11.786004322061293,11.755454063415527,11.76681262299716
582,12.394263578424145,12.38977612624332,12.390562038263285,12.212842860276218,12.40390124465442,12.35634994506836,12.351382049585572
583,12.477971127217605,12.485369029052462,12.485095516400603,12.486845078195515,12.595243432253563,12.605070114135742,12.669259767590335
584,12.073924001693337,12.084179213289937,12.08106984907096,12.079303797199323,12.09267737491276,12.065204620361328,12.048627549460779
585,12.08234409659952,12.087924157289384,12.087285766449947,12.128298026811862,12.080586466299552,12.08307933807373,12.104629378661395
586,12.571993970367407,12.570907454714368,12.57243377625584,12.628396740809555,12.594785714382127,12.577553749084473,12.58968301151276
587,12.508166778601403,12.498200868792578,12.498898393359742,12.450090054190516,12.470822114597132,12.539314270019531,12.56312602750875
588,11.675651737860445,11.66815765132185,11.667679869782036,11.67728087641485,11.81139813299344,11.769521713256836,11.763874978312101
589,11.902795112761977,11.922128524573544,11.91856211103597,11.828523104170223,11.928434965768538,11.935236930847168,11.905988228517483
590,11.820550722093317,11.811586299374628,11.811682395114913,11.77357704235369,11.845200049595173,11.896129608154297,11.873017948140753
591,12.188080291610758,12.163038144920861,12.165855389834704,12.11457664500449,12.153304833449594,12.091175079345703,12.084497409294961
592,12.676745003434341,12.671001587573048,12.671912500759117,12.671621311111906,12.632700939899335,12.573064804077148,12.608478625572944
593,12.48751307398305,12.482574570665012,12.4829644006352,12.48137705822977,12.48824967386151,12.49677848815918,12.438737408493418
594,12.049829619713469,12.046025106401588,12.04617963073404,12.039877470152991,12.093902513742655,12.117518424987793,12.10631215199478
595,11.53227132100428,11.530838408970125,11.529776422332619,11.715800424018234,11.591961542347695,11.606821060180664,11.636510654035169
596,12.044721126903205,12.073666511576096,12.073373056352109,11.998182263646443,12.145658895404102,12.060166358947754,12.08429170398264
597,11.922584733564504,11.94277037077836,11.940978149500248,11.894824385348388,11.837343023495434,11.935308456420898,11.905757478940288
598,12.052210106732366,12.05781215221598,12.05641173488728,12.11467165150639,12.031039054279676,12.03646469116211,12.03061372701864
599,11.994714463496802,11.995564973274679,11.99455375651761,12.015814135547371,12.109286815910046,12.03014087677002,11.997094064607902
600,11.857214319524708,11.849028702134403,11.850229079753982,12.119002055877939,11.85208962209699,11.838217735290527,11.851761121811785
601,11.916251615893291,11.923205085676734,11.922043408708856,11.880731181398549,11.945584137443927,11.93934154510498,11.951212279323126
602,12.24376624969095,12.2624936295418,12.261165423953177,12.271194790098228,12.264330779001362,12.274667739868164,12.255311101655774
603,12.472894406432145,12.476501729130819,12.476665377199023,12.460282577104056,12.470743274611415,12.475875854492188,12.494934260650837
604,12.156590763038997,12.152305472308248,12.152646355698126,12.189437327379293,12.177411504176666,12.16064453125,12.165477835519361
605,11.859594042891416,11.853616497710354,11.85301653615283,11.865175271506134,11.969956334423667,11.929743766784668,11.931432568502846
606,12.56528004605996,12.565225325859695,12.56475554935426,12.587118315423321,12.59485743362223,12.56167984008789,12.611183281633231
607,12.337616742364974,12.33622675035409,12.336139922350378,12.360468121443434,12.234046130269148,12.262833595275879,12.262078685540287
608,12.731095972796332,12.727948812334306,12.728421914999052,12.706062831586063,12.650655303531595,12.697164535522461,12.572865234837982
609,12.166063032353186,12.171631524742908,12.17146554543411,12.130980904394011,12.107910973060655,12.130160331726074,12.18638192136868
610,12.324663289239579,12.32559531264878,12.325657175366388,12.347646530750607,12.383353229635514,12.337148666381836,12.318013892403249
611,12.317326948406858,12.319687276960742,12.319259399339375,12.289709821015272,12.335859129212954,12.32366943359375,12.347554064246742
612,12.31111285514334,12.33364470205178,12.331668158638063,12.09712483877823,12.22184316113342,12.202041625976562,12.141965502478353
613,12.208154475336439,12.220404035221481,12.219621815938783,12.158255210266143,12.20307253540291,12.188444137573242,12.198017784476779
614,12.560884046661714,12.562175843995384,12.56278123255571,12.558296150704258,12.597264179347375,12.604015350341797,12.565397361052824
615,12.195810070053206,12.169769104863695,12.172938589538225,12.181873058782056,12.320070777847548,12.338955879211426,12.407589282115175
616,11.939730803230365,11.94134767099788,11.941694937492937,12.145248004025023,11.906610135057377,11.940889358520508,11.937312246369872
617,12.673068311956593,12.670706151668462,12.671476884515519,12.319023508458155,12.72411293038125,12.761899948120117,12.740036055601355
618,12.058708719131472,12.065679540987642,12.065043360369744,12.10281166009132,12.04586867388755,12.082115173339844,12.074151131493707
619,12.331087673294794,12.328243548293159,12.328491156896082,12.307948718991895,12.321224834325532,12.356285095214844,12.313787492360005
620,12.832747783109129,12.835213935301532,12.836759685930513,12.630403346989068,12.882112246338629,12.84478759765625,12.79587874536966
621,11.947874180929826,11.939314011271756,11.940148575833723,12.285104619852849,11.944354601477782,11.939637184143066,11.913425286765404
622,12.123640542114062,12.122851496943468,12.123111740463402,12.132847144695994,12.066337654463412,12.078845977783203,12.102778814539752
623,11.883129520918592,11.894376974015131,11.892974818794611,11.914953386540212,11.893606773471582,11.893074989318848,11.931267415838557
624,11.832894330580551,11.843344720496868,11.840885061383435,11.801607059244047,11.86502680816591,11.85346794128418,11.859869473088066
625,12.510434530148714,12.504306523941171,12.50444145537926,12.498985824241924,12.521091994876254,12.527331352233887,12.49086838617629
626,12.03090862283558,12.029328057593753,12.029771773207061,12.03385980892565,11.972465437383915,12.072932243347168,12.046619339399571
627,12.242401172636924,12.246370540801559,12.246018104637058,12.107852773188137,12.27012708780078,12.253352165222168,12.287862936199836
628,12.044116683729559,12.065692153513494,12.065275098497187,11.976106252715498,12.04521455979366,12.030167579650879,12.06185263382461
629,12.767495907737702,12.776092675179232,12.774911385121017,12.755868520354156,12.876965344899402,12.836204528808594,12.856634592044609
630,12.301126859440604,12.307988733858918,12.306911320116566,12.326860477201407,12.236662354144196,12.260122299194336,12.254890995358615
631,12.201245633601431,12.206945263984949,12.206624468366323,12.197979465597367,12.252779381190543,12.19255256652832,12.21244403171016
632,12.232949080334262,12.235598161104432,12.235225976880185,12.239812888660072,12.288771929592938,12.300477981567383,12.312886012459497
633,11.955694361303944,11.96724593532112,11.966547159509554,11.974848332402017,11.941191238465823,11.904402732849121,11.928076674084092
634,12.378561245831674,12.38488013388825,12.38546763382822,12.39281143069868,12.39622378822131,12.331645011901855,12.361587639679673
635,12.386218809081136,12.381704026687041,12.382337489418935,12.337151147922881,12.331646222255122,12.385404586791992,12.304288209331105
636,12.219479938227042,12.220290492487567,12.2216025219354,12.038492203048637,12.145723682834404,12.181257247924805,12.212714203764573
637,12.748036510739515,12.744120384105477,12.744611075544007,12.792585821238577,12.912603757651489,12.82528305053711,12.808678125646283
638,12.319667404478238,12.319839815603302,12.319935466876643,12.352806945757942,12.384207289287373,12.364371299743652,12.367511241797855
639,11.863641384388913,11.887095091817224,11.886444619633735,11.675139719518299,11.717534907099893,11.799968719482422,11.878916985465759
640,12.371602883288569,12.371078732678955,12.371538148011295,12.387779548483211,12.344837680727759,12.330004692077637,12.365031302743962
641,11.875020756917362,11.856862543948107,11.858037198089262,11.964980651120827,11.937434639844083,11.909601211547852,11.871887267934532
642,11.96953778838018,11.969553214082163,11.968852983659023,11.94623323319346,12.069837921928878,12.04515266418457,12.037942845652319
643,12.469034619230635,12.479773720348387,12.477889425644111,12.447882995104878,12.498071019577004,12.479327201843262,12.504476363511083
644,11.922360205717617,11.923499474422881,11.924149652026534,12.05139219426312,11.987897910192213,11.967370986938477,11.969743557123184
645,12.418688479879542,12.422881144086357,12.422959383017245,12.44191088997507,12.28517747307455,12.289069175720215,12.347777210515483
646,12.31884372358009,12.31683874811829,12.316919742253027,12.305612075569652,12.30592496404405,12.303329467773438,12.300351739902094
647,11.743683169549291,11.730526104676267,11.731255698453278,12.101682607732679,11.7787121892541,11.767186164855957,11.741306815910148
648,12.312740034297168,12.307805457281027,12.30770333338768,12.174537109501092,12.307713878275687,12.317156791687012,12.33320910195586
649,11.969682110894874,11.972540507179913,11.97138783680895,12.068260141548647,11.980430927998526,11.958732604980469,11.939762430818183
650,11.664377540447001,11.657041893371312,11.657754603076416,11.754694581992057,11.663193311718658,11.661852836608887,11.703118586299759
651,12.30436124471167,12.310673060570267,12.31155979991826,12.244344852420145,12.372419209795273,12.404956817626953,12.370091969730122
652,12.756822574870986,12.741712975562477,12.743620166246975,12.802051671415708,12.841192497411813,12.808873176574707,12.755342897396869
653,11.924006724849438,11.915609930326688,11.915633110281712,12.11810207632543,11.8921852531604,11.947317123413086,11.914560748903577
654,12.434016110663606,12.426314160190708,12.425316353007071,12.346302245574018,12.486547670784082,12.381389617919922,12.435294213074279
655,12.247402004419758,12.23707003144077,12.23859742840367,12.216598507693597,12.231977884035224,12.24432373046875,12.242515410550926
656,12.354006945234094,12.369375202593522,12.368707134511414,12.136117493366003,12.317706349954818,12.276531219482422,12.275019443104274
657,11.985809635804493,11.998129156575589,11.994426711173775,12.041376138011483,12.110441103275448,12.079813957214355,12.097415219237435
658,12.215821562357908,12.221858728059464,12.219983938396629,12.285300162187907,12.298770544786906,12.279294967651367,12.271466015285021
659,12.277904475377914,12.272034113317835,12.27250067991298,12.295626616104283,12.383898924341016,12.307860374450684,12.300690036870796
660,12.909785317758054,12.902444022494391,12.90374643159153,12.888303113366064,12.815626715856716,12.796977996826172,12.824620836902486
661,12.03029922461746,12.02113526330299,12.020885980669137,11.986494922322178,12.038529210305548,12.024174690246582,12.036280210992373
662,12.183636684407189,12.178421618381769,12.178487293011301,12.221626177798926,12.22789657099593,12.215276718139648,12.233110618415047
663,12.30184418351083,12.282139728429074,12.28372878103144,12.263997130721181,12.236618217933392,12.234621047973633,12.219361642437615
664,12.305035970934025,12.310775312904212,12.310815974989948,12.280476750756744,12.257015816959461,12.24111557006836,12.208728480814681
665,12.333398532392248,12.33254981824243,12.332516109714529,12.2967825469485,12.35989447832789,12.31191349029541,12.320424781042384
666,12.486670142727567,12.494837030849672,12.49482474180973,12.480809746370303,12.47307262318726,12.499723434448242,12.478315781074794
667,11.875260515354798,11.880172089687122,11.880126592610429,11.914850495976795,11.949356751384535,11.918551445007324,11.916593229281201
668,12.5037472915007,12.498003092233521,12.498226100831772,12.832337986217375,12.445245135697213,12.498069763183594,12.465234378542892
669,12.029947168126958,12.027736954938192,12.027514021323617,12.047584800459731,12.106275354173862,12.063112258911133,12.092215889611207
670,12.40910090326802,12.407092354819355,12.40755342860749,12.384391375669132,12.373348248646732,12.368086814880371,12.37988478984639
671,11.63474359880546,11.654533021470778,11.648968840041004,11.669792252027808,11.768523194243366,11.70634651184082,11.702153273154007
672,11.997083939685243,11.99305119979601,11.992990551911122,12.225868014005806,12.086088552454541,12.115043640136719,12.03973779104521
673,11.809050267751005,11.79852729792264,11.798505008635932,11.793167038983238,11.747070999863496,11.67608642578125,11.66839196311476
674,12.039599312646121,12.027273097410289,12.02693034941799,12.079905230325888,12.13669635347453,12.13329029083252,12.134376656044298
675,11.998068527231698,12.027521769308528,12.023886666226609,12.05807859396959,11.99646153018855,12.058279037475586,12.038403223630521
676,12.575349679186102,12.565142730787501,12.566192520374955,12.56807376166776,12.56188023336464,12.574237823486328,12.572473705033023
677,12.826749076731922,12.828652809111778,12.82852939476607,12.825798044666339,12.95825163420683,12.944877624511719,12.955433491103546
678,12.553864590797593,12.5578821860596,12.555390888274532,12.124170008054984,12.348692651212705,12.37903118133545,12.443600946609841
679,11.998837591836143,11.992072129180452,11.991823597430074,12.01859826315253,11.964348544213344,11.988580703735352,11.996134303026984
680,12.446826185491807,12.451669159062,12.45176570340925,12.421578967073327,12.398857344082888,12.437542915344238,12.452064539955426
681,12.834986228457199,12.836592401449318,12.836457499097815,12.840286510713243,12.873942920131984,12.837639808654785,12.845687876495749
682,12.493432343373534,12.499686279217086,12.49969743568979,12.345729862966413,12.511760396756355,12.476283073425293,12.498947940502818
683,11.972006760587375,11.959615801350894,11.960250260016583,11.825517868356119,12.040178420400421,11.975115776062012,11.916026466664208
684,12.28769864645079,12.290602255966466,12.290294683280719,12.262031012496521,12.231245955995698,12.281893730163574,12.277185029573522
685,12.58012803447174,12.58981156229761,12.589894150448139,12.354518077217975,12.549839058280522,12.51194953918457,12.504518487397418
686,11.937257678558064,11.940281917951149,11.939628683267417,11.922989673189228,11.918166427112054,11.968679428100586,11.948592165423763
687,12.413664254503585,12.411723195082027,12.41281168234909,12.402473510033118,12.368256855457934,12.351997375488281,12.32512682469041
688,11.820829109994479,11.819930042711272,11.82017966352024,11.851828244883128,11.775797734022325,11.748611450195312,11.713751025221399
689,12.598197872091475,12.618507903746313,12.616695036647084,12.609245095000404,12.627111345660747,12.613636016845703,12.63967372652177
690,12.58887068850714,12.585697131923581,12.5863721145097,12.604454254804052,12.595766781112689,12.572610855102539,12.574157789833732
691,12.08856058787304,12.094770742895994,12.094223766522102,12.091086421369322,12.04809865997218,12.098698616027832,12.09897475846202
692,12.338762873341649,12.343873470333719,12.34284909911163,12.298363266719987,12.296471873443847,12.345148086547852,12.43778062948002
693,12.417571682392465,12.411905690034375,12.412716293290085,12.425428257719098,12.450479152810315,12.441001892089844,12.444004324447123
694,11.87472715862267,11.881257686251349,11.88148491281033,11.874645638799388,11.897681295401437,11.87670612335205,11.8925254539155
695,12.613974865800229,12.603601596778304,12.605050515556655,12.593323710987503,12.664409160974767,12.67375659942627,12.688930346487634
696,12.039718432297446,12.04180862954137,12.041139430460076,12.051180715132363,12.048385235038806,12.006632804870605,12.020535291291642
697,12.503327660422453,12.511940772530671,12.51123689560317,12.494301793613415,12.470212464300118,12.454710006713867,12.470401453063102
698,12.82852601780312,12.821546939074828,12.821596269361933,12.797457633413323,12.92124608938644,12.921300888061523,12.930355480609569
699,11.99440236661665,11.99011346664884,11.990172797944137,11.868495940606408,12.003737137657783,12.069541931152344,12.052774115920508
700,12.556224208126245,12.550106428622248,12.551380481462418,12.561425181089367,12.506114001452277,12.494550704956055,12.466829052939964
701,11.899039022550413,11.891191798488869,11.890882782378583,11.864569814412807,11.922845352073729,11.89838695526123,11.920521061252142
702,12.111287390792803,12.107618310997488,12.107718275536337,12.10887278276709,12.091714459402331,12.07129192352295,12.091434707496898
703,12.290226621366868,12.289146284960571,12.289445904395468,12.231810602182591,12.23169143903133,12.299067497253418,12.266095866318418
704,12.481204127368205,12.474160832502097,12.474413606276329,12.496474835899225,12.426411471555468,12.463330268859863,12.416993314429742
705,12.183582869956297,12.185253578617006,12.184781272601851,12.197487551158286,12.181023155007017,12.198498725891113,12.171968509081157
706,12.176645760809732,12.174749506442254,12.175592039662451,12.139317411319256,12.187928838069297,12.190621376037598,12.187691495994667
707,12.067368905683988,12.070044570156696,12.069758117356571,12.054171631540132,12.027474022416909,12.028172492980957,12.026289116351794
708,12.717284017892583,12.724218052999676,12.724364919634105,12.738019112305253,12.837290450446506,12.78345012664795,12.860391606537075
709,12.170579809766384,12.170865834845019,12.170734199205231,12.146417490241967,12.170674817255327,12.144848823547363,12.14632581016732
710,11.937465264284414,11.930705484862306,11.931317672483491,11.832079527996783,11.906060743408235,11.915800094604492,11.939079039396576
711,12.27453349355557,12.269060178961542,12.270151895901064,12.231675385992535,12.220037573747613,12.137645721435547,12.16374558621099
712,12.549142549297578,12.541472287357655,12.541942178718363,12.545982967501084,12.534150927544616,12.521191596984863,12.531567552367305
713,12.432910833526039,12.417907336448648,12.418490101757145,12.421529712297216,12.399063600750454,12.382757186889648,12.404223393183
714,11.834651428955933,11.848253766255167,11.847946770994717,12.238475758806473,11.968822478480762,11.930261611938477,11.931810719648233
715,12.155205902383965,12.166890785337927,12.165892245578288,12.12837413588421,12.134466771453024,12.141724586486816,12.178555642502802
716,12.026414620300013,12.017948373679479,12.018419094909882,11.995568488453813,12.074187093157494,12.063507080078125,12.110362943483787
717,12.306434181795645,12.315042921023348,12.314633200866247,12.331279649440958,12.318722141058728,12.336019515991211,12.333516472748313
718,12.029217190998422,12.04941933340928,12.047144463429053,11.998039496752408,12.045279734205499,12.087045669555664,12.052903546296855
719,12.654621677789507,12.656143654907828,12.65596440691464,12.679210635547111,12.682310059917869,12.700623512268066,12.711960835047995
720,12.340474731210826,12.344341364261252,12.344283621440768,12.31289618928815,12.32657321944777,12.320367813110352,12.317876731531346
721,11.782218013985265,11.783757485824278,11.784097694882881,11.786029645795224,11.771359068320338,11.800734519958496,11.783728975419523
722,11.952157265711174,11.951080095552843,11.950985642947826,11.982967006895763,12.021450349537643,12.005537033081055,12.043652444006595
723,12.410243283996355,12.416712143093417,12.416950717458217,12.371059474431076,12.338785083591809,12.356287956237793,12.363802466500417
724,11.992156855266739,12.008678285067266,12.008250124963903,12.002656693241036,12.00032566732722,12.06194019317627,12.078961550406687
725,11.911115315882729,11.923309012837384,11.92191348090662,11.933427952991796,12.01010197075664,12.027929306030273,11.984861849945649
726,12.0785931076535,12.090583477397702,12.089193146709908,12.090257302774079,12.085447835707477,12.117255210876465,12.145365858854609
727,11.979175244077371,11.978282717688694,11.977697843398177,12.011764822361247,12.046556333472195,12.028565406799316,11.997863610983465
728,11.90624606389426,11.901454212809563,11.90152429210471,11.832916651195356,11.88456370250447,11.896904945373535,11.866746551017998
729,12.72574099063873,12.724117293595606,12.724539134610636,12.704676116915811,12.789505244030057,12.792655944824219,12.773599318462303
730,11.931385929082708,11.937563142163729,11.937054740898128,11.968707983039792,11.962540864473116,11.976313591003418,11.97560382704824
731,12.404238355019583,12.405590367404399,12.405371631835141,12.425362122283396,12.336796619582381,12.325865745544434,12.383409499781063
732,11.666788809868962,11.661519980665028,11.661592238780873,11.666133096982929,11.667729869983338,11.60632610321045,11.621017309620091
733,12.358633856217875,12.365147175437071,12.364710828161249,12.34055364910892,12.36897323128477,12.394972801208496,12.394140482582136
734,12.431284174472761,12.44387361061161,12.442701655642596,12.480620710650832,12.36403130357853,12.384202003479004,12.351993816388264
735,12.043807535277011,12.052107796634784,12.051108962676224,12.041741379831967,12.006050959156905,12.026336669921875,12.028307585754176
736,12.048392266609403,12.052117324285508,12.051366472175795,12.119052382900902,12.057314159721798,12.096328735351562,12.073092535581631
737,11.583903751013278,11.60090466321433,11.597740458051488,11.675890778822522,11.612011907288979,11.649904251098633,11.638249689234788
738,12.685699565916611,12.677179492804429,12.677894252551791,12.714287384280698,12.683040276689654,12.683745384216309,12.685701935387183
739,12.28422326215361,12.285229756910011,12.285488499067538,12.276588842199182,12.240468576999696,12.288511276245117,12.243449332654894
740,12.03996153954677,12.046402313789995,12.046349840725666,12.003491293939781,12.080678287167101,12.088034629821777,12.07187965558387
741,12.485115774922596,12.486585739242706,12.486380221594532,12.506282117006034,12.413664793442221,12.415879249572754,12.435581578700711
742,12.535361257705041,12.53188122865189,12.531950059289889,12.35704365529929,12.572208546235162,12.430952072143555,12.48376787876138
743,12.062803014404189,12.069019163359714,12.067496694657613,12.09354892141153,12.270364124382658,12.251566886901855,12.243132172485588
744,12.238710417860698,12.247946947637665,12.247461798309862,12.237703465531355,12.171614878114395,12.214674949645996,12.225055141035803
745,12.52702350746596,12.523014195438138,12.52349482441395,12.54644736103371,12.51855349701578,12.518041610717773,12.51818421199589
746,12.865817423730004,12.858050899409507,12.859847900359552,12.853117139585075,12.891619275320046,12.884062767028809,12.8797176708348
747,12.03680395887434,12.040622411653843,12.040561103091033,12.008477710472407,12.02889487871938,12.051176071166992,12.053754879277625
748,12.272528275677134,12.269387777343495,12.269795834594543,12.257901449206422,12.241945475898694,12.268354415893555,12.25178785072768
749,12.208248299830197,12.208143876298497,12.207984040031393,12.201478666956715,12.240674653636795,12.219730377197266,12.176653075011375
750,11.872380547781297,11.873176143954513,11.873268744671718,12.039448120422335,11.94667603556712,11.903189659118652,11.907161921254902
751,12.154951195626973,12.175128105486603,12.173839307986373,12.028260950916179,12.072412007994595,12.105270385742188,12.188046922199295
752,12.011557266607026,12.019681793009905,12.019941024326528,12.00455371667682,11.957547000111443,11.980461120605469,12.014936440601204
753,12.209152684291642,12.207718679045751,12.207258641524435,12.213372594920989,12.254897620137394,12.277298927307129,12.291795165918273
754,12.060842029863911,12.061445234976228,12.06210027173627,12.112510676264014,12.007245750135807,12.06191349029541,12.062973450961932
755,12.156527383954119,12.154965560478612,12.156569102294224,12.207396281054626,12.083141612855783,12.11840534210205,12.090662459567481
756,11.860456784167303,11.879279896167365,11.877093722588889,11.899299373586459,11.892020727720615,11.924220085144043,11.913561162967522
757,12.443632053326638,12.445440444936363,12.44526038817739,12.458060866596634,12.47387578123838,12.50441837310791,12.491157540489745
758,12.36579791933643,12.367031754782394,12.36746052916406,12.36626934428332,12.334110323434977,12.311765670776367,12.312291820100675
759,12.326431707371324,12.320580800828806,12.320797553063613,12.310144356665507,12.290879904892702,12.257829666137695,12.283322644745345
760,12.313663448156907,12.310317920776189,12.310967033337946,12.300767116077134,12.293879795959704,12.290572166442871,12.317246376479474
761,12.275352626018165,12.284876497910691,12.284108145027362,12.257528805267155,12.286069346888,12.278630256652832,12.317584747629379
762,12.296189170357717,12.287047539164181,12.288381702890558,12.292931064902216,12.35510533540661,12.3392915725708,12.314669818616608
763,12.327055625101234,12.32582047136842,12.325672249755788,12.326410382620606,12.32002606871597,12.328451156616211,12.312328885811928
764,11.832130242879822,11.85010156418009,11.84925062382726,11.814338859999673,11.891535942791743,11.884754180908203,11.878385947628335
765,12.373128874079047,12.383818431230221,12.382757316367979,12.433107527358825,12.348139344660545,12.375584602355957,12.314016125548301
766,11.638669825557038,11.65988228681368,11.659531020072778,11.61955647085808,11.733815213904485,11.602526664733887,11.549332899563483
767,12.09951486539917,12.094655249991495,12.095245110308435,12.10299411576147,12.086331317178304,12.096983909606934,12.082474849564607
768,12.534381857392837,12.532761090631258,12.532079775842584,12.543522363775795,12.535999369443392,12.523712158203125,12.573938409808243
769,11.99444444080719,12.003949098597438,12.002463571908372,11.995671280854591,11.97108357082725,12.011305809020996,12.003765954812499
770,11.965557115419042,11.96565561524175,11.965725757944856,11.994352263136058,12.03038634125657,12.041074752807617,12.03604959265184
771,11.811868117824755,11.802400269295703,11.804434012096243,11.796659544563841,11.78467345629654,11.72401237487793,11.75292029473045
772,12.629624385723723,12.618470227460156,12.61956218849419,12.63164703251348,12.52454182935833,12.537824630737305,12.596847436037526
773,11.987343488920727,11.986123165293032,11.985736357263063,12.071227504652803,11.96371447773852,11.996365547180176,11.995877609216812
774,11.988743378665387,11.993163957252818,11.992303999282386,12.035852570261849,12.020850717620904,11.998828887939453,11.958845661168642
775,12.250976491584698,12.226147550738366,12.229714142244523,12.134427245407611,12.2348004295187,12.212759971618652,12.237143235500943
776,12.132635957454191,12.145109591518052,12.14419118515273,12.170874222663807,12.154127444867907,12.160970687866211,12.163849825654466
777,11.973119351366488,11.973900179472206,11.973725470471903,11.94715911414572,11.931196293187943,11.918070793151855,11.938856161711504
778,11.672766770955446,11.663159514924192,11.66182162150112,11.696056922221878,11.761019754986087,11.67695140838623,11.708127993483334
779,12.745218518955529,12.742120331542342,12.7422786133941,12.773500975001504,12.754433707293416,12.808943748474121,12.780245015512662
780,12.168521465186581,12.175209161846096,12.175330554785406,12.200691840779413,12.221717936750586,12.204421043395996,12.202727301047592
781,12.567369464557702,12.565292603469748,12.56561099227304,12.576700080109783,12.518223826499982,12.54763126373291,12.517385216526149
782,11.932488317224465,11.942939390158179,11.94226367484762,11.959662281439847,11.994171688507867,11.982930183410645,11.99260313531434
783,12.203586399395451,12.200690308653487,12.200914562442566,12.063627460795153,12.187208267437777,12.197110176086426,12.206912372604698
784,12.016968085663933,12.02596044950188,12.025334691337365,12.063355825794478,12.058445307255758,12.061064720153809,12.050705883593073
785,11.885990062572247,11.87902161636183,11.878238534660042,12.218418742587167,11.88480152874201,11.93986701965332,11.898993883814525
786,11.450311333148875,11.44125790199004,11.441652288608246,11.453883400014387,11.482885319750112,11.4562406539917,11.542444832044094
787,12.275792812592776,12.273426307257607,12.273304139682113,12.237051094514397,12.229476843383564,12.257723808288574,12.247882504342034
788,11.912541102568127,11.92685634005143,11.927497781690455,11.92327986299282,11.977074762811236,12.005205154418945,12.001601669160278
789,11.785340106536411,11.787012310947034,11.786776085757658,11.759931643766766,11.824420526682523,11.784860610961914,11.746562805440297
790,11.936074281690031,11.93558858444055,11.934459792964956,11.949672161074108,11.886439222833065,11.861213684082031,11.843731651354508
791,12.014035808352116,12.028091045462796,12.025612723500762,12.036078483787733,12.041069984047068,12.03960132598877,12.06752910132874
792,12.152390125367939,12.154783216202091,12.15474498752441,12.143111438452099,12.132139601680441,12.10107421875,12.10762750978284
793,11.826345746162746,11.828992820286723,11.829491119641988,11.889703107891343,11.748816854219616,11.656935691833496,11.628169160991899
794,11.804641392919283,11.813203556310237,11.81263227863391,11.846716406123026,11.808554262670684,11.741104125976562,11.750557545450697
795,11.83690536322504,11.833877929176762,11.834194832942478,11.900225567227674,11.924883898615969,11.905346870422363,11.882857660326078
796,12.126937147157133,12.120806307260736,12.12077564209238,12.14430656902691,12.237020225212293,12.237333297729492,12.219716037146942
797,12.20986765777493,12.187508403964168,12.190219177348279,12.253316308947745,12.255084534230704,12.228266716003418,12.250738473946031
798,12.920102880351084,12.916092992622227,12.916753897970892,12.88062182263372,12.925150622450788,12.92101001739502,12.964174226477308
799,12.702305024447115,12.716640305979661,12.715503735768818,12.695119270781866,12.630611826817127,12.684814453125,12.634721901787245
800,12.661501278813999,12.660877938662145,12.660975697017498,12.654167498400684,12.694096481226463,12.714390754699707,12.753277629547995
801,11.881013400403024,11.909192954408066,11.90477822830221,12.067846922056917,11.890906154103046,11.860337257385254,11.848351054099622
802,12.396212034868228,12.370353441473892,12.371643014269008,12.365145327570291,12.301465927827405,12.321125030517578,12.286803441622594
803,12.235032323518325,12.232485264448387,12.23283311652077,12.228038288031456,12.26148373158585,12.284242630004883,12.270864465937844
804,12.572609062651845,12.580653094083553,12.580614981213072,12.535830522436445,12.465466262226935,12.483089447021484,12.437225032414357
805,11.769257733619815,11.771554516444068,11.771730676218203,11.80116085400313,11.755528549223278,11.76539134979248,11.775162951567813
806,12.034354203977628,12.032513404750839,12.031180263444831,12.061861719258086,12.092478409275465,12.095911026000977,12.078716366745015
807,12.520133723108117,12.524258006923274,12.524544901374858,12.555369013687992,12.54254989403093,12.582329750061035,12.532349033772114
808,11.884810006640839,11.894729222525784,11.894383704743301,11.923072097295389,11.833205194205572,11.860284805297852,11.863024394301373
809,12.008089376728053,12.022021533186669,12.018482807459826,11.99874588717736,12.051056029994495,12.046876907348633,11.989263990863916
810,11.93302707101535,11.926829501398764,11.926090004474435,11.971910941587758,12.050285115658133,11.99988842010498,12.007625035946184
811,11.977373607067324,11.981560821462272,11.980702946996507,11.977932504507393,12.014341962342636,12.023906707763672,12.03241827032295
812,12.45361535578922,12.450710902474455,12.451340902811353,12.43040834364226,12.435227342381717,12.451272964477539,12.442831471149148
813,11.87051779573252,11.877345395924637,11.876408085367792,11.87505669071262,11.886519152187622,11.860572814941406,11.867183145773167
814,12.178213181529172,12.18468198794163,12.183710403485906,12.190266405097104,12.229159688770956,12.202873229980469,12.186798058944987
815,11.869540097124549,11.866178839864025,11.866148292867004,11.850085959608233,11.960695678720288,11.942601203918457,11.92641281022259
816,12.09954681457984,12.101168907609418,12.102354498181569,12.048250765794785,12.037239904108281,12.102538108825684,12.065682696666986
817,12.31524007506776,12.309364317116074,12.310067767845124,12.265622441242186,12.261412129532518,12.28341293334961,12.284561078178566
818,12.48711904874327,12.485954593590954,12.487171961393132,12.469130155914861,12.380960154449026,12.394782066345215,12.445929771795878
819,11.962490304394295,11.961304475371561,11.96182248162119,11.945992612688391,12.03393521891686,11.99442195892334,11.971594486112819
820,12.109900599419989,12.124648379186057,12.124166442595431,12.110477794030757,12.17316175352803,12.181533813476562,12.174681004800712
821,12.001742281934797,11.98536225200139,11.987653984444298,12.135336946767268,12.050802705578528,11.99665641784668,12.00153825328787
822,12.280770829999161,12.264357606921555,12.264621404120726,12.276662724430192,12.263796989348634,12.260116577148438,12.266940162096137
823,12.068294051633796,12.063795365766213,12.065526359827764,12.077681055656527,12.110675775710481,12.139365196228027,12.107041589493969
824,12.386738821121494,12.389272151607777,12.389310064703839,12.402112202694486,12.34299296076481,12.334531784057617,12.352438425691648
825,11.806292135224735,11.819995208104128,11.818355891367984,11.792430345884036,11.92641471585318,11.92191219329834,11.943518149720555
826,11.459865740798389,11.463250454893982,11.461663790048492,11.535452897439075,11.52223847512886,11.573871612548828,11.574114620028336
827,12.542656298194483,12.541034920689311,12.541854103265232,12.523679399642255,12.517956069348012,12.567194938659668,12.540891464810283
828,11.815982625860821,11.793722718106672,11.796526428811513,11.745933054401139,11.627467826376526,11.578396797180176,11.555283040818727
829,12.108813918528728,12.093886053595252,12.094339405501572,12.151157983655777,12.082986891982447,12.068965911865234,12.13031337944232
830,11.991016969488768,11.993446378726581,11.993178115352375,12.025252632840928,11.987502662344642,11.996598243713379,11.993595361516803
831,12.560490304802856,12.570370707116084,12.56931781319924,12.518981789546386,12.58082586008899,12.573802947998047,12.619668353648155
832,11.929837754925407,11.954941460463667,11.952235672805356,12.207719205524462,11.863563116103577,11.86296272277832,11.85929528159463
833,11.610311090242066,11.628450874273467,11.626912463907521,11.775543552074998,11.697712908350622,11.655064582824707,11.6519980383251
834,11.934113125790072,11.941198344820306,11.94037467392759,11.955531464090623,11.931101790561108,11.9379243850708,11.957445385026022
835,12.108564153869542,12.1236148465049,12.122121698734654,12.077455674244204,12.22096869078245,12.193315505981445,12.201474276717537
836,12.273623528350745,12.26534156241259,12.26562573990555,12.226300991667143,12.205625357320912,12.241005897521973,12.226311732158075
837,12.397526783297682,12.395954804357022,12.39610722786079,12.402454861931185,12.416938799619063,12.410632133483887,12.405887736528026
838,12.3075337498425,12.310785571813149,12.310075938734977,12.316260276636177,12.26906617515868,12.25508975982666,12.246923052473338
839,12.011654201903255,12.029175625898345,12.024802700841075,12.109368283719231,12.075483045191778,12.118422508239746,12.133201099531757
840,11.716297941017368,11.725373034480452,11.724344986623072,11.887287493700883,11.7785782607314,11.73503303527832,11.708566917518013
841,12.045460491101881,12.037876815993735,12.037719067152356,12.029314161997538,12.030580156296645,12.001453399658203,11.98683962903769
842,11.69280587233601,11.666415500493446,11.668416886043907,11.64462593396879,11.567249224008872,11.454424858093262,11.495140952826038
843,12.111167661987913,12.12514242664281,12.124044532364003,12.130713452718613,12.111395909997263,12.149989128112793,12.184098484469642
844,11.932054699098991,11.94632378708859,11.9445633598518,11.953558791993428,11.945174580471546,11.994664192199707,11.955053343515681
845,12.032961605110353,12.037463936464945,12.037201997416199,12.010549310040485,11.98147099658227,12.020956039428711,11.982848480482271
846,13.030750423737093,13.020933880941785,13.023137238108632,13.096099674468626,13.063235149996329,13.093332290649414,13.07741335795869
847,12.339719298361507,12.342325118366,12.342084747474258,12.382863619841418,12.470501847961732,12.373945236206055,12.395500377744503
848,12.425310691549308,12.42031438222454,12.421465999848301,12.109837163518183,12.342528882859945,12.394753456115723,12.403845224400326
849,11.88988978558288,11.907627393376382,11.905044542975808,11.846039702636592,11.892176797353157,11.93066692352295,11.907584249397846
850,11.915305464272862,11.919173060435996,11.920394395854018,11.889187047377211,11.826632037276418,11.78104305267334,11.761117209635307
851,12.115043871402259,12.116754284708902,12.113310732427903,12.055363607509628,12.107724201622064,12.14598274230957,12.224779979607597
852,12.144650545561563,12.136403987465204,12.1381507156383,12.135980073910968,12.076736941069385,12.096506118774414,12.137195902871978
853,12.45857043456335,12.476673980794951,12.474806448128097,12.464835190657219,12.465797773896238,12.472582817077637,12.44784926588202
854,11.435212563395615,11.432277099314204,11.43303744627979,11.642248903229584,11.423332527544424,11.394281387329102,11.454032231486517
855,12.063969558711978,12.063808177024471,12.063826626217015,12.05100916785499,12.028998845207838,12.049443244934082,12.040358490838624
856,12.116426213597956,12.128741578446734,12.128254792140801,12.070243208219324,11.968359616891497,12.070262908935547,12.07329123584107
857,11.948304481449508,11.94956063168135,11.95019453169256,11.976980325909661,11.943678385886749,11.950760841369629,11.974161011400591
858,12.323070160386502,12.316149953910804,12.316406419458039,12.2986813326837,12.210733385803008,12.238850593566895,12.241408010642031
859,12.828555438080036,12.819184949614245,12.819704497173786,12.34867133303844,12.847477621847375,12.741155624389648,12.709064067799186
860,12.44720989776758,12.449219021940825,12.448562480067382,12.426426386105579,12.455339701116765,12.489433288574219,12.472173266807896
861,12.534733222264347,12.538844996981785,12.538104759386927,12.117089795964139,12.302771539912953,12.295412063598633,12.360927673115498
862,12.591981593913866,12.58698587655108,12.587740574045963,12.579135907013217,12.603330936017633,12.544708251953125,12.597606766835355
863,11.722742235637602,11.726725523458116,11.726457062601233,11.739208972173698,11.711928587312391,11.682662010192871,11.648227069329847
864,12.721692902085007,12.733575076426245,12.733420728257078,12.629812121111167,12.572104709060945,12.638650894165039,12.618197054330443
865,12.302761517604786,12.29423908429387,12.294560035628214,12.108086002196222,12.316038579513009,12.271048545837402,12.26242331242399
866,11.721384632391528,11.727038223520214,11.72480416172796,11.864100383768179,11.838673978955702,11.737700462341309,11.723897002029721
867,12.306697504927929,12.31156907048886,12.311536236177279,12.305043733860934,12.291937951155408,12.330368041992188,12.312900408400036
868,12.293076546217554,12.293952137086286,12.292713673129429,12.306523681289292,12.359371885335424,12.280487060546875,12.283650139445706
869,12.310727034321983,12.305049374935143,12.30594769344133,12.264961227384449,12.252525283064893,12.235856056213379,12.270725591914573
870,11.955323789645563,11.963230944805186,11.962554973316365,11.963458782291134,11.986313981115147,12.015247344970703,12.016721808581307
871,12.102544710472953,12.10653330257518,12.10692825119904,12.029858778535663,12.146547908880617,12.16944694519043,12.125139870881963
872,11.995835282906544,12.00385657067625,12.003063409154635,12.012775641637052,12.034737751468315,12.025585174560547,12.026803035578487
873,12.56166228208014,12.556486198971477,12.557308962427378,12.539120073830198,12.54889006184275,12.501702308654785,12.48238021410089
874,11.804951730702989,11.799069245748909,11.798873742518364,11.747060209594242,11.8155649027089,11.858041763305664,11.85286183596115
875,13.080810928172271,13.084451301619357,13.084595455100256,13.09952090717135,13.021526961317333,13.112133979797363,13.1400497762949
876,11.932367430535667,11.929801886136222,11.929560150781436,12.024479851399537,12.024543758286558,11.96835708618164,11.99265323908258
877,12.010108689443335,12.001586845958013,12.002529951347881,12.283250020687163,12.096689805187435,12.059346199035645,12.0788350157513
878,11.949879501258442,11.947088476618209,11.947037142683618,11.97503520240573,11.89772535087597,11.89578914642334,11.911133174960964
879,12.119708315697507,12.096189855075599,12.097105584467045,12.089809839361603,12.04936231201009,12.006739616394043,12.066893313471171
880,11.955113253547358,11.964465581540644,11.964811724236904,11.922939134181094,11.939974092757552,11.966181755065918,11.95426133480883
881,12.215674335610302,12.217337752514766,12.216511450295945,12.107104320147343,12.226258307870378,12.182686805725098,12.185024027813478
882,12.096365012001865,12.115424467822477,12.114550085757065,12.137214738583799,12.083712958739119,12.05530071258545,12.095560924822564
883,11.843908489593552,11.844875094678233,11.844312357698527,11.772365417788604,11.87096122016975,11.896693229675293,11.912541479723135
884,12.448804466797007,12.43642149565616,12.437263500020329,12.414412586240077,12.322473011636008,12.328917503356934,12.327972750180917
885,12.346570736191158,12.334518254986207,12.335683870146987,12.331501692624823,12.304628584589244,12.253941535949707,12.265915469840285
886,12.16215776545478,12.1827336075429,12.180319254732046,12.090172560616107,12.207817371086584,12.20357608795166,12.222667001352836
887,13.169487650294963,13.179178289124605,13.179583332408278,13.196303260393742,13.15794661920432,13.111408233642578,13.0602382180266
888,11.716091185985848,11.72453513113054,11.722157413506824,11.676116925590762,11.752767792558853,11.669830322265625,11.622608007073804
889,11.907717023201425,11.922099259023707,11.918192683134988,11.940262573618538,11.923965665436747,12.000808715820312,11.920735241040145
890,12.379622141975005,12.402568312596836,12.40034079964798,12.228805742563639,12.370622412250126,12.436208724975586,12.461116889268103
891,12.51402289039351,12.513387931971698,12.514010322135917,12.50055722939778,12.481241443628347,12.503464698791504,12.484227907622046
892,12.085573112735872,12.0818814006726,12.082241341378916,12.092283854879586,12.06519753771322,12.124123573303223,12.090837142888482
893,11.881729559445816,11.887054826728301,11.88689565857689,12.061936702882054,11.902275326999602,11.94316291809082,11.95982504085617
894,12.316473252851159,12.313407342164169,12.313138756596322,12.309144110930417,12.35621274866848,12.325389862060547,12.347820953382914
895,12.277247216155546,12.27688504746187,12.27717339629273,12.259593913814705,12.279531154025277,12.292675971984863,12.28173574194815
896,11.986108927387168,11.998226788323123,11.997545895585857,12.000076490229384,11.984417646761319,11.98507308959961,11.986389466835416
897,12.100786255685195,12.117999002554004,12.114636247039204,12.058047981279167,12.077419269679442,12.06260871887207,12.106752478488788
898,12.437348825833014,12.43492964681216,12.435564200058,12.371127639165396,12.360868457042043,12.394986152648926,12.414477135213094
899,11.463036333751779,11.45317795239774,11.45381017593427,11.650645541851608,11.433990524824976,11.387906074523926,11.481135047470882
900,11.973646891542927,11.969697853153301,11.96976336675779,11.937147333269102,11.970935002811268,11.946718215942383,11.909293531606707
901,12.180812560887198,12.189432520815695,12.189093556232619,12.269366921456227,12.23063512707375,12.114333152770996,12.174667453279135
902,11.769249218276293,11.784722150963567,11.783057988969656,11.797112810890122,11.852329186655497,11.848918914794922,11.859825739035703
903,12.607873742781281,12.604443483504305,12.605005944367983,12.604858620093337,12.596041308724319,12.588067054748535,12.589196477285277
904,12.018576870442931,11.998615013413263,11.99964642506782,12.199031991890275,12.037468189646074,12.074437141418457,12.05982425835688
905,12.045051309897183,12.040884075255226,12.041402172463027,12.034140028794745,12.003498172237464,11.987076759338379,11.994793843997153
906,12.669226557534552,12.682295643634442,12.681380821924751,12.664234261408923,12.6310746062519,12.69002914428711,12.642557354456034
907,12.359717424662643,12.34679873714629,12.34675333130873,12.331254883047638,12.35804095228537,12.413269996643066,12.383766923274923
908,11.82013713675365,11.827087369224468,11.826637413652794,11.833963653902341,11.920026939045291,11.918816566467285,11.93910432222754
909,12.187436933265788,12.174529338302477,12.17642154255593,12.242558527159886,12.143074363143604,12.176718711853027,12.201665664029541
910,12.721918098221524,12.736727854552417,12.73608670633529,12.712185468665302,12.76738987457427,12.789974212646484,12.80524631421248
911,12.192488610130138,12.191740431097735,12.191163965359474,12.18665460228461,12.23228274920862,12.219193458557129,12.246698523842847
912,12.266503492611593,12.269213525254367,12.268292782038232,12.204452985419326,12.199345519766394,12.176508903503418,12.181490838590035
913,12.228266678271195,12.233823046005025,12.23349500274673,12.210585171892523,12.221191716134161,12.265156745910645,12.238382411418137
914,12.152550445220555,12.143198283830396,12.143897961499487,12.195052969742719,12.109497588532227,12.078176498413086,12.078802682129131
915,11.53068692134644,11.521788402138439,11.520827269716353,11.807786077443554,11.7236562290858,11.564885139465332,11.623067042462235
916,12.760263569832185,12.759697111837001,12.75977262999995,12.782817845759366,12.750248173716358,12.801145553588867,12.832325567592001
917,11.859481113288242,11.865297392412069,11.86338992655113,11.834614546950654,11.8375197522488,11.869302749633789,11.88948313254937
918,12.335711406792957,12.341056095986142,12.34029348511067,12.307988101693311,12.251500010366387,12.346781730651855,12.342496481403758
919,13.009593319167934,13.017828027585118,13.016891679622857,12.755538223778261,12.892087841665518,12.982743263244629,12.998792570803973
920,12.319846903992296,12.321662480070433,12.321239562376638,12.329258696018815,12.326257406548828,12.326929092407227,12.318809198426193
921,12.350870929244085,12.36611381924485,12.36478066032367,12.34467768328144,12.39657129143109,12.416332244873047,12.34785391671911
922,11.976962397064321,11.98239393679021,11.981798826307656,12.098023011834623,11.908166869312208,11.927316665649414,11.885345893853763
923,12.403260953498231,12.399481473177229,12.399724774760626,12.374871074888063,12.361533264443905,12.408289909362793,12.41297897200217
924,12.108569439640604,12.122317815572869,12.121479231893893,12.066240076928603,12.12315848029622,12.115453720092773,12.117407816599789
925,12.436041914653599,12.438259519476109,12.437626830996335,12.417529844729282,12.423369304892198,12.453686714172363,12.440713400478637
926,12.101269093730151,12.096655841132202,12.096075528110346,12.048169859579103,12.142677938010026,12.13528823852539,12.1511171582753
927,12.242267244573478,12.230814946914506,12.23221269611696,12.290804073767278,12.234605877510509,12.27634048461914,12.24813367011227
928,12.466664567069818,12.470133437819866,12.469699164430992,12.440510798810983,12.419018671003652,12.468791961669922,12.463110442005275
929,12.466692387511769,12.467995351263577,12.468007264920406,12.469667926662217,12.409448249415224,12.46694278717041,12.460422717196069
930,12.407416356636677,12.409540890255991,12.410370324798219,12.417171469004423,12.416493778130652,12.337443351745605,12.407253017837995
931,12.048347101030366,12.045326297430549,12.04560429869359,12.067328365972408,11.984686303496643,12.005849838256836,11.970430761545876
932,12.053819591823554,12.050715097955173,12.051461915623186,12.058538460426725,12.000731474693412,11.986838340759277,11.990051134358104
933,11.854737380445028,11.857010822327252,11.856890763258171,11.919912832237106,11.876455417725202,11.925870895385742,11.941337510203807
934,12.4975730717109,12.492543103697027,12.492485718557239,12.465674026529799,12.519432117261582,12.480112075805664,12.471972870531953
935,11.925978307812388,11.929276790233294,11.928829651843525,11.951129867554961,12.07256411850454,12.0319242477417,12.04065325289787
936,11.705179514123216,11.705582587437732,11.70620061248627,11.677146035513237,11.77050254920001,11.726956367492676,11.763472146895328
937,12.773385927518255,12.772203709969112,12.772369835336846,12.776857655966952,12.86289879212685,12.842103958129883,12.822779384653968
938,11.361848267491482,11.350849257351483,11.350007045163057,11.371460044527964,11.31893044048212,11.323517799377441,11.400617553140826
939,12.739820480894206,12.73582160386943,12.737200978633657,12.75613530896183,12.792568963469998,12.819066047668457,12.831586619154166
940,11.849872224620798,11.870377075142063,11.86842593821724,11.900761342564367,11.866063977874347,11.874847412109375,11.881344568489261
941,12.05951782487388,12.048306993451115,12.048678470052703,12.17716645415662,11.940845336952599,11.953399658203125,11.974705465152843
942,12.040338314988947,12.031532722747128,12.031670907739647,12.126771026282675,11.988114834317644,11.986608505249023,11.935394584881031
943,12.049773086426276,12.056195837191163,12.055171133275897,12.045256443094017,12.04746198184602,12.10140609741211,12.085695104571876
944,12.150572676865062,12.142873805548517,12.143349363527852,12.159991731523231,12.143477127807785,12.144570350646973,12.159927904976975
945,11.943278839330512,11.927557254784615,11.928203102494116,11.896945206894278,11.89878947759917,11.88829517364502,11.90476071740961
946,12.075546197808803,12.06438046576551,12.06513688613352,12.096544100584506,12.08950194841073,12.07957649230957,12.10301160002795
947,12.425065148685881,12.411296679896553,12.411512473187807,12.438962391452158,12.450746309222138,12.309694290161133,12.393747858669478
948,12.127917134563495,12.14518893285312,12.144309248534963,12.186071537279,12.083376585248985,12.115808486938477,12.168810171341475
949,11.81686980196663,11.799731614671295,11.800035720594877,11.887877629846425,11.924645745988354,11.935808181762695,11.872080625859107
950,12.308664451026186,12.314811259974645,12.314039319001056,12.182776725004503,12.129747544523218,12.171581268310547,12.19123075504776
951,12.213615385441127,12.199669445980529,12.201198367433186,12.259438785203377,12.310861628961817,12.212779998779297,12.264815917061071
952,12.374908343367968,12.37465091742593,12.375119041188922,12.372013395940964,12.336605931738122,12.363449096679688,12.36575520083457
953,11.915688850399974,11.934184090290115,11.931334640064762,11.968970119545698,11.98386879714862,11.95306396484375,11.96214969606659
954,12.054451300868292,12.061606018584408,12.060523436785603,12.06423044279815,12.003435658082328,11.938758850097656,11.958897487729926
955,11.937207333380403,11.95005767993359,11.948592796533752,11.94975539647159,12.001098122815248,11.98897647857666,12.036512284916679
956,12.005532210193413,12.01598926928268,12.015756547206776,12.049951850489146,12.00613407097146,12.0307035446167,12.046239519896996
957,12.473911800625562,12.474528602198228,12.474958570652008,12.46464043810932,12.462904106559035,12.479401588439941,12.489020215992676
958,12.142338611242431,12.137604702769707,12.13781548652727,12.154037897000839,12.11793387088049,12.120256423950195,12.109518284586896
959,11.523980317589231,11.522715836409338,11.524123901535388,11.523252494808016,11.526129476435312,11.501688957214355,11.495234380407657
960,12.60242694551005,12.608711259192045,12.609474435441378,12.492437780549285,12.53068236412467,12.526230812072754,12.518892871864521
961,12.126841213031982,12.110381666354938,12.10999233942111,12.003212081349496,12.028959628097148,12.082131385803223,12.035188405686274
962,12.185504387635469,12.177416453288167,12.176720446600834,12.37228188191308,12.236749218785526,12.195905685424805,12.225207874721146
963,12.298193114071603,12.299286777658605,12.299282562236364,12.32967703472658,12.320687256575848,12.313257217407227,12.321590332196497
964,12.282508880432268,12.255003545732233,12.256897580045036,12.258594388400732,12.419337455449513,12.385050773620605,12.402562847954638
965,12.437905756032109,12.426902544562347,12.428181369312593,12.453678856145347,12.477265103929021,12.396049499511719,12.44932527361153
966,11.82466870196262,11.822266782197715,11.822755317271877,11.313674531359347,11.88823682809899,11.93721866607666,11.8995257528309
967,11.871309209774084,11.873524744797374,11.8733772012372,11.905455467166123,11.893178848627203,11.907376289367676,11.881479924514888
968,12.197045939253877,12.192971141102028,12.193135829972135,12.22441071638004,12.174604287768588,12.230142593383789,12.194848095880046
969,12.571885059994782,12.581016072472728,12.580735167274584,12.56965321612752,12.494199599472099,12.535072326660156,12.583342919079579
970,12.553112165613937,12.550635350796773,12.55148673521609,12.582685033098391,12.52938306976278,12.498498916625977,12.533911400581355
971,12.119686411017687,12.11598301557443,12.115740372265062,12.097090517118138,12.156358142594216,12.16734790802002,12.15788012883518
972,12.081412208849688,12.087322532789543,12.08682451422018,12.085903887865062,12.086003206716146,12.041213989257812,12.059980642532263
973,11.79485363628927,11.802005351239222,11.80127796712577,11.781761459687536,11.73869932537791,11.742692947387695,11.728073890910885
974,12.004382025686303,11.987344233468823,11.989818705850903,11.9993698376325,11.970070980666614,11.965593338012695,11.975744355011242
975,11.966800491991213,11.971267793669124,11.970437826327137,12.008259273809566,11.960141703937635,11.92287826538086,11.933657288631805
976,12.564971873385115,12.558399013351824,12.559043573367981,12.553180114982151,12.512874319668164,12.500096321105957,12.532121571686336
977,11.912666961828323,11.883741454488936,11.886392491359569,11.85953712415784,11.901536710458176,11.891153335571289,11.88626062590862
978,12.670798069097794,12.675300091265834,12.67570813579888,12.676193017489183,12.623741332311496,12.635400772094727,12.609100719808952
979,12.4779717715505,12.483339086965035,12.482868762738702,12.501592330226593,12.452400059547733,12.4597749710083,12.46025178864563
980,12.359047008197951,12.340644610928676,12.341269367576249,12.333225215982162,12.259688690531695,12.31318187713623,12.319530731605072
981,12.783895198967237,12.771176057638645,12.773125309438687,12.806225661154706,12.725805249618015,12.75334644317627,12.771928649033619
982,12.204854105066945,12.198177971748517,12.198559043474358,12.14031087259811,12.104107111250338,12.122512817382812,12.137429268749887
983,11.934802686992631,11.933259414571154,11.934018169418888,12.106588386700935,11.981477862931529,11.870511054992676,11.892884258234687
984,12.877635753085192,12.872398499111332,12.873081000277095,12.825239742394723,13.05915935374675,13.000097274780273,12.958463885868321
985,12.065267095591196,12.071326878176938,12.071788351269005,11.962504825591392,12.084020497083676,12.116109848022461,12.090376892701427
986,11.947179196846879,11.930067616578407,11.930143198860005,12.12576868147679,11.98480107093885,11.961073875427246,11.962356957241534
987,12.454306853803626,12.478356762094197,12.476338010560262,12.119001330209286,12.168670662020379,12.23530387878418,12.193361672467455
988,11.881548610194212,11.88106315557245,11.880995104415447,11.889949889504773,11.865869730864702,11.897602081298828,11.894977012502963
989,13.143277893745488,13.145898828592275,13.14591647581929,12.511375896024457,12.728933297892715,12.708748817443848,12.709811395892816
990,12.456434511091379,12.46276420983893,12.462161597947905,12.421917534543422,12.437731140154233,12.429058074951172,12.446716323944646
991,11.960524296683104,11.955027282534113,11.95509893528726,11.94555987408606,11.978189686547635,11.963603973388672,11.979145035837186
992,12.12389280458987,12.132167229397147,12.132698816851736,12.260271040917829,12.142881457196086,12.134500503540039,12.144196845676564
993,12.384774197711886,12.381678836609039,12.38186508606318,12.31040322176232,12.381386543674122,12.344517707824707,12.37542106506048
994,11.883759580877706,11.89819935278632,11.896813723219733,12.032339957663511,11.903924332163077,11.881620407104492,11.924816909637403
995,12.854241414778304,12.851534173398845,12.851862575633728,12.874328595886055,12.879826358261433,12.852605819702148,12.917659078377877
996,11.932637951365516,11.929321070576528,11.929474303665936,11.925081613765126,11.971544784419306,11.980791091918945,11.998793380812238
997,12.466827878478549,12.46717711048801,12.467672138699596,12.433018605226415,12.405280153831196,12.421154022216797,12.432247830665832
998,11.981197596245904,11.972612245426848,11.97413043744762,11.987484787740181,11.99339533309909,12.025550842285156,12.008773816130915
999,11.777815200044824,11.78266238397805,11.782015994620856,11.751577256809886,11.774573579804024,11.751303672790527,11.774240566945707
1000,12.232290166801382,12.222881477300296,12.223210372805253,12.204920186189856,12.248346266332401,12.232525825500488,12.221842707585978
1001,12.346525508001365,12.346225063780047,12.345869431265806,12.299328222507869,12.300453239624625,12.301846504211426,12.329360594255146
1002,12.541888826945828,12.538979857891858,12.539865945127506,12.548478334175211,12.481474125855145,12.514732360839844,12.493469981215716
1003,12.573997858242556,12.585123611049102,12.585224397582554,12.57195291882127,12.576587836752745,12.613390922546387,12.644303674320684
1004,12.045029753047725,12.046385314766498,12.04703416338845,12.041901325976724,12.051150431773282,12.098776817321777,12.146157767798467
1005,11.897020936881948,11.90128424590232,11.899502938191548,12.110953625109094,11.960126202325082,11.92327880859375,11.930254483642404
1006,11.662269346658867,11.645142092885136,11.64712585675991,11.593681048239635,11.725872032783583,11.676103591918945,11.734686684741513
1007,11.835398572942932,11.834652302984347,11.835898198634338,11.825495353675404,11.847746659120167,11.840555191040039,11.839379614177833
1008,12.534059541359547,12.53555680376319,12.535316948895328,12.53161744887985,12.486180654689743,12.46814250946045,12.434251751776962
1009,11.874780010487632,11.876272300201487,11.874979702489874,12.265273782078312,11.85031563328883,11.900612831115723,11.854065740687057
1010,12.60845135559649,12.618857329708062,12.61935944063822,12.56064517905255,12.471601258415765,12.496689796447754,12.562785783592878
1011,11.626311200738707,11.62363079640281,11.623521730963557,11.586482896172061,11.545136997621267,11.54150390625,11.538345006492023
1012,12.370286559305335,12.380162587961346,12.379445094633553,12.347332456042272,12.375122488280471,12.350702285766602,12.326728777440563
1013,11.905874818522573,11.903739881215632,11.903421679646785,11.968769360611,11.9710888576421,11.964751243591309,11.987348432252386
1014,11.704209486524777,11.685642034700908,11.686962814802998,11.658698932966603,11.605488326828471,11.561219215393066,11.55801249430016
1015,12.169373322215321,12.165881806324116,12.165177533427881,12.292448683374738,12.152182967053916,12.094869613647461,12.098450840344922
1016,12.245102288033022,12.236788096045675,12.237423828193101,12.222630481097191,12.274199689587261,12.2062349319458,12.232745277833486
1017,12.391798694406317,12.38800630842743,12.388529293798802,12.366099179776729,12.3378221446076,12.346806526184082,12.353274644321495
1018,12.7180669139222,12.72065883013556,12.71985964368698,11.933508652495417,12.678786440813552,12.63760757446289,12.620859716662807
1019,12.13211530441339,12.121110574940918,12.123215877714491,12.203243147403526,12.062970026288898,12.06346607208252,12.075975710717202
1020,12.014858747111896,12.01962499791552,12.018801971746898,12.060372480510143,12.048093319779268,11.9923734664917,12.036949416390378
1021,11.633141340641181,11.61392638557748,11.61573982033259,11.741539248185882,11.634464022826107,11.602848052978516,11.531241934813465
1022,12.120022102384986,12.125383540003474,12.124502249861363,12.149385446722555,12.09792256298758,12.066851615905762,12.08471437765337
1023,12.646903912654603,12.644986997321475,12.64469457999833,12.652879252246608,12.688346069738897,12.690998077392578,12.744630839621273
1024,12.481368591000594,12.481095791142353,12.480781312418989,12.460015508100728,12.57208337296212,12.51467514038086,12.500280376872157
1025,12.034083361669564,12.037929817926427,12.037854446173851,12.05209273941572,12.133536233519358,12.14687442779541,12.16595339551945
1026,11.578780749395387,11.590588212900945,11.589540007411253,11.613607787683879,11.596790456528367,11.624671936035156,11.604756687420688
1027,12.600857829275055,12.576665054717461,12.579595326024226,12.561044566060364,12.647855031294993,12.604447364807129,12.55675260173145
1028,12.713089897626048,12.686830184478127,12.692333248038537,12.643159270659755,12.676764368584644,12.695341110229492,12.655501094015245
1029,12.450143301465316,12.46153698195893,12.461029037590162,12.448690161670552,12.396955082479488,12.433564186096191,12.415025491783931
1030,12.271615869688338,12.26401645156411,12.264490451599066,12.283231787334714,12.255590832695251,12.245025634765625,12.236325369129819
1031,12.23567133270393,12.224870592361805,12.22523268246372,12.215490761859044,12.220353310637803,12.25009536743164,12.27845950964279
1032,12.756184742576655,12.743650676361764,12.744742428303999,12.800985493161193,12.849341330260582,12.87887954711914,12.863181428200257
1033,12.748360704651127,12.744333408324763,12.744202476091939,12.771094163954862,12.783825429680483,12.77318286895752,12.87122394463255
1034,12.078691820683742,12.078515315691028,12.079243143077509,12.089499988000746,12.096583211870836,12.05444049835205,12.036119756519126
1035,11.68070004438236,11.689155679104703,11.689280336557333,11.59388498361437,11.580490082654107,11.584578514099121,11.594585883037405
1036,11.810182925996228,11.79090525556964,11.789553052660384,11.75627462402968,11.701977527842418,11.853748321533203,11.882639332776435
1037,12.37806496998003,12.384688563430625,12.383915764996768,12.389447365259198,12.466687489626253,12.436508178710938,12.412807650035543
1038,12.814637014524644,12.804422074946496,12.805840984364384,12.28873412391475,12.854717059120793,12.751505851745605,12.79779522260793
1039,11.99828831007517,11.997544099504742,11.99827435954388,12.009697263539492,12.020751466493197,12.018128395080566,12.022380896177685
1040,11.31655958251159,11.269822831267724,11.270508786647971,11.11301967361926,11.436728396634402,11.51636028289795,11.521994332829975
1041,12.279026997149607,12.285349415193092,12.284414844231705,12.283976617521786,12.283351994645743,12.235461235046387,12.237578781447347
1042,12.43042596407074,12.422575912592531,12.423442214953921,12.414512803542424,12.422187699132296,12.416077613830566,12.401167440033477
1043,11.910706726612853,11.891365703954461,11.893207747252228,11.938109931019522,11.889057915119691,11.83078384399414,11.917501028374355
1044,11.812763289793544,11.818235893866136,11.81822195841782,11.800561512748097,11.877009803810832,11.880882263183594,11.822695119495084
1045,12.493664196522813,12.494469665396677,12.494484568871222,12.537892650401961,12.480460657602624,12.51413345336914,12.47185965598998
1046,11.626400319381261,11.628490330631518,11.628858393981373,11.562701591916984,11.714218739441524,11.639094352722168,11.61403442515525
1047,12.281408824522005,12.278965885086796,12.279216928752497,12.244794884327355,12.330607035927924,12.292880058288574,12.27166581628194
1048,12.30559663502714,12.303652887118366,12.30433549062251,12.313087507514858,12.297125664793466,12.35400104522705,12.310714324801454
1049,12.029725599631536,12.029195752276033,12.028193114241358,12.146883703143125,11.99349812705038,11.984189987182617,11.985729142836634
1050,12.01709418847777,12.012478434900041,12.012434753045389,12.013593485448094,11.999720075187273,12.034197807312012,12.012664247900085
1051,11.883259813343427,11.866830063644706,11.870308696378872,11.85831605306306,11.826008890823934,11.864027976989746,11.871704177744817
1052,12.000465047874386,12.004442712929244,12.00400890802672,12.0329989488068,12.003926985457632,12.016264915466309,12.047363438768201
1053,11.83023791367589,11.843882941097371,11.84314353772556,12.006929808380484,11.830435850431412,11.868021011352539,11.874440007627225
1054,12.005466713169076,12.011912380967699,12.012579799653123,11.931998847675185,11.947103506931159,11.991164207458496,11.933380427238617
1055,11.44224528477925,11.446703447680104,11.44705127007309,11.53629451664451,11.494593050201798,11.435968399047852,11.413625038143408
1056,12.002909160936074,12.004683748427007,12.004273018750812,12.151042899360348,11.959941613882995,11.956418991088867,11.97394215365279
1057,12.339473130038872,12.335085285389892,12.335508359559954,12.86109600657291,12.325080962390773,12.34975814819336,12.3645574876025
1058,12.095618359326293,12.099567262978708,12.098866642238853,12.108817866760292,12.122999019848802,12.114310264587402,12.095459805215434
1059,12.611377366676935,12.607039321150953,12.607999954481954,12.658018022661325,12.493918980398622,12.570807456970215,12.585272163844474
1060,11.928289003984185,11.902748136936543,11.904687657217616,11.90574198669853,11.974977606241383,12.023374557495117,11.96221077589485
1061,12.750175792172943,12.735811637901318,12.735666860379428,12.73275192744889,12.66180154941131,12.788641929626465,12.67030544892575
1062,11.959007597729123,11.972238645330696,11.969390937075,12.155887719959093,11.98252365428885,11.998815536499023,11.975633243546067
1063,12.952649280192134,12.94991461625928,12.951594223007623,12.964822552338209,13.000216988926278,12.997542381286621,12.96968009438623
1064,12.062891797432323,12.055260240502275,12.055224379208653,12.154535718761371,12.060408114685938,12.08468246459961,12.108826959986786
1065,12.959670315478517,12.95577947068212,12.95607457016494,13.016080038168703,13.016370041748413,13.007589340209961,12.964005843819242
1066,12.103553096947321,12.109436032344966,12.108517496699275,11.855141030959409,12.136060713243902,12.10315990447998,12.129289388530758
1067,12.322707799305693,12.324669379361248,12.324296150204825,12.298020617638803,12.285386278655947,12.276806831359863,12.276211833141033
1068,12.2294297643666,12.234205835833004,12.23351658503219,12.206153278747253,12.190901719035956,12.209312438964844,12.225445610251848
1069,11.965299160930025,12.018920920986897,12.015156569974303,11.778874434919885,11.938178327924255,12.1567964553833,12.250620220975554
1070,12.546796226874099,12.54788851432021,12.547884815398383,12.531014081129092,12.502231440552968,12.509123802185059,12.513810192502179
1071,11.992277411207404,12.00337013299842,12.002421625466585,12.022532245588735,12.021696162882499,12.03963565826416,12.048967938977189
1072,12.449257565288345,12.44151991266725,12.442306753716652,12.44551521951834,12.426500036380046,12.426247596740723,12.443458937258843
1073,12.653412103101845,12.663720333831469,12.663412625430453,12.619955990431539,12.673807354212839,12.703620910644531,12.73241280971903
1074,12.123703647000541,12.12466561042621,12.124582403100058,12.139272918034553,12.108840652589587,12.104114532470703,12.095444144020863
1075,12.091209745437332,12.090825723617815,12.09072711872284,12.035903655584814,12.089375300684942,12.061249732971191,12.052725771980695
1076,12.073074112053009,12.081638774912443,12.081546597791581,12.113601986680157,12.020322559239718,12.10457706451416,12.040961473760555
1077,11.96069354896244,11.96928436692857,11.970422311602505,11.869237834730196,11.96462609511752,11.970083236694336,11.978563840471704
1078,12.319292512560043,12.320388527248735,12.319981919626159,12.291656724172237,12.263501480734629,12.25582504272461,12.290889447008972
1079,12.500287439739575,12.48974211252415,12.490707224475152,12.468351305671233,12.471887111852363,12.439814567565918,12.443522673640857
1080,12.062520468958942,12.054050982681645,12.054932085042099,12.063082027371573,12.01543264864568,12.038872718811035,12.031773595941052
1081,11.850972344601264,11.849167456486398,11.848718865855119,11.894265949891711,11.909495164662665,11.895503044128418,11.89677962032326
1082,11.851274962163064,11.859669165979252,11.859019999290352,11.965418778449115,11.870149819663624,11.891960144042969,11.904864302302256
1083,12.621583323257116,12.614022582008761,12.614920815988096,12.857798504058724,12.659781698982256,12.645105361938477,12.647284130577022
1084,12.05626934835042,12.06174862622946,12.061217680339102,12.02541853814364,12.04177334174451,12.014141082763672,12.06189340273336
1085,11.687316390385199,11.683482065905423,11.683849698395907,11.76989317343691,11.673206558068706,11.71314525604248,11.6285935809396
1086,11.75724936703202,11.761053308313429,11.760310664807276,11.755681833979665,11.844824355534014,11.837603569030762,11.844743630716952
1087,12.161299851083813,12.184294588242608,12.18216702845186,12.261879811209564,12.181818964871022,12.179864883422852,12.227408628748336
1088,11.975194341534781,11.982864227213803,11.980380781752265,11.933908668264078,11.947831748756176,11.975427627563477,11.918962507621938
1089,11.941860561965019,11.9508455957017,11.951046694537215,11.89689322662821,11.90621592248737,11.895424842834473,11.928854930138323
1090,12.246164762010412,12.246895470837375,12.24697816563761,12.276480730890704,12.242771888525624,12.255082130432129,12.235262762259085
1091,12.2945085172111,12.295176698989785,12.29524468128173,12.28635342407187,12.286725190824189,12.243600845336914,12.245731483822025
1092,12.051158594722583,12.033274999968247,12.036097829182188,12.126603299095992,12.069886612055098,12.083649635314941,12.068105662820463
1093,11.874862194700489,11.883613291624556,11.883769201762355,11.785658580292397,11.794685894419208,11.897708892822266,11.859143483150643
1094,12.14758599361262,12.146728045254807,12.147167075256894,12.188063007958801,12.109487974585964,12.112979888916016,12.090985698394434
1095,11.790318571312003,11.79612858580081,11.795959038924416,11.780659622764619,11.704881991928723,11.719499588012695,11.714128440674836
1096,12.068392892935275,12.04658873282905,12.048915993690633,12.11953906393923,12.100619312106407,12.069579124450684,12.067810360025586
1097,13.08825939369169,13.092195582608056,13.092254708771662,12.073091251606424,12.988083425007359,13.015674591064453,12.99416387003415
1098,12.124870317089803,12.130464861383308,12.130680578498568,12.141362077974117,12.146457297707537,12.188830375671387,12.171706703045436
1099,12.564046565563151,12.559214766486955,12.558961695646607,12.612029303310827,12.701618714846422,12.686502456665039,12.774337810795025
1100,13.294867766138083,13.28007309738423,13.280633903126754,13.297614861111759,13.316676874962653,13.23881721496582,13.178207007306018
1101,12.01483299737603,12.029225146059211,12.02859711161408,11.972190661478258,11.983841989278936,12.050588607788086,12.074126550573583
1102,12.054357464271797,12.058880080288922,12.05842877308823,12.068315398457404,12.188206498791775,12.19311237335205,12.165513528333637
1103,12.360929687037514,12.359469369434175,12.359192298703682,12.298049956627827,12.281017353988407,12.305624961853027,12.280552697112805
1104,11.730212425520422,11.735009725451505,11.735725265780463,11.77022176989895,11.715113467611786,11.720584869384766,11.740713079074563
1105,12.792649333249987,12.790717575067829,12.791796165845932,12.902423224433212,12.736549403413887,12.672940254211426,12.71244189231531
1106,12.633792682347378,12.615402722347635,12.617935928286855,12.620386358503422,12.609858010543428,12.577763557434082,12.592703620079668
1107,12.235954261214086,12.233267019009354,12.233407527095647,12.249572584146868,12.248551458165094,12.225173950195312,12.220937559472953
1108,11.869458125866371,11.872746497051109,11.872537351357796,11.88213650012003,11.990526145539327,11.95925521850586,11.971944174631169
1109,11.80798239670301,11.874593076789067,11.867634045182866,12.10983774733111,12.014226245764835,12.002411842346191,11.977863290054763
1110,12.371204050608268,12.362572153820473,12.363257553190076,12.348850071594878,12.306707714031468,12.302574157714844,12.314010729404211
1111,11.960281480610101,11.962801119931749,11.962783828115858,12.112271634609938,12.035777236525243,12.000309944152832,11.989388481599747
1112,11.811320469316897,11.828226167334215,11.826644619803746,11.818421381281823,11.84841570141095,11.91150188446045,11.888649694411328
1113,12.350246463456696,12.34372731527957,12.344353502647406,12.36007770287371,12.373654279355877,12.343109130859375,12.35927667349491
1114,11.581011257328571,11.573229404683193,11.57188090217422,11.963073282241401,11.610562629564791,11.664931297302246,11.641518337303252
1115,12.312540165522657,12.305440172756757,12.306031227111896,12.242845998498249,12.2402241135942,12.222919464111328,12.229867716717338
1116,12.147847984595579,12.139506313321144,12.139640084531916,12.172733757299214,12.124165988841462,12.134181022644043,12.116842519109678
1117,11.900845234789681,11.900109056921957,11.900265142910596,12.027003879221553,11.91184443876137,11.921558380126953,11.941199400360535
1118,11.888832944419885,11.889961838696047,11.889632899747967,12.111619878924747,12.03665545198188,11.923803329467773,11.94994549883778
1119,11.977156422579785,11.97642525072139,11.976021687961506,12.045143022036644,12.01212323757261,12.018370628356934,11.997231743296883
1120,12.2027477457397,12.183985628462676,12.18536262851979,12.393426552650507,12.095184273810089,12.06232738494873,12.057179811992377
1121,12.224426937770343,12.221921408927331,12.221961507179927,12.233428175177261,12.20129485060453,12.196761131286621,12.200978499231597
1122,11.730601787868476,11.727033554298089,11.727483150394907,11.727863952199565,11.690444660727533,11.6940336227417,11.66826371906681
1123,12.692660193918027,12.695140424307274,12.695680739563663,12.67852326574672,12.658225492447452,12.704590797424316,12.710135788499967
1124,11.771109955641418,11.774522492033446,11.773886123435567,12.162464053465877,11.844674000342922,11.79967212677002,11.824917593726257
1125,12.020271595717386,12.026992982243991,12.025022174886335,12.039774045927745,12.030597424798342,12.034661293029785,12.022675796608734
1126,11.891104630191098,11.900625966464721,11.89910391011587,11.952768087187934,11.751714735380517,11.870576858520508,11.827167349964574
1127,12.37264972823492,12.370021808346554,12.369851274533785,12.397363063520295,12.387254811847367,12.36483383178711,12.370135416026393
1128,12.406610723522515,12.402811408589853,12.403208078233105,12.383110368960791,12.367055637651932,12.317228317260742,12.364048473501233
1129,11.65010590487098,11.651015966140625,11.65045682415613,11.632600158982179,11.562684804664364,11.567351341247559,11.568651047500275
1130,11.997429157578708,12.00228676194766,12.001449585164655,12.0831289627624,12.000162355800715,11.955839157104492,12.01475909423762
1131,12.221627597044762,12.21708655262814,12.217866019158805,12.306837934464243,12.228447019467847,12.196672439575195,12.184457231277339
1132,11.937914247246693,11.941170561353546,11.939533983782072,11.900285045442814,11.976733503293683,11.944114685058594,11.968805500098785
1133,12.003492242477224,11.995069455532155,11.995402325003033,12.12380210067656,11.995752018911988,12.017599105834961,11.992253489820014
1134,11.675631195911015,11.645507464499323,11.647882447967067,12.17752068667959,11.760175312220367,11.697257995605469,11.66186646274544
1135,12.033100042296626,12.03603009689264,12.036457815808067,12.011109213737212,12.019963408780061,12.037904739379883,12.044012365805912
1136,12.738239196969975,12.737285532840207,12.737836996513433,12.348512672750367,12.742927586678308,12.784224510192871,12.820903742623056
1137,12.16007440808621,12.168181837126284,12.167907134449834,12.15242539158675,12.229517348480048,12.197493553161621,12.173241222475115
1138,11.93935684991222,11.947752229357482,11.947519657782962,11.98536241224991,12.016936161490545,12.014972686767578,12.045646084762005
1139,12.167966226042308,12.165430944526767,12.165570172066689,12.16065049717087,12.145100239014102,12.127387046813965,12.139942152428356
1140,11.891639305017682,11.896199085367147,11.895972133034967,11.931487023023635,11.885155887451967,11.926441192626953,11.931474800427186
1141,11.793316449969636,11.782711892149853,11.783202165808866,11.666974139747495,11.682916225779586,11.723424911499023,11.728317287691683
1142,11.811679444603792,11.813097280156084,11.811929762573154,11.753841194673708,11.856480021611423,11.874269485473633,11.902956444376974
1143,12.246686634964352,12.2360219193015,12.236967685352289,12.35716195977632,12.167615062941179,12.199650764465332,12.19772895955001
1144,12.28403991495554,12.278976937918705,12.279230012710096,12.304779779935478,12.235600705069182,12.244287490844727,12.26765931952938
1145,12.029811717395974,12.039819242455987,12.039620909460266,12.015009246567566,11.995418378385576,12.005695343017578,12.034143040779872
1146,11.983936561897213,11.982085546571989,11.981134220344016,11.947576828537379,12.016063875081027,11.980862617492676,11.976201537824899
1147,11.920090413941907,11.911654848520747,11.913701182751858,11.905999388363766,11.936309488751403,11.953962326049805,11.964361234553794
1148,12.61669811583894,12.613388886882666,12.613604058813625,12.570267208957764,12.63012207084653,12.637773513793945,12.605244815312957
1149,12.093381269603881,12.08556712206976,12.08698364067881,12.113182779189584,12.143972714262379,12.065757751464844,12.101098692669693
1150,12.033764055262408,12.038400830970794,12.03793814542678,12.054372016297744,12.040666361633726,12.0160551071167,12.02260379126992
1151,11.99609091434119,11.977914361625384,11.979937051394499,12.01903642262831,11.93273217288611,11.916667938232422,11.929951374639037
1152,12.31224515610536,12.303500865033463,12.304221653702735,12.094846271816863,12.14486725936646,12.278085708618164,12.245146828813333
1153,12.284867619263167,12.314047797720756,12.312596270982345,12.191415597479557,12.309149386159527,12.336143493652344,12.332255669359961
1154,12.82770933433034,12.819391260241593,12.819660096241568,12.829843823265474,12.814157771033589,12.86125373840332,12.847343198094634
1155,12.03958526397074,12.038269093391662,12.037684300771517,12.028185989261408,12.107249532757699,12.092223167419434,12.10339687963884
1156,12.16584870485906,12.16210277414472,12.161130880638353,12.115585404968789,12.181615214303447,12.214031219482422,12.215175566516942
1157,12.854570041267113,12.849015063076642,12.850149728932886,12.82534990499209,12.844682993594239,12.825186729431152,12.878722598912503
1158,11.96107969987428,11.95011358049832,11.950804594355757,11.953244745318127,12.021261133824945,11.989629745483398,12.018849228660153
1159,11.984330334264628,11.994169201710573,11.993393880112544,12.071548436480462,11.971682819500954,11.977662086486816,11.971415380739122
1160,11.735211201357258,11.731352333522958,11.731418472666519,11.863440190489802,11.681946947802524,11.699597358703613,11.68231406742553
1161,11.336051177829475,11.340300434803016,11.339563342928727,11.391539626731095,11.36413660017936,11.291232109069824,11.334670162026448
1162,12.316496382893142,12.31897267207169,12.31869325856279,12.312927502852855,12.286602399071153,12.277045249938965,12.28105735241981
1163,11.302557292496335,11.29554816370706,11.295907254894018,11.537853437963538,11.272140882255801,11.369340896606445,11.413763807248484
1164,12.365069465948652,12.365272696954998,12.365282294189468,12.322858332874347,12.32367445564862,12.292632102966309,12.31413899907809
1165,12.035939397153172,12.042907172634576,12.043113240151575,12.040463682639464,12.035670405724293,12.039121627807617,12.067999477404578
1166,12.30996438077249,12.305268943922584,12.305285252037766,12.257154728083343,12.25518306941632,12.272845268249512,12.295038498035325
1167,12.051870592427843,12.042097519459759,12.042048002422035,12.050292773466317,12.060945957006403,12.074688911437988,12.078944092156899
1168,12.524928872769719,12.52858991663085,12.528845407161025,12.500119929037709,12.525240766260664,12.49560546875,12.478955568175817
1169,11.867101436941223,11.863756107492891,11.86403307464781,11.876902834007053,11.954353624700538,11.8968505859375,11.936699670671155
1170,12.829145660741188,12.834237180103433,12.834732909849592,12.865994530860485,12.760642337380924,12.879020690917969,12.91622228301428
1171,11.83456274087766,11.839434044299056,11.839267225097448,11.882425726445168,11.958808898860482,11.93618392944336,11.869690142147114
1172,11.722193034378018,11.717543891990351,11.717219747818476,11.714668555378998,11.819635052547484,11.71371078491211,11.714914996185549
1173,11.922076984114753,11.920332816595153,11.920317223977095,11.82526136474287,11.985869648629082,12.058756828308105,12.035669116711237
1174,13.169007803265355,13.151724108375078,13.15366562144528,13.134408999461114,13.185628402193249,13.16722583770752,13.148975678806123
1175,12.096350070931281,12.091376724974067,12.093991749140924,12.077844635470768,12.183609342954187,12.137060165405273,12.15043102916243
1176,12.014349465820246,12.03106561212972,12.027815956908617,11.82669941590878,12.05719587203811,12.034370422363281,12.026336065267632
1177,12.374244415382755,12.377066209769092,12.376565174426615,12.349450306335243,12.371162924909344,12.358619689941406,12.366206751153863
1178,12.28024839898042,12.279725650864457,12.279428043620436,12.241928639394803,12.237102813860687,12.216329574584961,12.268195854291326
1179,12.050768828983824,12.058876589906609,12.056184139952213,12.054735269428255,12.116628472481255,12.062056541442871,12.042408668700153
1180,11.987663583380906,11.994437477368818,11.994133328732485,11.830494043469063,12.022470995776263,12.007898330688477,12.00517248429987
1181,12.652293206273592,12.647183366189287,12.647550378513856,12.661401194941467,12.585209559077045,12.54773235321045,12.555275172336852
1182,12.255239251186616,12.252676664925515,12.253062955860301,12.225801670907472,12.268314280178297,12.253448486328125,12.296362450139801
1183,12.417559234791565,12.407010794621481,12.407843698214508,12.413758756628141,12.36312823945122,12.326678276062012,12.347795192500111
1184,12.02923781631198,12.035896695113424,12.035392724836356,12.069878591255323,12.064985202456818,12.049260139465332,11.994816950856642
1185,12.276497039275323,12.284649642289786,12.28457210851393,12.228263878273955,12.187818156909689,12.195817947387695,12.188133213370348
1186,12.02898689036368,12.022564427289744,12.023127950682527,12.103498545996215,12.072476546574482,12.052103996276855,12.058189542761532
1187,11.780529860003515,11.759293002133553,11.760393090139084,11.745337319539763,11.745009597926307,11.77217960357666,11.694493594842465
1188,12.054327944448909,12.041115724454695,12.041089563032193,12.067049303119463,12.143475940707129,12.163138389587402,12.200795672707594
1189,12.223812623865873,12.223692682090912,12.224112964027643,12.225861920658094,12.219037517247497,12.225234031677246,12.218835322120384
1190,12.41567471898527,12.414249526103614,12.41450781064234,12.450331817127754,12.452384214862109,12.452799797058105,12.469200529592372
1191,11.962396264446182,11.96216402703967,11.961222592774975,11.979253151079602,11.977791361118962,11.977547645568848,11.977818804047192
1192,12.199076983919227,12.187256395256123,12.187898988281079,12.193823508668324,12.237001924033699,12.197778701782227,12.20505126353234
1193,12.766965776610075,12.760010239408714,12.761083720953012,12.783327595368254,12.83015571725655,12.788302421569824,12.833439040186521
1194,12.066153281969827,12.058889214592083,12.059232671791682,12.087543376586403,12.161728120629363,12.174854278564453,12.112918352445844
1195,12.81846078018397,12.819936374436832,12.820593049906932,12.82748135163307,12.831004082567835,12.856572151184082,12.827782471463893
1196,12.309709453742105,12.29324649457165,12.29460825965539,12.319289454576186,12.321269941583918,12.272294998168945,12.301591411568022
1197,11.87954952851031,11.876307967384216,11.877351430750556,11.7859218375733,11.921856130909298,11.944016456604004,11.938401405694409
1198,12.584387351191507,12.59339745283346,12.592004243146386,12.309389845482157,12.662735700864824,12.677234649658203,12.663446051491317
1199,12.001345541085106,11.980336302279305,11.983820442141488,11.62394337668146,11.955799377824816,11.950380325317383,11.944653966676645
1200,11.623428866931528,11.63907967828691,11.6364123456466,11.745797653120768,11.766630246257671,11.85685920715332,11.810728516049814
1201,12.46221768356955,12.45880523203193,12.460021388752802,12.460449996206531,12.405540090933371,12.411993026733398,12.408552865877919
1202,11.903548867227789,11.905860305683568,11.905631746723488,11.948112851157713,11.933660351781485,11.928923606872559,11.931104144813725
1203,12.20352798746616,12.216579157721872,12.21502582614055,12.171977004646582,12.284242900181447,12.39780044555664,12.39582972723605
1204,12.318426795017494,12.31741412916216,12.31759695599346,12.345806411480647,12.331540726069024,12.339986801147461,12.348728672569006
1205,12.48371348924985,12.486489987947884,12.486499728525352,12.474572531070004,12.434866147119012,12.477386474609375,12.484311053054675
1206,11.900408340304374,11.906863106303724,11.906382993721497,11.909958475923466,11.969445829634438,11.930214881896973,11.964265772857757
1207,11.970542524433483,11.971876270132661,11.97175094315308,12.016578689015532,11.9700896756758,11.9862699508667,12.014173512388448
1208,12.57325984972257,12.58707202110377,12.58617514226523,12.13320082942892,12.5970412091816,12.621733665466309,12.558277379471384
1209,12.636309039555302,12.626062204612381,12.626827861233359,12.644063610516422,12.701406530775248,12.700810432434082,12.70124745004392
1210,12.11134342914073,12.10165740771858,12.102788721014962,12.12670251455345,12.123213796155342,12.115560531616211,12.108866807158709
1211,11.864606992072543,11.86021668217991,11.860007702488513,12.011439054396432,11.869018121530791,11.887249946594238,11.907328021872978
1212,12.168818372646015,12.167848621310718,12.167609815073096,12.170569086384507,12.198036355741834,12.193968772888184,12.229672774098077
1213,11.823895474547939,11.814431659596861,11.816243693467861,11.810448319093378,11.814284424158283,11.84281063079834,11.82933275521592
1214,11.816762400090372,11.83085734089323,11.82997048599172,11.893101536248803,11.907271457106667,11.865084648132324,11.853044905666023
1215,11.816574358957821,11.823278781172714,11.823754381224377,12.009284580140148,11.82151086414249,11.807955741882324,11.762768946611224
1216,12.66161606846887,12.650409248136588,12.650970743850802,12.689053872495407,12.692148170504232,12.71011734008789,12.764911037585332
1217,12.034235083360718,12.034382398998362,12.033918285529959,12.039917829022968,12.064769199382328,12.046793937683105,12.020253261577079
1218,11.956581656103678,11.941307254726741,11.943065530124242,11.945310842774948,11.833595833931088,11.93532943725586,11.874516278402279
1219,11.742004294033134,11.742629105422013,11.742218728686204,11.728742360594275,11.674426488364556,11.626019477844238,11.64558748163561
1220,12.157120292241602,12.147830921332728,12.147935108405038,12.14714493781128,12.11273350253023,12.146598815917969,12.102248732654857
1221,11.863994614700747,11.872792100510125,11.872098452427892,11.891334895764873,11.921962620155549,11.907177925109863,11.887796844643685
1222,12.25243522973051,12.243332211873092,12.243756106348417,12.23614819129766,12.207864226194262,12.216511726379395,12.244400662137394
1223,12.491043628445397,12.48802329093902,12.488288741795568,12.20840492141018,12.498859463282908,12.418248176574707,12.47084570210412
1224,12.810862005001814,12.818791818901037,12.818213539024283,12.785617508700213,12.756929725741797,12.816885948181152,12.862435532940376
1225,11.412370753755445,11.38843354220144,11.390169018068493,11.491209524029736,11.258947244484586,11.268600463867188,11.38411935676366
1226,12.267164416791042,12.270513165597803,12.269179810367174,12.284336034642662,12.212075115971237,12.173763275146484,12.2004198635238
1228,12.019879977240125,11.983311573391445,11.987512099776152,11.945822671541094,11.999583049743759,12.003789901733398,11.998097293135617
1229,11.59055193215064,11.589915084056722,11.589228526466657,11.714932697117703,11.513734625397673,11.434966087341309,11.436555589598935
1230,12.154692675197557,12.151998597426077,12.152560475651157,12.187629192378765,12.160480644308983,12.172739028930664,12.184384251134501
1231,12.026520581633289,12.024495792129576,12.02303613971057,12.16250675842649,12.090512874814722,12.049517631530762,12.100766121663264
1232,12.175148711888486,12.17337031539176,12.172717546966465,12.193037803759927,12.261982425047004,12.240279197692871,12.276568898402326
1233,11.999437090432599,11.982882349973314,11.982882034835892,11.951432743243211,12.090757656991453,12.038721084594727,12.005118274354139
1234,11.731601776280813,11.74644381281711,11.744609653138884,11.779081863514383,11.79889201645406,11.680419921875,11.697454514086628
1235,11.781256916879917,11.778845641678261,11.778714537949348,11.809887808644874,11.831321875895227,11.832561492919922,11.815672050230544
1236,12.499189681927831,12.505174080856307,12.504121577580042,12.502941414615975,12.488049979928668,12.49060344696045,12.441693038237284
1237,12.201327376932673,12.208617164607448,12.207659300082573,12.180691879142888,12.163632915089813,12.21983814239502,12.202418046379451
1238,13.178215320022254,13.177945215870867,13.179975525213436,12.468234382564866,12.81802070915129,12.75169849395752,12.82139917793071
1239,12.404287701733793,12.405770235089044,12.406228329699386,12.386082969600222,12.213292881380779,12.250297546386719,12.279941981893995
1240,11.868673206987804,11.875253912968743,11.874849516742373,12.026868843718447,11.821774461124503,11.846755027770996,11.839974404566108
1241,12.286814762397983,12.280241936371416,12.280624769340434,12.226919488257805,12.245580662992358,12.256113052368164,12.252658043682525
1242,12.51067090859533,12.512064734970208,12.512403509034373,12.554923851180762,12.625793537220542,12.540822982788086,12.536917283799044
1243,12.12514168238727,12.119572718374798,12.120044821336931,12.12660791928397,12.116776603508475,12.09186840057373,12.100127969995299
1244,11.992850397245848,12.002412892152154,12.001933677677949,11.985561906462658,12.080464998443219,12.061817169189453,12.066713420170458
1245,12.090205833406426,12.1048329791065,12.104576249329575,12.054169391637284,12.122204065311912,12.164933204650879,12.154285176549545
1246,12.19196812060839,12.197772140743037,12.197154818749707,12.238968565394554,12.20521656374069,12.228181838989258,12.21611695547103
1247,12.532707957090034,12.538922496442876,12.53867866179482,12.503088941369063,12.489683888883352,12.5360689163208,12.535044395630328
1248,12.628967433847306,12.628279690878873,12.628398740575049,12.641111655976335,12.613609561785317,12.567110061645508,12.572974561249989
1249,11.921066713588706,11.910423904416305,11.911846415774827,11.960562376710593,11.950865398959031,11.940045356750488,11.922754707671816
1250,12.301977464051449,12.286007869583687,12.286315804833336,12.307420982435369,12.320273057215275,12.284878730773926,12.316119505912683
1251,11.809441061207538,11.791875349757687,11.792575229268678,11.749898242253579,11.779569457443849,11.75687313079834,11.750158564572706
1252,12.123603420059872,12.119553380012643,12.119406607819279,12.076538502716843,12.147304654949602,12.199167251586914,12.190691969963973
1253,12.079105979319293,12.088621189413873,12.08775590945576,12.081347763346262,12.031223157939104,12.103449821472168,12.073834966058262
1254,12.052764444883207,12.059103322865399,12.058431663661832,12.043968077482269,12.033022479733757,12.044254302978516,12.029626587894356
1255,12.726397822048352,12.726498283439433,12.726035668337552,12.728402311476486,12.665245729829811,12.689804077148438,12.695364621663488
1256,12.605360698383041,12.593070726277606,12.594506826402041,12.610963059044362,12.557840102217309,12.595531463623047,12.617398279595532
1257,12.301274491677354,12.30010113042794,12.29955622278643,12.129208669523898,12.170057250921795,12.12524700164795,12.157486393699065
1258,12.45672815255873,12.459951299630534,12.459486433200086,12.469607384347603,12.487593039287065,12.427648544311523,12.429623076530573
1259,12.679908481263508,12.659935460175495,12.66195141605036,12.680731171180513,12.804295795807201,12.774247169494629,12.795284426601755
1260,11.833999000357043,11.806959000745366,11.810269565681162,11.725870920414827,11.84301010761645,11.738863945007324,11.786910270238568
1261,11.845027608540018,11.841747056462975,11.841685473059757,11.877298763647506,11.899602030632302,11.933156967163086,11.91709857122483
1262,13.44579757123548,13.43708465997662,13.438724421680917,12.113796020843608,13.255943394155539,13.195377349853516,13.16348585195803
1263,12.401278224739999,12.393552322490608,12.39372118536367,12.415933823609329,12.5483940999448,12.484045028686523,12.458809542295906
1264,11.943319453198775,11.946842698578022,11.947003364756002,11.97380998241259,11.96954698761625,11.990726470947266,11.994945691042078
1265,11.814890990423622,11.81068895956,11.811278661548196,11.920140694745223,11.797521674925509,11.841864585876465,11.851254381131376
1266,12.383584945536873,12.336592559875715,12.34334245897911,12.35000981248398,12.408139982445697,12.489012718200684,12.481620468888014
1267,11.817324812935677,11.794449904189776,11.797247509076355,11.798398105846124,11.786253791511774,11.76547908782959,11.774334465429812
1268,12.486123692400037,12.484979922523157,12.485485337183515,12.47664911209134,12.472758769006413,12.505163192749023,12.491482862156534
1269,12.18374674585441,12.183176462623242,12.183427307952869,12.182633065324548,12.228170198688552,12.243219375610352,12.257064819579712
1270,11.975967597869172,11.977808166189448,11.977831253420183,11.986956966222138,12.026444985694814,12.01484489440918,12.014370165187223
1271,12.075312490241007,12.084980280261703,12.083576237785728,12.057880556297903,12.028574088906621,12.112427711486816,12.100934678007608
1272,12.337223566615355,12.348912604059423,12.348123649808887,12.222985232257466,12.278290692004786,12.280900001525879,12.308019858187585
1273,12.502547524970774,12.499876519932844,12.500691883909434,12.49621006502263,12.479260881183547,12.486095428466797,12.47230566724473
1274,11.939018875636007,11.937792634181028,11.937710747810575,11.935282745034295,11.98771152301447,11.9962797164917,12.000201345721445
1275,11.776559777484655,11.783162531222388,11.782989373855527,11.771820025141796,11.844731497964068,11.895211219787598,11.880406254347271
1276,12.253251161539707,12.24477617309924,12.244763438581659,12.233472987693858,12.243591212869399,12.252708435058594,12.264951585724399
1277,12.565415385724707,12.561677649797346,12.56232173379983,12.5481835019066,12.547489607667037,12.531030654907227,12.537901092416961
1278,11.394071546805401,11.396953672605562,11.396783662845039,11.378374065947737,11.391247389914014,11.373933792114258,11.456763409031113
1279,12.120635715951677,12.11991398952005,12.119769736310941,12.041863195895024,12.070779760885648,12.124055862426758,12.13423572810183
1280,12.311007009160239,12.307535553332665,12.308054508343469,12.321738754522668,12.323817855098282,12.286781311035156,12.297757263215427
1281,12.078660885206862,12.09117171748177,12.089853278291667,12.677366459398637,12.025893387242006,12.032951354980469,12.022315024425497
1282,11.643221818185967,11.674655895381278,11.67045311285019,11.86418618469923,11.62789214564911,11.693161964416504,11.711071257405854
1283,11.455614069989865,11.487117981569995,11.479698469465532,11.605421749151935,11.563300093855725,11.583415985107422,11.631828991643689
1284,12.39317613143801,12.39150724425077,12.391938521143537,12.36187919786546,12.349051488583331,12.338765144348145,12.32092649481648
1285,13.00431627630743,12.997025394842957,12.997071921732967,12.81676082502787,13.08786153321878,13.085413932800293,13.068737580082722
1286,12.299624106878724,12.287213671518538,12.288260395838897,12.278620379622158,12.249884641116404,12.256969451904297,12.284938169658322
1287,12.225318481510238,12.228213514127592,12.227414846423954,12.18827572042314,12.181193841634208,12.209236145019531,12.201917912370117
1288,12.314406390816178,12.307657267629867,12.308799646020178,12.287001338535685,12.319371793412278,12.348512649536133,12.329375651952475
1289,11.891713385359118,11.889226474018226,11.889283186722404,12.142155210226976,11.884460493188682,11.969328880310059,11.973427020119292
1290,11.309376382310058,11.348280559320672,11.347098691804556,11.48560173897932,11.407731740336159,11.4066801071167,11.456307379438433
1291,12.224057319459627,12.210097208360416,12.210785101018004,12.178308781908148,12.208556302744295,12.207324028015137,12.18146663802424
1292,12.130274321328937,12.13530410436481,12.1350642506681,12.23103145784563,12.139722192590602,12.180122375488281,12.172083882692949
1293,11.869499779478172,11.872233184104935,11.871397465718788,11.88208692166095,11.929220898908081,11.900755882263184,11.885438760984206
1294,12.313590831543014,12.313592469454278,12.313375083400526,12.26604138923236,12.23300712038777,12.222013473510742,12.244683673069327
1295,11.60508029831407,11.636797221735536,11.63174523108739,11.441868824026246,11.555057934419494,11.540283203125,11.514102018437613
1296,12.89125996184907,12.89423959463208,12.893967625663457,12.90237126789124,12.905968125113244,12.960919380187988,12.941304263049043
1297,12.28938546030168,12.284399366287,12.284613920260254,12.246125815843863,12.213166216588888,12.215700149536133,12.220237196135825
1298,11.67479545290866,11.690312228068692,11.690534588063983,11.98068031823227,11.629469322841777,11.645179748535156,11.607136241804186
1299,12.531831869864002,12.529408411844411,12.52988526522595,12.521080650402274,12.532631625817666,12.52067756652832,12.520860522118443
1300,12.524071453179834,12.524625649901392,12.5241956576396,12.544705359077994,12.513796738462286,12.481901168823242,12.529564454796743
1301,11.898937102994077,11.898109565619544,11.897936434484318,11.925220729549377,11.927948510130909,11.974163055419922,11.971787296435107
1302,11.913536572662816,11.908222079087727,11.907958850380025,12.057523580225256,11.928858434771426,11.94074535369873,11.91722233448243
1303,11.876920927503827,11.876732767242977,11.876626895658788,11.902268331469376,11.830737016676697,11.859540939331055,11.826616774358305
1304,11.770217524400877,11.769803769393741,11.769659152775132,11.787655993052665,11.731769427509557,11.719736099243164,11.695390044172935
1305,12.013343240480975,11.998004385828471,11.99877940641762,12.037863339419886,12.065346714838794,12.05294418334961,12.069032113075997
1306,11.829794246980244,11.83380463500756,11.834194573368944,11.840532747034125,11.809506277159588,11.789183616638184,11.80128003844093
1307,12.551617521733972,12.565788181679244,12.56471174786728,12.549184193808808,12.569259760027029,12.572969436645508,12.540328756888867
1308,11.677094181064849,11.698775616040527,11.696256283516773,11.750855202889184,11.752965906927725,11.826970100402832,11.81874230480788
1309,12.190846826848732,12.188623602018614,12.189199828745199,12.315790984338303,12.136453239145295,12.118133544921875,12.125712679496031
1310,12.36278636817329,12.335822170708939,12.339604607098593,12.105354759698601,12.336491137366615,12.354840278625488,12.353510583691307
1311,12.884666538456953,12.882162700952035,12.881659625541038,12.716106893865446,12.830083084861846,12.816164016723633,12.792022217497045
1312,11.93526148720746,11.920389825869416,11.92150458447091,11.936819000664428,11.976742814238856,11.866376876831055,11.912314514703485
1313,12.120787779581288,12.119972734377749,12.1198756250055,12.125302350474385,12.086370930098706,12.11334228515625,12.089642650622327
1314,12.40610665023733,12.411430205782787,12.411689396847109,12.419374340168057,12.360110614999904,12.373809814453125,12.347077897959679
1315,11.70010596511462,11.71724835743129,11.716958483523042,11.834555221988012,11.692412955032022,11.806258201599121,11.815400602311954
1316,12.119903876057926,12.110689724441492,12.111827994831957,12.12589483652085,12.101245116975385,12.108926773071289,12.103407342387905
1317,12.698315604246803,12.706712343850272,12.704291405680653,12.721427538864853,12.616949639226641,12.617504119873047,12.648846611300288
1318,11.936873727511434,11.947268530937905,11.946374150022928,12.144612805878213,11.959503962613216,11.9555025100708,11.975862772181873
1319,12.101212386134874,12.109469232318263,12.109218147432552,12.167651609074213,12.163743285388058,12.152836799621582,12.1394539434294
1320,11.94758131368254,11.944461110370417,11.944195679498332,11.958859678047213,12.016659776796544,12.013463973999023,11.979764836753082
1321,12.38891309118337,12.387389638228692,12.387145174651693,12.166943008119956,12.443944645128022,12.457060813903809,12.44336190303404
1322,12.141373930787102,12.14183703891114,12.142212339776078,12.032342075901965,12.10792757905204,12.097434043884277,12.126810476476534
1323,11.89034337654727,11.881678662139072,11.881485590143635,11.82328012780222,11.86298838185337,11.91856861114502,11.874817667533348
1324,12.334763200352217,12.334477889579617,12.334122662467125,12.31604904291604,12.308916942951198,12.324122428894043,12.296792748529269
1325,11.841052568268719,11.852788374603739,11.85138577804161,11.823137426629064,11.786518530005338,11.783556938171387,11.79579934563678
1326,12.46142883084869,12.458104781709528,12.458694537818833,12.437606229282892,12.405461888980144,12.4368896484375,12.415035950768956
1327,12.302767643191231,12.32141444706753,12.31992698076976,12.307479667934334,12.355579805941531,12.327661514282227,12.348992700144901
1328,12.453758335326281,12.46112525961611,12.45988734395468,12.428658628740733,12.490454962410018,12.521941184997559,12.515371153667617
1329,11.842976969639281,11.82497542702668,11.827962892073298,11.870301621688853,11.896689483591228,11.888811111450195,11.82894665583471
1330,12.092439612698577,12.088357918803089,12.088894130007318,12.0323814115862,12.025888897177271,12.068110466003418,12.076447256546752
1331,12.464662198092071,12.448817376059718,12.450794192516968,12.527046688669799,12.443078254826627,12.419026374816895,12.417346709509953
1332,13.067409622806583,13.050487788186588,13.052214084435617,13.05349034019462,13.102409104025948,13.053571701049805,13.023493536457634
1333,12.735589541720055,12.72539252481066,12.725900270802377,12.747213759621633,12.893036327331417,12.828855514526367,12.839884963159811
1334,12.013249724424536,12.02292847320129,12.02310673205011,12.048697952617726,12.03990412176589,12.073138236999512,12.073419196616383
1335,12.607529149817978,12.6006688163729,12.601278377962245,12.632009078773466,12.71467576062712,12.6808443069458,12.725432362731038
1336,12.059063334335518,12.065367892328217,12.065520138239302,11.995788639914355,12.047474680610378,12.03632640838623,12.053630413701521
1337,13.053731798101687,13.051546897086306,13.05192318994009,13.056467693635742,13.005819642893067,13.054155349731445,13.074521541291354
1338,11.921914938608086,11.917352957737295,11.917641853598381,11.917578589065508,11.795068161322046,11.704115867614746,11.713530190877664
1339,12.60174635870844,12.594456028443703,12.595632925095286,12.586033074617005,12.554431424895764,12.498574256896973,12.551012327756398
1340,12.450176358110477,12.445898115470184,12.4460832188523,12.419355420728447,12.416467867790788,12.425480842590332,12.41865937396208
1341,12.28654986324196,12.278349078197357,12.278219739985499,12.3050696042222,12.301939460188315,12.305458068847656,12.268792663002172
1342,12.721228187160602,12.714851951738906,12.714876233564954,12.549322940425952,12.82857949228954,12.740793228149414,12.724402815370123
1343,12.034518319821943,12.033569735508914,12.032950632717567,12.058332121641426,12.030849922255777,11.996745109558105,12.036400375413683
1344,12.565371382334654,12.56634247391914,12.56638457810794,12.53315326400896,12.51836045521695,12.549924850463867,12.506618092524299
1345,12.016154364743432,12.016694891404178,12.015979982488517,12.025360104985348,12.067259963499287,12.0864896774292,12.090035348830828
1346,11.800123989817045,11.796310515688317,11.796429286639299,11.799612037782707,11.860599295995067,11.849472999572754,11.887725619778607
1347,11.797956151978928,11.807630705269329,11.806082027565287,11.82077658955825,11.876797239874064,11.887981414794922,11.890884462522752
1348,12.388154464596942,12.36840800481305,12.371304605736183,12.397352518509013,12.304157140979362,12.286572456359863,12.29187372829032
1349,11.76025635271075,11.776158329730954,11.775036038512543,11.70766461745686,11.803795559663818,11.796723365783691,11.685609090543426
1350,12.329379610677831,12.338506177043062,12.337342646701439,12.318646074854517,12.325167310846922,12.356463432312012,12.361793868252853
1351,12.125717463745522,12.127854397556375,12.127693839663001,12.140918709838166,12.1263256256479,12.149956703186035,12.126644131385426
1352,12.494935836038549,12.505774603464753,12.505220766146614,12.480249221317207,12.482212428698029,12.478353500366211,12.483846610319981
1353,12.134034322609986,12.12991784979246,12.130600189444563,12.167748768339099,12.191621831142495,12.166627883911133,12.163400101494902
1354,12.264054102946641,12.258860481482083,12.259022158367413,12.090623695597813,12.211021805459723,12.301053047180176,12.29003302168717
1355,12.23913551254886,12.243972513441866,12.243608468735195,12.253440477283199,12.289686849740422,12.274626731872559,12.261650562511194
1356,12.359852243095016,12.369253633427531,12.368101270504269,12.430633965692481,12.344932646421698,12.424798965454102,12.490808167159765
1357,12.41665469845848,12.411432424940255,12.41173489376576,12.414148455710112,12.430823468352044,12.428589820861816,12.393651418796678
1358,11.563820942530489,11.554460227469606,11.554947956767084,11.763335790084204,11.713138873140833,11.67225170135498,11.688472676206393
1359,12.111504197756481,12.096434616054971,12.098222339362145,12.118765403705456,12.067219069818506,12.044768333435059,12.071966976014554
1360,11.999479225019082,12.005935868770456,12.005075442235356,12.040816562357433,12.088448303708319,12.047036170959473,11.955132382944551
1361,11.68887473627421,11.691982414110134,11.692511952250783,11.661581213030061,11.599848129717692,11.604472160339355,11.615822934269554
1362,12.945184433761993,12.962011354375825,12.962340485775206,12.98682248627154,13.005035675613236,12.968819618225098,12.995386020095301
1363,11.689188383729482,11.687326750786166,11.687737655100076,11.632172517991036,11.570116575527749,11.686403274536133,11.649417187908021
1364,12.639950649507092,12.622142724437097,12.624370553374023,12.19898406410118,12.568121769949926,12.613847732543945,12.635439252937951
1365,11.916895728568427,11.908475313262304,11.909751450020778,12.117088835488405,11.965897491881437,11.955857276916504,11.93379696492756
1366,12.034451201461115,12.027086376627851,12.028011758752095,12.096375009819797,12.135981128368293,12.06680679321289,12.050043090612514
1367,12.083162658686962,12.082831130495034,12.082985511467538,11.964572658146407,12.174448779963235,12.206381797790527,12.189912528336105
1368,11.778272332772215,11.776678688936023,11.777212884192597,11.66172288328738,11.760422267407659,11.841687202453613,11.898424349660125
1369,12.629291352404637,12.626009136878304,12.626407753972147,12.657306228736044,12.691144173016841,12.719061851501465,12.69017878232715
1370,11.6313098524665,11.620030966461254,11.620993833220828,11.63728404359904,11.54143112657239,11.520520210266113,11.47787409371896
1371,12.304773467480619,12.314926199703303,12.314088970238496,12.289031145994093,12.302000681442737,12.292123794555664,12.291237764807622
1372,12.422788052846103,12.42961203637105,12.429934208240885,12.224009572583183,12.356973635010966,12.385566711425781,12.387007061013106
1373,12.099510503694573,12.103186068247187,12.102099632996467,12.085420032713833,12.088884145505952,12.050467491149902,12.054509521000771
1374,12.523411794112565,12.536056097383458,12.536517096125737,12.594065375765345,12.601004546875583,12.48966121673584,12.563859049441591
1375,11.837661940461603,11.850470338537892,11.84908522951971,11.839288567636714,11.826602050880888,11.801186561584473,11.795013951786434
1376,11.874560849425357,11.867346282598486,11.868099065748174,11.814130180829098,11.918620930316289,11.916211128234863,11.911600363583368
1377,12.473862443841227,12.463931198949274,12.466628296522153,12.445501349844449,12.486003612066654,12.450579643249512,12.415708812644219
1378,11.880242099805608,11.885050199605457,11.88427818467083,12.323676099816774,11.923363432140485,11.887313842773438,11.905178306788843
1379,12.69408873721166,12.704861797843472,12.704099030260107,12.713418019997192,12.767455231030944,12.768839836120605,12.76164807430544
1380,12.571240059119555,12.555855797728968,12.55692379005113,12.594507323347623,12.590023756733297,12.586580276489258,12.536306666205268
1381,12.354256756038783,12.363287781252644,12.362071985809026,12.35417426146194,12.33712871557415,12.35561466217041,12.354864459324986
1382,12.610261571371561,12.612033434670842,12.611866245464466,12.591300385377076,12.599969445991526,12.674077033996582,12.636988284508119
1383,12.044366915339596,12.041007168758945,12.041346249277328,12.027292141208072,12.031734432484875,12.057710647583008,12.011834673728096
1384,11.999875948311105,12.00462911339601,12.004380068332463,12.06748324674068,12.023072647896589,11.989014625549316,12.024783783433232
1385,11.966566289070997,11.96568205718021,11.965359540980003,11.982826005266904,12.022731810194971,12.03693675994873,12.057973476793359
1386,12.375069604964914,12.374214401914704,12.375166240170266,12.354019064884536,12.38440428293532,12.42568302154541,12.415251316592675
1387,12.92106791044408,12.91650012553193,12.917144253500727,12.930217925899369,12.993775388248547,13.032044410705566,13.011594869396054
1388,12.175814527620325,12.184797419920603,12.184656998400797,12.112270843074464,12.23406852615162,12.21315860748291,12.191686669960236
1389,12.467717876915751,12.460868120310028,12.462015396650358,12.466549609631722,12.46190502247709,12.401321411132812,12.38685220801855
1390,11.800720896487212,11.776116088239315,11.77814556486716,12.014327605983546,11.806334727135155,11.784793853759766,11.820904606118729
1391,11.847805366468226,11.858812130525406,11.857672708326858,11.89412837571599,11.909022211225674,11.876275062561035,11.867619573641248
1392,12.219923440042447,12.221757493003848,12.221455577061764,12.257139221661808,12.17863735335254,12.203688621520996,12.198587650747037
1393,12.67444208955543,12.679547091306452,12.679311714394807,12.676219035704264,12.628562401576755,12.777883529663086,12.770123604487896
1394,11.881806440379373,11.892708737313708,11.89159282533278,12.05963059168703,11.934886034421382,11.910341262817383,11.914322214180986
1395,11.760735272314713,11.770547111050977,11.769001581873368,11.760546627088665,11.661495345825509,11.614367485046387,11.561470628482988
1396,11.678225194223025,11.692092539014924,11.69136192443505,11.627667024209869,11.578681400865625,11.680484771728516,11.68592633797211
1397,12.143385060281933,12.158255344013698,12.15580718209061,11.936624885905232,12.066363967319287,12.105862617492676,12.057918831298608
1398,12.055681567143342,12.045169586909335,12.045420215982448,12.106826382578117,12.010090532885823,12.016016006469727,12.080077138409367
1399,12.285145119791885,12.287153188821447,12.286946749700396,12.277558087546723,12.25733911164931,12.277496337890625,12.265372014675576
1400,11.86462310279086,11.884387450395,11.881119801265152,11.934694983647145,11.885518154960867,11.882214546203613,11.825940735101074
1401,12.037524123338603,12.044200396589234,12.043812326192256,12.030265215537323,12.069334306603368,12.114297866821289,12.09707640322761
1402,12.111889240317335,12.124283279557941,12.122858071482163,12.124761337973174,12.153102949050497,12.155198097229004,12.137331158307301
1403,11.806312537615709,11.804775714374534,11.805787168207349,11.823549934463284,11.82830157128505,11.77678108215332,11.786911293559307
1404,12.38435534251705,12.3795025486477,12.379797045876828,12.41763658355999,12.410006553605033,12.380111694335938,12.3769681850117
1405,12.23861981371997,12.225656588194148,12.226946115734405,12.134944068812842,12.296651174793213,12.211670875549316,12.249186753556907
1406,12.447394644933992,12.454423751368536,12.453898182183497,12.442892600965282,12.417466212504415,12.458494186401367,12.450483814927992
1407,12.063419763605296,12.060947152273616,12.06082992553351,12.062292127331155,12.02849759561369,11.984574317932129,11.99814842816736
1408,12.266212784645179,12.266682491615708,12.268105477573144,12.187609792820671,12.144909243139205,12.23304271697998,12.261446428562992
1409,12.466810160256632,12.463710614961768,12.46351414209506,12.467142066178107,12.495060822400134,12.459601402282715,12.457205438066799
1410,12.39231057403424,12.398726284535663,12.398171001200362,12.434449894813111,12.410737997834541,12.38759994506836,12.345774800101864
1411,11.861110403816332,11.869799936676163,11.869494198983361,11.882595271920708,11.91499279184101,11.955288887023926,11.96411239425449
1412,12.300928755676596,12.288452851993934,12.288863445751575,12.30384359266755,12.34362520698389,12.288357734680176,12.297217655163037
1413,12.283905545200598,12.293740379722852,12.293232416315732,12.233537841729824,12.41432534912032,12.39844036102295,12.385399408989995
1414,12.282040931051165,12.298444403411516,12.297635891643358,12.277339243024258,12.306470929186734,12.373745918273926,12.291090093535866
1415,11.843619786742924,11.842319137689188,11.841662527642198,11.818498757576684,11.854224204783518,11.845836639404297,11.841463640526255
1416,11.74706956843924,11.743923111451126,11.743479285412766,11.842850988229817,11.817960195752987,11.828126907348633,11.82505753886738
1417,11.945707321589294,11.927222421186046,11.928508587291095,12.13492483913263,11.938006633897581,11.901236534118652,11.886649442541817
1418,12.159763308418075,12.164757143846264,12.165250241149392,12.144694834160386,12.165236592837047,12.152091026306152,12.143030518404988
1419,12.054527733779564,12.05638555340492,12.055399286937561,11.951618403866574,12.08786428754251,12.108985900878906,12.050160198196135
1420,12.779049334273408,12.769892515423562,12.771005930390212,12.786843146970902,12.79943134925387,12.769952774047852,12.815057209695501
1421,12.437178446040166,12.436747944367113,12.436678480176653,12.438569583105261,12.446802745630706,12.433965682983398,12.393447734169362
1422,12.372669317131104,12.356584087545954,12.35899763571587,12.167279819036223,12.395153594854532,12.33898639678955,12.326313459391153
1423,11.98373989430374,11.982312342843578,11.982475095492324,12.070548416559895,12.00740589682199,12.014379501342773,11.995924617853158
1424,12.233764958303436,12.224934100989984,12.225873152982244,12.236987009862078,12.20775483483905,12.220311164855957,12.175735069357826
1425,12.039937325161642,12.032410944346283,12.034665667670904,12.045865071433338,12.024705927817594,12.077139854431152,12.063825797741314
1426,11.761128141684729,11.758204207897897,11.756069584521997,11.814514115723037,11.8388335594323,11.912432670593262,11.922776050592223
1427,12.783478287170565,12.796410036543572,12.797655216693821,12.794910843711474,12.73330740844598,12.775774002075195,12.698489087087582
1428,12.502949516730386,12.496863105030906,12.49745345387528,12.479590054515507,12.432665564142654,12.404605865478516,12.444389929741488
1429,11.801152812721924,11.804125609861355,11.803233011544274,11.797305340235612,11.838164569335742,11.881001472473145,11.886595529918948
1430,11.893198793222671,11.893677173667937,11.894887236228461,11.934011808833144,11.98490366255848,11.948386192321777,11.921392079125225
1431,12.322419604852207,12.319031095869136,12.31919119212824,12.153777359597917,12.203354607245103,12.263694763183594,12.232894154805393
1432,12.052595716927225,12.044642927695989,12.045668877231632,12.145790370400592,12.063049644522508,12.065337181091309,12.101580862695117
1433,11.782762743927856,11.784611578837815,11.784699149203044,11.784072853980067,11.772412640889891,11.812849998474121,11.783492792297746
1434,11.407349861519416,11.445730501175936,11.439805415030689,11.43510018024195,11.55076430903227,11.627225875854492,11.636048729431405
1435,11.461570899637563,11.452767692251527,11.452018026985174,12.121097595660828,11.580596709471369,11.426581382751465,11.412349883541282
1436,12.31723929569698,12.319292824944338,12.318816544470456,12.32096244052634,12.28942807088843,12.276863098144531,12.265704099382765
1437,12.793469848738443,12.789859062359447,12.790647838191692,12.825634455314429,12.879283549866233,12.867720603942871,12.886609500192474
1438,12.393540088935493,12.3961927102362,12.396049279425277,12.376664764215423,12.350096147945562,12.339188575744629,12.31716469823496
1439,12.184822235921704,12.191321960826254,12.189747050356024,12.211611929470942,12.099466028151397,12.176029205322266,12.162922761435775
1440,11.875469136288121,11.875471830573005,11.87528971075835,11.948690080445134,12.003551463884268,11.974438667297363,11.990648852765679
1441,12.342262438094709,12.332874029166629,12.333499612253966,12.31860126159753,12.235168979816772,12.252330780029297,12.24912893490755
1442,12.217278596027207,12.203909481093325,12.204083118453573,12.27750166787016,12.267371904203888,12.228952407836914,12.23646613831277
1443,12.264262111044392,12.276713597022887,12.274887995078016,12.30198025126564,12.191283720510755,12.180830001831055,12.16852891170631
1444,12.4892994218735,12.493025401126648,12.493069693919663,12.490897221122403,12.496271139584927,12.472371101379395,12.489671916382072
1445,12.659486616615823,12.641417334437104,12.64372608570432,12.670741237408278,12.782141074627344,12.76883316040039,12.774348078724168
1446,12.277020581243146,12.28064155578291,12.28050373831059,12.295686502029312,12.404868229567358,12.334945678710938,12.35253664812075
1447,12.112438184177691,12.112848479300109,12.112069461659578,12.09418416250314,12.097893501705371,12.139115333557129,12.135717293007625
1448,11.857394708631343,11.860740776983585,11.86036380339631,11.828736950266503,11.948066999366093,12.00466251373291,12.024044783159258
1449,13.618596582164752,13.650541828377781,13.647977257108924,13.55284039934531,13.338937500177849,13.220203399658203,13.167978948796648
1450,12.179885595905388,12.165323469539803,12.167764003077512,12.186446183824321,12.14182399954986,12.102420806884766,12.107966531970833
1451,12.091023959929236,12.079703412727582,12.080948061682944,12.085286315787409,12.12197454836572,12.098350524902344,12.115776365101704
1452,12.533986679673607,12.528848729055634,12.529826313359456,12.507412391087607,12.457911605397797,12.427701950073242,12.449226004685812
1453,11.946917843338541,11.950439168352952,11.949724344724888,12.390281591197567,11.998608768643685,11.998056411743164,11.972409250191056
1454,11.702369247650525,11.689238731762181,11.690191467843707,11.728148092777566,11.657164618272711,11.640900611877441,11.61323190148754
1455,11.88591531225249,11.880388027108017,11.879789946092487,11.9236719430172,11.950172963265526,11.893566131591797,11.916800142102085
1456,12.23363310580636,12.232122309585908,12.232301153638103,12.189041994388825,12.216912734455581,12.200273513793945,12.218079170660479
1457,11.827998149899306,11.833252018180179,11.832247139599906,12.089032563498003,11.865362262695903,11.856396675109863,11.825400485127028
1458,12.350350607528743,12.349696191721778,12.349306528676781,12.32529871255965,12.300239281391221,12.254785537719727,12.29351939897929
1459,12.330006361186765,12.323845189846034,12.324641250878152,12.33961385069251,12.354849591934563,12.334593772888184,12.376020724011212
1460,12.050636969139628,12.05665409808166,12.056495761229833,12.023163432078114,12.085843036695731,12.097524642944336,12.11728809061358
1461,12.123048109772766,12.106930526945728,12.10835111159046,11.590031353972648,12.126435197345394,12.11330795288086,12.086189225284768
1462,11.90707092478035,11.905505003149408,11.906078936510733,11.933417326570328,11.932815860793871,11.950270652770996,11.94797040166386
1463,12.09296569202367,12.07868613396907,12.081183661548256,11.910741834247963,12.108185885179331,12.092668533325195,12.099555646820514
1464,12.278712656989013,12.295531641715606,12.293346436154138,12.30610069150116,12.294342650193787,12.243037223815918,12.242280941912702
1465,12.383643218889562,12.381349215115971,12.38144984800943,12.402343160824028,12.327621362472614,12.354042053222656,12.343468997499091
