Id,ridge,lasso,elasticnet,svr,gbr,xgboost,lightgbm
1,11.919086745530768,11.922326903231916,11.921739473373655,12.019025623775317,11.994747418445773,12.003256797790527,12.007832784571004
2,12.081588521415068,12.069785869869953,12.06961521110443,12.097745373382459,12.065114137375813,11.995915412902832,12.004246125640083
3,11.811464960469488,11.79398343184217,11.795401819655698,12.118721562713752,11.778949384493929,11.751843452453613,11.78092924087312
4,11.893046635517148,11.896020780040699,11.89478497627566,11.939836329497428,11.937650276533008,11.953468322753906,11.930181574253234
5,11.951055163887782,11.96424192886021,11.962920202502806,11.94540051989992,11.841698416204158,11.884231567382812,11.839849276696977
6,12.341352819356977,12.348010187856794,12.347994724427878,12.340165248397723,12.316509359314193,12.382186889648438,12.368672174155178
7,12.201810005468019,12.202292346931051,12.200994955271609,12.099221436875881,12.191208556825439,12.153247833251953,12.175933821560292
8,11.903186001703062,11.915988916489715,11.915017976550878,11.922197647392109,11.93301487352461,11.916159629821777,11.919588813540159
9,11.993086782088202,11.998201251051121,11.997874719973442,12.050258556918157,12.04875202366523,12.041797637939453,12.044167774786438
10,11.975741238405186,11.986311928557203,11.985188184520533,11.9981009820216,12.082832335077729,12.06363582611084,12.064650726730344
11,12.052733857376682,12.07319527589458,12.069513208490493,12.006974945476774,11.97589533227973,11.948114395141602,11.98318471384144
12,12.114307005175641,12.105547029642674,12.106476886708757,12.83158790359542,12.101163140531474,12.104338645935059,12.100544705262365
13,11.879136104946223,11.898678010744646,11.896967669417917,11.96871801157877,11.922464719688449,11.891798973083496,11.896079026319967
14,11.967346962945303,11.965096249783283,11.96480165494335,11.995678414255122,12.003831407081659,11.969014167785645,12.010918814431307
15,11.765421511507977,11.774506929613521,11.772987352189412,12.039878479772929,11.775740857603779,11.792312622070312,11.769613737772783
16,12.181168542022423,12.175173192123314,12.176013223124437,12.179275877831474,12.253455018798459,12.205275535583496,12.210111596210666
17,12.150558460418983,12.160840574499739,12.159149111060762,12.10555338828385,12.07458530665103,12.094015121459961,12.08963887512896
18,12.097189092259455,12.094071288558268,12.095388550467638,12.096686730262913,12.054373512708239,12.03994083404541,12.039181012366068
19,12.249464974641905,12.262158443478906,12.261042436737693,12.249140429732138,12.291819289346659,12.260855674743652,12.291442788077163
20,12.640222873551338,12.62402205543374,12.625815301803453,11.997275340936106,12.613685913389862,12.621264457702637,12.572597631657352
21,12.204716053529012,12.204872017491809,12.204632106967228,12.22899834336546,12.155390661557709,12.134885787963867,12.163758276080715
22,12.10205533920282,12.10517814161718,12.105073600075011,12.23844541824894,12.151351638106716,12.129182815551758,12.1409930458423
23,12.228163846879909,12.218084002140758,12.219059715929863,12.103833920017577,12.272528557835297,12.253341674804688,12.199797227767156
24,12.455009358368553,12.45279154062218,12.452945055272535,12.483498313856499,12.474732639135404,12.498687744140625,12.505348654588737
25,12.547739356299575,12.541259672342635,12.539592664528884,12.090504659249898,12.33135316572637,12.293724060058594,12.261435428717718
26,12.093669817011792,12.111209838687808,12.11081237802437,12.119534400361895,11.987016751423944,12.021442413330078,11.980814251286589
27,12.094107856741745,12.105522308518962,12.102926925978394,12.167872512056945,12.075107710064001,12.1101713180542,12.083521219176083
28,12.595363741796243,12.591471915613598,12.591824862362516,12.594114204568548,12.630613997191325,12.593356132507324,12.572949307543311
29,12.713230385114601,12.709140668659392,12.71225399013662,12.731472252793411,12.524845841531556,12.59621810913086,12.580644124376242
30,12.692026302569557,12.69303011140422,12.693562346139974,12.633907346770748,12.584893761275492,12.593343734741211,12.533736416697327
31,11.965486152739262,11.987889761695536,11.986658470326107,12.10422786708995,12.013169864993662,11.955655097961426,12.007592247908077
32,12.669136224281052,12.676468313787513,12.676051331523709,12.667942767679012,12.629148195231789,12.617701530456543,12.66620167530778
33,12.885966760359878,12.888994162678365,12.88816460958498,12.897744593104674,12.946457918289765,13.018183708190918,13.040370159627564
34,12.06951722146797,12.081563449789101,12.079139129836838,12.002621607706883,12.138003301042046,12.202303886413574,12.228651584046165
35,12.365848250814658,12.382480175249881,12.382407807323395,12.391623994761044,12.395455379543161,12.450765609741211,12.494058376782267
36,12.132461178109127,12.136440105756044,12.136285109548032,12.269538999625727,12.110648431630109,12.154775619506836,12.149678464157835
37,12.134329632690292,12.123000705678283,12.124813824875774,11.947075786577546,12.11226187439202,12.107565879821777,12.122736963565185
38,12.893882880870429,12.891929545896598,12.891942290462678,12.907558508319358,13.015364858500273,12.981377601623535,13.028084791238184
39,12.466335550266574,12.477550181720597,12.476731772798693,12.448898685322233,12.54142488214764,12.514690399169922,12.486558631107277
40,12.182854967145415,12.182885103007253,12.183791190838942,12.122800044555818,12.207144415086885,12.195250511169434,12.257302121889257
41,12.092767840340189,12.093299909193004,12.089554861268116,12.086680456389912,12.123446441800253,12.123062133789062,12.088396769662316
42,12.052520722589696,12.064196263393235,12.061824090144828,12.234826419689885,12.107984621330115,12.031332969665527,12.067930716822996
43,11.946114007103098,11.941776602101998,11.941814516019408,12.081906783073354,11.929509250869629,11.944581031799316,11.981267330299573
44,12.125579130681148,12.132282617953132,12.133245348681214,12.131070344838909,12.116861016053823,12.132987022399902,12.15153760892439
45,12.369480315869946,12.371258555916585,12.371146281921494,12.392798561564211,12.405463909925583,12.422057151794434,12.402578593118402
46,12.759191404228835,12.75323343565968,12.754608821549606,12.744301290788906,12.601782870171037,12.680505752563477,12.698326480817858
47,11.821868350011172,11.822315107872484,11.821194648348358,11.833459865830553,11.798019387999188,11.804926872253418,11.728171803393296
48,11.991047837620982,11.986301996319181,11.987278477561995,11.979749681298587,11.888373992817119,11.900436401367188,11.896146093892693
49,12.018179920037884,12.020376962274486,12.020032744009592,11.907288970967407,12.033926179434012,12.0248384475708,12.041295397889824
50,12.15458652131468,12.162209544589206,12.161969607450619,12.073543292045525,12.139316672639474,12.112229347229004,12.159958401335357
51,12.933169631822887,12.924630963931612,12.925036423023187,12.936785089990536,12.968533311366508,12.943902969360352,12.932930981367328
52,12.361520028112624,12.354930134960377,12.35655795900678,12.37081183148976,12.370700033815258,12.295849800109863,12.319300672168586
53,11.519936357593224,11.502031911916108,11.502319682834775,11.549240601013121,11.569050257514508,11.606778144836426,11.601936892950315
54,12.009974829426554,11.997428134596452,11.996534046412766,12.091175528622252,11.984938024690539,12.043325424194336,12.041329086674404
55,12.110988112267522,12.130986981884762,12.130004800338432,12.071662535648706,12.075177087162254,12.073872566223145,12.093806375254031
56,12.230887000275073,12.235529673714952,12.235927292381778,12.09112128725494,12.191643844955363,12.202146530151367,12.168358492522868
57,12.255979480120986,12.25135153329192,12.252039104778383,12.255073711052153,12.238307899857684,12.241318702697754,12.25317257588393
58,12.478270515793417,12.492775328883907,12.491819544123437,12.442316174199632,12.54683687815823,12.469704627990723,12.532160111927137
59,12.12045265630481,12.128624177576448,12.128253648395006,12.27301565450708,12.203203559364654,12.153486251831055,12.155403060555422
60,12.164187249670594,12.166823432375836,12.168831601250206,12.172122694937624,12.256215273104516,12.272092819213867,12.248670141177291
61,12.09091489848023,12.098350781799803,12.097557996360361,12.049440369683449,12.01753117986023,12.050984382629395,12.043557505577187
62,11.637474766187502,11.654189173695434,11.651601200258774,11.702718101955975,11.69781738248394,11.711097717285156,11.721596093594053
63,12.788247763771304,12.783685794612804,12.783980531094466,12.77758969906341,12.901739864589606,12.865060806274414,12.906623104779792
64,11.970116620481573,11.965368431938204,11.965708510337063,12.01117065957586,12.039067509248648,11.994653701782227,11.979478055797685
65,12.27256612361303,12.28787684755991,12.287196010399514,12.161547911747975,12.301198960296654,12.315690994262695,12.309276532343231
66,12.019127790084813,12.02546771801554,12.025060649477407,12.058867758259364,12.058756491005239,11.997308731079102,12.003237103044299
67,12.778062094083595,12.774983073121431,12.77459193891872,12.400556244378006,12.775598934368041,12.752065658569336,12.749200856271454
68,11.91394940684097,11.921000267748388,11.920117915148193,11.925389137639575,11.99720124211248,11.989147186279297,12.000756281911865
69,12.071112130024453,12.086777290306085,12.085954812235236,12.07428216851011,12.050496252803073,12.077484130859375,12.06998745064753
70,12.2025467426778,12.185394032504812,12.187199915433656,12.151688494113472,12.172419108614509,12.163101196289062,12.19818073298178
71,12.839556447119502,12.83208039933047,12.834533630304689,12.833624675237685,12.89838022592639,12.843951225280762,12.785787860564154
72,12.271163167350235,12.274474382330316,12.274450787452627,12.257452713016805,12.266928292783723,12.24039363861084,12.224199449295734
73,12.46152379898959,12.448964171843551,12.451563480837473,12.125369672033203,12.53306164672723,12.48592472076416,12.51568956243782
74,12.57725545018136,12.557840700828166,12.56106377600841,12.090504659249898,12.57195951281992,12.587437629699707,12.609124647070644
75,12.386811555699957,12.389696409165701,12.389360737841335,12.382478946548302,12.40482328322602,12.432426452636719,12.42543782439525
76,11.899989801613897,11.914602860570174,11.913789516596411,11.916740802545398,11.972443113472453,11.881488800048828,11.901610612063264
77,11.756446083329253,11.752526482279897,11.752157205098621,11.754388035916346,11.7107959198028,11.720026016235352,11.710034111075922
78,12.335884849014453,12.343630182268894,12.34292381925868,12.314382300998057,12.317624546498783,12.337057113647461,12.312045294815366
79,11.951068383445536,11.96912500745847,11.968071488237342,11.988584895305571,11.875041960117967,11.953767776489258,11.95119025141876
80,12.019638149551868,12.017703463284441,12.017430469127707,11.982092576106973,12.039986733221667,12.039864540100098,12.103273614590261
81,12.646851133962207,12.636335012830783,12.637883634947116,12.679940215688285,12.673314390083695,12.600957870483398,12.587172353180739
82,12.34102892988305,12.348002026926356,12.347309688115034,12.329643869166784,12.33624955622551,12.378595352172852,12.356552060020956
83,12.2109594466423,12.235369759128258,12.234379588806028,12.292321902919994,12.375075542527313,12.368019104003906,12.387627400038518
84,12.018129356078777,12.0243068661009,12.020627357842672,12.151583146620657,11.975718893764455,12.009639739990234,11.999005851227967
85,12.253717453724633,12.244234401510328,12.245472089593337,12.249226052760296,12.228579288906138,12.185073852539062,12.181285182354316
86,11.624204800737171,11.620111360939687,11.620528080212539,11.610966139538245,11.520964707660072,11.550315856933594,11.517670911487379
87,12.290207285322838,12.286369642149998,12.286651776643629,12.2732915189203,12.298796338573656,12.351911544799805,12.350020581611913
88,11.726301459242386,11.722199324490573,11.723000253765317,11.703847972598847,11.755105502748373,11.71020793914795,11.736923121866841
89,11.796420809680814,11.769052561138801,11.774074295739817,11.928606935328801,11.839699773846583,11.830521583557129,11.782168924117059
90,11.904238394625082,11.904641397109224,11.90490212097382,12.013115614642013,11.926230911249638,11.947342872619629,11.93664099953053
91,12.440883013782642,12.441119904855755,12.440940342154418,12.441684947513151,12.474751735565375,12.53088665008545,12.524336422591787
92,12.134679891760094,12.15470584408717,12.154563537603927,12.153537693647758,12.111798802764694,12.032771110534668,12.09558535028562
93,12.44701004365466,12.445629993244859,12.447621670893874,12.38207040809801,12.39888345722631,12.428197860717773,12.449041969846519
94,12.45025682107136,12.44829858625505,12.448600170077261,12.466130198012745,12.640048213632001,12.560314178466797,12.668515650805128
95,12.327807269213245,12.325873975955709,12.325710811770584,12.318004886595654,12.339484587333288,12.336703300476074,12.301391421575023
96,12.147299072957566,12.153352329633815,12.154622946844697,12.143950209971031,12.094887748670358,12.057372093200684,12.087032719638445
97,12.468676547527323,12.46582345832964,12.46647438058649,12.412954781698092,12.475806235522686,12.414971351623535,12.404809898601945
98,12.703212854757194,12.690447739354816,12.692371637783147,12.772175560708517,12.600371406472455,12.577630996704102,12.587316805242688
99,12.300631004266142,12.302882581486289,12.303307457834869,12.317534119920206,12.281800965668024,12.29114055633545,12.292008271750166
100,12.613375560710914,12.621077125828693,12.62013082722222,12.627386109532797,12.544926658567308,12.528388977050781,12.504418617461008
101,11.936778603229822,11.9254446930456,11.925700820454507,12.445193680987984,11.960138306086451,11.994958877563477,12.034874769069724
102,12.197013481612178,12.197319399457776,12.197142936951822,12.161634451080268,12.165661829266393,12.163779258728027,12.14410161374658
103,11.910351726431564,11.906710740836045,11.907224292582844,11.870855078119279,11.884361820322255,11.877843856811523,11.866508879373729
104,12.033137421648808,12.045644636924846,12.046117994264787,12.044053396986847,12.003359276094413,12.014331817626953,12.013441299704876
105,12.438422704334936,12.443352212956041,12.442732049644285,12.501999643221383,12.341513286585862,12.271039009094238,12.246690768738302
106,12.212048055621986,12.181599353147849,12.185677271625305,11.971672190064547,12.217008616746341,12.172428131103516,12.176967376160379
107,12.419535952088385,12.405748110061053,12.407138284690706,12.441257116914535,12.44449261029982,12.427785873413086,12.440803241534649
108,11.779977136348975,11.787321898607074,11.787329800919288,11.775387936590063,11.836409779236098,11.789417266845703,11.817114789534545
109,11.869673779197425,11.864705822539978,11.864400095323788,11.89696245947236,11.88297245449485,11.862760543823242,11.859772146211089
110,12.355423422824908,12.355280112298871,12.355476559414265,12.396106154692463,12.415491564156497,12.355786323547363,12.349812382696593
111,12.803036769210502,12.79634816028636,12.796743740201414,12.824744980208605,12.895964749740768,12.884248733520508,12.911862333100313
112,13.028790450519423,13.019565922181183,13.019518373569609,13.040042372171259,13.091179872159469,13.071791648864746,13.055119462514531
113,12.302413611178554,12.301575301530075,12.302453575890212,12.361808098140136,12.271565874389843,12.257850646972656,12.253313885997308
114,12.40396393913876,12.405679124016979,12.40592095410711,12.41044092482552,12.441910317798191,12.419130325317383,12.42702402030247
115,12.083063900126229,12.097110781325311,12.09487735160806,12.090504658098915,12.101787403358191,12.144039154052734,12.14608427326122
116,11.711153584672992,11.699705941634289,11.70043344325822,11.66837164730513,11.669657877965305,11.639016151428223,11.65633734660782
117,12.115754646129139,12.10556942509915,12.10603795084585,12.089613152718487,12.06069707840055,12.044913291931152,12.066047205884711
118,12.601588570839095,12.579577472165036,12.583218718577548,12.113616765207542,12.46670472869737,12.443765640258789,12.47623496892197
119,11.534142661173322,11.514781184354712,11.517475851580484,11.439040684807502,11.426678984641525,11.406494140625,11.378182625678974
120,12.499232956618947,12.495002969183755,12.495703863520284,12.511577597080107,12.481855220111552,12.458917617797852,12.464355174642167
121,12.528737560094003,12.52326112663627,12.524984343378307,12.478243034242277,12.379664779368401,12.375823974609375,12.39486127962177
122,11.49054102836892,11.513164545353419,11.505849404596582,11.595156239223984,11.573983209362796,11.5712308883667,11.602386488070175
123,12.277264474295482,12.267049754066164,12.26707205003635,12.298488666319193,12.279723430960615,12.27931022644043,12.256950709303688
124,11.624605224162021,11.593798981249364,11.598230655034506,11.44273585949824,11.62529758323381,11.561616897583008,11.662603915957641
125,11.780876891524576,11.782027051619403,11.781036934341444,11.87690435835818,11.915387555751359,11.886180877685547,11.806138731776436
126,12.915185188633638,12.911350911818921,12.910639058929556,13.10900318093204,13.053385161154454,12.965880393981934,12.988074937036506
127,11.785650694525152,11.779783327911137,11.77930500714223,11.821378705154414,11.814226577453676,11.712824821472168,11.72450849703939
128,12.323807514395739,12.317227153202106,12.318098423563455,12.33886614440317,12.388083909384742,12.368799209594727,12.382500223952066
129,12.355418413886671,12.336693201441921,12.340172709398793,12.353103547493937,12.358741383273015,12.347042083740234,12.332086280793341
130,12.3560418897653,12.383417869826207,12.381257771830011,12.383628937245,12.425015689650547,12.369818687438965,12.416981290849185
131,11.957153380580044,11.962900137822464,11.9618387061755,11.95664802140807,11.983307781308918,11.978358268737793,12.018454041772998
132,11.810412703395714,11.819033524322924,11.819202479083467,11.78798580433275,11.807573463273824,11.817570686340332,11.756955428626288
133,12.745261250518114,12.743651989214245,12.74466293489542,12.75733009569046,12.729261193516775,12.665977478027344,12.653787988798763
134,12.273042344136144,12.266143066304839,12.266657181127881,12.271143327371064,12.277587150322171,12.246569633483887,12.256238032320825
135,11.970661352233515,11.972072480704078,11.972525215793281,12.031948340613127,12.023592635010242,12.049713134765625,12.03261644716565
136,12.20497242463215,12.207297480291528,12.207125296554912,12.649664843387924,12.070518732064235,12.077250480651855,12.042136469652899
137,11.489293926601132,11.51389902486792,11.51383363039315,11.653948556056083,11.513469330076777,11.565606117248535,11.580409971762318
138,12.081442586676312,12.091805535696764,12.090967332487006,12.03291672767816,12.060902414949595,12.052522659301758,12.05843648318347
139,12.170477149203526,12.171515372049148,12.171799168566702,12.1059058056878,12.078807253700447,12.09400463104248,12.113278172948606
140,11.912299285177891,11.908030843453504,11.9075827840435,12.096184963273313,11.995051521969245,11.977435111999512,11.984812118676778
141,12.446669843801892,12.436344503821013,12.438045665810677,12.123986752492183,12.425514543434039,12.397212028503418,12.397739800138625
142,11.54257637562261,11.538214501156592,11.538356579142194,11.494160030638788,11.433985336244517,11.45436954498291,11.483319459697707
143,13.126407873262233,13.131834043216303,13.131535878180841,13.140730955189305,13.13096397510428,13.151992797851562,13.156191801881997
144,11.782543516795242,11.76995563514532,11.771313311049596,11.881110386709954,11.779419776530458,11.761392593383789,11.741231862116683
145,12.181530633712507,12.1855407201168,12.184924305744577,12.08917702088824,12.227269252853434,12.141166687011719,12.202518513408933
146,12.407123983539037,12.422098949279532,12.421966655789765,11.910970294587178,12.406755734760031,12.364767074584961,12.357234399810007
147,11.538819792829088,11.508388935577933,11.506087523966915,11.519727631444367,11.43380038612085,11.408005714416504,11.529892941204455
148,12.505138765495712,12.517996603293561,12.51822145776028,12.417045804775391,12.507792680753523,12.480401039123535,12.512775386401179
149,12.490412520784007,12.494572161737182,12.494927539109879,12.48881651772118,12.5299104311969,12.553672790527344,12.547843204343744
150,12.246065368990784,12.247232753060855,12.247481504298738,12.22230948578556,12.226106919485114,12.23404598236084,12.252220785223535
151,11.79994012188383,11.801280049621148,11.801446097953502,11.939534332374839,11.887317015062736,11.873425483703613,11.88959163442876
152,12.092356356491305,12.084185213126434,12.084494684956027,12.055307219535369,12.138693767378735,12.079546928405762,12.134806281629398
153,12.472482859424805,12.482507970923065,12.481769740228817,12.498618748683484,12.518623657450298,12.517317771911621,12.545197846849584
154,11.86159811579278,11.86578916970455,11.86564772482005,11.892738790971658,11.871070494278795,11.838844299316406,11.786190674161807
155,12.868431897425943,12.857023643449416,12.858154389250124,12.847026468526927,12.880233547937728,12.896310806274414,12.916650417858106
156,11.99277426634241,12.011008467620632,12.00999662801815,11.960699358757614,12.012861573504098,12.014541625976562,12.032692879388732
157,12.680236071708642,12.690642479519578,12.690225559591479,12.627308668555973,12.614885850570964,12.7056884765625,12.71462316188586
158,12.567293584893996,12.570733586953223,12.570954420795205,12.556252451505047,12.619485731877402,12.578034400939941,12.595048242079132
159,12.669835435766622,12.663707240767714,12.66468017251622,12.682955078637892,12.59678520800324,12.620827674865723,12.630003121973639
160,12.39528231512225,12.392496223563889,12.39210299928136,12.45478167317838,12.294186521445221,12.277695655822754,12.32912582669779
161,11.671132363321737,11.650541346809193,11.650794530771016,11.632731723691355,11.648947922944808,11.597076416015625,11.575124947034237
162,12.7751787100907,12.773703780888297,12.775780166980583,12.756246797107911,12.79429469312276,12.739511489868164,12.72804168274293
163,11.693132147314394,11.685220183904006,11.6844013499049,11.718673264939563,11.655168025352435,11.65355396270752,11.64448807935092
164,12.587839830328246,12.591496571446529,12.590831265485036,12.570296562714535,12.58930616848953,12.59231185913086,12.60656257931828
165,11.971963767662357,11.977088764744636,11.977117836707489,11.980905362718913,12.035232827968233,12.068000793457031,12.080777118462084
166,11.511898182163488,11.494408939662607,11.493571603654049,11.864879841176402,11.402095397092532,11.523632049560547,11.531622488870843
167,12.341613153120953,12.34591601284297,12.346086990608347,12.302453660734068,12.290392220079918,12.29901123046875,12.281600411554441
168,11.860237254570565,11.848592001815508,11.851464839226585,12.314129567811884,11.873940600780596,11.847323417663574,11.84575397413027
169,12.018994647787371,12.028190727044384,12.027925160647559,12.10497200669211,11.98119388576747,11.991966247558594,11.97664728540881
170,12.206043581711839,12.204612958127472,12.204452940591477,12.304698059289944,12.21015122193784,12.149270057678223,12.221852326990033
171,11.659619631383313,11.654716068223285,11.654018593191175,11.934981111741777,11.59934733905684,11.584248542785645,11.597100802403396
172,13.048845863659906,13.042583817937938,13.042274329842556,13.01819496151947,13.04011730115405,13.070671081542969,13.096102237636998
173,12.373603904127373,12.384897020358032,12.382664097854008,12.126503265847361,12.52047615970072,12.531041145324707,12.558878998849593
174,11.958347121506614,11.976755265402792,11.977030875743917,11.901941604432377,11.99886042698726,12.009603500366211,11.986247904272554
175,12.564081100221749,12.566567808652458,12.567374706692974,12.730446237206372,12.565902832063305,12.544609069824219,12.54099639139922
176,12.59961627439486,12.599371277809572,12.599292314357813,12.581728800883381,12.63624004210633,12.623967170715332,12.571699497750627
177,11.916976769177714,11.930661962812513,11.92870487969515,12.122234895796907,11.916181779052287,11.934606552124023,11.939567857902357
178,12.414090650363669,12.412060464835761,12.41300413941292,12.398074054714717,12.380593317308085,12.377197265625,12.369976674925939
179,11.697166206654385,11.705215467060391,11.704058045571974,11.60090075496896,11.713890953470202,11.696571350097656,11.707509319343465
180,12.183927099104908,12.182107031389801,12.182474958176352,12.213428176695489,12.179375168202503,12.183749198913574,12.187954330823407
181,12.826072538238655,12.819551402953133,12.82030713973912,12.706949385821817,12.77722322971045,12.780738830566406,12.771561237768852
182,12.637484708467696,12.62990148567221,12.632025330005236,12.589880508626448,12.572775533557662,12.651647567749023,12.628909882053323
183,12.34487583343242,12.342798238425873,12.341479320909384,12.342838153919732,12.31987896506833,12.333898544311523,12.421549132176944
184,11.93534156141155,11.942982204536387,11.941608466654499,11.946079608108127,11.906957209981801,11.946147918701172,11.9082208985056
185,11.894736257103375,11.88613520553372,11.886130073858336,11.914722574016945,11.946927727877856,12.017444610595703,11.974339810726647
186,12.172518143049128,12.160091005962252,12.161015343062788,12.171190001241252,12.101252917391948,12.10322380065918,12.10621435465523
187,12.199917550918629,12.189311877343961,12.190203313159182,12.08971861065631,12.292302241655683,12.221293449401855,12.154432575761888
188,12.616483756605623,12.615893216692223,12.616271092088915,12.619136309675167,12.670656586600359,12.62013053894043,12.627665317848095
189,12.210184527636454,12.203027623656908,12.203042458838205,12.052234921030017,12.14424164352836,12.15907096862793,12.184345439995516
190,12.57682541837816,12.571534004840604,12.571348613173768,12.576996084653281,12.540649931263012,12.569906234741211,12.576965704061005
191,12.129486785540411,12.137284233181628,12.136409699692877,12.092784309360411,11.998000035383082,12.084855079650879,12.110138134835443
192,11.661505746651201,11.65743853625121,11.658618081859254,11.568960673866181,11.672821056528775,11.613900184631348,11.59208559755078
193,11.92842862059867,11.932997301685898,11.932867866040144,11.87097902217069,11.949501057033649,11.9290189743042,11.900441052787098
194,11.70778330788738,11.701273728876949,11.700371010893736,11.610029720958355,11.751245632275255,11.66223430633545,11.692019800536446
195,12.572739962387605,12.568208816719435,12.569537208258813,12.566853825914691,12.552221909389816,12.549468994140625,12.529050414665301
196,11.810406312946386,11.806953552288586,11.80675886471795,12.000305902644183,11.830146865413711,11.805079460144043,11.789559176756859
197,12.508267159699063,12.491991859909252,12.49332770958296,12.477732389250528,12.511618774445825,12.390022277832031,12.438016331105862
198,11.73219916871768,11.737720813692764,11.737425838395827,11.747740060575758,11.77888905773415,11.752645492553711,11.73370351329184
199,13.155172858332753,13.13719055802266,13.139751970715832,13.159351713619463,13.119430595322985,13.135564804077148,13.097834660930328
200,12.100450685644306,12.099748903253385,12.099199465616165,12.189186421489282,12.266360607587547,12.22647762298584,12.205518052540631
201,12.051563342927357,12.078787330679122,12.078365515611717,12.089404262667223,12.07893069571713,12.056078910827637,12.105763089843775
202,12.085508445028456,12.094937630859526,12.093995629759018,12.178166437305787,12.103324474092336,12.132487297058105,12.091592050576589
203,11.584449279068483,11.54399924118108,11.544502291793163,11.452748094592081,11.373081382022365,11.367330551147461,11.425757783752877
204,12.906326955705767,12.904601138924308,12.906197768926985,13.019002921628804,12.873221715939547,12.811928749084473,12.868743664549926
205,12.780138116201632,12.769711963554702,12.770383802525847,12.832042720369426,12.81705691357203,12.77764892578125,12.789050457923866
206,12.96958180208993,12.974175419299206,12.975128732994637,12.940645324947388,12.989872525376368,12.992231369018555,13.006140775880837
207,12.161751825741378,12.158544201545203,12.159016833466438,12.140801297496688,12.141690395444543,12.151226043701172,12.127764003093267
208,12.512623874543076,12.496628364316498,12.496993311231098,12.711015918518811,12.48664756302667,12.379392623901367,12.413633605548059
209,11.613838555645717,11.593214844021986,11.594323022553588,12.088935281195575,11.682340022706535,11.572172164916992,11.551759553487111
210,12.476463923485424,12.471267621745582,12.471780872365144,12.493062096135061,12.585253024881116,12.56348991394043,12.622094752741425
211,12.15321851510171,12.15464422441072,12.154063786261613,12.278428083180907,12.082265164740395,12.091517448425293,12.093180843728538
212,12.678470143724493,12.674470332805218,12.675053428398773,12.6790228923113,12.715330178698204,12.70859432220459,12.74833348653452
213,11.897057688540285,11.892170111194208,11.893533574760333,11.900595698171694,11.910869873072453,11.878681182861328,11.893268526213035
214,11.600589835819799,11.606938317414798,11.606657576497337,11.553471737308977,11.71249357878082,11.725458145141602,11.71952759339172
215,11.813773290103407,11.804521465625697,11.80554394516374,11.734001259831865,11.879233053029022,11.86080265045166,11.864563120938023
216,11.87699422458991,11.87693773951801,11.876325675452417,12.002077064562709,11.86553444443307,11.912191390991211,11.904205207050204
217,11.799898017299311,11.80551782150489,11.803857565059506,11.789654690517827,11.836736570548464,11.859768867492676,11.786035640355955
218,11.785813894429909,11.783516131058756,11.782233235417952,11.820745952677397,11.829853939279824,11.818595886230469,11.786540425095552
219,12.477676593825516,12.482359614058034,12.481685459143762,12.46661417837116,12.560636586523204,12.537898063659668,12.510357564380243
220,11.981537570898693,11.99143577800426,11.991795329738064,11.994240797754498,11.949002310670588,11.99803352355957,11.976678084754948
221,12.760072788980317,12.752510948051537,12.754524611875137,12.506273547829824,12.799476223360676,12.74112606048584,12.769154421880533
222,12.074673942746955,12.083109725815774,12.081873695091703,12.080929719993886,12.068840404139037,12.102322578430176,12.09250654288714
223,12.242180063526945,12.24196116056091,12.241987960539193,12.27190237139512,12.264012548740407,12.30141830444336,12.265437101001114
224,12.174278129001987,12.176236146064813,12.177075414131188,12.17561599929656,12.143490537956405,12.102644920349121,12.129453133340865
225,12.567189707440491,12.571823056185075,12.571468207887996,12.548453666156679,12.562961099835178,12.608367919921875,12.573721238674285
226,12.911335548259093,12.910454301752198,12.911229841032734,12.954072873704929,12.914124394535046,12.923397064208984,12.933166892626117
227,12.71170372340995,12.714420582048078,12.714338748277441,12.677480178638417,12.79148538419236,12.823158264160156,12.81104647686846
228,13.383652079280761,13.36605705179373,13.365610483560154,13.35259203690886,13.21179600537247,13.20641803741455,13.148556592202352
229,12.243774800637835,12.237901811632788,12.239572090657756,12.297573622559073,12.234863712272599,12.271893501281738,12.28286948563154
230,11.98171347971786,11.972247034334272,11.972191369665223,12.253901768052998,12.037158083552015,11.982658386230469,11.97927849403808
231,12.093085335601215,12.09639680841588,12.093648051402537,12.085742177532197,12.134799691467515,12.085723876953125,12.097497574298659
232,12.32547252579572,12.323853060756575,12.324018022844239,12.320908855755903,12.32991767927704,12.291007041931152,12.33266950456978
233,12.255770521968513,12.261851895310638,12.262179039437598,12.258798718172276,12.259348463044825,12.26727294921875,12.280062401421869
234,11.963256760416401,11.976414203209615,11.975016889356281,12.060925298210577,11.990600249128992,12.038090705871582,11.976720877431283
235,11.839729304837432,11.86056888399168,11.85926351872016,11.843150215499938,11.747365626393023,11.800474166870117,11.724483602972082
236,12.247856921173076,12.245615261011014,12.247515257615323,12.025078826654951,12.25564035433701,12.255427360534668,12.230284340343532
237,12.228603068469072,12.218295203380832,12.220083917881393,12.217552652984095,12.211483149184575,12.195379257202148,12.16518808371021
238,12.779296632492017,12.781051070054474,12.781940351568444,12.741373644843776,12.67842951528526,12.796299934387207,12.785855692050049
239,12.390706674541024,12.385302065279364,12.38631245481296,12.37116493841594,12.337259943276987,12.361955642700195,12.348947250135152
240,11.920583612288652,11.92692714003526,11.92607152940011,11.926951341316563,11.950031825758428,11.925066947937012,11.938849616956773
241,11.944828546851081,11.943222976719747,11.944027984557868,12.108374291490563,11.950357728675812,11.912274360656738,11.886069476601179
242,12.120863231533765,12.11141524799844,12.111235640977004,12.197828076756627,12.076675791828288,12.114582061767578,12.096579686521432
243,12.46901740329125,12.475651942431751,12.475399711129159,12.457702480658313,12.452194802324248,12.449803352355957,12.41895836795601
244,12.64385364358298,12.63769014253453,12.639292240100536,12.647120534085797,12.688034295196127,12.6962890625,12.67875837238258
245,12.997891660869685,12.99356548074206,12.99416915724799,13.041958999904386,13.021779704129548,13.055306434631348,13.030532228790374
246,11.887268518892913,11.890437855507939,11.891201648124602,11.884390719711963,11.913670580051054,11.901885986328125,11.84850580364898
247,12.251460503705516,12.218669500487664,12.221650124475618,12.218747595964171,12.232433653582511,12.26419734954834,12.233825870389444
248,12.192974459062658,12.177215443920907,12.180468686054507,12.118281980197875,12.17825046656362,12.14005184173584,12.123929054882792
249,12.28263740041598,12.276733133278883,12.277646506079666,11.968508620391258,12.27752970345695,12.235845565795898,12.222030480025765
250,12.936056608350754,12.929654845317321,12.928921433013832,12.932138715956395,12.776141045800095,12.85750675201416,12.829770978016844
251,12.836508533814564,12.834927605357695,12.835261692173209,12.82892718250345,12.856538439886785,12.870672225952148,12.849349714760523
252,12.315821160596627,12.320424818244838,12.319851967056058,12.411139619645972,12.28086867779854,12.2880277633667,12.258331850506538
253,13.138266002187686,13.119243458653834,13.120171438093443,13.099491640037979,13.123947703275283,13.081976890563965,13.057686534815502
254,12.05432209476788,12.0520425034734,12.051856058884036,12.056137331565504,12.059512500871561,12.08594036102295,12.096046787754906
255,12.127941162453235,12.12891741392819,12.128556930642558,12.15546916253544,12.162139224614245,12.16231632232666,12.144783407494508
256,12.346311203795253,12.342274843993618,12.34275028357646,12.360302498432251,12.416450626352036,12.397790908813477,12.390187834953908
257,11.797243721345794,11.817087512417643,11.815439467574764,11.816103541649749,11.922982409800165,11.907831192016602,11.945490296687279
258,12.503106705122804,12.504491314381918,12.504944769103782,12.474028152799558,12.623680356205112,12.591230392456055,12.598195342376776
259,12.380669452404142,12.381339521165229,12.381650453217773,12.378540090068668,12.389612929976758,12.396451950073242,12.3738296897543
260,12.20054581384409,12.203344091985368,12.204186064370925,12.225096581862884,12.253790218939221,12.23331356048584,12.245607260409004
261,11.961143158332076,11.964035023280017,11.963261851351977,11.95625564678232,12.050947755316802,12.005620956420898,11.962987347535796
262,12.315946659345393,12.315710272602049,12.315706026953555,12.305594696907232,12.306227888328136,12.319281578063965,12.33849962274447
263,11.769353098023366,11.764753852077632,11.763627270883397,12.128500686628508,11.792792003714377,11.87047290802002,11.849682304505759
264,12.465325370420265,12.4499859709351,12.450865139428974,12.481331858159301,12.463282024605723,12.51241397857666,12.489224868132663
265,12.064715384165414,12.069525011551416,12.070006469823781,12.079701832992484,12.204761391339407,12.207094192504883,12.201941318886343
266,12.04445683490939,12.03720918176142,12.03818963677953,12.065530180931557,12.060410984388108,12.072725296020508,12.09019343407015
267,12.578268063465172,12.581922179220784,12.58164430353952,12.567855247104998,12.57276401144431,12.560633659362793,12.622185579362196
268,12.141922432109064,12.14826319142192,12.147518380504332,12.156564075463818,12.166211738932184,12.145964622497559,12.133768717650891
269,11.852938215845152,11.883527612333133,11.879638428534372,11.876439402930801,11.910191193410595,11.896207809448242,11.87476130345426
270,11.957980754141943,11.935298500353754,11.93845352080324,12.10073353570772,11.861588077653051,11.866477966308594,11.813890997788237
271,13.021032480582273,13.012321659180511,13.01265386228463,12.987748803091964,13.014325135656996,13.068392753601074,13.019329249634177
272,11.797993386353157,11.792661333723792,11.79345644848488,11.851337702074009,11.67952097833143,11.676257133483887,11.626726681764097
273,11.475283042596342,11.472014209946064,11.469011175644408,11.455071753592797,11.452441867741472,11.40682601928711,11.466142976827754
274,12.47534481602905,12.468430904951944,12.470382142327665,12.226452141201348,12.479327799412273,12.430583000183105,12.482365506676203
275,12.119450447116742,12.12305381418085,12.120812200369286,12.055504697071273,12.050673746849068,12.069032669067383,12.099407934759885
276,11.848757813545998,11.849700559106688,11.84963403972076,11.843535771012386,11.78029238495463,11.777554512023926,11.791969327821528
277,11.888605262985221,11.884532827841666,11.885691510203221,11.922535313939958,11.94636928319822,11.869749069213867,11.85956176303483
278,12.638736579209997,12.660568851766339,12.659581740909388,12.675462000942478,12.544118913010177,12.607183456420898,12.605728726974384
279,11.615977661081871,11.609083324587221,11.60908419987955,11.608368470173303,11.502831494141136,11.552282333374023,11.525305063249787
280,12.266779770285186,12.266468033325582,12.267074566099874,12.261227542428983,12.22757841728281,12.227818489074707,12.23391424874809
281,11.82415765707933,11.835149344032237,11.83440723515349,11.686034887610498,11.817924768381456,11.833014488220215,11.804838168355547
282,11.70550155318058,11.698467816736633,11.699347377040217,12.087024893537134,11.822881142601014,11.777397155761719,11.749676812491435
283,12.50220972428958,12.505614180142233,12.506451779093975,12.486512034241782,12.496992532163674,12.51392936706543,12.521720929355677
284,12.455745600402281,12.460837495894351,12.460984246956897,12.427845012887358,12.435796115824928,12.420562744140625,12.406281614833162
285,12.195626189714979,12.191020607770406,12.191267978219495,12.230005880215913,12.217170891004212,12.223658561706543,12.219461434148544
286,12.061836914551723,12.070444259912517,12.070679159089385,12.13939776233341,12.105996038936222,12.131447792053223,12.122351276249326
287,12.69379645003211,12.695290982340396,12.694465523203128,12.731303904347445,12.668607660521703,12.747435569763184,12.786181523570802
288,12.01628722246565,12.026595477389588,12.025587551445147,12.213901336183039,12.047567037887871,12.029706001281738,12.054905652013295
289,11.713294037814814,11.71754685691439,11.716597282949555,11.697198204770979,11.699491607006209,11.723188400268555,11.720756081507806
290,12.27825338121379,12.28334493552201,12.28360909365065,12.003948671040614,12.217259598053497,12.255265235900879,12.221634328336684
291,11.957352548422628,11.952896661648536,11.953424644916874,11.969605093685193,12.02080274105627,12.00861930847168,12.00826775731452
292,12.006716403768346,12.003907004071916,12.003760381802559,12.0394230677537,12.056943421760483,12.05941390991211,12.06659016429124
293,11.844273377251909,11.853894870220095,11.852782158854879,11.893597432288477,11.801875223831397,11.823594093322754,11.785596893645023
294,11.835863477399691,11.830069377345243,11.829917343156149,11.967223286327151,11.78846724070738,11.874865531921387,11.819027717701372
295,13.056103414505989,13.047788966965843,13.049272595179655,12.270199047022825,13.09687906524732,13.090085983276367,13.121677961747135
296,11.889778178319558,11.876493922702185,11.876170741909956,11.947282709164325,11.96132594741423,11.942946434020996,11.972964637664044
297,12.255143053330986,12.276778711386639,12.272831023620151,12.144276161533963,12.245800536210723,12.278018951416016,12.260403399571437
298,12.326581433974848,12.326535806288081,12.326915919789709,12.339626644299836,12.299473527686468,12.3236722946167,12.312832678662616
299,11.943984326054395,11.953854878341271,11.95234435909855,11.944667680815996,11.993459340426957,12.00821590423584,11.984895749093111
300,12.054595084121232,12.051597284391647,12.051459986636782,12.119258057564934,11.981498575557387,11.997302055358887,12.018595928335243
301,12.32175397713432,12.315952172321138,12.316701901588248,12.186881544361245,12.188430215307097,12.214064598083496,12.247482362977197
302,12.186905508435865,12.161682064865566,12.168636447284376,12.09228688285003,12.270515399935077,12.252656936645508,12.238739651608487
303,12.734180526975331,12.710940465075067,12.714352309409692,12.27817488869034,12.797325763292593,12.756606101989746,12.7171516839091
304,12.270849196164532,12.27379538432169,12.273887436417473,12.271954185199451,12.301638095908567,12.300578117370605,12.258556450356597
305,12.040032345657862,12.030266860550217,12.031686094469974,12.150011892915463,11.982531760585609,11.991656303405762,11.956714788893533
306,11.895508824132339,11.902675389215636,11.90188694653039,11.921126008582707,11.9441646582052,11.924345016479492,11.930497212370495
307,12.232340138391441,12.230637682184689,12.230714578073734,12.197037405153017,12.209854666269237,12.251289367675781,12.219064354646429
308,12.129179081904839,12.125429461765663,12.125696984459141,12.13375695644037,12.141054498975384,12.121502876281738,12.099852089170843
309,11.9691301400731,11.97840899473038,11.978317342597796,12.055440689695901,12.04893172331457,12.023212432861328,11.997434695523532
310,12.030804377029641,12.06254794603065,12.060519872023992,12.167748889527834,12.04526602659537,11.980925559997559,12.003627255773743
311,11.58323486665343,11.5968321333297,11.591751275548944,11.708092590031129,11.687382583593655,11.652518272399902,11.575594404652943
312,12.163478002493811,12.152006560335593,12.154130022589746,12.177728166056498,12.100566321509978,12.10594367980957,12.081507014258566
313,12.424805862899987,12.43150041587679,12.431604625440633,12.39861460984331,12.426437761852835,12.391122817993164,12.400759884419909
314,12.180006178206117,12.174246395811018,12.174403206051325,12.200567520225082,12.099968949030057,12.173779487609863,12.188538167825286
315,12.157179794735326,12.159123104511927,12.159956003953122,12.210326175213673,12.216737156564914,12.191423416137695,12.19664692269033
316,12.714574090907524,12.719918656707694,12.717775323296161,12.703990757923204,12.788914975473247,12.838916778564453,12.871749892574703
317,11.808448980596605,11.791325260786623,11.79360160279394,12.065167717335063,11.79795048426778,11.78669261932373,11.801104618757554
318,11.805363375452908,11.80307556547362,11.801353772735578,12.07309243376138,11.84803523362533,11.799436569213867,11.814780305143938
319,12.136582794087662,12.127489089818862,12.129326331783528,12.183488224957545,12.217606326324308,12.18120288848877,12.192815081479482
320,12.59811257898387,12.591411073753562,12.591839917745869,12.641078988993216,12.61974039186733,12.52323055267334,12.5342062684656
321,11.593453350200027,11.5965131360849,11.594162858301651,11.616664147683863,11.564655679675361,11.563139915466309,11.511250646587488
322,12.083077764697837,12.082136058381181,12.08222507807554,12.0129769541716,12.085519297205849,12.096921920776367,12.110407607099228
323,12.002968495995928,12.034774254158675,12.033161239531154,12.068416800133994,12.051941971210196,12.003570556640625,12.046599189920999
324,12.46502006258717,12.48049887862232,12.479636543135204,12.172782113347552,12.369189157937168,12.351724624633789,12.376551081668627
325,11.635859279574662,11.666988125410702,11.665433617990056,11.477479679930626,11.648672099164754,11.67195987701416,11.633255930576379
326,12.37143358064275,12.3710422156819,12.371928346034354,12.34301428103567,12.37416366796778,12.369102478027344,12.382750305828461
327,12.656681693477193,12.662028812756224,12.66207536240465,12.405713154970941,12.636638704102765,12.62148380279541,12.6842400653935
328,11.876144593281214,11.875810551461068,11.875060656433542,11.847726122802584,11.962557190702542,11.997895240783691,12.031863349660377
329,12.189960765498787,12.18759180553489,12.1873811091545,12.189695217205346,12.247156398313262,12.205326080322266,12.228873814896735
330,12.698310921956784,12.69844329618742,12.69910478216401,12.701048943616792,12.686848281108814,12.691625595092773,12.739622280611773
331,12.058448306770407,12.055068365720464,12.055935896626838,12.003918798400251,12.033782686625532,12.01965618133545,12.034217598600428
332,12.359931744653009,12.35498825763153,12.3555558255643,12.214790149347117,12.406411709655956,12.432798385620117,12.460911352548214
333,11.990372628170581,11.97048460229174,11.972749633231613,12.000626408080858,12.000765767055823,11.987181663513184,12.011794355611737
334,12.07344760142537,12.078325181954739,12.077678725590083,12.04136819681084,12.01367756661993,12.025924682617188,12.033272488698572
335,12.62109920319602,12.623174324082573,12.623548724479582,12.663283438140308,12.72663554074949,12.601490020751953,12.673172099961516
336,11.719923828194547,11.722266491311258,11.721088039305892,11.753858397289598,11.799290775799957,11.775408744812012,11.717317933046711
337,11.99073866417771,11.9958745710144,11.994694345439562,11.953373464236115,11.913110962694837,11.965539932250977,12.020947739727573
338,11.818589114776902,11.806666309707673,11.807564083237674,12.41814300133398,11.844507673612553,11.807445526123047,11.8356302224889
339,12.370112592404997,12.373630119371203,12.372838191922453,12.347819171404506,12.428591266662856,12.386645317077637,12.412270578857619
340,12.734867510683351,12.738715911498826,12.738481704787047,12.800966055924075,12.81552931209279,12.774129867553711,12.790566307516661
341,12.43262515236252,12.444514392305114,12.443635244423566,12.393018606239487,12.468489474382144,12.455367088317871,12.449046621036883
342,12.086595257640735,12.084378258779669,12.083400373460963,12.090504659249902,12.061227995174777,12.059771537780762,12.070940043530314
343,12.356419676613633,12.360505264436217,12.360054070658741,12.350622483522422,12.365738198310328,12.313583374023438,12.351347909391944
344,11.93752976297203,11.930985458877363,11.931283573432829,12.042441734129955,12.005128408797933,12.003403663635254,11.978428043067153
345,11.937465643453313,11.928322759512923,11.929292839793431,12.013226233751007,11.961356535952858,11.987448692321777,11.965860659567268
346,11.692665043148187,11.70308460153766,11.702957237667528,11.707148322834481,11.760330489998006,11.732635498046875,11.687363813632153
347,11.909462184436666,11.888715297570624,11.88854345470087,12.072044325027669,11.872727746842306,11.928166389465332,11.876617018894057
348,12.516681369631405,12.535616588356467,12.534507782618947,12.15139151129616,12.541589137278768,12.50615406036377,12.526703646353797
349,12.107422640493935,12.107099979394594,12.10752858256241,12.173816041214435,12.215870253106669,12.206621170043945,12.197400893804742
350,12.096560988910989,12.106073706735625,12.103625005334404,12.053894018493422,12.032296787172767,11.967241287231445,12.013607615005396
351,11.672488829581795,11.671534981239505,11.669127063092201,11.906178639913282,11.796232492400508,11.705089569091797,11.755710083982265
352,12.522168641133888,12.526531658476783,12.526874961279567,12.505562671007171,12.503671796410098,12.539347648620605,12.53194428198892
353,12.551177542552402,12.556366333157499,12.555862801215763,12.601172510021485,12.689832405187246,12.620370864868164,12.676889964962621
354,12.825164915854286,12.818340656766317,12.81828368852554,12.838549669556514,12.804173917680284,12.880711555480957,12.856813654728198
355,12.322956123032528,12.31683925052466,12.316876922128664,12.298526401730205,12.261419664435584,12.286534309387207,12.332712514359056
356,11.999414586206072,12.009824050088646,12.00923410535233,12.008075487383746,11.964678458976126,11.9592866897583,11.954855230656449
357,13.144324040932352,13.121107266305515,13.121583518223739,13.155564903486525,13.109228317085066,13.093878746032715,13.068272745904194
358,12.905707531901509,12.900585695979293,12.900110730081112,12.923241187343468,12.930447116382089,12.964465141296387,12.96853866615238
359,12.37543222441598,12.373536274035631,12.373830648921718,12.351401350895674,12.193679138851417,12.208831787109375,12.171458002454253
360,12.235642978303806,12.213644553199147,12.215550812471418,12.521869644913957,12.252143666545308,12.209259033203125,12.220106068930354
361,12.712587402569223,12.694908200450469,12.69774119663344,12.68807549019362,12.734596157826633,12.683135986328125,12.702570312511321
362,12.773422168098499,12.770827755246078,12.77074083393933,12.811985339953223,12.777479889600981,12.794564247131348,12.835125640160543
363,11.899986418345799,11.900824422197369,11.901850784000118,11.903313914271587,12.029685484377051,11.995898246765137,12.033106554809512
364,12.820993822516169,12.818152243934794,12.818098750686756,12.809338235208259,12.814568882778065,12.810023307800293,12.8256318382053
365,11.746280517421674,11.760943476719776,11.760334338309475,11.39173086563165,11.788265993898017,11.681500434875488,11.696361673806061
366,11.951464457192174,11.943301528060745,11.943965060661975,11.943854153034781,12.017419439436797,12.002296447753906,11.979928924349897
367,12.016741139277418,12.023299796312747,12.022365388601377,12.05385794813133,11.997295793666126,12.032646179199219,11.970783807328402
368,11.542343328941527,11.55502160802767,11.551436500044929,11.60850932558447,11.542847863097656,11.545723915100098,11.572127744635091
369,12.285442554346051,12.284063136737135,12.28351084648036,12.278093880200961,12.260142547540793,12.260725021362305,12.283618793141681
370,11.915278973142222,11.947727872908231,11.945845330254208,11.79590799977555,11.830108238757706,11.867485046386719,11.88139917543452
371,12.268544963069358,12.28513159297037,12.283896620183121,12.278375747368488,12.247169004204439,12.248851776123047,12.286671423713384
372,11.924155571705862,11.935839521911934,11.934956805966856,11.96428406850129,11.953298645172733,11.958111763000488,11.939109553669685
373,11.886304677176165,11.874029260865726,11.87370117122008,11.905189319712022,11.914132147740398,11.882506370544434,11.898045890019596
374,11.697633211793141,11.700249008441846,11.699862713223833,11.730746682607734,11.76191767856759,11.762458801269531,11.70412179976288
375,11.781624870903922,11.779660886106099,11.779224096540768,11.658521749654968,11.88132801117564,11.822957992553711,11.839600362609955
376,12.007089576681881,12.005415298044014,12.007409579285946,12.221857114610438,11.975026524802043,12.008298873901367,12.037369769176264
377,13.115913527075705,13.096525617947457,13.098265261410814,13.119024913965392,13.1549643609886,13.144323348999023,13.093834738941458
378,12.103994980566215,12.107801272398754,12.108419354285216,12.116024338730574,12.066878722248685,12.047171592712402,12.068246787668825
379,12.064523912842237,12.051286538115471,12.052805444648234,12.051838407112822,12.085637058428707,12.062980651855469,12.081570874288536
380,12.3367554278598,12.339405039215224,12.339134107269164,12.308659052852342,12.296135148893725,12.32590389251709,12.307050872257085
381,11.74004636979743,11.759033979694872,11.75733214864546,11.792230315908817,11.873408980142893,11.857254981994629,11.798679895346842
382,12.035425804880157,12.04270990561707,12.04120149119791,12.14201711072099,12.079952278853488,12.054028511047363,12.027725892227036
383,12.024894382366087,12.03275104352961,12.0321586837462,12.074424059262341,12.044102445649841,12.04375171661377,12.061143552945344
384,12.566999181135026,12.571680346627748,12.570512825690273,12.573539320849083,12.53506149226371,12.509933471679688,12.52630523988929
385,12.130316853679805,12.12787341196318,12.128452003221359,12.183744338351024,12.151140900112875,12.186966896057129,12.16735770850217
386,12.008994436572564,12.020950067054073,12.021116496116088,12.048028494228358,11.996207182432965,11.986066818237305,11.978268488530702
387,12.436286494894702,12.43926978172206,12.439520947690909,12.387015314891148,12.403371335581868,12.431282043457031,12.442086772550866
388,11.616832500156791,11.618272034694355,11.616292257369416,11.575258643126013,11.544532159971274,11.512728691101074,11.482976194110895
389,11.985234541914279,11.995361662612897,11.994606143760302,12.02642395586289,12.09789768935785,12.078386306762695,12.096570009154416
390,12.022110145099557,12.029250120303017,12.027266485748276,12.06753155338579,12.068976150955802,12.089571952819824,12.078539128587947
391,12.190637962276469,12.190431614703341,12.19044920323548,12.17181201323029,12.183670383072625,12.200972557067871,12.170932930861031
392,12.264116617346529,12.259454697914007,12.259112402817994,12.272565856130322,12.229844825821443,12.246576309204102,12.229723288513537
393,12.090889529401704,12.101306886013266,12.10228132602379,12.06540523062888,12.005371882112323,12.05798053741455,12.084220981179536
394,12.91865265820926,12.91205194864059,12.91316356129841,12.876510572110284,12.876691893663898,12.871950149536133,12.881864635694509
395,12.373884120185066,12.375921814375516,12.375853913209797,12.371388540037977,12.32059111782229,12.345322608947754,12.347354523514019
396,12.862343499082579,12.863133162838201,12.864546874193127,12.852971495799448,12.925774248364542,12.960491180419922,12.977442665775836
397,12.060287377978355,12.070386948268894,12.069707013137853,12.053951803770993,12.018267299197083,12.034375190734863,12.009493868150692
398,12.158076865340977,12.160884712073745,12.16124249754774,12.164232486745588,12.17928336037459,12.180863380432129,12.171332933320178
399,12.34991361849409,12.344123701588861,12.344572885596186,12.331906311132338,12.366277900641103,12.338949203491211,12.318230375783392
400,11.925743821592848,11.934494004592375,11.933846495657152,11.920106448682388,11.870121842656049,11.927350044250488,11.882272113632904
401,12.105492455442906,12.105818913483255,12.105528603245352,12.118367398622455,12.119954123638088,12.090137481689453,12.08027935367965
402,12.621716026875603,12.618610478357471,12.619740209350324,12.618163051459304,12.597771692787447,12.57763671875,12.592370608285433
403,12.869223480964195,12.867974594818465,12.86875570073899,12.854824031827551,12.88008526131989,12.883734703063965,12.883858998837258
404,12.076257757652437,12.04083003185944,12.041658628523917,12.089838257643935,12.070959901551834,12.065088272094727,12.077479477778843
405,12.03332139623669,12.034891828227938,12.03561818252999,12.26542205964615,12.069128205113513,12.051801681518555,12.055737001159345
406,11.929152390288197,11.942258399194753,11.941811768689771,11.951740751994016,11.942101371142977,11.944676399230957,11.937035514795369
407,12.513546167721607,12.51192748588719,12.512359473684059,12.501453817169205,12.526316771787082,12.538641929626465,12.53726516270779
408,12.603567719685932,12.6089950786675,12.60868038664328,12.599144065671815,12.585609121840632,12.575937271118164,12.57567004850465
409,12.371130373093932,12.369670220127794,12.370714174901973,12.364228803425021,12.352223583306136,12.301501274108887,12.338720024118857
410,12.322679203058224,12.318941682284363,12.318539552474595,12.32874011193695,12.29554292964087,12.294258117675781,12.279191856861926
411,12.630509917686892,12.624070742867303,12.62475685007991,12.625996729664285,12.623089485355028,12.624884605407715,12.577967516436352
412,12.005503010313973,12.024002730630015,12.022110059030634,11.941994907753239,11.94993512693703,12.025935173034668,11.94484019972318
413,13.084551217031455,13.083520715326737,13.082248036871459,12.985879378853165,13.14811914192592,13.13963508605957,13.148056143631313
414,11.727488529169973,11.74076834637667,11.739054540803286,11.648116490438605,11.725238811527994,11.773078918457031,11.727037835936054
415,12.228766748335707,12.230550544796776,12.230781059113905,12.230091006016133,12.22575192431275,12.235125541687012,12.256398726714723
416,11.980736855589216,11.972006817927841,11.97257767878494,12.018620887464868,12.031252113271922,12.025132179260254,12.065832059507054
417,12.800061501445397,12.804339168746436,12.80386820606417,12.806240861851816,12.839224400308982,12.857970237731934,12.873243901958432
418,11.968204721781877,11.97709565389301,11.977783371299553,11.960024472139883,11.975544113122073,11.978828430175781,11.96444954869318
419,12.308102320668334,12.312990488609989,12.312966745611126,12.328970672479265,12.358143807860065,12.352705001831055,12.357793928814411
420,11.928182994115337,11.922143251060922,11.924476525899037,11.775673298418695,11.93568573516008,11.905625343322754,11.89295843695972
421,11.681018561484676,11.677345008673088,11.676748227033517,11.672517216146645,11.717418328758148,11.742576599121094,11.719227055367076
422,12.31526807677997,12.313939492379346,12.314368102893464,12.28692113615974,12.286411063690897,12.283127784729004,12.288442047428148
423,12.084546830420487,12.096991520587025,12.096878926419196,12.077740543002776,12.150795019011888,12.137430191040039,12.138569679789086
424,12.86167922754858,12.85822603774304,12.862555306622578,12.841742968817577,12.493337054400687,12.589618682861328,12.620091511667905
425,12.28096121937206,12.269111182125878,12.270358396939093,12.306709692740677,12.244057391910843,12.262845039367676,12.275186401367643
426,12.127696390999766,12.117974096806613,12.119751733073556,12.092135457666421,11.925132504583894,11.979722023010254,11.948817537143928
427,12.370287322502145,12.364502015583675,12.36551310804198,12.325377051011309,12.329583454774196,12.312710762023926,12.314783175516723
428,11.87955122643845,11.886494438413731,11.885051487302333,11.903619605099394,12.028312008070639,11.97788143157959,12.000115943185728
429,12.6305517972928,12.62281404831936,12.624712032889596,12.53097350048974,12.559861742646289,12.594613075256348,12.668175160709163
430,12.114493864524631,12.140979504493464,12.138532204963814,12.045167771887604,12.130879998439797,12.126435279846191,12.15197369890184
431,11.994570483547305,11.992481157919268,11.991788999052577,12.015105230617422,11.977395396657956,12.034518241882324,12.017885535812097
432,12.581035250337138,12.576245026182187,12.577631403278213,12.767506451529252,12.470610333720806,12.4397554397583,12.449352437680634
433,12.395735876459955,12.420989801763383,12.418525507101865,12.367781180392626,12.301242861502379,12.378936767578125,12.403437474850293
434,12.564516680800576,12.565110578801377,12.565090242461206,12.107348188098022,12.611124902346349,12.620648384094238,12.653446869272024
435,12.066422261978898,12.075432534623067,12.074909719673578,12.01941084350306,12.001021898658554,12.020768165588379,12.02877710077488
436,12.254343159855129,12.25731789569451,12.257702500362752,12.256565694477015,12.278120416434744,12.276268005371094,12.28771996075974
437,11.922620214901883,11.924116412063546,11.925010491406777,11.910182791242775,11.977904360066821,11.951156616210938,11.989168442719542
438,12.025843095713997,12.023586602219497,12.023139361233959,12.010987828164929,12.065410978014688,12.080490112304688,12.040022855901046
439,11.721780069523021,11.698118199358351,11.700843311967638,11.768500870921216,11.690406398644827,11.671003341674805,11.64034377504933
440,12.150307983094564,12.138396121536303,12.139526403680122,12.14186108455097,12.092107797224271,12.156639099121094,12.131950962992047
441,11.53324945368701,11.525322115281831,11.525523092036194,11.854716160179184,11.519450319564342,11.536020278930664,11.562878347847597
442,11.690195548709616,11.683969197375866,11.68363034211661,11.560386359154414,11.757489904542554,11.690495491027832,11.60006664223363
443,12.389322886238253,12.378795629911904,12.380312821836304,12.38227210834242,12.363592517917004,12.318549156188965,12.326838673301355
444,11.847027940484658,11.8578353859374,11.858104830494876,12.02009089510604,11.947111061659948,11.948224067687988,11.953563603962747
445,11.497378425965337,11.499001547611414,11.499784331205614,11.548279541352429,11.305964323401813,11.286121368408203,11.331273946319135
446,11.887179877419031,11.894855480038613,11.8941945948692,11.913752567675147,12.01030401546688,11.998684883117676,11.962826158054892
447,12.147833626709577,12.146793540771712,12.145754967833222,12.199501448693988,12.153749719570296,12.163012504577637,12.15132077729853
448,12.296600235664654,12.305533884734828,12.304492639711905,12.29079920727075,12.285825990723474,12.290811538696289,12.286951655557177
449,11.840224598609604,11.818630140683007,11.820707152995114,11.789403505698713,11.949854184518145,11.950234413146973,11.965750463913087
450,12.51129447292752,12.495062953536118,12.49577144601315,12.518780942858285,12.47682952681503,12.423072814941406,12.451324760438572
451,12.23597206141144,12.237586795452973,12.237416478075648,12.217409973188753,12.22365180956884,12.213301658630371,12.199633053712526
452,12.214124454072326,12.215578975580533,12.216265746977394,12.165760523893775,12.193788850145797,12.196883201599121,12.217738889537582
453,11.965304594115244,11.959729393450305,11.959257432726426,11.994761371401033,12.010478041143168,12.019582748413086,11.994167264909567
454,12.069111585557188,12.066439584054097,12.066232134449354,12.109588053564591,12.107542463512054,12.065722465515137,12.079047629793337
455,12.712176631465466,12.710317936956345,12.71105111358551,12.700296871078177,12.701477269255566,12.742932319641113,12.749163892948602
456,12.239573722877005,12.230585517299323,12.233998436676073,12.116396109786383,12.20401289690638,12.167933464050293,12.157698734165315
457,12.158497467160313,12.170808368528997,12.169537028661269,12.18372485608539,12.159155380329242,12.150516510009766,12.122074812519445
458,12.421510544158952,12.42528005988699,12.424911254193741,12.754408072063743,12.37104812189121,12.432583808898926,12.429616220532697
459,12.435164450205011,12.447512323895191,12.44673720198495,12.57942333472009,12.352296887399302,12.37244987487793,12.466017369290132
460,12.821109004936364,12.818758477002042,12.816890634882387,12.785810077948138,12.801316611131249,12.79085922241211,12.812236006231574
461,11.879185155474271,11.87696425320673,11.876069732654113,12.010427084181513,11.925890882974056,11.906658172607422,11.903307828510734
462,12.788728028972614,12.780806991966976,12.781430579806596,12.734797344126891,12.807764928115583,12.821738243103027,12.791240699866902
463,12.301475856242071,12.30333371241644,12.302818606417084,12.285539477506886,12.316260828543601,12.335039138793945,12.330645000094206
464,11.800700594095762,11.782282699322733,11.784344100244784,11.764453273757029,11.850649071024597,11.866307258605957,11.855687394590767
465,12.475158621008365,12.483604847068717,12.483859779450718,12.487266674161166,12.49773485121934,12.49862003326416,12.41736348178078
466,12.139725334206789,12.154178430188987,12.152619679523943,12.06425144924853,12.06400756476605,12.168962478637695,12.179174087412582
467,11.947140777264924,11.94561984098298,11.946973509245167,11.94919952776154,11.90410407839472,11.880595207214355,11.809104359137287
468,11.759704305300861,11.753184522085487,11.75429715951723,12.083759685141324,11.644477275676104,11.67404556274414,11.639691598251508
469,12.772277193378326,12.769671109996207,12.770406458784771,12.757590608883897,12.70970779768477,12.763081550598145,12.755579184950188
470,12.215541277806082,12.208802872920636,12.209597127481365,12.190823493411548,12.237217289290697,12.205507278442383,12.23417185323377
471,12.849240356053933,12.85130701814167,12.852062215513078,12.77662018973987,12.731088508940303,12.780200958251953,12.732120569579404
472,12.185169135462967,12.182808878904986,12.183299209672995,12.174597719164046,12.222423764319672,12.209233283996582,12.204770992508225
473,12.213780809641689,12.213215453081187,12.213591612626386,12.173813759482277,12.187949251200667,12.183123588562012,12.197270764357745
474,12.417037904632805,12.418210625992796,12.418270017629379,12.464726937480286,12.457778690184815,12.438741683959961,12.466097417533678
475,12.544254865978186,12.55086487787606,12.549356094963631,12.529922823971877,12.53940703428477,12.534187316894531,12.570156685181011
476,12.110790396316322,12.11789553489174,12.117285263755596,11.98332422183715,12.16902351470227,12.17421817779541,12.194529589825008
477,12.784815242795256,12.78539991269709,12.785335146750427,12.751450030236327,12.712709235257984,12.735459327697754,12.794706364830352
478,12.035959452193246,12.026899900365974,12.027118669127136,11.98695965743489,12.115835132106024,12.109240531921387,12.110386291014105
479,12.006091684544613,12.002891932262743,12.002689972495519,11.987745931684291,12.03741289642433,12.020733833312988,12.02553571683204
480,13.024713784815873,13.02576609417386,13.025770821670594,13.074177838630904,13.037411922511824,13.049582481384277,13.039994485186329
481,12.595194317179946,12.59429079398783,12.59433024920599,12.603799638884299,12.599165084373636,12.601262092590332,12.571965109688398
482,11.97750534657348,11.987243354887825,11.986219596925597,12.070274377677551,11.975074835672196,11.928144454956055,11.955138677319484
483,11.97717415825261,11.975164996775918,11.97599770760181,11.964945825638473,11.933945683716995,12.005271911621094,12.009012994338434
484,11.917428376571268,11.914250322061923,11.914858225423156,11.930196014805478,11.951294248308715,11.982961654663086,12.007883959523632
485,12.977837307046636,12.9711772353255,12.972520663822744,13.060614841319007,12.946152486933705,12.934956550598145,12.913737272151021
486,12.276053781322648,12.276800852879948,12.277297352594218,12.100983847329022,12.187254008064059,12.247532844543457,12.239482059971357
487,12.012618686742924,12.013800460384752,12.011551934203899,11.968403929070382,11.94072329090343,11.98649787902832,11.973500465719685
488,12.351374057243506,12.346313152860182,12.346765010620642,12.31741788603158,12.256116584282616,12.25008487701416,12.301507625363646
489,11.98760440169941,11.987002631276555,11.98682380532274,11.99373075638978,11.978905254627112,11.99035930633545,12.008939788989231
490,12.428257625073657,12.428905452067394,12.429664946807494,12.4251873386986,12.464225161906798,12.404346466064453,12.396598406330309
491,11.756052228988718,11.762884462268909,11.761721773708771,11.792922973942575,11.825163345861588,11.751860618591309,11.735080567446134
492,11.867198328506452,11.854126980696527,11.858046964783865,12.048068046884433,11.888691877152478,11.899059295654297,11.817416642692049
493,11.907466490855088,11.920654140246272,11.920327018343214,11.957580134390836,11.898627361648504,11.970165252685547,11.953475146355803
494,11.958016332379632,11.958083386992534,11.958169946515183,11.91241412104361,11.921453519993058,11.958105087280273,11.935076623203116
495,12.657023279858533,12.662950232116698,12.66317760577802,12.529708141480745,12.535289132941662,12.55225944519043,12.54386300120004
496,11.41619324293027,11.3941066800873,11.395063189915112,11.500642814463632,11.314046569826438,11.353251457214355,11.425480926658688
497,12.049668927463504,12.052353939173425,12.051116519612211,12.03503891612271,12.057867173462434,12.06598949432373,12.106237801160772
498,12.357830618428329,12.35541516371627,12.356548880000718,12.359478498943108,12.325900411426101,12.328557968139648,12.349469636637807
499,12.217987430772553,12.220964080051514,12.222639951384375,12.207426732164002,12.228585195412386,12.23523998260498,12.20089127722322
500,12.390870479241991,12.390661946460021,12.39065281551442,12.39446773779741,12.447156279164982,12.447305679321289,12.434540211256163
501,12.189376632755524,12.192424568065656,12.192442294760747,12.206269964404004,12.087109662130336,12.162070274353027,12.16137481201576
502,12.768262886668792,12.786917228148196,12.785429454850911,12.11568815768722,12.725771402245325,12.7318754196167,12.755550410395
503,12.551986817328768,12.552801272730674,12.553883798262133,12.532015697720738,12.540130282447516,12.480962753295898,12.494366236623915
504,11.907832046848602,11.915012058524479,11.915482692997562,11.776196111959326,11.901067839061644,11.91303825378418,11.948528853257265
505,12.105434102523317,12.09503363199575,12.09812637812647,12.127331865265335,12.054092231899713,12.066691398620605,12.085732391066657
506,12.54929148206434,12.555673521353107,12.555251139412125,12.504310300180041,12.456038402472277,12.428589820861816,12.453336801154704
507,12.100891800948395,12.117463756487282,12.115035337559412,12.04438307331161,12.123414467207215,12.130760192871094,12.093749184236719
508,11.974683857662427,11.951966737508657,11.952448324613151,12.112891620350203,12.084936124423802,12.03590202331543,12.014123392373417
509,12.906836185765883,12.889056879831784,12.890448231172796,12.856674901448756,12.88650627027173,12.845597267150879,12.830422624119583
510,12.10775651075305,12.101843868799069,12.102362834439749,12.123527508615746,12.151347851965992,12.098600387573242,12.05253046411815
511,12.457340701320371,12.4735265397025,12.472595672295714,12.11639610978638,12.3311114194359,12.376070022583008,12.31456720662714
512,12.290486341817983,12.294322821971758,12.295611268088576,12.276430797701986,12.246866519873727,12.213641166687012,12.242669334628014
513,11.900088076965766,11.90852931147198,11.904947421366714,11.834328407015395,11.861444183907134,11.908020973205566,11.870696710903907
514,12.012981636716997,12.014619606257517,12.014442134186382,12.015681690966561,11.929972283855866,11.975303649902344,11.953910892356205
515,12.020928489188385,12.020975994517617,12.020352599570392,12.049967749526111,12.014135396958372,12.003194808959961,11.996344341687399
516,12.835137355539631,12.8291314001034,12.828724373051212,12.828387681417746,12.820892089171165,12.900960922241211,12.909919924460002
517,12.135169966831914,12.116440632819678,12.117206178161142,12.16013442323448,12.126786839994782,12.109997749328613,12.150649696544292
518,11.860350312253928,11.872332910594956,11.871957832305142,11.945622828446183,11.772781897640016,11.785212516784668,11.760726038457856
519,11.991748394854623,11.992673477513883,11.991383024430842,12.019745670902722,11.976395318045192,11.993782043457031,11.94046653269503
520,11.850954333394117,11.8848027970381,11.884675144863879,11.936009021469717,11.969469713140898,11.951711654663086,11.971822428155946
521,11.895687101072319,11.874553941088875,11.877834456244827,11.883343377609142,11.88669298228692,11.813336372375488,11.720254256812256
522,12.122937486850885,12.109574264478429,12.110504731861116,12.26361406552256,12.09339939878047,12.117569923400879,12.146916309894271
523,12.007365163768299,12.022366343800218,12.021235618089165,11.994873316615072,12.023251224115176,12.056031227111816,12.024310879394521
524,11.96284549972659,11.971236160283414,11.970850523081646,12.008979412804676,11.940623552788399,11.946310997009277,11.9487163551186
525,12.735493031826259,12.736804881538596,12.737193295207069,12.749330541987272,12.797522959967731,12.802459716796875,12.82273118059307
526,11.880773324642858,11.895228360296043,11.894338860271194,11.88889661936403,11.888742229310544,11.903266906738281,11.916069680733939
527,12.483692470469853,12.487259908198688,12.488378123085162,12.448996521506647,12.445220909196372,12.435388565063477,12.45762176102588
528,11.84569864560003,11.834110901259965,11.835968931446223,11.798184314983477,11.872309375817515,11.874281883239746,11.898057251029428
529,11.424474392061843,11.389428345936743,11.389285815908798,11.491380182309033,11.415619981570847,11.517410278320312,11.55998078321052
530,11.778633364504136,11.790008962820018,11.789228852102838,11.868132019862191,11.77280934645116,11.730589866638184,11.74259582933965
531,12.504492308836056,12.508223458006935,12.508104124465858,11.463698649270961,12.432341077367662,12.401854515075684,12.385677991838993
532,11.9926571656994,11.991829827658085,11.992946134212056,12.006593297743832,12.030330799605817,12.018284797668457,12.046424142515306
533,12.071646200208429,12.0591171086171,12.060161111312,12.055681107168946,12.048308096886505,12.066655158996582,12.044504446194294
534,12.056938341208289,12.055499972230155,12.054664018437355,12.102566949942748,12.075707510955937,12.062668800354004,12.09369974034952
535,12.194343981199362,12.19774328680989,12.200207125515405,12.106024261261089,12.27421924693342,12.299315452575684,12.215992550849613
536,12.439631379160081,12.431331411052518,12.4330558828083,12.423814759694654,12.397676249237648,12.40583324432373,12.357059814618172
537,11.522115694153849,11.501987961864703,11.502416772416613,11.515356070985522,11.393871298515785,11.411225318908691,11.451278626818223
538,12.36832656049256,12.350062543856657,12.352577185164273,12.341935507632357,12.341616288943086,12.311829566955566,12.34366821704286
539,12.130905540828335,12.152266213116084,12.150978271345956,12.123671404611368,12.090762826414293,12.127805709838867,12.061967873074536
540,12.260122616163812,12.25146333366185,12.249595831250776,12.481104014874395,12.176341147061795,12.138910293579102,12.134752973852823
541,11.744577882540325,11.734432223131824,11.733906366194491,11.853272806500927,11.715009475468891,11.614249229431152,11.603742832949633
542,11.64709730665976,11.631613242402235,11.633195208061847,11.586942601158308,11.503976975822116,11.510384559631348,11.535718808052449
543,12.128189402785807,12.11960248375038,12.121405823870766,12.015287048834702,12.10184679631453,12.063370704650879,12.091723494314971
544,12.250208840051148,12.251611675217717,12.252221954065991,12.250213090550403,12.276549454363787,12.270146369934082,12.301152063258966
545,12.759201342724129,12.752707301224374,12.754952041313402,12.705288475274862,12.75458824173981,12.675263404846191,12.719273139356403
546,12.411188392129239,12.411343628523296,12.41163011169264,12.405988124154955,12.418423812458117,12.423882484436035,12.406176271543393
547,12.355138514739691,12.355449669089605,12.355044033315838,12.363543517105516,12.37109598744993,12.377883911132812,12.358536867069692
548,11.805226988648554,11.810155716591517,11.808850481811465,11.830977373988251,11.888671250391361,11.86852741241455,11.836852569473255
549,11.903543822936706,11.915049380207591,11.914443676006242,11.942264148325378,11.933825060455336,11.90121841430664,11.89057174938954
550,13.212157051576085,13.20940200328113,13.209144016348743,13.255103924011358,13.18497770447962,13.18509292602539,13.125605090374863
551,12.4341320419053,12.43835039840615,12.438426499137606,12.41393862565309,12.420725082944054,12.427650451660156,12.43760594293429
552,12.33766270466134,12.337723749405356,12.338357874817998,12.315539359219768,12.389467403694939,12.400588989257812,12.370655325142486
553,12.826655626253562,12.831945515692684,12.83132909763617,12.815511146019,12.784581494427451,12.77890396118164,12.816447561075874
554,12.084847992872879,12.096096380897741,12.096025945737745,12.118244490968712,12.030476250410278,12.028698921203613,12.05473862062385
555,12.165254681515348,12.163019642656963,12.16327176931977,12.132609450392817,12.130076489406902,12.152172088623047,12.159573684738406
556,12.345870929782151,12.334150827263375,12.336760185177326,11.93689106086755,12.377828779936914,12.473143577575684,12.492553401501771
557,12.048035783657859,12.044576280722865,12.043207577397164,11.97049098583135,12.009407135415072,12.082867622375488,12.075619985945087
558,11.825838623159228,11.822334965732955,11.822314740582552,11.840190988089356,11.97509968826263,11.942855834960938,11.941825046570562
559,12.875968291571096,12.872942623398977,12.873088296387255,12.873624622238117,12.895399816659797,12.892053604125977,12.874864653008848
560,11.948150480549637,11.928555585072,11.929784248024099,12.106229977328976,11.963225532819823,11.936861038208008,11.941437389195427
561,11.766660229665364,11.751475950140449,11.750826061000131,11.77642846694187,11.83554059504318,11.804709434509277,11.82274560554215
562,12.585800652437543,12.57981600951986,12.580564135408116,12.559732084419418,12.54080802508166,12.528915405273438,12.489952947336931
563,12.17709173827665,12.188351016767253,12.18627289161567,12.082899273328465,12.185699958642585,12.186601638793945,12.161565330281453
564,11.988180965803085,11.985349530632352,11.985744245330856,12.06982538270339,12.087402283654146,12.10403823852539,12.116862139646019
565,11.58610706729575,11.587246810327818,11.586492585352829,11.540592748479051,11.60502516569066,11.537497520446777,11.574985481399262
566,11.950419866145786,11.929264882975144,11.930205680951818,12.04117091229211,12.012180310063624,11.989200592041016,11.973783640846579
567,12.44940769852961,12.428899775491395,12.431999444732604,12.094647226574828,12.41054813581884,12.427583694458008,12.396270240957636
568,11.504267970315869,11.481246912295244,11.483025256902126,11.53664856781066,11.438467561248098,11.412013053894043,11.46272629159481
569,12.551404240682386,12.557972494566563,12.55819401355173,12.549140853966712,12.65210876619887,12.612104415893555,12.634876630361306
570,12.089256331338877,12.098352426810163,12.09773746221804,12.077016850287619,12.050477792346822,12.009485244750977,12.015034946620222
571,12.735168672905184,12.734063731050417,12.733749880557907,12.74251676572599,12.7741334060647,12.766057014465332,12.76702718566496
572,11.931991556420888,11.926765105659415,11.926060898891613,11.936951908137752,11.909744946022919,11.952865600585938,11.940905078508967
573,12.039773518859882,12.022064355050121,12.02356440427106,12.003841616852748,12.127028867632298,12.088213920593262,12.093951739066027
574,12.54302560489625,12.533970163697527,12.535273400816468,12.578139907065292,12.58355733438108,12.51217269897461,12.539739673644664
575,12.849084143367953,12.855752829686246,12.85486036633603,12.836907826795706,12.841261079799777,12.889007568359375,12.899908814757987
576,12.082136200435349,12.089955838739053,12.089417272315462,12.098122440804513,12.073959393759601,12.097710609436035,12.095596177939603
577,12.424016794099511,12.437387551438407,12.436445538822477,12.127887553439175,12.467863043365346,12.486529350280762,12.501731891672973
578,11.846383837884424,11.850572066484112,11.849530904673593,11.830474361500356,11.944929801382933,11.925671577453613,11.874872711963102
579,12.535151540491489,12.540685979173894,12.540240547602126,12.530659222136686,12.553058922475579,12.510912895202637,12.515261952581106
580,12.137951043553848,12.135535246408454,12.135980962746233,12.181547263355395,12.124333118799491,12.184636116027832,12.170662194449795
581,11.763601577391126,11.7656607276214,11.765143738451355,11.776517142079367,11.776268103321572,11.718734741210938,11.761428289546402
582,12.413955950967113,12.419311149931351,12.420315791665304,12.256411792528686,12.427345420088702,12.378927230834961,12.385763468946555
583,12.498444040932778,12.504122915823901,12.503801610242071,12.492279304405368,12.646641243394207,12.590558052062988,12.60796384144368
584,12.085548809625188,12.102375586855214,12.098988215623619,12.06617330615729,12.057784185494834,12.037313461303711,12.032234593749745
585,12.095356617386953,12.099295307532806,12.09843581317401,12.145183746259594,12.156602063630599,12.095518112182617,12.11469969464937
586,12.582877489856823,12.580830907205726,12.581086152740891,12.621486335998407,12.596732407400937,12.573262214660645,12.620308389510777
587,12.503576093266672,12.490642345882886,12.492056241147406,12.449180434010987,12.510488561023262,12.550256729125977,12.543530914498328
588,11.68857381494472,11.679994367556972,11.678678230225316,11.692581414158264,11.820552402483997,11.802523612976074,11.77885151657308
589,11.895537295768746,11.90907007424385,11.905674585983993,11.843953698376046,11.928017240585369,11.94619083404541,11.961119847493512
590,11.825159952157113,11.822121248786312,11.821135092191216,11.779320916619973,11.867822878702224,11.891727447509766,11.870950811789557
591,12.162277292437933,12.15520631098656,12.15813966061199,12.109680331801815,12.131177737985139,12.078408241271973,12.094700042930283
592,12.665678330492518,12.66290713866957,12.663945389097226,12.667161736333256,12.618837634984528,12.633090019226074,12.623395393107373
593,12.47489436146255,12.480393747647081,12.480683510181388,12.482450294460744,12.475667852540267,12.503220558166504,12.47309034309973
594,12.048466925041978,12.047153365435479,12.048087239217473,12.019981482115007,12.055968062972715,12.069512367248535,12.05655528182409
595,11.533337261758811,11.537991471993045,11.536754363925793,11.690103368238487,11.601901548636361,11.586380958557129,11.64520287933895
596,12.037964390953867,12.074983812200383,12.07574859542792,12.02661242252023,12.135115702473408,12.029232025146484,12.050759500254465
597,11.916131480022287,11.933703885734598,11.932236565649335,11.904986916794616,11.778726192630023,11.853412628173828,11.884305544203338
598,12.061334861077151,12.063965747949183,12.062865906508954,12.111779896307848,12.046310983121781,12.042535781860352,12.047527008037958
599,12.00854329421315,12.0065657356705,12.005558684004788,12.02901005531673,12.136067420488759,12.120833396911621,12.020684452429121
600,11.848872055860138,11.837031161110712,11.838212623002377,12.11399820182427,11.864105408885951,11.872353553771973,11.819043148668397
601,11.9163905150619,11.92089298870724,11.920460781201285,11.863040988384583,11.870116435956085,11.956010818481445,11.944041143433283
602,12.243151626168366,12.25651538639168,12.255024467803072,12.281724291935102,12.261588089081053,12.25936508178711,12.245385258711053
603,12.481848873973671,12.483760399034976,12.483886185396667,12.45303043659683,12.473048441149867,12.492019653320312,12.482419111999215
604,12.164840335867908,12.159710113085604,12.160279590762533,12.189156698908093,12.132001247783055,12.16378402709961,12.13739737877224
605,11.865632649187214,11.863500020896343,11.862471953706901,11.877644214721567,11.965369473765353,11.936463356018066,11.93312657908325
606,12.549302416907413,12.546532896526493,12.546673572351466,12.574170147835954,12.56139070192637,12.562161445617676,12.578852356125088
607,12.325290252179407,12.328943184599785,12.3284654649332,12.357789683675684,12.208465440295399,12.22891616821289,12.250777042825929
608,12.721145039926247,12.719501498260158,12.719926155717499,12.709804066628488,12.658555577257811,12.657915115356445,12.601384028901759
609,12.142290969211698,12.15288583899176,12.151533971521625,12.10106454536499,12.188910722740532,12.173590660095215,12.15885474464877
610,12.3179734128757,12.31661421997568,12.31648757513715,12.353951755253737,12.34206949629681,12.337590217590332,12.320995437653188
611,12.304762697675562,12.306543753141948,12.306428932223682,12.292014469112441,12.35031156346798,12.305756568908691,12.35953793123607
612,12.317735349096994,12.326249111698797,12.324016981736541,12.090504659249898,12.253289784062002,12.21904468536377,12.153149492661177
613,12.20659465901926,12.220398843427004,12.219310017884562,12.163980608605554,12.156434757208102,12.187408447265625,12.174013348382235
614,12.575159103410632,12.569873495501565,12.570622248353553,12.56592004128855,12.58207549509456,12.638495445251465,12.57344192929932
615,12.204627873842458,12.181280320181797,12.185187594351056,12.188079949037334,12.336483578017926,12.383313179016113,12.39847414943158
616,11.947012998206056,11.947673631092886,11.947492874767121,12.146946018085883,11.919451653041227,11.92745590209961,11.905678555826423
617,12.69053327747706,12.68373364667401,12.68436731909643,12.325315364076637,12.706225440758042,12.762192726135254,12.772129780092039
618,12.069075244260596,12.071750652345989,12.071018235949365,12.103159981690029,12.041836616225137,12.067317008972168,12.07739642992469
619,12.335103227424403,12.329664449251661,12.330439007985376,12.309643739982356,12.35100244909408,12.353628158569336,12.349374230613497
620,12.856500345700626,12.854232361073578,12.855189486819212,12.637737984822213,12.829612842909443,12.848514556884766,12.775198287800183
621,11.95508151991884,11.941777409380734,11.943557743738328,12.285116371021328,11.949054419827261,11.918773651123047,11.961234399937576
622,12.132430440441675,12.129651231634744,12.13117748701492,12.139520473182195,12.052868447725166,12.079142570495605,12.109841387308999
623,11.893239024517316,11.900669947560663,11.8994442270703,11.92698963665425,11.864713489737902,11.891736030578613,11.899420487035329
624,11.832285130114258,11.844832123294958,11.84301607640393,11.818724598508027,11.841534863863188,11.876805305480957,11.83137454408587
625,12.504988608007634,12.50094903575775,12.501104389242869,12.503818994582234,12.517975676712311,12.530595779418945,12.50362427424931
626,12.023191273813149,12.020642391314137,12.020582983205083,12.025397825503436,11.988824578658093,11.992745399475098,12.023494439282764
627,12.245204899799267,12.25338195500923,12.252244164028367,12.119992731423027,12.288102302486543,12.240200996398926,12.275086405054404
628,12.032034884841437,12.057611670260192,12.058453464100399,11.959439315527266,12.026478782193863,12.018607139587402,12.03370986584775
629,12.74711674929728,12.758573562191849,12.757157574934809,12.744472140608325,12.852669871132887,12.806646347045898,12.82347039766921
630,12.299991263214638,12.304115242975849,12.303259127197084,12.345670745689116,12.273373207830083,12.256596565246582,12.276752402547677
631,12.142460585832675,12.146494201514923,12.145972654657555,12.186279886378365,12.2081467636723,12.219096183776855,12.17675820486202
632,12.234878189806151,12.238511342947778,12.238798310038764,12.233673780230468,12.30791287646173,12.301764488220215,12.323508721618024
633,12.029875048802355,12.034878653110109,12.033822532561624,12.000309358233688,11.962041228785527,11.92371940612793,11.952497994283522
634,12.393384020803945,12.407472382429782,12.40766179757935,12.385390544603775,12.415467464075311,12.399978637695312,12.368313798185913
635,12.394819861206443,12.3892386852781,12.389549543647796,12.338410450582648,12.341643919822133,12.374652862548828,12.345779654043652
636,12.216786128462305,12.219389157575467,12.219272090169904,12.045784741992131,12.10427640147834,12.159550666809082,12.186784726457686
637,12.773505090938755,12.774266418213713,12.774087577370215,12.79921439102382,12.871629124807905,12.851865768432617,12.82528386359948
638,12.315546165983129,12.313499587076832,12.31435514806456,12.338990294152897,12.375675042989505,12.385580062866211,12.370890945243364
639,11.837918321039302,11.87067958328174,11.870363608904263,11.669494529209356,11.705720439654698,11.765917778015137,11.832256346747647
640,12.331366412613185,12.33025723055402,12.330407280582687,12.378794485380904,12.333879227371643,12.34817886352539,12.360112845813195
641,11.910960849197446,11.895367363041501,11.895597680787114,11.968793372567008,11.920545558803529,11.89319133758545,11.878180234537638
642,11.975844351246392,11.975915192582663,11.975630932158955,11.944029548144236,12.06376966034575,12.051523208618164,12.050444395234493
643,12.47983038965702,12.497224059620375,12.495458531968778,12.438383043328074,12.473979914015452,12.444055557250977,12.475947522329788
644,11.933234182112345,11.935142393204828,11.936070977800654,12.070934013386038,11.994547929816713,12.010196685791016,12.022435935909312
645,12.41107331628778,12.41628149575603,12.417262439455662,12.425266872210889,12.300539789811914,12.313933372497559,12.287591103311367
646,12.327560161344117,12.322850886504746,12.323521640999976,12.300237875597244,12.299819317508327,12.298748016357422,12.295191830237094
647,11.738067514072359,11.725300362046482,11.725703911508761,12.101098367861903,11.759230556097119,11.768715858459473,11.705910274633123
648,12.324095689375719,12.32001332488197,12.32070219590523,12.176909234267955,12.30726806820281,12.337806701660156,12.33078354597962
649,11.964772593151114,11.966078405106284,11.96458651249149,12.061979918466687,12.000673320957448,11.951847076416016,11.919319555471212
650,11.681734127452147,11.66779555894325,11.667225110580599,11.805623019996794,11.608134456755788,11.647117614746094,11.690641067225636
651,12.324538177200111,12.326390592865778,12.32835102210509,12.244014787647085,12.417951854155145,12.380409240722656,12.385477518111456
652,12.794444465571898,12.784900013841138,12.78666535350035,12.804448359020899,12.837758583374608,12.791461944580078,12.821349952468253
653,11.9171948138405,11.9075964018388,11.90647862304273,12.12396056434031,11.837040093242612,11.911108016967773,11.910215063978224
654,12.430135028690938,12.411370928011275,12.413582100215704,12.356267232941097,12.494501933601525,12.385601043701172,12.425186247266277
655,12.26221027189895,12.258256169822122,12.259450248626255,12.232653846985936,12.269587413698659,12.265312194824219,12.273041913298732
656,12.37779528044461,12.383575852215342,12.383110527049642,12.178058228011425,12.255025514912267,12.328607559204102,12.273436391786937
657,11.98140651956682,11.995592942174055,11.9920599374071,12.028345253589901,12.072342319636952,12.033231735229492,12.051549420797846
658,12.219181300753828,12.225724575331892,12.224765768677903,12.274205895762872,12.298977735004462,12.273862838745117,12.269172150644707
659,12.2737261506006,12.267778897666862,12.26923843896851,12.294790381380809,12.290449443493452,12.250493049621582,12.251961554093187
660,12.917923985760567,12.90514086412167,12.905958134405187,12.88413257865096,12.799822014450607,12.84011173248291,12.893017530393251
661,12.029398034224556,12.029917178746322,12.030620987685266,11.978351278999595,12.038685166569303,12.029047966003418,12.007426224577816
662,12.16535461225759,12.165225404593883,12.165512905304992,12.225700827911398,12.21453377873652,12.223902702331543,12.2254853817613
663,12.288006811268191,12.275659599681116,12.276190082088203,12.24917595929759,12.211053851881086,12.238181114196777,12.215392531330664
664,12.313836330182687,12.319278590985842,12.319716093576739,12.278018609841089,12.226412178199796,12.254448890686035,12.237294043866946
665,12.33965707912345,12.33918964122989,12.33975907066601,12.298903693044043,12.327175026488765,12.2793607711792,12.296723734117144
666,12.478065569854948,12.486752295874222,12.48485995346632,12.480754045221708,12.42394858803993,12.498128890991211,12.491299326357291
667,11.877820651386648,11.880643464437425,11.881227581690592,11.926872095088246,11.954153982902033,11.892491340637207,11.906657547083512
668,12.502185384329305,12.497719423777696,12.499127573360322,12.805263692566868,12.461057952392569,12.453645706176758,12.461859385230065
669,12.034357232243577,12.028123739305892,12.027727914744892,12.057463488220389,12.105079584637991,12.112215042114258,12.099835215916418
670,12.408340595297092,12.403601556972157,12.404002825289401,12.3745755347717,12.377164595417108,12.400277137756348,12.374808946139646
671,11.60762179107785,11.623445034079777,11.617911609648779,11.707180552612305,11.724580249684243,11.68673038482666,11.670112579669578
672,11.99909312243606,11.989816524495733,11.990250133249754,12.2229879415458,12.184435169706777,12.124560356140137,12.113492728060892
673,11.804105856741362,11.79352792446018,11.793421470887031,11.777322878505451,11.686805629055225,11.668800354003906,11.655204704597349
674,12.045199801647566,12.037811018899053,12.036973392522944,12.077777286734992,12.138313035696525,12.137664794921875,12.119312176520564
675,11.997839707378393,12.022671654658772,12.019042597697425,12.054267806775488,11.978848363080115,12.009135246276855,12.020507298258734
676,12.596769733689358,12.586036883737188,12.58757674226575,12.572494943421072,12.626127418053292,12.632766723632812,12.643176341995257
677,12.82043246040625,12.825832741358013,12.824488953499422,12.8220540967961,12.96287278978651,12.939805030822754,12.956463967401165
678,12.522690594118949,12.545326276898544,12.54653875870738,12.123986752492183,12.433938848004615,12.339140892028809,12.38148900721466
679,12.015870188853665,12.013076783993396,12.013239628562893,12.01858944682052,11.99528032577881,12.01186466217041,12.011995504277975
680,12.467159833039164,12.467894128854155,12.46777691605523,12.430882677830999,12.447094230580623,12.46617317199707,12.461826263237562
681,12.845586591612053,12.841371183508077,12.84134491073647,12.834368063447013,12.828590635691658,12.80885124206543,12.861520755626286
682,12.498737318521886,12.501869839407806,12.502258519475067,12.35128354342557,12.507181946425524,12.476234436035156,12.461738602929637
683,11.934937608853676,11.93162532483479,11.932848322387132,11.854247774937555,11.967757978406368,11.967442512512207,11.93942826260357
684,12.280902311996323,12.287005421041007,12.286908652874404,12.256416441848872,12.257738940531379,12.26040267944336,12.282334870375806
685,12.591152998682038,12.59732407963322,12.597956628042136,12.38280802332985,12.530156704266313,12.576608657836914,12.565196987412758
686,11.94668596618641,11.948664026023422,11.947524985840069,11.947438119655546,11.96340067188957,11.938694953918457,11.950778848074865
687,12.419200719257057,12.41225196331692,12.412744539965999,12.415133433340989,12.34182978121782,12.324921607971191,12.327931929589923
688,11.797330800420697,11.79544975177686,11.79498583163766,11.836586359771172,11.81318898376143,11.742815971374512,11.696666177212705
689,12.613100341287822,12.624086738197825,12.622499996383743,12.643388642150098,12.60553955992074,12.610992431640625,12.665585505538825
690,12.58836267063442,12.586285897152013,12.58747378702113,12.592677932020257,12.575961089029212,12.54181957244873,12.557513548594597
691,12.087034690651512,12.092434446005907,12.09140886209773,12.062564384414275,12.051156165454378,12.092403411865234,12.086211105532886
692,12.328238233732119,12.32843828442581,12.327303471412852,12.316451243376015,12.313130737541556,12.323671340942383,12.419441999582164
693,12.414429719356527,12.408964177825181,12.40941068914908,12.417064259482977,12.425030602139406,12.40567684173584,12.443535399188018
694,11.865499886284073,11.873413907155689,11.873794000161869,11.905327685524508,11.917591985350942,11.854645729064941,11.860013314845444
695,12.604290512592815,12.594302409631625,12.595812099659714,12.587840888457002,12.650581276510868,12.663480758666992,12.64580161044816
696,12.074340674490038,12.073053939001998,12.072615618178553,12.082777894967162,12.042023801193164,12.010592460632324,12.020680782691155
697,12.493761642911261,12.501666256165866,12.501276375737866,12.487313382192719,12.485041087810608,12.472953796386719,12.461038579806964
698,12.815446566544908,12.809264166458915,12.809445293473425,12.77165303494381,12.939736422952066,12.86868667602539,12.877243927349094
699,12.004866323981267,12.00081738638264,12.001465334252188,11.905147507723225,12.018734336977309,12.039158821105957,12.067456476497535
700,12.549659809607416,12.54624140307572,12.547839638967796,12.548945290761408,12.468895755267948,12.494336128234863,12.424799677318928
701,11.900339278320576,11.893707785915906,11.893570109387072,11.876437998257135,11.91158855394793,11.903766632080078,11.917885667912385
702,12.11518014510546,12.116848124790765,12.117444931168583,12.104708194225484,12.056797829886115,12.098994255065918,12.098555276976336
703,12.279209296408405,12.271158824459894,12.27065588812628,12.23615520052984,12.268943622143526,12.29117488861084,12.280958360522112
704,12.486485882065416,12.47798458248415,12.479831180384434,12.495511970418862,12.392969237957685,12.412588119506836,12.38082078248179
705,12.1844793426305,12.184962709308918,12.184725764123447,12.195932411179605,12.187933996167367,12.188143730163574,12.171439556445877
706,12.183963877480382,12.178020504382236,12.179365204457454,12.13893155688752,12.220383688363505,12.186613082885742,12.192111073150379
707,12.088875761969089,12.09637893804228,12.09566563281825,12.051749502820103,12.034185055654785,12.0283842086792,12.026328917538725
708,12.73922445207916,12.740166954865906,12.739517766657444,12.748093762842302,12.800873189830169,12.795135498046875,12.859907993256465
709,12.190870767457628,12.19312310673249,12.19384467185642,12.172364203167588,12.177274223323868,12.151865005493164,12.149298347009582
710,11.93807617880691,11.932851342465877,11.934281931518095,11.846293450309275,11.879339534221,11.902237892150879,11.93451440140776
711,12.257034629312587,12.251922085242128,12.253202313401705,12.21386146751945,12.206769367427693,12.105511665344238,12.113441123280378
712,12.538101596475862,12.53242162427793,12.532724179817823,12.516539170475536,12.519257472965023,12.55930233001709,12.54794367799158
713,12.425995287807204,12.416547161728651,12.417623024711737,12.409890493009964,12.441268072097351,12.385944366455078,12.389243661361576
714,11.852277275183189,11.85954637435179,11.858045000646,12.23448229160297,12.001537089596344,11.988874435424805,11.966658559682642
715,12.15059360210856,12.15896159895969,12.158601222773656,12.125723349808453,12.16415347653536,12.163862228393555,12.17399274045574
716,12.01723168082863,12.011226483062988,12.011996496683496,11.994731451592028,12.081156973414586,12.035821914672852,12.088736389070155
717,12.305676100908226,12.318713428570948,12.317367391951892,12.322900172011606,12.307831165604062,12.328603744506836,12.33547481347457
718,12.037142196057298,12.051945985498607,12.04869469165442,12.004064744481738,12.011665466331804,12.073925018310547,12.030424676951887
719,12.653360307319074,12.657461112097707,12.657496678432441,12.67831284397796,12.62591878422338,12.6619291305542,12.708748178863827
720,12.338134388565946,12.346556994706836,12.346370768487512,12.31258619521395,12.297740195271757,12.319171905517578,12.323570144099389
721,11.798050776837425,11.799282342333592,11.799330192880616,11.801374237397582,11.843294024480212,11.815206527709961,11.839542270598619
722,11.952500079661116,11.949465424589192,11.948678080954478,11.975367211030782,12.008652726808819,11.997454643249512,12.019979937733638
723,12.402704321426512,12.411763637315984,12.412568211866517,12.370231926463756,12.368130819149197,12.378612518310547,12.363731003057714
724,11.9840380322532,12.009689535107269,12.00844104995733,11.981509718795719,12.031979295734814,12.021810531616211,12.04440928076266
725,11.910749936236734,11.924836931748924,11.923527192112036,11.933646791058614,12.019969534303964,12.020485877990723,12.013327716581728
726,12.073813026837175,12.092090206916335,12.090942916763867,12.03205073727956,12.115670821101947,12.108881950378418,12.115637899337079
727,11.975265679090132,11.981453921434897,11.980933765187778,12.00740882874233,12.048790737754251,12.038257598876953,11.989491892924077
728,11.907293365837148,11.906294227089287,11.907056642181981,11.829783194549675,11.91868518779174,11.909717559814453,11.893602027376563
729,12.74074152768317,12.734920394241836,12.735106988338789,12.707400980929348,12.770826283080693,12.76547908782959,12.741274855367164
730,11.935155353773949,11.942609651741856,11.941579169649044,11.973856163291915,11.987488059275059,11.964738845825195,11.985093890129777
731,12.397258746609841,12.401236820861028,12.40175710433539,12.415635059793292,12.399507180604266,12.369811058044434,12.384611508367785
732,11.652185050154674,11.637965067080856,11.637511062897904,11.661254561223885,11.648370807013583,11.595155715942383,11.605455259030673
733,12.362104484397706,12.363458415155868,12.363266993134264,12.337408248846884,12.386133596783594,12.391226768493652,12.426986179089898
734,12.451853098190544,12.461762186343217,12.460936831835424,12.467675766507986,12.387974069200274,12.308100700378418,12.31522312709193
735,12.0682516944902,12.077323657257704,12.076286947219812,12.038899316574376,12.007685831403958,12.031026840209961,12.036067718834333
736,12.045888676153272,12.049990848193776,12.049231216477711,12.127020354985028,12.042467524396102,12.097737312316895,12.09123989430643
737,11.59946060527206,11.611393753517989,11.608334218987334,11.716743305278088,11.62482626764801,11.651690483093262,11.64459800280469
738,12.670961233183437,12.660835362803974,12.66162765790614,12.704790878463248,12.686177148290332,12.730618476867676,12.734218815675634
739,12.289122406444326,12.287611524486424,12.28805616380186,12.2895053315793,12.26829792958581,12.292662620544434,12.26308484754802
740,12.060205750304085,12.067550413707096,12.067458701059001,12.017163088450795,12.0932710121696,12.086057662963867,12.083645109421632
741,12.482472985006146,12.484952461815496,12.485146132410787,12.509043550949176,12.4728620849339,12.438811302185059,12.426105578643545
742,12.515805401587885,12.510670144305308,12.511025238294641,12.363578388620306,12.521573823408238,12.444384574890137,12.40903795790264
743,12.08541768015433,12.084510030818052,12.084168050887682,12.075362612500324,12.214260700800155,12.24977970123291,12.275686759550872
744,12.211054590940117,12.216346313221948,12.216166540030898,12.238597540412144,12.155105216614535,12.213584899902344,12.221130662621567
745,12.51987063786087,12.516402797985863,12.51641204802839,12.544260519889392,12.556030460681617,12.564912796020508,12.508736338773067
746,12.85678605521029,12.851904904875422,12.853205011919526,12.85152909140876,12.88733349426315,12.887458801269531,12.855001436582736
747,12.0493139197675,12.055769294432183,12.055621401730866,11.997886469206733,12.027965872736802,12.069478988647461,12.071280547303587
748,12.277574928679176,12.273172930256038,12.274005500938197,12.258738897307172,12.246519923439259,12.26810359954834,12.280716847361559
749,12.210570515212451,12.210404892018866,12.210547187343792,12.205565241653234,12.18477197894041,12.192785263061523,12.163121171381405
750,11.877982937630868,11.876346909779567,11.876131023096768,12.027602143550451,11.911112681224798,11.92836856842041,11.904702452720196
751,12.132115378754097,12.161036755657468,12.160250047458918,12.048617323273138,12.179678858655578,12.108865737915039,12.256942325182246
752,12.00531216186782,12.013346068690394,12.012797992495218,12.00075759624383,11.97301435520677,12.014791488647461,12.030034815794508
753,12.198194297106088,12.201762907339306,12.201875523247272,12.202367237935217,12.244865433345486,12.260437965393066,12.279154556325087
754,12.05897114172502,12.067278758859329,12.067635143777004,12.099652749118869,12.023964156420725,12.064552307128906,12.062004991792346
755,12.14695338676385,12.145033154338831,12.146213394565834,12.176485537113543,12.054154489393849,12.136434555053711,12.080283431176126
756,11.86760742203523,11.887206152953656,11.886034202335733,11.920790593928665,11.90978665769856,11.938941955566406,11.95172270269354
757,12.448535815824298,12.447580720796546,12.447927288219217,12.465356306325411,12.512361470135625,12.455994606018066,12.48460282198642
758,12.36380396925236,12.365378776820691,12.36529881336494,12.371928436760054,12.351019198293653,12.336893081665039,12.323531806767827
759,12.318825506786583,12.315717857074292,12.316108149908551,12.307220008283611,12.283751959935763,12.28210735321045,12.287873128430686
760,12.31459087954205,12.310109938776897,12.310561114583175,12.294561089847988,12.281313663267804,12.301135063171387,12.323089565461714
761,12.27209845892584,12.281988282973131,12.28161178213293,12.257823124065753,12.275312047030473,12.262621879577637,12.283612709098932
762,12.286500653392544,12.279732816993514,12.280942726791917,12.286064977032977,12.325538968048972,12.325531959533691,12.31249692818384
763,12.326085071003401,12.324653165068328,12.32462597768622,12.333341240069768,12.322180778605269,12.349032402038574,12.331486011121187
764,11.850171908482636,11.857805034732426,11.858015566745552,11.833490606152594,11.910146258758271,11.894997596740723,11.912141452479586
765,12.373262023982257,12.389270335261731,12.387763907140641,12.428248506646996,12.351195803598326,12.410880088806152,12.375137176934983
766,11.684866852152918,11.69513360042336,11.695762513369113,11.627617870331404,11.750990789951993,11.666241645812988,11.568983847793632
767,12.088874249661748,12.086196593282867,12.086900132383375,12.07468384326569,12.077213588473636,12.041646003723145,12.105167743470732
768,12.529966557829093,12.53372037569631,12.533736573330529,12.541726987388145,12.590923773961984,12.550881385803223,12.569868592240534
769,12.015045249969969,12.038841039896122,12.037435869084877,12.001444565460687,12.029802887118858,12.021222114562988,12.004923274159896
770,11.971660385724954,11.968560362654731,11.968490125492972,11.989719482163565,12.024086212782645,12.040328025817871,12.037287793031615
771,11.829956251592277,11.818325208100378,11.819029564654985,11.815088998309491,11.77056115157813,11.710362434387207,11.717363065559374
772,12.616660635354469,12.606986028975301,12.607727061288637,12.622196761219612,12.551540416942851,12.569718360900879,12.590589313790879
773,11.975862171001879,11.968632258344703,11.968352084794997,12.082408933243263,11.975792034460232,12.011527061462402,12.020796058747358
774,12.004974592268269,12.006923095524765,12.005597330678,12.046735931225598,12.043779250783468,11.9974946975708,11.965941959781517
775,12.270239314452944,12.23908069285909,12.24278008502676,12.136153314764618,12.254927860470863,12.213111877441406,12.252106815957337
776,12.140062814861725,12.154742410311776,12.154053327747569,12.157930063336902,12.14280336366137,12.17199420928955,12.18111845141585
777,11.957870873332357,11.957463462862442,11.956811809721005,11.946240749777381,11.886437943190456,11.890580177307129,11.893732453555439
778,11.703200619363448,11.694176156218203,11.691807105656002,11.724361202246714,11.736725927985507,11.707454681396484,11.653812987501263
779,12.732248082338584,12.731235606744656,12.731635790590381,12.775576661090899,12.819604748584915,12.83802604675293,12.798604990860756
780,12.12161689546191,12.125243916056114,12.12505478235647,12.204461461040502,12.216890510639677,12.18338680267334,12.200179966358185
781,12.557727737310314,12.557657477496186,12.557908838848585,12.57476704216737,12.491856292313503,12.522295951843262,12.529942179462195
782,11.93787981808835,11.9481942130399,11.947316224701297,11.964353817097072,11.982278894491252,11.986801147460938,11.977051179516408
783,12.204298611512293,12.196566529439833,12.1984238742481,12.06781037952476,12.193426801569974,12.220660209655762,12.212662297249405
784,12.024027718848028,12.043300264674578,12.04091779889142,12.047553843425128,12.072194284058499,12.021129608154297,12.050745136279144
785,11.921415766041829,11.90609310440709,11.907097374994214,12.201076121058831,11.92030370824913,11.940908432006836,11.950263887531362
786,11.47727339661386,11.457306709936095,11.456968576417838,11.492167150028529,11.519465567522117,11.46945571899414,11.520063214645083
787,12.279235101853116,12.276557598559044,12.277136189213724,12.234232644128626,12.221027620005449,12.24906063079834,12.262245019524038
788,11.923258576284958,11.9367155436771,11.937719866381196,11.925977529108795,11.986773901245686,11.976518630981445,11.956147185106515
789,11.801946270153296,11.79917346639157,11.79872687895097,11.790740411916465,11.800666970637568,11.712206840515137,11.696205828805684
790,11.896261588452424,11.898868373240262,11.897883728572065,11.945094938022311,11.86079149705117,11.900420188903809,11.874467141616556
791,11.984387535481114,11.99643383674824,11.993572613849626,12.042957688616887,12.07137703453158,12.05729866027832,12.064641536921917
792,12.146501265393034,12.155420339290204,12.154865027590306,12.140273124546777,12.103696215382962,12.103628158569336,12.085747414553653
793,11.812221483626892,11.819539397084503,11.81971680422384,11.889611693040395,11.752324152208567,11.6884765625,11.64868004180326
794,11.785557564123346,11.803651449085871,11.803474088486611,11.863971547207989,11.807271866796944,11.745678901672363,11.737189474522319
795,11.874443551610396,11.877938196445784,11.880022681998797,11.89266739021488,11.946863568181206,11.927969932556152,11.864838029856367
796,12.141285842901343,12.142030379961026,12.142831501031987,12.145932173403722,12.209678868463179,12.232972145080566,12.224610706120558
797,12.21326024489306,12.19442416333036,12.197057332529019,12.249105133589572,12.25866289949297,12.244298934936523,12.270909809288367
798,12.906802632553708,12.901536722367545,12.901424258537938,12.889074214063816,12.898173564846182,12.899744987487793,12.964369389567334
799,12.702026703604469,12.70996755205338,12.708328071246349,12.69178253360802,12.690151950507584,12.692780494689941,12.67502513386933
800,12.650891496060153,12.650315249288608,12.650783767670008,12.631464177325995,12.66403414493685,12.696235656738281,12.71668926947557
801,11.878124872931265,11.90074511913237,11.897329471372625,12.03820805049335,11.899215322949885,11.860114097595215,11.874645428843483
802,12.39860730918616,12.37141648292242,12.374199594999054,12.359175352472231,12.291218544587993,12.318577766418457,12.308942784249986
803,12.237926504084125,12.23291112490694,12.233047811160356,12.230378558431632,12.256574942027397,12.26025390625,12.255191395666353
804,12.580129189333727,12.587447172358381,12.58745020273101,12.528287989683049,12.466131523618063,12.49799633026123,12.45473331089229
805,11.79532457699668,11.787767292934534,11.7876653457067,11.851604419679202,11.730790311363851,11.705223083496094,11.698094356792968
806,12.026257831665518,12.030081564833091,12.030120636882353,12.045587885719254,12.103666576936073,12.068803787231445,12.100561037653943
807,12.5435327871603,12.555016859014184,12.555385880877566,12.554496983145894,12.574989276301912,12.567846298217773,12.570591110795307
808,11.896376956727337,11.901983028820155,11.901794753702207,11.934763274146249,11.874767980023195,11.859966278076172,11.909249864612102
809,12.00390506693141,12.015361732011227,12.011421718298072,11.985176072606851,12.037583742094645,12.028379440307617,12.024301904260279
810,11.962639101472917,11.96122464994524,11.960713424625677,11.969854920134027,12.01765661323838,12.024889945983887,12.00314610365901
811,11.983954103408037,11.979856818427761,11.97941858779877,11.983760164107373,12.024267929986815,12.020807266235352,12.034969463898125
812,12.449334445784103,12.448558151772453,12.449095910038153,12.43067814543743,12.437426927619121,12.438251495361328,12.436185133242866
813,11.865879789030165,11.87658535178726,11.875597712227462,11.86349841207505,11.875255782768535,11.873116493225098,11.872616969477438
814,12.179819853472335,12.189686875740245,12.188899920774805,12.189834419742432,12.256289739537188,12.237963676452637,12.208430345488384
815,11.87948792248409,11.875704481474978,11.874678048033868,11.857174460668231,11.998318532130511,11.903672218322754,11.925453174904215
816,12.11262463874501,12.106400077583517,12.107638784022202,12.073830394625721,12.015622747951154,12.026273727416992,12.044258639477766
817,12.31411213678722,12.308652724895136,12.30984916221838,12.275568068968312,12.270533757129616,12.283256530761719,12.29953062698066
818,12.47989507930915,12.479653463271317,12.480182045854809,12.465486287017217,12.393196308223171,12.449440002441406,12.472622004226837
819,11.965403230213326,11.96651846021467,11.966352569140332,11.939993744805303,11.986847968493612,11.97696590423584,11.947788782977662
820,12.119927605169513,12.130709898918267,12.129944923789358,12.123148222337512,12.15463398687044,12.19398307800293,12.148734550044415
821,12.001410838514925,11.987066033144837,11.988653822985372,12.135761460129153,12.065147713992147,12.023187637329102,12.005714231302232
822,12.269277235660589,12.260518296613672,12.261161171118996,12.274274909041129,12.27102196451704,12.304300308227539,12.257890713080734
823,12.070994422265466,12.06924357201584,12.070635438324306,12.089145108925258,12.107919392743815,12.105801582336426,12.137549429260668
824,12.388975457022825,12.389178508840988,12.38958748932103,12.378885245333208,12.297767730277084,12.35615062713623,12.361396705953856
825,11.810725179058627,11.82261893721821,11.820933769504464,11.80753131098997,11.92507788583544,11.913673400878906,11.968816333309304
826,11.463038723001857,11.46075756076501,11.458180072679395,11.530863750012067,11.5503028539086,11.548670768737793,11.539092375136756
827,12.546806318196117,12.545185965011026,12.545000434532708,12.525287609199255,12.529475656526387,12.570025444030762,12.512783406865145
828,11.810115285532863,11.790578711102265,11.791196426984639,11.743376265922437,11.656943935661808,11.59243392944336,11.569707243687139
829,12.104653860337661,12.09554591751793,12.095485003419277,12.099441440404334,12.125332930739315,12.072149276733398,12.095838181733638
830,12.000713533854555,11.998605047798886,11.998389271830561,12.038846768814423,12.003752719163021,11.999007225036621,11.97802237457448
831,12.568196573595554,12.580714445050424,12.578726707457493,12.522144340972835,12.603439122098479,12.658679962158203,12.645194405839291
832,11.907597802972687,11.940678152990364,11.937787420455123,12.16918025290797,11.837746522021627,11.88719367980957,11.874746008198253
833,11.629679985298788,11.639872982883483,11.638013427475578,11.756930148629731,11.745260312605419,11.69839859008789,11.652673855170205
834,11.93810120132063,11.940765986983696,11.940125301214858,11.95529810193652,11.927065544464181,11.937843322753906,11.920430794732603
835,12.113223205987877,12.127117231251908,12.126280864415621,12.111493316750916,12.219923263756984,12.212373733520508,12.188219743394983
836,12.265609078940612,12.259339283330561,12.25993734435121,12.232165193563628,12.215165775136027,12.238977432250977,12.242617538328735
837,12.393350124138696,12.392160239357583,12.392685479229595,12.403265527969921,12.399734423548006,12.417510986328125,12.418147127571197
838,12.31201186435917,12.312824433182426,12.312264863406842,12.30844158466379,12.277732061783047,12.276116371154785,12.267628841498514
839,12.01566130627039,12.040712105736414,12.03758916244811,12.132690686797783,12.074193912226407,12.087625503540039,12.14537797669713
840,11.722221615322187,11.724295363618845,11.723362747144702,11.890941743753677,11.78008839851067,11.746362686157227,11.75690506359014
841,12.034547676128998,12.032158982917668,12.032796862258861,12.012687590658178,12.042156395938713,12.012648582458496,12.006136373699517
842,11.703446239946748,11.676450318309712,11.678569378910755,11.676271837531704,11.502412943311125,11.452167510986328,11.484740734989867
843,12.122849422132006,12.134957507590073,12.133882561548845,12.133034980574651,12.117022770653897,12.156719207763672,12.160959275758522
844,11.936960017657146,11.94943436193203,11.947404715438813,11.9381545030834,12.008513421012335,12.026083946228027,11.964467577443543
845,12.016495135667704,12.022476904738516,12.023152305237915,11.996797140845704,11.938219840725557,11.945337295532227,11.97587299566532
846,13.052933278031148,13.03660353872665,13.0372319175688,13.101586210984806,13.140595074500192,13.098884582519531,13.103645060033482
847,12.341673008628003,12.348396085480013,12.347721404093127,12.386528437244245,12.435234550953748,12.388260841369629,12.348977088866077
848,12.42981197376156,12.421774658216252,12.423090327496054,12.107347614044407,12.366613347423778,12.419068336486816,12.436014290432253
849,11.895754147925507,11.905760110871853,11.902727395387968,11.859308087764711,11.897107768684894,11.914815902709961,11.895758380156275
850,11.840837668437798,11.841077112088346,11.841229163958623,11.850091908779804,11.80945430754691,11.821610450744629,11.811818940621338
851,12.121299791440185,12.12027743213635,12.117734419564776,12.055527305393728,12.14087939695199,12.153067588806152,12.156759790104182
852,12.148881443679382,12.139946966992776,12.141483832688731,12.136003946463894,12.078666374513592,12.070591926574707,12.063525474337544
853,12.451624257330273,12.466975112053733,12.465892987979831,12.429833812585246,12.434188725631643,12.482629776000977,12.432043038982899
854,11.436902716079876,11.436679372924377,11.437415562084215,11.594592077468914,11.357418541417646,11.381119728088379,11.379835447814088
855,12.090312165350849,12.087412614196257,12.08780610946253,12.045402848545608,12.025596861479155,12.03664779663086,12.040017545669196
856,12.06362616578613,12.074023135149101,12.073300868890694,12.067376609966818,11.97340978609135,12.095550537109375,12.10653088319659
857,11.961325762428398,11.968616185067402,11.969446016835183,11.977633561578083,11.961322033665278,11.944762229919434,11.93981602109589
858,12.322145866978534,12.318913430862768,12.320638035924915,12.301191048260346,12.276291340025129,12.228650093078613,12.259783690941196
859,12.830030108509282,12.810623575319868,12.811633250986116,12.326829757096176,12.75186378624386,12.731578826904297,12.661407035466553
860,12.437479387843135,12.442017819992936,12.44152527459677,12.417646392103896,12.451399373846266,12.483748435974121,12.474287848215793
861,12.515774652801527,12.515730579123563,12.51594575944094,12.116397034550527,12.364367811829291,12.321370124816895,12.354352702505434
862,12.596172691057372,12.59235042068291,12.593325320094255,12.577007279385146,12.555260959788733,12.573980331420898,12.624353789991037
863,11.733093322699125,11.732877209977064,11.731424869483886,11.75279377452962,11.642708999650692,11.641071319580078,11.582070762445754
864,12.712461721123816,12.725402183890237,12.725673272891502,12.643241877657003,12.639387955244471,12.574851036071777,12.574724860479293
865,12.2907389121139,12.281702423439578,12.282664294183864,12.108721113135323,12.23479366828897,12.230319023132324,12.24205344597709
866,11.739226355848183,11.740840671291723,11.739031343519256,11.859550409609172,11.806141744354989,11.773035049438477,11.782720255716882
867,12.305271143602136,12.315874243581554,12.315697890938079,12.294411165544117,12.299050954676538,12.333963394165039,12.317500085905142
868,12.29233248522895,12.296772163079924,12.296942927382512,12.303128297887916,12.275878339646203,12.249576568603516,12.27513685647484
869,12.293578335323256,12.288636911673349,12.289419275410467,12.2543678492427,12.233901588572472,12.262828826904297,12.33849710314356
870,11.966796731810172,11.972440085276409,11.971654321336564,11.973405159981718,11.996565111379475,11.969145774841309,12.008799639152867
871,12.093256019810534,12.106429821986278,12.106351014365826,12.021011782040542,12.157719214386166,12.164822578430176,12.136548285877645
872,12.016345487381194,12.024923481422212,12.02361173449883,11.999692969234314,12.04576221007252,12.029438972473145,12.037485294151173
873,12.558468776243966,12.555604713401369,12.55647246764095,12.54619927219305,12.562309826471555,12.520768165588379,12.506043940456916
874,11.802626409367143,11.797921301910739,11.79706852442919,11.75483156321124,11.822294797800915,11.829991340637207,11.82701116203392
875,13.100426492749694,13.096675147299443,13.09670316771699,13.095150750721423,13.05705326707946,13.125093460083008,13.136423782662149
876,11.933498466682334,11.931185105088844,11.93032563097462,12.007708644799017,11.985973883346283,11.990276336669922,12.013696295663204
877,12.010095126692322,12.00626493964162,12.00685802212522,12.255486670995412,12.092136207645268,12.079289436340332,12.104617756055465
878,11.953595806570839,11.94985999096726,11.950324142180886,11.95555143737215,11.919870729982568,11.914971351623535,11.919135275391664
879,12.113570345183877,12.097269942608616,12.098856410880613,12.093438955524672,12.116136499798644,12.094313621520996,12.082497256417382
880,11.917529136069218,11.929906194238303,11.930301500186394,11.908676728026492,11.93647750663257,11.97067928314209,11.993512483893019
881,12.209440076605762,12.21445864334491,12.213854202827825,12.112773972685531,12.250907709343721,12.185018539428711,12.195090389179851
882,12.103202426227226,12.121926303989948,12.120874405334332,12.142442038424816,12.057198264400203,12.076864242553711,12.062417440655015
883,11.839941581070267,11.844277585989488,11.843555856636085,11.768756768363767,11.8908227361755,11.914044380187988,11.907778696347041
884,12.441667327238408,12.429897002991261,12.430852320446435,12.395811429143158,12.304478457353603,12.326897621154785,12.344580286634372
885,12.346290687264666,12.33835471479864,12.339600384557894,12.318253856242153,12.286908143075483,12.278251647949219,12.300659614804175
886,12.177252430969128,12.189413024964571,12.186473872608323,12.094248245228247,12.196903172864449,12.177416801452637,12.179505249577723
887,13.237556810967817,13.218296395644485,13.215731808925485,13.228895017419967,13.152080197893888,13.091885566711426,13.055587139993737
888,11.697070932208197,11.712131136238606,11.711024852909036,11.668842996179452,11.739607816634006,11.697938919067383,11.6858386337856
889,11.91478241164937,11.932424214936125,11.929446252153614,11.924903990447866,11.985668039453147,11.985616683959961,11.942196697954467
890,12.408243078275326,12.432604898730954,12.430445820364849,12.241298733966717,12.43104014693687,12.5161771774292,12.476403836871594
891,12.505164455571059,12.50673469935289,12.507236656647597,12.4977118242034,12.481499899815582,12.477531433105469,12.503258472185657
892,12.081688090709306,12.079257953480317,12.080674210199296,12.076129587235462,12.025943235387242,12.078071594238281,12.082093059369983
893,11.926316901555753,11.934210662470154,11.933271190332363,12.065656539002125,11.877725020166404,11.911763191223145,11.925385707838098
894,12.31210607869085,12.309885094996877,12.309788798936129,12.302576152713423,12.325353238039803,12.307711601257324,12.331451580080198
895,12.266681856677147,12.26518793400099,12.265334064462786,12.255832676013002,12.261747960461314,12.30063247680664,12.309013096745538
896,11.981589093777156,11.995019335863567,11.994045952839517,11.998958550269242,11.974616999629045,11.980852127075195,11.98717379608188
897,12.11586886839932,12.123593790439285,12.120835411615168,12.067590467907483,12.031235438347665,12.0473051071167,12.06901006538538
898,12.433257348656664,12.430562585457164,12.430415560120634,12.360642501350245,12.385816891833807,12.41295051574707,12.397909381738799
899,11.475635950997965,11.46708618789719,11.466867744359343,11.642163865562315,11.457978326771874,11.38652229309082,11.470010660348619
900,11.977437081692,11.972847739147086,11.973350117941525,11.924011101628194,11.943996467754591,11.981205940246582,11.9552547780238
901,12.186468889553344,12.193013276310623,12.193330057220331,12.249983415015876,12.21287382166705,12.106047630310059,12.127647294125582
902,11.78039785785462,11.794298305175973,11.79188226983702,11.808372804114425,11.86232125240108,11.839351654052734,11.843368552433263
903,12.607221365808716,12.601188378192127,12.601618519379237,12.607338788304304,12.585756478184116,12.590826988220215,12.577937091868543
904,12.001382084767469,11.99043880955595,11.988592816476682,12.190385565988544,12.138402133000628,12.075468063354492,12.067232393802033
905,12.045722978230534,12.047129359317012,12.048056279112526,12.034955824000768,12.00600746075446,12.010085105895996,12.017175433927758
906,12.684284679988371,12.691948822042756,12.69102460951542,12.676292870831139,12.649612054766246,12.712125778198242,12.67704447957296
907,12.3500891812732,12.342606990974724,12.34196031158185,12.312811236418051,12.26645612508629,12.389269828796387,12.430005221511514
908,11.82961024869815,11.843450255517237,11.840769085684698,11.839179366338781,11.93535291557591,11.905813217163086,11.938534340816064
909,12.188821042034853,12.185172595558766,12.186575895719281,12.240182508353824,12.141793672274837,12.196779251098633,12.239505394414307
910,12.740445377560008,12.750797270161714,12.750208615453964,12.721001516353123,12.77995112441063,12.795659065246582,12.77152017005145
911,12.195050769726821,12.19787185919973,12.19747529655333,12.184024405594208,12.223831695701811,12.24594497680664,12.255853292410077
912,12.268719525445308,12.266116106416122,12.26599633551043,12.207739150544114,12.161128551941795,12.198851585388184,12.175296205411694
913,12.22718921470905,12.231025455201246,12.230828911019136,12.210203746259218,12.248643787118962,12.248011589050293,12.242916557937729
914,12.143954676672609,12.137995893514754,12.13949875372663,12.182888921877483,12.135260030170107,12.10352897644043,12.10888518704235
915,11.52212899858911,11.518343526721521,11.517495146825116,11.794422440827976,11.721602156086803,11.568592071533203,11.625298047198266
916,12.759032131985471,12.753732723027534,12.7542737270306,12.777199282488652,12.729742580558439,12.760663032531738,12.742638924455719
917,11.85583616872602,11.856948010448798,11.855115806063127,11.837721738271647,11.862445743162771,11.873808860778809,11.833902988507727
918,12.35699961428401,12.361905597759753,12.3613417022067,12.306191778427298,12.314172781674364,12.352181434631348,12.325946004375773
919,13.001999903350931,12.99919598750423,12.998217177720514,12.753963604580791,12.898512068898405,12.933656692504883,12.987281424858136
920,12.320844989562525,12.322878207055648,12.32269180198853,12.32977079546373,12.344535328397244,12.31634521484375,12.326402288897716
921,12.365958874753723,12.383702174111743,12.381946307380156,12.358645869970408,12.356782396654657,12.407220840454102,12.373493801872675
922,11.976548499251637,11.97880722382811,11.978586987502906,12.091525290488947,11.86856544338759,11.89011287689209,11.848608621705008
923,12.38603918229761,12.381182103348486,12.381458925888822,12.385342422018748,12.386442525495037,12.438584327697754,12.415584506832728
924,12.121811280202916,12.127890253610472,12.12667874341045,12.066374544435659,12.109392016441669,12.129231452941895,12.129525939591822
925,12.430400766472644,12.439619486128018,12.43944952667264,12.414154302828756,12.42926388221684,12.463665008544922,12.435244605985561
926,12.102216736704781,12.09468881319723,12.095527418449477,12.045633373159665,12.140547012715613,12.142515182495117,12.136194174764944
927,12.245963662533384,12.237817599984496,12.239390034545044,12.282802499039565,12.288237098514163,12.26882553100586,12.244302625162765
928,12.460153624290182,12.463485081720115,12.463363606996474,12.436772926315133,12.454774147193984,12.464404106140137,12.473907085303344
929,12.455861375788318,12.45648818430876,12.456307258193164,12.475848390354663,12.43323067024214,12.441396713256836,12.48205608629576
930,12.397588380599519,12.40128432703704,12.402390714200573,12.415200114049323,12.366831251700933,12.356294631958008,12.374122372580093
931,12.059722061018835,12.054476012535961,12.056145000235693,12.07412151007912,11.991016613160404,11.998615264892578,11.98634011878918
932,12.027151994779897,12.028522550507626,12.029242773417229,12.035594671665532,11.992978530961603,11.972968101501465,11.970927365972527
933,11.856553318925288,11.85577664001611,11.854964421555744,11.922813624401915,11.856932100506318,11.921852111816406,11.915546802870727
934,12.497073273265912,12.494013121931353,12.494419157438953,12.459210636581231,12.486147458541371,12.48141860961914,12.470634391202386
935,11.93268820245499,11.9381712893254,11.937344157177549,11.959775546683657,12.051686119130888,12.0200834274292,12.022404641871896
936,11.716404414305,11.709598401576276,11.710048483439747,11.655855146104152,11.729998190692,11.759160995483398,11.7266542927299
937,12.776830275308972,12.77360153535951,12.77390349025297,12.77864148440563,12.852589623594312,12.809026718139648,12.83473371590438
938,11.38683260829402,11.362147957276829,11.359695481987188,11.41938259561796,11.315514491881645,11.332950592041016,11.412536468014503
939,12.754607623064578,12.748986367470476,12.749722263796109,12.757664021250545,12.83315616426445,12.807266235351562,12.827942010112926
940,11.887394359435945,11.904379836769632,11.903372611934552,11.917176422327685,11.87543116771111,11.842549324035645,11.847001868548777
941,12.048962248510875,12.038965931182005,12.039344801670003,12.203776982555523,11.937537915555241,11.992481231689453,12.013869856455505
942,12.046465637006394,12.033706989441026,12.03467780738185,12.126629747566982,11.976719711415095,11.969714164733887,11.974228356827581
943,12.06018088670583,12.065011206020015,12.064577249669714,12.058509719989047,12.055128474619812,12.061924934387207,12.052970072579697
944,12.150040183317541,12.138612134276137,12.14048816561575,12.158964465595233,12.140095631030672,12.126158714294434,12.153985750962457
945,11.939129351597666,11.923566097265613,11.924948076875527,11.898851277639347,11.923798519093282,11.873369216918945,11.892575303298543
946,12.084931581059035,12.07102441858314,12.072148879451623,12.102078489616977,12.083699419549921,12.099651336669922,12.09286781726995
947,12.42135844411419,12.406836535315163,12.40836050562322,12.425056262904365,12.404724307525337,12.344391822814941,12.38207962479607
948,12.135135003032461,12.1546290516957,12.154070423958679,12.181898836989042,12.08330785109319,12.10099983215332,12.128507561517393
949,11.802219155613674,11.795603583924997,11.797616465747536,11.846407414080424,11.899728691135259,11.941726684570312,11.897674347594368
950,12.2896510294957,12.298265749544292,12.296909469306557,12.162150958817982,12.143617164793254,12.142192840576172,12.146439340577109
951,12.192081095651204,12.17936096027881,12.180095060825748,12.252595333776451,12.222378873645955,12.221163749694824,12.2800292302305
952,12.321050542104276,12.319615295902326,12.31937998957121,12.3610065809556,12.339006413891257,12.379605293273926,12.339882850348424
953,11.926768623443726,11.94307991391072,11.940924854823965,12.016732314021578,11.94016154470226,11.911996841430664,11.93446088540641
954,12.065194879270638,12.071920705721512,12.07200577466207,12.070767706074749,12.029659834919482,11.967350006103516,11.976328853837638
955,11.944658299143876,11.961510840967678,11.9601493049226,11.952052868328845,11.999811309639131,11.943050384521484,12.024992754526798
956,11.989208599213663,12.009812424310004,12.009997830862352,12.032016290191063,12.039407784060169,12.01995849609375,12.065560882626
957,12.485170878416495,12.49216344752602,12.492072861237448,12.466710204215053,12.484369763718263,12.467809677124023,12.462092647203304
958,12.148089084210083,12.146474550964685,12.146549252501416,12.15812380434484,12.105380295646814,12.116606712341309,12.120498527848193
959,11.520046952461954,11.519534632740413,11.521071305745522,11.496974411087017,11.573122797908304,11.574213027954102,11.553370814205444
960,12.607342696470726,12.613652245295766,12.615116924803992,12.526252531844985,12.534736590251514,12.588638305664062,12.553919126281562
961,12.138172876894368,12.117802039259576,12.119367061982375,11.993074750080151,12.06681042850935,12.10712718963623,12.07312397760317
962,12.200667432794075,12.192774077713567,12.192550491414016,12.384236366986443,12.210967500951398,12.194947242736816,12.201241966633832
963,12.30142441922026,12.300737642042451,12.301274771615487,12.311328038794162,12.339111377237476,12.329459190368652,12.319522468881615
964,12.29065645501316,12.272693049889948,12.274610906497001,12.26804363880774,12.377668539330063,12.381072998046875,12.412232611163049
965,12.434324590476193,12.431568205914566,12.433125528842213,12.443340938832907,12.47932432092805,12.424834251403809,12.416117242353012
966,11.83304128758638,11.826173439584828,11.827086827989755,11.338584685403259,11.90935385334377,11.971783638000488,11.922466724917054
967,11.886634316515647,11.889076229231678,11.888088781057505,11.9204393826085,11.897949607504028,11.91614818572998,11.89210324839681
968,12.198398270243926,12.193711521283223,12.194008564636547,12.219663982725496,12.192983132300052,12.197747230529785,12.214511069805837
969,12.57519494828188,12.580237849640618,12.5804426100701,12.560301387595146,12.546724107921147,12.532674789428711,12.542939103551875
970,12.56452975667633,12.56151133267658,12.562162406724784,12.593271463898958,12.522069783318083,12.520888328552246,12.537341919954782
971,12.110820217434188,12.110571707134596,12.110223114191633,12.090476655935948,12.15612141664795,12.148945808410645,12.140453431426556
972,12.07264725967086,12.078917939244905,12.078114506092088,12.083450904768057,12.069404576428878,12.088129997253418,12.063735026883858
973,11.758384270521955,11.761153867776542,11.760482128663396,11.777644541080146,11.74162664099731,11.723371505737305,11.735379378493864
974,12.005835359589476,11.989760760778266,11.992344912717295,12.002189013931709,11.987486252198211,11.993000984191895,12.006870379693835
975,11.96026819697333,11.970491346047664,11.969861196807576,11.999819259971634,11.936486552834266,11.929509162902832,11.947226900783958
976,12.535505072719968,12.533947306605768,12.5346962160562,12.560088726104915,12.473773727412738,12.492841720581055,12.546938198472434
977,11.91911167135617,11.895186395751928,11.896960980178012,11.839467231859373,11.931028250262992,11.879936218261719,11.922263728368424
978,12.677405962818503,12.676890202710384,12.676403855607118,12.680243534408067,12.619520996456496,12.646341323852539,12.6414170896929
979,12.479909339525998,12.481855197265745,12.48169104155852,12.502182761526786,12.50096002101996,12.511449813842773,12.457499430656718
980,12.358223875334529,12.335179139892244,12.334434348137913,12.348098089316224,12.316094915494594,12.302868843078613,12.347341292693201
981,12.772674400616962,12.765096155359434,12.766848144432812,12.800704856591786,12.704589201794201,12.713613510131836,12.733969247831292
982,12.193450565866625,12.18862285766928,12.189409082012782,12.14131015987476,12.082678916987236,12.076505661010742,12.112576776688678
983,11.917478559889052,11.911634105459674,11.912053864633458,12.104323550712454,11.881258245644544,11.886298179626465,11.879283051004847
984,12.907479994965515,12.903703751059115,12.905062503537433,12.841968565933037,13.068673158893716,12.991243362426758,12.944518343984317
985,12.077374171978287,12.073689847842342,12.074949109108662,11.956177586233494,12.052370636922891,12.081645965576172,12.09794588591162
986,11.945419399757318,11.929628341123067,11.929669475952288,12.10496905725178,11.982685483736537,11.973859786987305,11.937981209241729
987,12.489414114749334,12.49731067375267,12.495861440760116,12.11399746493823,12.209855198346748,12.22786808013916,12.230436243081472
988,11.891151738041797,11.891588470237977,11.890796093810188,11.899395999541541,11.850017470720514,11.859699249267578,11.898536585363658
989,12.999068604534646,12.98441578683293,12.983278313579406,12.539149660292132,12.711321592582996,12.730663299560547,12.703878731485315
990,12.44557618576411,12.447959476003966,12.447591211480804,12.417084705225776,12.442392068537899,12.437660217285156,12.41917174796585
991,11.96809886242986,11.960150360115714,11.960421252238657,11.940138597193261,11.918550384406936,11.951526641845703,11.995900759139586
992,12.124805822110964,12.13303714923511,12.133255994594666,12.233973263986062,12.151798281272086,12.091753005981445,12.113295810714497
993,12.392042367992554,12.387855567490577,12.38827134650558,12.32134832932657,12.358677371107849,12.371304512023926,12.370095988629052
994,11.873734220551809,11.892500246506026,11.89098213764302,12.010338432589782,11.891014231779256,11.859877586364746,11.882908720455886
995,12.839573078496818,12.838636913156417,12.83817267088525,12.863755037877212,12.908334820167209,12.906088829040527,12.91862770163957
996,11.939918968179178,11.93287660420699,11.9329258050873,11.934043167162898,11.97187941996781,11.96772289276123,12.006719765639396
997,12.445341922321724,12.447783378411787,12.447878259486114,12.426942407415895,12.453566576035305,12.438053131103516,12.44580680621835
998,11.992488206234661,11.98122247794672,11.981463008206873,11.9909140527808,11.975391694421754,12.00032901763916,11.970910772878678
999,11.7583720553464,11.759943107159515,11.759454595969238,11.75881081263169,11.797206897504816,11.751615524291992,11.766818619319078
1000,12.233776801254798,12.217849887276618,12.219677776294866,12.19932455843839,12.21154489963567,12.20793342590332,12.21864433837118
1001,12.32930325797252,12.334852636779736,12.334763935247171,12.29892467140828,12.281296969961032,12.287900924682617,12.303689593300803
1002,12.543590012144053,12.54711682987249,12.548065663612546,12.542698096387559,12.450850116731587,12.551265716552734,12.546095450715116
1003,12.568610518442844,12.58402328974288,12.584124681283685,12.574960962001096,12.58731982420851,12.61430549621582,12.629751412097745
1004,12.043777740290336,12.038516909132627,12.03896804817314,12.053603257930662,12.117191132803747,12.159839630126953,12.147242478509911
1005,11.906169483272707,11.908335499822687,11.906693862740672,12.111559936891323,11.941460197341042,11.925743103027344,11.907170885254061
1006,11.662063530173493,11.646861067292427,11.648842435354526,11.600829937891486,11.698217909473712,11.590210914611816,11.591302667533837
1007,11.826605485068002,11.822057720818819,11.823441264059527,11.816498023853608,11.836579205928299,11.879481315612793,11.863386997497123
1008,12.5347468553297,12.532624439287481,12.532996906457695,12.533155933079348,12.479754133853994,12.451704978942871,12.422822823502942
1009,11.87239208497176,11.879626675390998,11.878004852186358,12.250711318780171,11.86064743072327,11.92859935760498,11.878744629889233
1010,12.604819517619976,12.620054051144946,12.619812561197865,12.540562173662533,12.473017273654257,12.581868171691895,12.588480250936335
1011,11.602279840026497,11.600764353255848,11.600045608895503,11.589005646555181,11.515749065544322,11.536585807800293,11.564202643266299
1012,12.369573929780124,12.371601652269877,12.371372606802948,12.35032646208353,12.37801341553088,12.352217674255371,12.328594374032102
1013,11.91482828765391,11.912739838301688,11.911502856235987,11.98873721588366,11.96797898750796,11.968039512634277,11.970395241794067
1014,11.696696259038973,11.678761212361422,11.680664009082383,11.649591692802389,11.542911786045888,11.563639640808105,11.551685703211128
1015,12.152885555615832,12.15399495072552,12.153964416873409,12.2870865812221,12.178476217477794,12.124063491821289,12.155831694675081
1016,12.277488834133068,12.272692811440104,12.273832525356985,12.227030934144786,12.259310509620446,12.24148178100586,12.253213425783457
1017,12.386604313721469,12.37854205890957,12.37942534942161,12.359999582019201,12.352098435405422,12.362418174743652,12.341868335388089
1018,12.719988527549203,12.72012018737334,12.718994456604943,11.958154316218428,12.685475244208147,12.707670211791992,12.667038050083805
1019,12.13521331330693,12.121325772976746,12.122009814583569,12.200487191957913,12.062574961296042,12.06855297088623,12.07710772742927
1020,12.026837815489232,12.03492475862207,12.034580539938704,12.095189927340593,12.0285507527565,12.023889541625977,12.026526327066872
1021,11.656028460142219,11.629971710272043,11.630857535106871,11.73663612450729,11.645129537391218,11.554282188415527,11.53393595816495
1022,12.103780879821253,12.115281854568495,12.113503269081018,12.15432611336663,12.044027849469616,12.059637069702148,12.05779046893708
1023,12.628892952686371,12.62563870822429,12.625875366607804,12.638131929674987,12.627581395873522,12.687500953674316,12.687487131121365
1024,12.480337559883067,12.480303413182247,12.480070636739018,12.453207110782152,12.522128433466909,12.497115135192871,12.478289805734576
1025,12.054507701630468,12.056107543406215,12.055668478989302,12.051331111056738,12.149372002250033,12.125597953796387,12.177229693639712
1026,11.599456644387708,11.59926012318951,11.598604034962179,11.648418630184707,11.621101441931572,11.59597396850586,11.588902437779467
1027,12.59706889082073,12.576833387586042,12.579027882430522,12.553284443080253,12.634138525978457,12.603550910949707,12.582359072876647
1028,12.75306627642605,12.715340120025763,12.720735778730223,12.672933972130831,12.648618427131549,12.6746187210083,12.685211351693129
1029,12.452562292841572,12.464421327374728,12.464272722243848,12.437783176811857,12.40319596268382,12.430563926696777,12.434511445507816
1030,12.27878064666859,12.277922661299769,12.278387993604088,12.266759060617481,12.210794379625314,12.231661796569824,12.249343800215737
1031,12.242693921759031,12.227183852025387,12.228786898916438,12.217770472159971,12.207934462667074,12.240325927734375,12.284280102921816
1032,12.772213461628537,12.764512487904112,12.76594251138687,12.805986546610875,12.902745777889102,12.851848602294922,12.87335034304431
1033,12.738106230257683,12.738991458788629,12.738913297410134,12.762334176482192,12.755726386876608,12.757244110107422,12.837052795417756
1034,12.063027375087328,12.069538524615178,12.069972201381265,12.069032909809655,12.060643174484682,12.036542892456055,12.030921496770278
1035,11.665727362049505,11.676366942099072,11.675796002504189,11.588763007795638,11.549108621406408,11.544646263122559,11.573373373373801
1036,11.814780204474559,11.799379301788411,11.798724475924674,11.760920279701576,11.7542827604361,11.796921730041504,11.817574821392135
1037,12.384488007935103,12.387934630674875,12.387230375819218,12.398948002849075,12.438418836864372,12.392768859863281,12.435243129564574
1038,12.803751546661207,12.791294318271223,12.7916554459281,12.307716065397624,12.85423242834904,12.76703929901123,12.787824002489206
1039,12.004821982724506,12.007713624269554,12.007320634342118,12.014687605944182,12.008476510881938,12.005072593688965,12.001755600550736
1040,11.340893447559374,11.288872438192223,11.29265609489326,11.08343435256817,11.414502421247068,11.419477462768555,11.470589346797786
1041,12.283397464506255,12.288964194247175,12.289320215628747,12.288128323820038,12.295150253466641,12.245553970336914,12.234798804599736
1042,12.425364929735167,12.42092596830287,12.422166046606657,12.409533160988087,12.410408897553447,12.379388809204102,12.390353675128042
1043,11.908952296631263,11.889723672142075,11.891299349688783,11.926520907678913,11.906136565965426,11.831472396850586,11.840061212755467
1044,11.823464388273653,11.828259262094113,11.828671077459394,11.824343099284954,11.83708048967054,11.78421401977539,11.79592428688688
1045,12.497214149284066,12.499292080024382,12.499313934732053,12.535871492875597,12.497838124779394,12.526076316833496,12.473719236703632
1046,11.631576566982332,11.624808702694514,11.625859822947303,11.58652314416733,11.682500387834702,11.62209415435791,11.601295701516209
1047,12.277409207153651,12.278383752701165,12.279199536606805,12.247074512017605,12.350701076759174,12.279151916503906,12.258855983521842
1048,12.317718927755438,12.316644748337893,12.317002431565864,12.315216083177008,12.319069997729521,12.327957153320312,12.32555799021803
1049,12.0246374083079,12.02779878037059,12.026639354712248,12.143462363897195,11.982961322604938,11.996522903442383,11.981282990952051
1050,12.003750087693478,12.005524027158907,12.005585479684402,11.991978022851377,12.030761135848044,12.024332046508789,12.001973497194275
1051,11.87587330439428,11.860741083142244,11.860625036029056,11.873723682555589,11.808132824643186,11.844161987304688,11.828857405509764
1052,12.003082371926551,12.008294779797824,12.007961525590247,12.016075858890325,11.993533706425689,12.038302421569824,12.033760782240194
1053,11.796081445000768,11.830838667189932,11.82904397575651,11.964406610988569,11.834518557723916,11.860572814941406,11.828890299637424
1054,11.966563463801632,11.980779434258142,11.981245157351044,11.930320018319561,11.980476715155588,12.005571365356445,11.96825778960521
1055,11.449529229236926,11.449037483005968,11.449540097251253,11.534427548901325,11.48279678342096,11.468911170959473,11.415770529597449
1056,11.99672755801049,11.996623021788796,11.996357650845818,12.15092931533941,11.995411653019938,11.946683883666992,12.004625997404737
1057,12.370164569444688,12.371758386125535,12.372343337258414,12.854980695006134,12.325131040976151,12.36019515991211,12.356480749016688
1058,12.102494315195191,12.09691567104446,12.096806655574362,12.124884274055482,12.080654420726894,12.093792915344238,12.081199127721739
1059,12.619241751643768,12.614627266665606,12.616115225546404,12.64963103910342,12.502712381915517,12.61800765991211,12.625302640904897
1060,11.940004082477172,11.918141876547521,11.919751040072905,11.92312423210174,11.987119947780483,12.021363258361816,12.001337965619095
1061,12.806108116684973,12.771297443199009,12.768422002027267,12.770106172094803,12.634293043219351,12.759981155395508,12.63600662727118
1062,11.95108253898599,11.973454654781994,11.97029225735723,12.155668882912721,11.982515705396105,12.000101089477539,11.989367413096376
1063,12.940761736168156,12.942335925799089,12.943379735674984,12.957758639843446,13.004022611484688,12.981688499450684,12.96278212306235
1064,12.070440518246194,12.062487584595699,12.06303864909294,12.144086353494707,12.089701657135283,12.077016830444336,12.112179992453466
1065,12.985744253709676,12.96972231491134,12.968832300379834,13.02588104284047,13.083943100049257,13.050728797912598,12.940466518866156
1066,12.108960982372986,12.118605958695436,12.11849536381707,11.85472894756787,12.103796856090602,12.127396583557129,12.119633008576116
1067,12.31193700593075,12.312642338274966,12.312556365157961,12.290760234929246,12.293453293050652,12.281494140625,12.27420373302331
1068,12.218555321556924,12.229286479725,12.228788111270115,12.211413796980088,12.239024016907665,12.213705062866211,12.241789371706606
1069,11.93541426107325,11.98869716114953,11.984041715606065,11.781354512483613,11.947329609655887,12.231476783752441,12.282181185078413
1070,12.542029636480356,12.539850003397202,12.540776051913875,12.53088848844555,12.510936086035594,12.500215530395508,12.53790609448931
1071,12.002108468533528,12.013477723265526,12.01357196249804,12.025914308810945,11.989087801599819,12.010688781738281,12.042374070867579
1072,12.449783839044922,12.443807692445025,12.445255224798473,12.444857197222513,12.45474747478377,12.440428733825684,12.479206580693608
1073,12.646922898050112,12.65221895689779,12.651702536587123,12.62307600993894,12.680999897573104,12.71847915649414,12.738678872227242
1074,12.126793555688593,12.127177952074666,12.127302088520775,12.133788124070183,12.106346267409787,12.103896141052246,12.105530123274919
1075,12.115149200353512,12.119549292492382,12.11937786236631,12.050670896682668,12.08596442144483,12.063264846801758,12.065381349352348
1076,12.074072302770329,12.08308192639849,12.083263837118945,12.106022834928927,12.032804623658182,12.079898834228516,12.037299720054838
1077,11.976312914439882,11.98486383238339,11.985700759147997,11.868007231141025,12.024821517927654,11.974326133728027,11.975351577714084
1078,12.337856095252583,12.347019924237614,12.346378972520732,12.279423321511102,12.244522521820604,12.26513671875,12.25074571900669
1079,12.489148360148665,12.480609852511378,12.481572240023018,12.466670431638777,12.459710349081133,12.45645523071289,12.432927105419521
1080,12.059785180222692,12.053177510416498,12.053098928084436,12.066478074025685,12.025627539590142,12.018107414245605,12.023943028354298
1081,11.85997033878268,11.858640030894465,11.85758988370022,11.916142500544339,11.884744695839057,11.9158935546875,11.885672787929616
1082,11.858403626266048,11.86895812153472,11.867985936575545,11.96742198662512,11.876842058844932,11.906804084777832,11.904209778754836
1083,12.633146513146228,12.62727295089417,12.628287800139235,12.839986803431506,12.664859814874738,12.659992218017578,12.672676702032215
1084,12.06822763355574,12.082146165346758,12.078399902046968,12.025997888808686,12.03356182841818,12.022577285766602,12.041705932360422
1085,11.667608816056882,11.67087473518834,11.670696673648425,11.775007381110981,11.65248334439099,11.706664085388184,11.6352390327276
1086,11.770835576019854,11.766376945162463,11.765775411105334,11.758586793415411,11.874756887255508,11.818470001220703,11.841344112850726
1087,12.151744282492054,12.188851962666655,12.186379305433523,12.239744863768165,12.205599027459504,12.14788818359375,12.172133220842147
1088,11.976333380277707,11.983349660970799,11.981431862882168,11.950911229259862,11.979420025232908,11.953324317932129,11.985173113079712
1089,11.911871008735462,11.91848238176515,11.918831966915036,11.888599628248636,11.920031480911417,11.94031047821045,11.926910727598786
1090,12.259268813580231,12.267798271478501,12.268050867541024,12.275711472449624,12.24100178873209,12.261542320251465,12.233155359537658
1091,12.311565456438027,12.307050394975166,12.308010052838322,12.299356820134062,12.277003038482077,12.257704734802246,12.24872170453617
1092,12.053660912863796,12.03449930026571,12.036750609788838,12.1260201777023,12.088556694813219,12.100484848022461,12.078444933179465
1093,11.863044379438245,11.86913154441908,11.869132768004288,11.782256127399066,11.77970721184509,11.76352596282959,11.825729776473764
1094,12.143621620711672,12.14404148346505,12.144052819651547,12.184284570349613,12.085692477438434,12.123448371887207,12.112972708901678
1095,11.764513799954154,11.766735855294149,11.765736095248396,11.771678439103129,11.686333726793618,11.702520370483398,11.71495499571129
1096,12.072526821214188,12.050902986006788,12.053273095705423,12.11888587787527,12.092395205920242,12.064398765563965,12.063297588455978
1097,13.098052223063837,13.09258344569643,13.092280629453786,12.086904198236674,13.031398128196303,12.986635208129883,13.024584313162464
1098,12.14653285713692,12.148688837834085,12.149576628367933,12.146751816288726,12.156287003463307,12.162659645080566,12.172575289239584
1099,12.591932178991533,12.594583643795154,12.595021142611653,12.597895373351705,12.688023030039338,12.659882545471191,12.667176437515963
1100,13.304599472587963,13.278870336412757,13.28091257981372,13.279208529257211,13.227653198832638,13.197025299072266,13.195572893471718
1101,12.011697499190076,12.023270322622093,12.02292300975554,11.977721504704705,12.00321322653475,12.085991859436035,12.058035406417268
1102,12.060995287044923,12.062821060077884,12.062794069015489,12.066670535602762,12.204111044711818,12.189814567565918,12.161149802088671
1103,12.344189944447672,12.344910036787805,12.34481157427249,12.29459368639337,12.246938851591858,12.274801254272461,12.262754070683613
1104,11.63179598979996,11.631716117978232,11.631177734878275,11.706512893587048,11.739119658397877,11.75078010559082,11.798043258303016
1105,12.819832876019007,12.818387887813843,12.820029102083668,12.859955009249763,12.710444672680666,12.77005386352539,12.740373203620168
1106,12.620561701505641,12.614429300562772,12.61594112506162,12.60627686223266,12.547492414173089,12.586971282958984,12.61756003475489
1107,12.241245443819402,12.232788916982166,12.233692582728391,12.24250981172645,12.23598205924798,12.226174354553223,12.20833794668945
1108,11.871902052158879,11.876227983036193,11.874983369626177,11.874211931249727,11.9746913053389,11.970671653747559,11.976138939426969
1109,11.816208089921817,11.868212941691429,11.860206396858127,12.107348188098022,12.034376814757147,12.006335258483887,12.00092478808035
1110,12.37061395805336,12.36402695240471,12.364894063090386,12.34807380741157,12.305674111328317,12.323372840881348,12.308554580611924
1111,11.95419296932466,11.953982612908025,11.954180277257194,12.112892414527062,12.00918917464045,12.026637077331543,12.005670424685995
1112,11.830166221695888,11.847019186872386,11.845173368125003,11.852440472705151,11.877719223807073,11.875314712524414,11.883387917879032
1113,12.344569053223141,12.33863568766352,12.339324983122873,12.352399337387904,12.35461863104935,12.354287147521973,12.346780800596001
1114,11.595301062504747,11.587806695181056,11.586035407675443,11.923774430766445,11.689291959849264,11.683829307556152,11.66833793134513
1115,12.317184045521437,12.309498943841465,12.310925306085243,12.249235920046143,12.218428599141413,12.22179126739502,12.22951214054276
1116,12.156697520792669,12.144600090337752,12.144686002874408,12.184673626374714,12.11415109634478,12.114937782287598,12.122723736675693
1117,11.901539404439285,11.905478153690538,11.904779962446982,12.025908022228279,11.905538001874799,11.929800987243652,11.923124558071851
1118,11.909532098704613,11.91236280113848,11.912038439307528,12.106165106919502,11.994490076962922,11.937984466552734,11.907229385170966
1119,11.985258830525563,11.986186868588302,11.985855979540856,12.050919834591374,12.001054618274518,11.997888565063477,11.977718626018868
1120,12.19279832748684,12.15891466513243,12.162008954747359,12.392712322473997,12.09983919495929,12.024596214294434,12.02443324246315
1121,12.222860207010049,12.226140849245226,12.227252472788672,12.228076496491175,12.21444219086422,12.205333709716797,12.209306445764463
1122,11.686133058158289,11.67813268148078,11.67785788996544,11.718455444651568,11.70623180027237,11.687077522277832,11.676689805469415
1123,12.689144050736703,12.690172657650622,12.69088004478717,12.675288345216114,12.676490206727966,12.69991683959961,12.704784481143584
1124,11.775659568032415,11.777751815751495,11.778806705618374,12.160319419723555,11.839304341738366,11.764348030090332,11.807816040013023
1125,11.970110431603837,11.976987146078585,11.974704794557294,12.02937231044686,12.040092340522438,12.039908409118652,12.018229928006788
1126,11.883529752246632,11.894387757268893,11.892474622680403,11.960843993968636,11.818349465072902,11.898305892944336,11.87857777425966
1127,12.368296875013275,12.369653776527421,12.36974747333857,12.398244791487409,12.406471306427145,12.384964942932129,12.402296742698082
1128,12.388210916618185,12.385159650229667,12.386090150793878,12.371554433579808,12.343393856399262,12.347564697265625,12.365003575488982
1129,11.59124560194332,11.584946496941093,11.583720519300213,11.618166758962868,11.557438635587316,11.559919357299805,11.565772646712668
1130,11.996540384422016,12.008003082409829,12.00798172167744,12.082037291740068,11.974223407646562,11.962730407714844,11.979581598543033
1131,12.215349338318264,12.210850217804879,12.211896152046835,12.301655896926887,12.209495465845151,12.184744834899902,12.180936253170001
1132,11.8925721349408,11.895882170622798,11.894619886223559,11.899629753230112,12.031765994884964,11.920676231384277,11.95509566119928
1133,12.007302755608528,11.993843878109262,11.995736015227992,12.123382679802182,12.01583921949978,12.020151138305664,11.999507382029044
1134,11.676959824009307,11.651951976558712,11.653808575984266,12.167377179052178,11.736464680873794,11.68549633026123,11.678607948511404
1135,12.049804136126223,12.051279923608192,12.051867651493525,12.03652545687897,12.076354203891736,12.020263671875,12.037523350989103
1136,12.743688905245275,12.740665765899246,12.740487347034144,12.390256201137936,12.776602180614884,12.785120964050293,12.81572310473065
1137,12.17724353675641,12.179875644616539,12.179893909101358,12.159044199194442,12.208459810113753,12.191514015197754,12.205695519986852
1138,11.936015767023243,11.946805207880987,11.947074474744639,11.97370393607871,12.011054575369158,11.984396934509277,12.020596760074861
1139,12.16767453485086,12.16621934459388,12.16629328951078,12.167038181821557,12.143792031921928,12.147628784179688,12.138637676490104
1140,11.88940773469356,11.897467787057396,11.89663747340042,11.930362108376077,11.899345647347527,11.905400276184082,11.936477129543093
1141,11.775958191567005,11.770026616762287,11.770570779761254,11.664220309100099,11.728114785635329,11.737746238708496,11.735365830471036
1142,11.832599237063063,11.835179763829574,11.83469790281701,11.732458513819436,11.844878918380454,11.869037628173828,11.896186234864937
1143,12.242338339878426,12.234749049699314,12.234539967091322,12.343467708549511,12.177319552210388,12.164697647094727,12.169546318140851
1144,12.273046792534142,12.27063992550501,12.270950660360803,12.283128172556545,12.200655177433333,12.231977462768555,12.27171063552016
1145,12.040243000849545,12.048393551349735,12.048068151770762,12.011144326984883,12.031893615880882,12.017993927001953,12.018391712903684
1146,11.972316453519367,11.972827835729484,11.972271475788293,11.959058004329579,12.003791874615949,11.96485424041748,11.97849665239747
1147,11.931365873852835,11.917902226610037,11.919860398758763,11.913490960661209,11.94836823796238,11.961292266845703,11.97751461419428
1148,12.608812423612164,12.604291477518514,12.605135331842083,12.568453259914222,12.611428906532755,12.602471351623535,12.572774318802255
1149,12.091142829939983,12.086405001976596,12.086270802540122,12.102921889656912,12.10197980287617,12.06966495513916,12.079771726648008
1150,12.032756761756335,12.036610000335612,12.03683436756407,12.049841519274292,12.051920499292933,12.024039268493652,12.029358220188534
1151,11.964310793265469,11.95654218790162,11.957320831759255,12.027285585030361,11.922722417308751,11.906892776489258,11.913050779028636
1152,12.311509123152032,12.301293764304955,12.302027510920851,12.088361096867407,12.214883276145363,12.287894248962402,12.237486692485273
1153,12.279880614618108,12.319720629895913,12.318254549820265,12.185197025702797,12.30280856268098,12.3565673828125,12.317351610528076
1154,12.810849399869415,12.802885505649664,12.802430784679883,12.838512252024564,12.836419587166516,12.868781089782715,12.824264150840014
1155,12.051061982913533,12.045516743241723,12.045128404062938,12.036231685078308,12.085016239069676,12.087214469909668,12.133665882420802
1156,12.162103016003933,12.159804266667882,12.158998051793235,12.10978095212707,12.180681973845122,12.187060356140137,12.208789780111744
1157,12.862678712662003,12.853911948972488,12.854640495071303,12.82970223754881,12.822077350389485,12.839794158935547,12.891831007927449
1158,11.965562741614312,11.951085579927451,11.951474522873541,11.960984801386385,11.97537358740546,11.979939460754395,12.007763595701926
1159,11.98212708248485,11.99058472972358,11.98992216093001,12.083854086916192,11.9639782609268,11.966510772705078,11.973154176909068
1160,11.724117379560628,11.7188081895093,11.719017092253607,11.826369171642252,11.681519906944754,11.713348388671875,11.685188850338733
1161,11.358092603635056,11.355626577346028,11.35405160236625,11.386536497458145,11.354144164685437,11.320573806762695,11.357381563069723
1162,12.308783611997638,12.311114421751498,12.311159989739613,12.308044550865631,12.276060456647429,12.268538475036621,12.260588827241785
1163,11.339511856107702,11.313371338342582,11.31197513283553,11.562236795828023,11.342089357013215,11.384373664855957,11.397314856328437
1164,12.352634636673692,12.352260213288815,12.35308275629048,12.32204830429471,12.307979754033028,12.29072093963623,12.301176889278974
1165,12.032477878718504,12.041200138013627,12.041092816277088,12.041730711293035,12.047226932499585,12.038933753967285,12.051328248764792
1166,12.293461084656373,12.296860331944458,12.29778759308663,12.258723940835539,12.261206101466342,12.282095909118652,12.293691085819232
1167,12.05179779508495,12.043175087630221,12.042402422449152,12.03747562010567,12.098911976863086,12.080610275268555,12.055046848625075
1168,12.524535677215345,12.526551104243309,12.526919093500817,12.505800824278783,12.531917015836251,12.49863052368164,12.493091727036443
1169,11.86710337916023,11.861823603986725,11.862503357318932,11.876120853571294,11.916110169979778,11.899133682250977,11.919790519803557
1170,12.86938298363022,12.863669703273223,12.862823289478811,12.900449464847352,12.702904397776917,12.90652084350586,12.891454708591287
1171,11.865511901617719,11.86773307522348,11.866161276067615,11.90687497270602,11.945627299115399,11.932114601135254,11.815933458482183
1172,11.743362251942287,11.733122208755395,11.733251477059527,11.71556831050223,11.797570424023665,11.711674690246582,11.68798875768234
1173,11.914222962014529,11.930381869270986,11.931223073409713,11.830311141176796,12.016750706609018,12.030372619628906,12.011332388652173
1174,13.197725632653627,13.17306815328645,13.174208056333532,13.137081972914515,13.211106449825225,13.182833671569824,13.164517793812944
1175,12.100189711014481,12.092363755498415,12.092807719259957,12.096835188338266,12.176337024355062,12.181764602661133,12.143517659228726
1176,11.982133687026085,11.995488794663942,11.992182640230789,11.781117549668517,12.040453846487294,12.01777458190918,12.025126294328404
1177,12.36717878957948,12.376659539173358,12.37648164488101,12.33624154230322,12.362519672437488,12.369182586669922,12.382646161033966
1178,12.271551252257655,12.269076112650252,12.269253722326745,12.242286241684521,12.219956608695917,12.234514236450195,12.23015761946142
1179,12.014308681266302,12.02148469357955,12.019158989362431,12.055386652661927,12.082116683723715,12.053024291992188,12.040135112480757
1180,11.987850284659904,11.993447153306553,11.993080283148478,11.838448499970706,11.989945517322482,12.007585525512695,11.98747713314516
1181,12.641152360284316,12.63596035532012,12.636242112849438,12.661045497250335,12.582404958899904,12.563516616821289,12.563098179777992
1182,12.256939629715728,12.249041825096427,12.249617114347569,12.203395571422508,12.27580837835809,12.254796981811523,12.301179596393657
1183,12.418249180458007,12.409938002537093,12.410995787331768,12.415553694101384,12.357492693081419,12.31226634979248,12.34331025127438
1184,12.035551447591942,12.041432654876589,12.040935947513569,12.068440701151138,12.057910807086623,12.009450912475586,12.031158000810432
1185,12.276197755062324,12.288171666076158,12.287596709266776,12.220394026864211,12.216044006985053,12.194612503051758,12.173392445396985
1186,12.033190563576715,12.02780291713458,12.028362106080293,12.083493163638158,11.997397286191488,12.043097496032715,12.058948583213361
1187,11.749195901960878,11.735183188482203,11.737229685810275,11.69862264938793,11.77540103297101,11.775174140930176,11.718848885792983
1188,12.052573214363921,12.04461688059587,12.044323918980599,12.060919243108257,12.211128256932447,12.167600631713867,12.16740530695375
1189,12.229648434973683,12.226598881751748,12.227263247436593,12.227567206309358,12.223614179386807,12.218741416931152,12.217150858741961
1190,12.416969763925431,12.416116379365532,12.416614884922398,12.445381638372854,12.452319221776266,12.449346542358398,12.479200436463703
1191,11.959895419873847,11.956665017441571,11.955948479478625,11.975396450369843,11.980075048190814,11.969846725463867,11.994255774037859
1192,12.201143948634249,12.196221178987507,12.195838623384379,12.185518313132548,12.206214497325849,12.214875221252441,12.226374315428231
1193,12.770968435226985,12.765375661166498,12.766308588908924,12.783226674997527,12.82155157402985,12.782315254211426,12.787616582117101
1194,12.071201630992935,12.065204656271467,12.065265565259528,12.09886455149122,12.153001302047782,12.165596008300781,12.104000926897395
1195,12.802503343009985,12.806382258725549,12.807377226081604,12.82398154719715,12.895996972737612,12.889772415161133,12.913722441705978
1196,12.344870180918072,12.33448134375241,12.335546045166495,12.332078595088625,12.311248615697385,12.29716682434082,12.323674133420663
1197,11.884416388664997,11.880047217489066,11.880112455053574,11.773357395887796,11.966686733666851,11.956525802612305,11.96345011063163
1198,12.565217192058427,12.578695522315419,12.576354945020274,12.308830068873023,12.670478546028578,12.669700622558594,12.692783115654619
1199,11.99690559538558,11.968968350563008,11.970608404726926,11.638813607059129,11.991236554338288,11.944091796875,11.954789782098867
1200,11.651017095760158,11.657164655204433,11.65563099062678,11.750932946016038,11.783302128341713,11.830967903137207,11.796413598052899
1201,12.46579918145407,12.461858769664369,12.463211481844477,12.452751156972424,12.423021165969853,12.411617279052734,12.41001930429497
1202,11.917990995519794,11.926321163728671,11.92568577026533,11.933256376409076,11.945115032366656,11.930998802185059,11.919628471803776
1203,12.232712040252238,12.243351326902877,12.242783260933223,12.186480279783106,12.381033851962584,12.4375581741333,12.391077942097157
1204,12.32309285092533,12.32603624277651,12.326241039541927,12.331067683229229,12.315453461490371,12.330403327941895,12.327815995464999
1205,12.485527628588002,12.483910150720016,12.484675471373887,12.463518750829266,12.435502147349982,12.482560157775879,12.456852324188281
1206,11.920502772814622,11.928455398312037,11.928064032583814,11.917471631814882,11.935016209435613,11.926858901977539,11.960645622990846
1207,11.966686058237189,11.967500220005032,11.967214369075037,12.020592531717718,12.048123779274967,12.006592750549316,12.006925485613388
1208,12.584585894613001,12.59395306721297,12.593722782117245,12.157715842827375,12.5814132442361,12.629262924194336,12.64231031760048
1209,12.6264003272438,12.617641461373797,12.618851424939395,12.646900826913138,12.705833257127527,12.696425437927246,12.65956033355214
1210,12.110266287852749,12.09932456255132,12.100140566647426,12.11276894310108,12.122632153811484,12.1116304397583,12.107509858137654
1211,11.852602172177795,11.853653410899696,11.853589877445888,11.983195624387324,11.879754516009616,11.906188011169434,11.870212466191575
1212,12.179126867007101,12.176773125776624,12.177291768038288,12.179034656301145,12.222405957798316,12.190081596374512,12.219439525211689
1213,11.822448725851906,11.813107561146113,11.814015972816525,11.830289479310741,11.817084515175583,11.840080261230469,11.826430862712563
1214,11.848809829086083,11.853769664881215,11.85257069130007,11.900431584427949,11.881731406865326,11.864293098449707,11.83953541934387
1215,11.828986259977944,11.84017413873892,11.839681392527483,12.014446418829703,11.828203550285386,11.835857391357422,11.755502409979673
1216,12.666015256888011,12.662649539614613,12.663470749747345,12.681676363297413,12.659078852295858,12.677260398864746,12.724686121525952
1217,12.02919765531321,12.031432050962575,12.030951274475134,12.032265460203458,12.086354858114065,12.048233032226562,12.024856794215514
1218,11.928470828533742,11.920267499806585,11.921909361570071,11.94056091968924,11.938331794615296,11.937975883483887,11.906849997389836
1219,11.68330607720202,11.679987086237569,11.67879082159211,11.695209711806225,11.660244769782924,11.627429008483887,11.62948307715754
1220,12.157007828505037,12.15636125613193,12.156340367071378,12.142780151689578,12.11936862901911,12.150995254516602,12.120579998251852
1221,11.872904250958326,11.880212388194277,11.879788884950983,11.902266710980514,11.888897003391433,11.9242582321167,11.91212348387108
1222,12.251018358869679,12.242602535838026,12.243359990544889,12.23409035427077,12.2268080735288,12.220139503479004,12.231384219905298
1223,12.485320704029657,12.482947430049325,12.4839138831402,12.237891936590024,12.486418062029276,12.463311195373535,12.452707486772375
1224,12.794566624664355,12.802140420155922,12.80163271169304,12.793395182438417,12.806404466799696,12.825639724731445,12.845043371267279
1225,11.420561597407628,11.391541591494878,11.391229019467442,11.546527645144891,11.260810410628224,11.302902221679688,11.384999874096021
1226,12.262637104825878,12.26406303966677,12.263119143759399,12.228446427026745,12.196681264290394,12.177976608276367,12.20057159402587
1228,11.995132950972389,11.97186804273069,11.973947300031872,11.934368287954358,11.994502541198354,12.017193794250488,12.007149299339991
1229,11.621942874278789,11.612453044249033,11.611468604773746,11.720062086532756,11.504407425747491,11.425567626953125,11.467897179573418
1230,12.149652860572282,12.151441797203002,12.15256236578714,12.176771620782558,12.130725074645705,12.200826644897461,12.190077569293752
1231,12.036461100674932,12.029774412001261,12.030305206949034,12.184450782882214,12.082709124390181,12.026827812194824,12.041185775881104
1232,12.118849083612076,12.123044288442069,12.12210894657325,12.183974140376531,12.265212417138835,12.249420166015625,12.248439870396751
1233,11.998063805543822,11.98207473815476,11.982300069747478,11.951035280175338,12.062529696747058,12.077531814575195,12.04184466766109
1234,11.740544008092785,11.755610745130515,11.754242102244218,11.779068059863121,11.741787374207801,11.671737670898438,11.716074707208755
1235,11.782037590896723,11.783556424126425,11.782686289975437,11.815432370310047,11.851221008934433,11.827609062194824,11.825472279930963
1236,12.494366112589509,12.501324001914616,12.500850921240584,12.497778169959144,12.47064083143561,12.484248161315918,12.445120738089312
1237,12.201353976363917,12.208190164169077,12.207089082903213,12.180760503726978,12.17227976418034,12.201435089111328,12.181264135570197
1238,13.196978106029752,13.182921243570481,13.1840314127812,12.561380807633856,12.954187684043825,12.866446495056152,12.832529394104874
1239,12.36538033686422,12.3637152739033,12.364317040553617,12.377887706142273,12.253159981002856,12.244379043579102,12.273080212733763
1240,11.86917831224742,11.879632961283,11.878661454564744,12.033694281286227,11.81347083313162,11.841476440429688,11.838258578737012
1241,12.289600118345964,12.276193917060375,12.27829995889692,12.228259723256215,12.237568295255999,12.239487648010254,12.239810234775314
1242,12.51083739890552,12.5119774127799,12.512780846604688,12.554848322617826,12.620580263445381,12.573184967041016,12.559789420192976
1243,12.114193055183863,12.113526319929276,12.114066074138442,12.111632008758441,12.05977638547368,12.0902681350708,12.064403863538232
1244,12.019920061014092,12.027704224061296,12.027237014148511,11.996800695938646,12.090725122757913,12.061684608459473,12.075727173266927
1245,12.089494930082127,12.104315140598612,12.104500131404434,12.048895724759529,12.069634587390023,12.10776424407959,12.131338281275953
1246,12.193628291028231,12.200775055358989,12.199501437853543,12.238372802172625,12.260641673970104,12.214892387390137,12.19563286362328
1247,12.532886399376437,12.540550612663075,12.540326765358532,12.531169006212272,12.492615167712815,12.534815788269043,12.490577053621296
1248,12.629440060710998,12.628879040214759,12.629097731475829,12.641170038321565,12.618871526761483,12.641557693481445,12.603638617545517
1249,11.919068325847512,11.910366184678027,11.910642513177732,11.966986880340851,11.95356422267743,11.95331859588623,11.939144601149831
1250,12.282006140853227,12.274714242876222,12.27537915754458,12.301922477365627,12.317448271201734,12.333483695983887,12.31148883334027
1251,11.807729441400388,11.777293709826987,11.780067989359015,11.744569127273307,11.777253103395191,11.768366813659668,11.751735948202423
1252,12.127243616851917,12.122118446672928,12.121531676430122,12.085058267980298,12.17890971175999,12.202433586120605,12.210282089284027
1253,12.081154174551587,12.09241283687824,12.091574878354221,12.09137663017421,12.068299328804226,12.14618968963623,12.084715601985174
1254,12.07814618649311,12.085235765745372,12.084605324140828,12.04363441227611,12.03856005852778,12.048198699951172,12.03373717811369
1255,12.74630801636478,12.748387090747626,12.745029281552238,12.733058156466363,12.660379441995035,12.69146728515625,12.734296562392359
1256,12.596934852581398,12.584632653315548,12.58653332364468,12.608590832992686,12.541439736306335,12.568154335021973,12.627444618476671
1257,12.299851065396567,12.296047143840298,12.295733084465905,12.126775296158254,12.201207275889812,12.16484260559082,12.148566777441939
1258,12.434309112226346,12.438995774569973,12.438922559306405,12.456217413626922,12.489613441742733,12.403535842895508,12.440372502611753
1259,12.669049604314278,12.648802683681398,12.651335208720427,12.669306945619546,12.742979210346235,12.766639709472656,12.755703041119187
1260,11.835156423583186,11.808207587197174,11.809925481924662,11.729397039437142,11.850553599276699,11.793360710144043,11.785232800902858
1261,11.831026318899928,11.834474328563976,11.83502885695523,11.870145647148425,11.937570023600996,11.974762916564941,11.958636434971694
1262,13.460916020627337,13.43431916221736,13.436473872992778,12.108464075176924,13.274181918474106,13.213094711303711,13.148616850792667
1263,12.395124107356327,12.395395568566755,12.39505253258015,12.419215355443777,12.48200437331334,12.491634368896484,12.49210149999992
1264,11.951203314439109,11.952246151948675,11.952058638963798,11.977894655631468,11.953486480790133,12.002742767333984,12.004542491754988
1265,11.835043106307838,11.826266897499378,11.827115918006594,11.925718642176708,11.822531856103756,11.822896957397461,11.847848357757519
1266,12.38262152970786,12.344056611470238,12.348567015687728,12.400961742927311,12.33448906130635,12.429083824157715,12.483189072275222
1267,11.820785828860462,11.793385704833184,11.797741465573564,11.800078799639774,11.838593753900398,11.787324905395508,11.804223854729704
1268,12.49758450205593,12.494552218772975,12.495945342680349,12.46007048423286,12.460072349348138,12.527063369750977,12.484024172979575
1269,12.197134980619738,12.194516669264335,12.195360685059892,12.185258829602382,12.216352298331874,12.236043930053711,12.21877759966401
1270,11.97191328798873,11.975872158586888,11.975764679357749,11.973771425061063,12.028826900915599,12.007676124572754,11.984184278890103
1271,12.072372855179452,12.087659600298656,12.086325030231205,12.056710493737388,12.069149720707147,12.061105728149414,12.072216546668752
1272,12.330542900932436,12.34230939454288,12.341274005471309,12.245403821174959,12.291344716108949,12.288846015930176,12.323696552704716
1273,12.496298694979519,12.488380449074388,12.489226783285709,12.514795086871757,12.502091881125626,12.49856185913086,12.505494866846396
1274,11.96892183084805,11.970640154538252,11.970368763577314,11.958192507882544,11.992906621827684,12.01262092590332,12.021976133276606
1275,11.794611757356014,11.806619917357358,11.80509899562543,11.763842520814098,11.884913204039542,11.902383804321289,11.886013282125221
1276,12.249125055891032,12.241715331968031,12.241964836749254,12.225835869262008,12.23427973585821,12.227080345153809,12.25229219769846
1277,12.543346027108168,12.546507887458933,12.547052119981826,12.522888581972943,12.521192957981917,12.531076431274414,12.507547028896619
1278,11.43324527081391,11.424515073731724,11.423112338635509,11.410407923506792,11.406990616538144,11.391451835632324,11.473791945901809
1279,12.116962876315071,12.111290942504134,12.111417651752511,12.056984255266446,12.117356470716633,12.083008766174316,12.137410734371906
1280,12.306402504450663,12.303298654510103,12.304160932634701,12.31366343450516,12.33913722665482,12.308694839477539,12.315246654144747
1281,12.072492542117052,12.084059709735728,12.081853614238183,12.676037647871436,12.016965129850902,12.041923522949219,12.057244540467655
1282,11.66551793084096,11.686744546907814,11.682097480140463,11.811960790000109,11.674072884604396,11.701698303222656,11.705913347842273
1283,11.467324933638821,11.493494404567725,11.486179685234356,11.605154194917432,11.62643097130631,11.574258804321289,11.593853467964106
1284,12.385392608568957,12.380772195046433,12.3817880949046,12.354940234958043,12.333505073769713,12.340951919555664,12.32263871001671
1285,12.994105744255327,12.98630425300551,12.985972386568957,12.829859498107222,13.092663458261992,13.047272682189941,13.075928402067447
1286,12.294780299780276,12.284446060425982,12.285659751844381,12.274378291749782,12.242124658887109,12.256982803344727,12.279668251573995
1287,12.22920073989109,12.22934777932993,12.228996031964053,12.196909954385832,12.177133518190923,12.193785667419434,12.18850361910681
1288,12.300064679153,12.291861472372585,12.293069149916123,12.292729182330614,12.349897792988315,12.33896541595459,12.340303555250918
1289,11.895230391907056,11.896501189271639,11.896160631586206,12.14246829126817,11.948237455332976,11.98666763305664,11.99041912666077
1290,11.316868167145126,11.341084060215385,11.339210988778731,11.518295469777298,11.374877379253157,11.406352043151855,11.475102352127326
1291,12.207282288474628,12.199176047717339,12.200088789201121,12.169213268872468,12.201119250647723,12.202431678771973,12.185662138458582
1292,12.143155382629848,12.152847405066996,12.151995746026813,12.23273478654656,12.181071940397267,12.122028350830078,12.129567812218669
1293,11.935998942708943,11.931515366675518,11.930250879359951,11.903583911629596,11.909271119223146,11.921655654907227,11.905187512202243
1294,12.301249573299502,12.301720834496232,12.301552415241018,12.26933773363082,12.224609318635185,12.241641998291016,12.238487257174995
1295,11.629395834142326,11.65698319199334,11.651662325701729,11.474168309994237,11.600513979046141,11.538784980773926,11.496540803195737
1296,12.873629205793666,12.875673360090985,12.875358387407395,12.896942992106824,12.94916240132696,12.968270301818848,12.986778697742622
1297,12.277636149450643,12.271719360421319,12.271956726356084,12.25552243396487,12.22454807325864,12.213205337524414,12.235882305090476
1298,11.703747660262943,11.717082449525307,11.71712143881554,11.981000610171831,11.699328153760721,11.67724609375,11.677950305463353
1299,12.533004186027263,12.52507327708854,12.525706993008919,12.522751520948775,12.509515032097061,12.498366355895996,12.492814964704065
1300,12.520102496028926,12.524562658880864,12.524819868095234,12.526702741724286,12.506291209588943,12.510241508483887,12.486627340029912
1301,11.933571562089666,11.936127526284041,11.936002512200716,11.936781504450977,11.923747814665669,11.954318046569824,11.950994095994444
1302,11.92323321881486,11.915360141113467,11.915057156406975,12.05307902661973,11.92381875924641,11.946491241455078,11.915168573644479
1303,11.839543372876953,11.844199382382536,11.844223947817435,11.866644752231458,11.835114777657884,11.86111831665039,11.855985925598796
1304,11.774555744773018,11.7667965140686,11.765982791420015,11.780472808591776,11.724673014146191,11.72322940826416,11.707524318360464
1305,12.015044851848893,12.00473388586984,12.005197430384133,12.029614091790533,12.069037966113012,12.059152603149414,12.048384649540804
1306,11.833992292551835,11.832069768776423,11.831812591129383,11.856736938574961,11.785052869993214,11.811905860900879,11.783647088936956
1307,12.564851269111811,12.571619638202538,12.570157592038358,12.55152805306732,12.537623317533129,12.606436729431152,12.564369129619203
1308,11.69531528824955,11.718367093498705,11.717298241302025,11.755093234018911,11.807139338976922,11.824094772338867,11.858233450181382
1309,12.194064317416762,12.19612400503093,12.196528840118805,12.311872604729977,12.136462854245945,12.136038780212402,12.146156866305663
1310,12.367249205845466,12.339922883869534,12.344084676584378,12.103117598514185,12.329190822396463,12.336023330688477,12.320868255502562
1311,12.865625691846109,12.866555751685933,12.865806059306937,12.71885194040644,12.847956024277655,12.895212173461914,12.908088850509555
1312,11.906110281117073,11.90562478978849,11.906474393071434,11.900593026417956,11.907511458374241,11.865071296691895,11.814609962680303
1313,12.159325283140372,12.16370785947895,12.163860577991457,12.139447963414229,12.116596284008969,12.125235557556152,12.112227109585442
1314,12.410058114453985,12.415979271337088,12.416397301890997,12.410360650367048,12.406338349831039,12.402017593383789,12.383113472811184
1315,11.689864275623362,11.720902190188411,11.720472195837253,11.793899961065364,11.757793559977548,11.878917694091797,11.85832644354471
1316,12.126742655768574,12.120174565853896,12.121159906010996,12.134217767008533,12.101798510748578,12.107330322265625,12.071379311687538
1317,12.705955003769178,12.708334485229472,12.704930114032042,12.72357828261261,12.602243938250952,12.648256301879883,12.654979258853578
1318,11.945774921667926,11.952447678261265,11.951855920894626,12.146059148237628,11.967395686999021,11.981769561767578,11.967261013801423
1319,12.101558432848012,12.113448095035896,12.112559014577489,12.154368463574919,12.169272227748035,12.156548500061035,12.169702879119924
1320,11.950210276899961,11.946350880217956,11.945853996432225,11.961413178600715,11.984910777953443,11.98924446105957,11.967459391105919
1321,12.394466086858387,12.398323337456901,12.397943196674504,12.170445843762732,12.373060119178511,12.41615104675293,12.345329490787282
1322,12.145710440738446,12.143433020003977,12.14359825294805,12.052751999749034,12.132823642633983,12.127747535705566,12.122964119111655
1323,11.884647564214971,11.880008717964975,11.880835714176387,11.823359854147059,11.847606434392178,11.896941184997559,11.87061911301217
1324,12.329836841770847,12.330637425721681,12.330535065569284,12.319318582923387,12.310999946169213,12.324109077453613,12.297646815370474
1325,11.836475628529659,11.84365874688106,11.842802914329152,11.835157383587305,11.798919390238966,11.787651062011719,11.80165294715186
1326,12.462561484869914,12.46152427061754,12.461313716581678,12.439611238652532,12.4481614269272,12.474270820617676,12.437480993052612
1327,12.310510208052499,12.322888295125555,12.321839997950809,12.310946911253922,12.367450535687832,12.354171752929688,12.367531505280162
1328,12.441987146629282,12.446727554347289,12.446183148948167,12.423531157142396,12.550780539435308,12.53819465637207,12.520943517092666
1329,11.841371588127373,11.821510037206249,11.824314143180185,11.866816811957062,11.870940698783329,11.879792213439941,11.867795788684997
1330,12.086865270596665,12.084580477574836,12.084985094374815,12.025421592388927,12.038211477501553,12.057543754577637,12.043206561640853
1331,12.462263214837,12.445414830100718,12.447256173511258,12.522052293648995,12.433244151183882,12.422415733337402,12.458545787136739
1332,13.09564419852003,13.065790963136891,13.066431174193617,13.072472501756312,13.115489705062306,13.061177253723145,13.049921791406566
1333,12.745383897934408,12.732433126116302,12.732162442476248,12.7468284662311,12.850428311184524,12.826372146606445,12.862764783466526
1334,12.018789865439466,12.022101757563954,12.021877055534528,12.066826609633077,12.085635403748439,12.068150520324707,12.09521098801313
1335,12.61061586911622,12.603991459433477,12.605229613518686,12.614998707264979,12.660928203652318,12.643523216247559,12.68161737495627
1336,12.034457719968346,12.041609973993879,12.04186892891368,11.995918526710929,12.07692261909009,12.058191299438477,12.068195225815813
1337,13.076716591573755,13.058529447862709,13.05994598046779,13.069653944399148,13.00194066883095,13.076799392700195,13.068812894221185
1338,11.926711873410179,11.921741189516435,11.922016610928852,11.933533752419283,11.749876588345334,11.773681640625,11.723430672521244
1339,12.61237821670078,12.603622625241501,12.605014578657517,12.573108436100718,12.535699005687468,12.52624225616455,12.584571421186391
1340,12.432767041039083,12.438233554547638,12.438602843844851,12.408040309020711,12.433838630177744,12.43906307220459,12.425202759452215
1341,12.308458483002859,12.302179780675543,12.303042464482973,12.321542285092134,12.33555085501772,12.301270484924316,12.28509591141051
1342,12.71287213275282,12.702631306099782,12.702523158698108,12.553449163877264,12.781506017247757,12.727510452270508,12.724226741654315
1343,12.026078602768978,12.029601608026066,12.02913259989741,12.045956652541639,12.035314719149136,12.006773948669434,12.012988153738927
1344,12.5571859827144,12.555646427283367,12.55603453701814,12.536454618897734,12.53351478931315,12.537495613098145,12.525649198215834
1345,12.01326016018013,12.015836385415582,12.016617340104396,12.016826792594554,12.076177603335637,12.0913724899292,12.116020235430462
1346,11.809466431616643,11.799693563758085,11.799963525296414,11.79507790661388,11.876807608565422,11.862878799438477,11.910826415360797
1347,11.806097316179017,11.8114351355698,11.809966080261221,11.82941652680571,11.900217629536314,11.891658782958984,11.900598127001842
1348,12.346244119994635,12.33422203006099,12.335071552249765,12.354816181609529,12.296371877972607,12.261942863464355,12.289578063643866
1349,11.767959898115866,11.790390249168057,11.790139740564504,11.715485143490794,11.802377574964554,11.741781234741211,11.752287726447346
1350,12.30974796761978,12.325515716624144,12.324598071341697,12.314576691499173,12.369464837036576,12.394645690917969,12.346550234958011
1351,12.133682649558066,12.134289973366792,12.134081368558679,12.146750110113336,12.139108054355203,12.136448860168457,12.113853480928805
1352,12.494925786775038,12.506792361261999,12.506661091026354,12.477073607574352,12.511550094031408,12.49323844909668,12.456630254763308
1353,12.148210680472978,12.145162622013734,12.145516806443046,12.171494720597435,12.17099327301973,12.16959285736084,12.18216511696741
1354,12.25684892860731,12.257595252088393,12.258667190504365,12.096641304762962,12.20873179689685,12.223344802856445,12.26645637220603
1355,12.259451804513745,12.260474687289765,12.260021485910823,12.27183543336741,12.287687596719994,12.287656784057617,12.285018838785161
1356,12.37885791398252,12.37751469381522,12.37557512439317,12.454900265836544,12.405508692158385,12.443320274353027,12.553333857332998
1357,12.406412094899238,12.407218362621492,12.407137040257181,12.413694815354493,12.438452159591847,12.392108917236328,12.398698914621395
1358,11.54175107222721,11.540176429361711,11.540665158959783,11.769217904518237,11.674887139606485,11.688008308410645,11.684351911178709
1359,12.102473960808478,12.0954216174819,12.097456791673626,12.108102784235793,12.094830230298653,12.056300163269043,12.076107046211622
1360,12.011600752443929,12.02119598439628,12.02057443542459,12.087899839626505,12.039492273432701,12.00991439819336,11.980601767068443
1361,11.618835467257831,11.616785952047609,11.617161823400027,11.648342639968675,11.564975670359427,11.632747650146484,11.62119748692097
1362,12.971408096744728,12.970327635503043,12.969696064575306,13.00606679116762,13.11213938642205,12.998597145080566,12.999465418531043
1363,11.687295653735315,11.683929489210184,11.684243921559966,11.69417364161118,11.558128644064166,11.623590469360352,11.594309259677427
1364,12.638676163164613,12.620000951230864,12.621561121354677,12.255306608560668,12.647288975892929,12.656139373779297,12.70700447700398
1365,11.91819827601456,11.900416437104557,11.901247091691658,12.11639610978638,11.948392186801172,11.950959205627441,11.935957088660992
1366,12.02182773175546,12.019751768407657,12.020114827334504,12.081085323388356,12.083070483383233,12.059403419494629,12.059925506811604
1367,12.087228038949895,12.079453892299188,12.081040362812605,11.989867448672186,12.194061553513745,12.2259521484375,12.193006618115271
1368,11.773624395271554,11.778780301851716,11.779350884895285,11.678301573248659,11.847170947612225,11.843545913696289,11.902632702043496
1369,12.658537171329868,12.660740202804416,12.66102175268253,12.659743878308149,12.71418814508228,12.742677688598633,12.75966686922039
1370,11.629201946544399,11.62072714484567,11.620040103632926,11.616779351632871,11.522569927545444,11.520797729492188,11.457118463508634
1371,12.311848493004678,12.31569376640926,12.315373902451409,12.288624810682752,12.294237020373808,12.303813934326172,12.303578955026781
1372,12.414019595330636,12.425905919215099,12.426604780797344,12.25836055627743,12.420417031898666,12.423840522766113,12.41883188438923
1373,12.07009816857619,12.084192447208178,12.082382127053348,12.053066228340825,12.06528785452086,12.0626802444458,12.026550303071692
1374,12.528295504364758,12.55042862304664,12.552619424214408,12.595923066659225,12.558813635545748,12.56049919128418,12.553255992469047
1375,11.820829184332977,11.829612072516644,11.828488736786431,11.835072574959677,11.802302305422558,11.818513870239258,11.800508884556775
1376,11.876553816127382,11.87067978904834,11.872098170737601,11.831773464541525,11.911105248273687,11.896407127380371,11.857404502910544
1377,12.463851756093689,12.455055405785448,12.455913617949369,12.444453435823355,12.421743359010883,12.38952350616455,12.396577828807345
1378,11.86761074169807,11.879113157230957,11.878068851790198,12.280020590758523,11.929355156079403,11.913494110107422,11.89992599841352
1379,12.681712418744594,12.695816529530438,12.695297700081355,12.707901277438667,12.765303130653056,12.745721817016602,12.734149636637316
1380,12.577571585718172,12.564192506409919,12.565452409613624,12.59728687879305,12.599506035887698,12.595027923583984,12.522488645861701
1381,12.355342397644048,12.366455647153078,12.365654247792934,12.352057902204855,12.343579145345071,12.373126029968262,12.347472732626343
1382,12.606487784488895,12.610107033890914,12.609868181110118,12.589093244000452,12.661202468863644,12.627049446105957,12.57306853066043
1383,12.053042588403374,12.050789491378728,12.050697050049905,12.046297177191965,12.094111366333026,12.09871768951416,12.094875389675789
1384,12.005373607598095,12.015951812436573,12.014565434746077,12.0605677567901,12.008580099264368,12.013875961303711,11.998840266837993
1385,11.962169192679017,11.956511044718285,11.95602259841672,11.981180781663184,12.042153160331038,12.040192604064941,12.059139518757895
1386,12.368375315805093,12.368429605695257,12.368833700382863,12.359601599271354,12.370836236789192,12.377391815185547,12.383562818185014
1387,12.905116701328652,12.901643957237338,12.901975561820826,12.931114720080373,12.983485311758468,13.004117965698242,13.026622397871417
1388,12.169935587708004,12.178062733823033,12.17798284582289,12.112891625188514,12.206470640717766,12.176572799682617,12.180233608122693
1389,12.467570442864337,12.461234740832355,12.46358738623798,12.462740271737475,12.40845412646818,12.410150527954102,12.39543711010641
1390,11.807559710336989,11.783326690135207,11.786656107212794,12.017389824991946,11.798893682186371,11.799467086791992,11.803738742550575
1391,11.85842391822066,11.868038675998111,11.867151972133556,11.897081573572619,11.90051065341033,11.880925178527832,11.8894111384265
1392,12.232824232445676,12.232753776560367,12.233492569330148,12.2652031302403,12.126688604002776,12.17098617553711,12.172125027012862
1393,12.680123170334983,12.682787407286066,12.682195614525028,12.671347281177868,12.703457309267566,12.75174331665039,12.729535727591562
1394,11.888194714029689,11.899398769862755,11.898127536735668,12.061034162740656,11.936445626083232,11.90877628326416,11.90487997264036
1395,11.748788534342498,11.762943893317955,11.761916150167009,11.754370272345831,11.68180620243353,11.62148380279541,11.614882572655116
1396,11.704644325244507,11.704486176756301,11.70433548583623,11.623301351524866,11.659560102673774,11.72282600402832,11.698809678112308
1397,12.136213763895409,12.148633708105285,12.146654125159868,11.942056670117093,12.129780025341688,12.123852729797363,12.08823125385565
1398,12.056305479802543,12.052387621623023,12.053868385534726,12.072650583757838,11.995515796620463,12.016529083251953,12.04750343887427
1399,12.28473140029916,12.28637430213117,12.2865129031743,12.277539240685337,12.266842219931576,12.284967422485352,12.265093196479238
1400,11.87512587226649,11.888359299873207,11.88584556528582,11.960619717235277,11.890370181745674,11.86069107055664,11.850962212942944
1401,12.035321706467457,12.042414113246133,12.041675711703581,12.026058647739411,12.060833107392591,12.105438232421875,12.0914192300183
1402,12.120774570862162,12.129966263393943,12.1292924222528,12.136290519351633,12.1322254136449,12.106452941894531,12.119965322114643
1403,11.814722332878027,11.812942016241953,11.81392112921255,11.823693116633233,11.856140064770248,11.870833396911621,11.870503719243649
1404,12.376969143104565,12.370612983708941,12.371009947691118,12.412539714663136,12.405823440503605,12.385838508605957,12.383155031706714
1405,12.23305788392543,12.221955717295202,12.22365469892236,12.13476648433168,12.299926036327834,12.237737655639648,12.257178885247708
1406,12.464327581244506,12.468484281293977,12.468416148048448,12.447360424411443,12.414887753603072,12.452510833740234,12.473312662184705
1407,12.062136207480043,12.060356453124804,12.060225064895933,12.054515963448377,11.982434707705014,11.9738187789917,11.96144622556399
1408,12.275481444274098,12.271191935643687,12.27257212183661,12.204629423120886,12.219985620436912,12.214995384216309,12.236599519751648
1409,12.466091628843241,12.463797735590532,12.463429772123682,12.455535800094005,12.484472187357104,12.497856140136719,12.499655528979687
1410,12.379463466602353,12.383612254414784,12.382445050854471,12.440853090979862,12.346478768494313,12.348540306091309,12.34010358102477
1411,11.862373845622487,11.87503288161985,11.873831476486657,11.862392219552266,11.932089262710686,11.973282814025879,11.957961088009538
1412,12.336177722246006,12.333111611753477,12.333347015049311,12.298112711197529,12.295153855774805,12.291999816894531,12.298242878639465
1413,12.28017783735518,12.29400838687772,12.293241982825311,12.241763403674186,12.358009901769625,12.371541023254395,12.344572587850994
1414,12.306811200455824,12.32335158261658,12.323020797623194,12.291854303726982,12.32165235719057,12.345266342163086,12.303902133281305
1415,11.841916474487386,11.84340341169566,11.842742015978818,11.812433682727692,11.800820303705406,11.878973007202148,11.880134767737939
1416,11.749590939943992,11.749540260603165,11.74870770222312,11.839523933310678,11.900552728065716,11.83151912689209,11.835224356271562
1417,11.94881740166502,11.915511769399847,11.920465566662228,12.135994006955153,11.922486221739291,11.903910636901855,11.923871603724804
1418,12.14174247780515,12.146344267163737,12.146924229998241,12.154539256001435,12.16287245320477,12.09789752960205,12.151613583064997
1419,12.057120068276971,12.061310837997814,12.059868586822017,11.94887377571862,12.099695729110904,12.077250480651855,12.03172634399602
1420,12.773025820736839,12.765746756558617,12.766781459622209,12.792698274974967,12.80581476681196,12.775041580200195,12.783369505648672
1421,12.430896589289382,12.43205573876814,12.431960080330382,12.436339763378264,12.44384511014372,12.406961441040039,12.406131592470166
1422,12.375977323840068,12.363287738289591,12.366602979232002,12.153981598993516,12.343369983498777,12.343343734741211,12.296016604171529
1423,11.988647155760091,11.983387738608608,11.98425521372886,12.067740624825884,11.994344502767385,12.001167297363281,11.986531916473465
1424,12.257408490122456,12.248007313582645,12.249461465498912,12.252714705957317,12.242697890119864,12.225224494934082,12.200768358638369
1425,12.048850088631598,12.041089081084557,12.043659798959089,12.045113315202943,12.012150700695727,12.081499099731445,12.039956655345181
1426,11.758291924490623,11.764698256979653,11.763010472119708,11.794209554331138,11.85394885855866,11.898423194885254,11.914039242134171
1427,12.791099308314296,12.802010075353705,12.803684432838207,12.800293214371772,12.764244833838431,12.844924926757812,12.735921964069492
1428,12.504378098859634,12.49798031707948,12.498737011749258,12.48033020886826,12.39543535991744,12.438790321350098,12.427742546716363
1429,11.812937506010377,11.815852934636599,11.814318729627903,11.816219695059278,11.855685708632619,11.865689277648926,11.902746327592446
1430,11.912288913418942,11.905316619019178,11.905867478900284,11.956475565215364,11.92948511116712,11.955887794494629,11.92289816466747
1431,12.319188089181168,12.316383529293379,12.316593777610876,12.14841107181746,12.165046417710192,12.216578483581543,12.223227930567937
1432,12.023844672622333,12.020380918033505,12.020824299267069,12.100146697660845,12.068773517864315,12.072381019592285,12.104596075064345
1433,11.794232659625514,11.790747168840959,11.790576799590411,11.790869033676632,11.790890890852268,11.797784805297852,11.780900071373557
1434,11.425849771918275,11.454997902321596,11.44954305478371,11.454569250995693,11.545284287476992,11.627982139587402,11.633996178863486
1435,11.460581904467729,11.449855771100408,11.448594914478143,12.118721597117698,11.499102371895795,11.410422325134277,11.395174394106443
1436,12.321363461426524,12.320419466800002,12.320075936186454,12.31183199493924,12.298184694835356,12.298418045043945,12.28554229237368
1437,12.791888735283631,12.784042157604054,12.784384928408338,12.81485273155255,12.839997210824507,12.85977840423584,12.867103502798967
1438,12.393875685956662,12.394423005347,12.394465067247271,12.379720958236776,12.360405571548325,12.327528953552246,12.308578403789134
1439,12.188114723156863,12.192513504937372,12.1916852048276,12.22480211368418,12.1411202287687,12.171725273132324,12.16818433761478
1440,11.881121838414945,11.877624415630981,11.877018566417457,11.89859097737655,11.991848996894976,11.992831230163574,11.976458920794169
1441,12.335209997116621,12.326736050351082,12.327104201189567,12.319926872286342,12.276124595186495,12.266858100891113,12.256803305020343
1442,12.206368085363332,12.202291970716217,12.202992450131612,12.281978274765466,12.24804700612675,12.224989891052246,12.234514419727592
1443,12.27086245056458,12.28098803744428,12.27945202047025,12.307594231790322,12.16031659009569,12.197006225585938,12.186916193734055
1444,12.477925455942383,12.484611793217834,12.484985495072745,12.476938408202418,12.498932792635928,12.483979225158691,12.477897642889882
1445,12.649546550945125,12.635928528047613,12.637689128048804,12.676021085833392,12.724180706832145,12.782113075256348,12.789256954349254
1446,12.27162129850929,12.276136900260726,12.276013343803756,12.293045743713702,12.365528039343994,12.307642936706543,12.36679048918816
1447,12.09509833565298,12.101972667312051,12.101142372453634,12.095841021491474,12.103762579565778,12.12755298614502,12.124960289194878
1448,11.813174618564215,11.80968707804413,11.809446721881965,11.817928564920429,11.980979157878737,12.007966041564941,12.024489123558688
1449,13.73796430056161,13.736596858753938,13.73022301749119,13.612840835303427,13.341654784657571,13.156999588012695,13.166676767164908
1450,12.18441244367722,12.169293056859862,12.171216348525203,12.184098680946189,12.118142219453176,12.143671035766602,12.139940276929579
1451,12.101752608553708,12.087446026853812,12.087962417353367,12.100442871724445,12.137242135136802,12.109447479248047,12.108362110090914
1452,12.519979715712156,12.517533439669789,12.51908147765633,12.492734711205813,12.451200872934129,12.446514129638672,12.47941884318974
1453,11.930985393026688,11.938944855667543,11.938040782242735,12.35056083570711,12.010200208733133,12.005983352661133,12.003694986599857
1454,11.71752180522296,11.702650545157926,11.704127318613068,11.710504941488708,11.672650310670326,11.671016693115234,11.62868199351582
1455,11.871556327462454,11.873097106166876,11.872283783383024,11.914159239478323,11.952772896103967,11.857824325561523,11.883707421155739
1456,12.226436080742522,12.22173595182817,12.221529719483499,12.198506618375351,12.222088148540324,12.231471061706543,12.212309416220767
1457,11.80495915066739,11.81619949055277,11.814516349183824,12.039772867609315,11.85298016756377,11.858662605285645,11.846151639235803
1458,12.365369960680722,12.369633381721243,12.367931237069252,12.31451636619962,12.30248909533689,12.388291358947754,12.341694958011088
1459,12.336432819987134,12.328054439878699,12.327628287541907,12.327085608637615,12.372334920433524,12.320237159729004,12.367600654859686
1460,12.058798560387261,12.061355911400822,12.061302511688636,12.036002537368933,12.094052332232923,12.099964141845703,12.112112022022918
1461,12.1212317706335,12.104893872890743,12.106984624655379,11.580828481785305,12.097493327489513,12.078078269958496,12.08052846981675
1462,11.923797247185465,11.914121921513084,11.913575650394892,11.958204757590856,11.924940979998182,11.949490547180176,11.924241882426191
1463,12.09253754363318,12.075892397436755,12.078355734765195,11.916774909444896,12.087638421152125,12.043205261230469,12.080585350795571
1464,12.280557531977982,12.29468417638377,12.293989056346513,12.307250683251215,12.226723536528967,12.249247550964355,12.232272270888892
1465,12.401814276054223,12.400290076307634,12.400794429838115,12.413552062877324,12.3262189670359,12.33649730682373,12.3422901875787
