Id,ridge,lasso,elasticnet,svr,gbr,xgboost,lightgbm
1,11.907787446989751,11.909365422887731,11.909178125434027,12.004503150561657,11.96769740663271,12.018638610839844,12.012420512209305
2,12.072154982249765,12.065598844614188,12.065927909015892,12.081251806069206,12.007811545140868,11.99461555480957,11.983889326600622
3,11.79019792340174,11.78549313255546,11.785722893884882,12.100165582315455,11.787257071656173,11.758138656616211,11.781793221904941
4,11.884530613194112,11.884939370199133,11.884361809311974,11.928356548991399,11.945514626493438,11.934614181518555,11.922543856596175
5,11.949299452780005,11.964268647795087,11.962092612030824,11.9261317382518,11.858661994361206,11.833043098449707,11.82994616531946
6,12.328984413432266,12.33756735503996,12.337455997398546,12.347277105699924,12.370327604275047,12.312623023986816,12.312581190586053
7,12.211623151598973,12.212622751004394,12.211767370005266,12.081445015660451,12.15694204087605,12.149938583374023,12.183815467119828
8,11.90287057715886,11.911821884784773,11.911656870113628,11.915266724652389,11.952359801928536,11.949508666992188,11.935971812785306
9,12.027155458610501,12.03552644941029,12.034013091696254,12.054054885250064,12.064674518904138,12.044099807739258,12.047406390444783
10,11.96753047642776,11.97334144675526,11.973075208051664,11.991990746380774,12.14296092214423,12.050651550292969,12.027624056626083
11,12.04358696835617,12.065896537367808,12.061666039036401,12.02254651373655,12.029663676772127,11.940560340881348,11.995243591628666
12,12.10683352862333,12.095049168371368,12.096151254011287,12.844827218782333,12.147241413622718,12.127215385437012,12.089141721704701
13,11.868041098252897,11.888902425684682,11.886500557083966,11.957726834904467,11.941342113567478,11.892694473266602,11.836438473532256
14,11.95869021563922,11.955583808368823,11.955390350793216,11.9809621557571,11.994899957350862,11.995122909545898,12.018026652685215
15,11.772787671533692,11.777890990951468,11.777510208473636,12.034244675803402,11.808285382680683,11.780049324035645,11.760392566592094
16,12.24030547656781,12.23649746380374,12.237845631536636,12.199697113789771,12.191799289299968,12.192737579345703,12.198644742238006
17,12.149850705662578,12.156644646689738,12.154187367147056,12.105306925696622,12.125722622473901,12.079872131347656,12.084686338984145
18,12.09650788364046,12.092805225195391,12.094884944441004,12.108149768253325,12.061734750063614,12.039603233337402,12.051133726952362
19,12.26525165638396,12.278460484338677,12.276733517285752,12.236873271951886,12.276726688496526,12.26071834564209,12.280706405085233
20,12.638008707890773,12.633927062795456,12.63428845875677,11.957759317793133,12.645587954105078,12.650420188903809,12.633051810218616
21,12.208309657489234,12.20525175836601,12.204985279825754,12.253269686651445,12.161566443204267,12.186731338500977,12.164500287492375
22,12.106669885861992,12.113104817370955,12.113373406066795,12.308106172979771,12.146903227202708,12.13077163696289,12.152035162488174
23,12.219273661708934,12.211443293884281,12.211673772435098,12.103604525762732,12.234263323740416,12.191364288330078,12.172473842577194
24,12.471169265724443,12.46973692369908,12.469714772156113,12.480710674738997,12.478729838456134,12.513391494750977,12.479408757197922
25,12.334837195032312,12.352769696002168,12.35152624149829,12.074759152008278,12.31174761461206,12.295259475708008,12.251401984700168
26,12.116000792461131,12.126839591260461,12.126515465237711,12.112188373048562,12.022985046922594,11.988221168518066,12.01676736914109
27,12.101649044781563,12.112975286890409,12.110084994285707,12.175900518553618,12.136784227396532,12.22037124633789,12.117631731337264
28,12.61371884376902,12.608845665575664,12.608943841532556,12.591321680753609,12.688251462427827,12.612992286682129,12.580374372829562
29,12.717960121728872,12.706510442341168,12.708601904602395,12.746547566669626,12.571130839334188,12.545137405395508,12.517982893868885
30,12.676761726458805,12.678826978148077,12.679193171757664,12.627141119320036,12.571340575512634,12.564085960388184,12.56278172405983
31,11.979826512975302,12.03076852438845,12.029351219160185,11.977416726364115,11.943255070511361,11.947225570678711,12.005255041097445
32,12.653912938570436,12.666404690498348,12.66550039045708,12.66469436189027,12.595342518336652,12.590593338012695,12.66073859566921
33,12.881257865925733,12.890118248222795,12.8900440013618,12.90860203704967,13.028558392476917,12.992168426513672,13.031541252723025
34,12.148149607396842,12.152655426793702,12.15193571463321,12.089249825983453,12.041510549073706,12.226875305175781,12.258898921402471
35,12.37668896601325,12.384631344551151,12.384153154873559,12.402068297253534,12.36179975113513,12.436129570007324,12.422110711503063
36,12.136156129632466,12.137497337646284,12.137659004095326,12.309236810987539,12.13842811505705,12.16513442993164,12.151580719469381
37,12.148110304798587,12.175324113529715,12.177619975337192,12.147363703627072,12.096220230044954,12.13980770111084,12.162003266686542
38,12.907047008512196,12.905935116181515,12.906373263874046,12.912559693260665,13.009930049720362,12.994194984436035,13.03706318635094
39,12.476879675377543,12.4859870703325,12.485047058150522,12.461541189961304,12.505502144120499,12.520208358764648,12.50355501835301
40,12.18617415307393,12.180601343508023,12.180779857302477,12.120901578162226,12.238557819340805,12.273639678955078,12.251336455191758
41,12.083640480330342,12.09310959368072,12.090574541261153,12.083898206965483,12.124105948399773,12.113953590393066,12.097816338197566
42,12.062295989995786,12.06539115572124,12.062488139904623,12.25641725165695,12.089285236883299,12.009942054748535,12.09096235208136
43,11.959567946641808,11.943569632022719,11.943999654835016,12.072088882218432,11.978004588822637,11.968271255493164,11.976515764767374
44,12.11070785335609,12.117166923826643,12.117826463240744,12.12857671537206,12.127845008375962,12.158556938171387,12.176859586578484
45,12.391696253226717,12.390527446441276,12.390186346146008,12.385377825935901,12.43175294388578,12.44125747680664,12.413345551606522
46,12.763184040442258,12.760422550735075,12.761474679873585,12.779232305901456,12.573205005429859,12.644949913024902,12.720420487398455
47,11.852671052348352,11.861065244151074,11.859275126828543,11.826859119389631,11.771090542262021,11.719379425048828,11.751611136152029
48,11.984579234823782,11.978282121112418,11.979008674967753,11.982670980548665,11.953886413318841,11.88559341430664,11.900172588857606
49,12.008134709811946,12.011903185109768,12.010943427834139,11.915919780857289,12.031329063473631,12.04317569732666,12.039411884605434
50,12.169658298120718,12.178671820965677,12.178133292796584,12.052387838688922,12.078565313882583,12.152449607849121,12.18450338782521
51,12.947626741843388,12.940648019832965,12.941586598730407,12.943262978862684,12.97639734587054,12.933013916015625,12.897073590204693
52,12.344336709572909,12.336151115541067,12.337102404350757,12.370129916848194,12.293087171440872,12.32565689086914,12.283184315190917
53,11.513391520313402,11.50514649909851,11.50686978510376,11.514475614089017,11.576574139718067,11.609600067138672,11.6075682795946
54,12.008073106102563,11.990151707062338,11.98950290980627,12.09851095479499,12.008635645618945,12.041396141052246,12.055089394970539
55,12.084076147979259,12.101689902757178,12.099632995025575,12.059361637700178,12.150449632358534,12.161361694335938,12.138427720015176
56,12.2381051108058,12.23448316543091,12.234729072117384,12.059802845539929,12.23120773628303,12.225619316101074,12.203968743999692
57,12.25274909360272,12.248050906309377,12.248619868734938,12.252837946199781,12.230770185618857,12.242632865905762,12.273132376222572
58,12.503047555959991,12.497063661078311,12.497113212046289,12.50314907621586,12.496929826223088,12.490479469299316,12.530023890042308
59,12.137795523104687,12.148096179597703,12.147858363947755,12.361175267847257,12.176683901615501,12.145885467529297,12.164335256287877
60,12.145427145937084,12.138047158811265,12.139065043015874,12.153443026766674,12.252263579656857,12.248795509338379,12.26029724290638
61,12.088286343420355,12.099654471435283,12.098291857181502,12.048307601622268,11.97467558010147,12.037971496582031,12.023254154707644
62,11.627018816116275,11.654050106023087,11.65142951309786,11.678614377075327,11.693983028598716,11.659195899963379,11.670737252908205
63,12.78286548873104,12.777560419865708,12.777659362477149,12.780029200234603,12.861795645898418,12.878010749816895,12.905823062137186
64,11.953928313459846,11.95370289542058,11.9536351880843,12.000622807833643,12.051598879505459,12.005441665649414,12.007925674636995
65,12.269760661982765,12.287498095613174,12.286119570306832,12.149077617795898,12.301048737521846,12.278776168823242,12.284792245620224
66,12.042969978101969,12.038571959573835,12.039128581142968,12.02654691153955,12.039063547606549,12.01606559753418,11.954515307042382
67,12.777665169977263,12.782936617058722,12.782603687915374,12.39070833245024,12.689486365139999,12.748455047607422,12.71046676658676
68,11.915404512300764,11.921202825562808,11.920630519349372,11.934443462073094,11.9958423837706,11.96811580657959,12.021820880417538
69,12.075328069534718,12.090419674405199,12.089207396294155,12.094625982537991,12.064163827131884,12.071028709411621,12.091468247108066
70,12.206425476388162,12.186119061104469,12.18782045095694,12.161501394016353,12.214079177404738,12.203560829162598,12.190015765099886
71,12.857618244326206,12.848272076567746,12.849903391216806,12.843430668963698,12.86669577353499,12.858711242675781,12.829622871869653
72,12.2765869566254,12.284425779014512,12.284203813819406,12.253433238702847,12.253568033146124,12.24271011352539,12.231619541310813
73,12.459276517828943,12.458251769124184,12.45859911216414,12.105188337261202,12.518665637539264,12.493292808532715,12.55720298787498
74,12.577120369307515,12.560417330778543,12.562885370748738,12.074759152008278,12.538415341996267,12.515914916992188,12.560925427794889
75,12.401435180940982,12.404587104776137,12.404058953140577,12.386015794983809,12.417388054469017,12.439019203186035,12.424593352451641
76,11.896943250019898,11.91470340659809,11.913794283199508,11.926005585500459,11.886843633080971,11.820865631103516,11.865053405737362
77,11.793248822187552,11.793646168515906,11.794324207923562,11.76928482125657,11.700497889343835,11.723272323608398,11.705752617323865
78,12.347078167719488,12.352585675949637,12.352460157058486,12.312847919539783,12.313455980226934,12.33074951171875,12.32723854364801
79,11.94579141597823,11.958458047434682,11.957475162167976,11.98191878104764,11.896590735898421,11.957086563110352,11.94220151338514
80,12.030252381883997,12.027416044661525,12.02727107988787,12.006903591591925,12.007745462793084,11.99535846710205,12.10279275671299
81,12.646519994510475,12.632186496375308,12.633335700223887,12.668963914083317,12.666891461094828,12.648914337158203,12.64416709518943
82,12.344062808478146,12.35313228408447,12.35249517643165,12.34194120795198,12.36194397869052,12.351452827453613,12.345013156340666
83,12.19705925165836,12.215494929143613,12.214599285843315,12.28259766779936,12.40313375724919,12.330986976623535,12.39082795095058
84,12.020370623084341,12.031121835923793,12.028559321411885,12.167021067790063,11.957578281596945,12.093894004821777,12.080477393990236
85,12.258627200483968,12.249735478976929,12.25001337628579,12.246077793113157,12.195289229535481,12.202376365661621,12.211985735854217
86,11.619271550033579,11.62251659644475,11.62296703271749,11.579408058816396,11.492480583301914,11.563376426696777,11.524142495196058
87,12.309267020968695,12.305640663919718,12.3057233983396,12.266868199164566,12.292674847252524,12.320834159851074,12.33490960158113
88,11.714615267266975,11.718206922907944,11.718345582907121,11.721927343139031,11.767953810190445,11.770050048828125,11.747724055805282
89,11.786459179745824,11.757186067950048,11.761115012037228,11.915686936886736,11.825387601662408,11.822992324829102,11.79699229131865
90,11.901781866317428,11.901452104510513,11.901677118043269,12.005291213842627,11.911312141351116,11.921360969543457,11.958290526554519
91,12.45110916251719,12.453456365093281,12.453449082632757,12.443550422613294,12.45450502827519,12.51312255859375,12.468144896375753
92,12.139375368628873,12.146435651812384,12.146564796719776,12.155261296473782,12.120508673151813,12.1138277053833,12.125829395276556
93,12.45140339471915,12.44460128373235,12.445442489489015,12.388738138059377,12.384190291291532,12.376916885375977,12.379247061130966
94,12.421787454616924,12.42547510435541,12.42620561943772,12.465427084486192,12.610311846145972,12.519015312194824,12.604137716907243
95,12.329804498038929,12.330252496118133,12.33023705412664,12.328700444486424,12.333147996749007,12.325963020324707,12.27942803368214
96,12.140990507641517,12.129219702896009,12.130119606199646,12.154484235020737,12.07580360184932,12.073145866394043,12.13259022068229
97,12.462404937916624,12.455085746267736,12.455883941155983,12.424994339106465,12.43768077319158,12.447266578674316,12.424508595823042
98,12.74666269555635,12.731040950149117,12.732299010914614,12.81741699767677,12.672529947849357,12.503277778625488,12.58162034299521
99,12.311371702946214,12.310601084919728,12.31118626780447,12.315864580845929,12.284387395805634,12.286480903625488,12.281496985194195
100,12.624446469997508,12.635243013391852,12.634473657670455,12.620729876274662,12.567796179110603,12.562210083007812,12.521741092046682
101,11.947349487924038,11.937230762362809,11.937373431052926,12.428690092607203,11.997585249422606,12.003565788269043,12.031874030281834
102,12.181927860036085,12.184946820323576,12.18466666516734,12.164513763156052,12.169230844221262,12.193870544433594,12.16288646205848
103,11.914424261957452,11.90221429230958,11.902810126111044,11.882151819116455,11.830913877684841,11.847837448120117,11.814440894175764
104,12.019934652015959,12.030281115840866,12.029798731167874,12.044949756430775,12.036278155184243,12.024643898010254,12.029343112806243
105,12.487494735608765,12.482391165635407,12.482271541572867,12.504458577868586,12.434425836973455,12.251936912536621,12.246816207107816
106,12.195566953346853,12.177260189106564,12.179637145132569,11.896745217378074,12.183865796863703,12.163165092468262,12.177744344788856
107,12.419792062289458,12.4062017583614,12.407577307622102,12.42397098514474,12.461211251655241,12.444806098937988,12.452391843851093
108,11.768598863237708,11.775159355933134,11.774361786717401,11.75601033749675,11.84942167398535,11.787644386291504,11.789309344572477
109,11.86707157000006,11.857068915298216,11.857464975728496,11.884269039234908,11.862729482848662,11.855429649353027,11.871155122252983
110,12.3530376829253,12.357439486821574,12.3570430856126,12.406397944693605,12.377435102181453,12.311142921447754,12.309205357406958
111,12.79958684028899,12.790025086977902,12.79068930242494,12.807714742813841,12.911599093082671,12.917675018310547,12.916770092230742
112,13.014211034642685,13.013118092901198,13.013666154192784,13.036055282285943,13.036335355302509,13.08407974243164,13.095538794679097
113,12.308429207499838,12.308483402262942,12.309344686387007,12.364483421748329,12.258629642966339,12.280588150024414,12.249859056350346
114,12.400617017417773,12.400070303044059,12.400061981477837,12.412305396030359,12.418827930358043,12.401531219482422,12.433243643657972
115,12.085456368310394,12.10349257217621,12.100821661721234,12.074759150954026,12.105770585583718,12.075183868408203,12.117433296831464
116,11.70307089573987,11.696512804515416,11.698034356195025,11.685429389422644,11.643610155099088,11.64786434173584,11.663949303600452
117,12.089979024442663,12.084783121396715,12.085536149509853,12.089154589628803,12.025056072753767,12.04301929473877,12.047168864485895
118,12.583406028279375,12.568035586208232,12.570250564293437,12.096171270216045,12.463287201163256,12.465812683105469,12.45051490988181
119,11.534385808237218,11.530687986968063,11.53157699113542,11.4423003663816,11.420220294480353,11.400552749633789,11.408479887978812
120,12.5019012322716,12.495715874124448,12.49758068312428,12.517616690103921,12.49255617024092,12.500077247619629,12.471274500205244
121,12.529130915403776,12.52588104923442,12.527632909581342,12.454733377630344,12.355603936344878,12.443188667297363,12.431388482628458
122,11.47296284552752,11.50130114393681,11.493902077024195,11.612351708954552,11.53514775842814,11.535460472106934,11.590802823591332
123,12.275023662328,12.269035428787694,12.269280998380175,12.301697489709625,12.234998822239747,12.24083423614502,12.233781468513465
124,11.659457563859757,11.635591751270896,11.639575866016306,11.46462835169591,11.671381125847063,11.689620018005371,11.758894741781063
125,11.757860041102553,11.760197152428983,11.758564960275036,11.847659134181908,11.974504284686146,11.879273414611816,11.784099338663513
126,12.91644111043661,12.917178374798318,12.917015024411326,13.094609661560192,13.038590416450779,12.988025665283203,12.980377744929363
127,11.766615223990176,11.765775947910974,11.765025645182753,11.804997588379761,11.770674690995186,11.725929260253906,11.737080921626434
128,12.337095734598035,12.327527134321926,12.329257054201527,12.34941462996159,12.365530373159745,12.33749008178711,12.378774076237704
129,12.352349704393818,12.331746327878054,12.335089097270505,12.34888204148208,12.337824667501417,12.382380485534668,12.352387354262136
130,12.345846250071997,12.378509223638188,12.376653062323452,12.391073633267423,12.333675539816724,12.391742706298828,12.390791208304536
131,11.961604188679495,11.962336672795612,11.962214375928166,11.963133421504141,11.99014278497458,11.980666160583496,12.001012867434664
132,11.842754190996864,11.837535867024906,11.83763394847545,11.82917458813974,11.824798739068099,11.822595596313477,11.789753365209405
133,12.760982788041842,12.757780372392105,12.758686622417684,12.760936111453276,12.720669978410715,12.715577125549316,12.729921386199146
134,12.27982631808949,12.275709388503458,12.27584835282817,12.278570360517758,12.274060282390154,12.260099411010742,12.239591344057919
135,11.954092469576567,11.960058757828133,11.96001792879542,12.033422247917041,12.044661625682208,12.06624698638916,12.027313452893045
136,12.16522320867499,12.1657885594649,12.166193900426505,12.196505096326058,12.084125030035288,12.088053703308105,12.035895046600409
137,11.5264330008829,11.531293819051651,11.530268518882785,11.57779680016147,11.475467620467859,11.547162055969238,11.553737051626051
138,12.047355149313479,12.056073689922721,12.05494953015411,12.034340080857337,12.063724735103234,12.058103561401367,12.056672198487648
139,12.166954745270514,12.17347864615098,12.17358849118665,12.096673537499766,12.109407538472762,12.111865997314453,12.118050923957668
140,11.91663283483098,11.91249910961203,11.911945751538731,12.083254787081009,12.029261235030221,11.998353004455566,11.946763155955377
141,12.437778035198201,12.437558227297558,12.438180466299759,12.109261725534175,12.432644224857317,12.416481971740723,12.404257136809822
142,11.561919805734247,11.56512150124608,11.56549212118219,11.451289211778404,11.418266426528998,11.467198371887207,11.49794271687037
143,13.132823617899328,13.137278328439464,13.13714089218123,13.121182085719175,13.118768294010005,13.125469207763672,13.138531918915069
144,11.757857262592022,11.746395975902415,11.748216992613525,11.861596392142593,11.770939089370374,11.774396896362305,11.748983688781133
145,12.183692319983265,12.179981693758137,12.179986484100134,12.089478764476775,12.187022663070717,12.170601844787598,12.196940884719792
146,12.388973133101615,12.391759545912786,12.391510715473249,11.917696206583816,12.368689800717975,12.396299362182617,12.357221598643108
147,11.50980124816119,11.477756293418285,11.477712126687639,11.50289546203939,11.493342067259555,11.454931259155273,11.553348612908323
148,12.498929080176914,12.510981076932985,12.51042412868491,12.377915621001042,12.528108569519414,12.467296600341797,12.468201980309711
149,12.510532001671365,12.504821138716473,12.504877193359114,12.510738616314102,12.53272857117518,12.547693252563477,12.495699148177648
150,12.257588150275357,12.251986293829328,12.252137158997437,12.223792424628632,12.254705221500238,12.228204727172852,12.236705682322453
151,11.820672759478317,11.81370720433459,11.814028493958636,11.940315873942348,11.897835652402623,11.86328125,11.899879423975614
152,12.091328560849284,12.081602948177641,12.0816646167429,12.07320243080596,12.162754320975722,12.124693870544434,12.142216807352428
153,12.5004434587342,12.5045581459943,12.503834922117747,12.49984013572312,12.512893674040017,12.553465843200684,12.56522790351877
154,11.852992332333486,11.856128849151927,11.855684331382978,11.877721040422072,11.829823521049937,11.831924438476562,11.760991892486349
155,12.865275695421769,12.853346206427643,12.855706685140365,12.84357055495414,12.942997522900137,12.938617706298828,12.909837839261534
156,11.994840429334987,11.99986769527863,11.998260559215852,11.988882220793641,12.042224133849048,12.026927947998047,12.042342997582947
157,12.658951397851737,12.666483378538016,12.666587636877201,12.6257288489046,12.684302167887063,12.739611625671387,12.742524418842205
158,12.57357177963817,12.57486418391992,12.574490239276464,12.563838142720183,12.628136094236908,12.603074073791504,12.630579205453921
159,12.678578689189386,12.669710061590887,12.670909691089475,12.698777128608231,12.61582880044124,12.579244613647461,12.630713010078923
160,12.41536147949283,12.4119737725438,12.41218614168566,12.416777028892968,12.382560584346368,12.323330879211426,12.329738869910155
161,11.670346734875384,11.647766795648417,11.648247010634893,11.596829392605194,11.648514388251932,11.711034774780273,11.606390829836345
162,12.770400185048898,12.77114058746484,12.771235108318903,12.76644204263632,12.781830690271866,12.716877937316895,12.704936622535078
163,11.705530072474575,11.700102688017568,11.699927849777138,11.712039422703363,11.66586610226545,11.663665771484375,11.646232091071699
164,12.596974612131566,12.60004444570083,12.599191891714181,12.56713490664076,12.627664031983063,12.614596366882324,12.617393105884368
165,11.961692781136803,11.968006564622359,11.967490239269715,11.96866323384635,12.01830499255521,12.080109596252441,12.073848108593028
166,11.506209818095972,11.490292592099447,11.490346208523134,11.879348706127756,11.417788062134173,11.499800682067871,11.53493676388727
167,12.317743185270812,12.313764605559822,12.313935180088642,12.320078080389836,12.29351739579613,12.292391777038574,12.305944931375352
168,11.881902070480072,11.853747790314047,11.85641603715457,12.296081735674662,11.860191223762435,11.84296703338623,11.869009938243096
169,12.013767033250051,12.02465082371604,12.023480757541174,12.0757707953947,11.969997887291042,11.995795249938965,11.987836774468414
170,12.206356974269735,12.200278477819188,12.200590987717534,12.271336129127485,12.17457128923976,12.20418930053711,12.214684195708452
171,11.662018850539406,11.657526639494424,11.657133621543563,11.903056049712776,11.605520443416387,11.594694137573242,11.595316524372082
172,13.051320190027887,13.05679963573474,13.056727544588874,13.02353853705464,13.047438674086772,13.055676460266113,13.05072541609482
173,12.367639355324552,12.374568546195503,12.374154586448356,12.121268338195398,12.400964990311797,12.474797248840332,12.520580116335177
174,11.981693481154124,12.001695013229588,12.00139802696115,11.893199514801273,11.93338048868944,11.986445426940918,11.947285415461709
175,12.572073173572099,12.573546023890067,12.573559736148749,12.730767145589693,12.567062580087027,12.541482925415039,12.50449523478492
176,12.601718307388195,12.60119624064301,12.60113850183364,12.595735028024759,12.602289856613341,12.627330780029297,12.569796924291492
177,11.920242611712412,11.932903899832613,11.931455205615555,12.134204204586263,11.921514398466586,11.937992095947266,11.881689871064905
178,12.413475661199804,12.411089948016734,12.411271255895182,12.409190557085541,12.325848349135185,12.395883560180664,12.374075525175787
179,11.72857146437488,11.741063209064789,11.740000085921542,11.644075990083138,11.690593015287575,11.71237564086914,11.698458405708964
180,12.207354049357818,12.19920841654795,12.200629211397349,12.241391285900772,12.17140263865597,12.197917938232422,12.152269010969421
181,12.827077019423761,12.82064589065098,12.82271282639935,12.68136609523144,12.769637540392,12.833240509033203,12.778634148446448
182,12.632808597314924,12.62104299312267,12.622978045180922,12.598615849091114,12.597044018598892,12.645401954650879,12.640766502844867
183,12.352152841279777,12.356213732966074,12.355558752338778,12.328250269467468,12.310755233139043,12.371901512145996,12.453818203658713
184,11.935268679742332,11.942734047093348,11.941520009513928,11.938817178296643,11.88480759149,11.91308307647705,11.866689187907909
185,12.007132961023444,12.007114152473669,12.007832536430238,11.952547267341854,11.989975989303453,12.03454875946045,11.985761871456493
186,12.162692450057024,12.141914218522189,12.142596363261625,12.173449682283493,12.13226631994671,12.111823081970215,12.109389176140414
187,12.20100847981619,12.188955438440185,12.190206817594929,12.072090265732156,12.265954529257536,12.21985912322998,12.199989571235255
188,12.62982577376185,12.62664362778185,12.627077143038301,12.612988774191113,12.664327565007323,12.659990310668945,12.64084523864958
189,12.201048934314892,12.196383662214156,12.197054613194044,12.056614700341676,12.144638885207188,12.147733688354492,12.192431817241767
190,12.590663924652102,12.590582959141399,12.590708645447513,12.59113991603475,12.583928507281803,12.585999488830566,12.566979251646808
191,12.17357901854981,12.184973315023894,12.18416118073848,12.099826621468711,12.017631036337171,12.098893165588379,12.089487275376078
192,11.66273505657855,11.65836940637907,11.659188316805903,11.625775994633269,11.698796825120688,11.645648956298828,11.640657591754747
193,11.917275582247592,11.914556904282534,11.913635813657562,11.839454353986234,11.940679763556167,11.920897483825684,11.90614367212653
194,11.710878667860921,11.705610902686848,11.705411944250399,11.660363148490859,11.69928529266709,11.680705070495605,11.69268027397016
195,12.583976417827614,12.573218713503982,12.574095196681634,12.564764465810235,12.606636190588402,12.544852256774902,12.50457362295036
196,11.802778285629493,11.802810220887263,11.802645080618877,11.998745747176509,11.863698514357061,11.806131362915039,11.791726932110858
197,12.506447065836541,12.484278943771365,12.48617600795822,12.477939688004419,12.503903577679727,12.383213996887207,12.455420783663284
198,11.730354344632698,11.738995868276788,11.738067086993334,11.754910851000684,11.812583505169206,11.733336448669434,11.753423107438422
199,13.147116657608017,13.130667766605313,13.132276620485612,13.150096488289343,13.143995987621865,13.1490478515625,13.10315140778223
200,12.148225245577374,12.148051829269217,12.148429138761921,12.186305700074948,12.245095290287606,12.223433494567871,12.200491420686275
201,12.042782215739512,12.07220887977774,12.069226064407806,12.10219831328935,12.102488689962712,12.0639066696167,12.135562303767118
202,12.100807247142217,12.113913240650367,12.112999415245568,12.150146717592783,12.117848584507719,12.099186897277832,12.04173371768513
203,11.543118531248776,11.52490021889863,11.52533299849225,11.33643576283278,11.310792879042324,11.398172378540039,11.444765332492908
204,12.9194599124602,12.916752208757805,12.918074102490294,13.030361011828367,12.850069040815276,12.790356636047363,12.867054316555278
205,12.803112005197224,12.795077915190781,12.796237175569813,12.864570962555234,12.81596925436059,12.803966522216797,12.815916428031949
206,12.999673793828762,12.999488603329205,13.000431760920785,12.968832252387314,13.005584422067418,13.024706840515137,13.039561433239397
207,12.14015171405406,12.138004272180408,12.137425992139265,12.122327642022338,12.136300250985546,12.123810768127441,12.154270997051968
208,12.536336396732338,12.52109430986941,12.52089759554932,12.697698837036716,12.53053932518296,12.435349464416504,12.466171551966115
209,11.592244487923477,11.581411297398763,11.581584685175173,12.074816727761089,11.60544089381702,11.638175010681152,11.569684194685866
210,12.47603720143179,12.467288968379153,12.467577063708312,12.500089756982096,12.614983442218886,12.58303451538086,12.644429620031959
211,12.158727029245455,12.158294363946135,12.15787331048579,12.274905122541208,12.0881245431532,12.095039367675781,12.088984472564718
212,12.647893251434086,12.64060986263345,12.641345193657909,12.668120617509793,12.736522447384184,12.705232620239258,12.731971277653225
213,11.898733395373673,11.895783806688021,11.895952057489207,11.884719024960884,11.903950462570592,11.892515182495117,11.889850660138977
214,11.658096525142643,11.675425231763855,11.67531265238703,11.597127586572713,11.661050038479525,11.720614433288574,11.74790257470171
215,11.80552088213906,11.7979607373651,11.798762496354886,11.732850527273353,11.90377314300157,11.875569343566895,11.859527816006189
216,11.873491099428072,11.875564130155796,11.874983840324298,12.100475558087789,11.929322906369386,11.937423706054688,11.920312165488692
217,11.791639265779061,11.801299832898005,11.79958348293422,11.801640859032151,11.886142528025053,11.870893478393555,11.79142472044421
218,11.854507764504723,11.856865983794421,11.85540258815733,11.846476468095318,11.897969302563856,11.860675811767578,11.843602780885504
219,12.492195426968774,12.501079884195125,12.499989639501253,12.476189055053505,12.538647063805229,12.490697860717773,12.50814832246895
220,12.021818651210227,12.018088346667854,12.018526029016614,12.021060807818984,11.978741482324576,11.927249908447266,11.93680136224821
221,12.788028323325,12.770539116036943,12.77167044789323,12.505818457190454,12.813981534131191,12.787593841552734,12.810246770965314
222,12.071978215092589,12.082988883411149,12.081309714022764,12.067881371778558,12.039255008839366,12.109588623046875,12.104120034622905
223,12.240380987372248,12.240262865848974,12.239961013651806,12.267378467609204,12.258428289348128,12.2664213180542,12.249415594517433
224,12.172607449831425,12.172545301632674,12.172639939051749,12.179057601389529,12.09496457804048,12.089771270751953,12.137603799171996
225,12.555177381577758,12.567456899712253,12.566862018148504,12.541900178363269,12.511707745927286,12.569028854370117,12.55837522640597
226,12.887960498552353,12.894309157144775,12.895637687879594,12.93788619855314,12.912312404793752,12.881765365600586,12.917229024445247
227,12.72059889453656,12.721195347811513,12.721194258765543,12.674468823719419,12.815265933736635,12.788229942321777,12.764634219713423
228,13.355963621040734,13.36150386541707,13.362093280060751,13.323425250695024,13.211368057251036,13.174641609191895,13.162011488267241
229,12.242751583061109,12.239973764891495,12.240109922126452,12.299098846806327,12.279417229334493,12.262073516845703,12.260631794364658
230,11.996965643124616,11.99099793951964,11.991571546339005,12.204967069101974,12.00359739781529,11.989644050598145,12.015494035010459
231,12.076091233142416,12.087601834606577,12.084878751354337,12.057714352242332,12.163946591530086,12.072872161865234,12.100569744565474
232,12.340166684302318,12.329954462091411,12.329960115875735,12.332829724714491,12.318378934560085,12.345306396484375,12.327392019437836
233,12.249006608541327,12.248585141291727,12.248689676161076,12.26762090783503,12.257056301772352,12.255619049072266,12.29570821436344
234,11.96256688685544,11.96547871611102,11.963880399536256,12.065229324243802,12.00683923169015,12.02140998840332,12.0041942662147
235,11.833972981587525,11.853068728032282,11.851253898292534,11.832506192147713,11.79894815688641,11.777917861938477,11.70926906560203
236,12.21805585190946,12.23002354660675,12.229295713609412,12.025662336763306,12.246372417970044,12.249431610107422,12.227790664986099
237,12.227031139724968,12.209468260347203,12.210976766684057,12.209456028828718,12.235595685746079,12.209450721740723,12.209012961559596
238,12.744497811932174,12.750999031379317,12.751531891903376,12.72416363488451,12.692488624982664,12.70860767364502,12.788535328780698
239,12.39731243907082,12.394794106410005,12.39502373901518,12.383331480393657,12.34431591663059,12.357873916625977,12.33945134856165
240,11.901790609947922,11.914781032266811,11.913660531515198,11.897753787247535,11.944027079029004,11.938984870910645,11.942254306959102
241,11.951413666981425,11.94748444320767,11.946727148563838,12.084457908053585,11.945101901377468,11.893243789672852,11.886006865812037
242,12.127740880288247,12.123302414409432,12.123049510739687,12.197681811671302,12.101053317998558,12.123220443725586,12.091423830898515
243,12.468997401875232,12.473922232761213,12.473995119861014,12.449658830469517,12.436511459852575,12.471036911010742,12.459359800144563
244,12.617071026947121,12.605458131896613,12.606844181285911,12.643959406680569,12.721848373735718,12.702489852905273,12.667353015543666
245,13.010793241844759,13.009437203784623,13.010075333571173,13.040465077657156,13.069453612408248,13.012696266174316,13.015498321333766
246,11.874041316372928,11.878540421782436,11.876932122484693,11.879865246681678,11.917132344886166,11.92087173461914,11.88364914717421
247,12.255190018669522,12.219941653187758,12.221194128765045,12.21646118635002,12.260407929204383,12.337742805480957,12.23075680217427
248,12.182924117296077,12.16649029029558,12.168706160764803,12.114034759931567,12.142191923688591,12.138775825500488,12.137373569733509
249,12.281822422135933,12.280073986787523,12.281375391586378,11.945769505386874,12.231668188359054,12.25085163116455,12.268742251454247
250,12.911394792168862,12.912516375860497,12.912828445097222,12.90474568818134,12.78630063448806,12.815494537353516,12.851533483369995
251,12.851320192865447,12.849495138313747,12.84962119407211,12.827902779026962,12.838738512846016,12.86567497253418,12.831791323314809
252,12.30079258818578,12.302994984783528,12.302572220374238,12.410791124945696,12.278310528635954,12.271153450012207,12.27012192245755
253,13.134600327062797,13.128623226653078,13.130286868033275,13.095203680182633,13.13675490666283,13.103511810302734,13.041486891433143
254,12.05569005809279,12.049241636836577,12.049795644620813,12.061867170891508,12.042867337079246,12.086334228515625,12.087473381030701
255,12.108001777325972,12.107588677065285,12.107566743491885,12.151111048767902,12.166937973336825,12.16316032409668,12.130966376819297
256,12.349757212286447,12.342476031808493,12.342656313477958,12.371233686559945,12.429456482890286,12.447083473205566,12.39680487217852
257,11.787518388589973,11.809626913572886,11.806728008732227,11.795649684740045,11.924705681570158,11.887457847595215,11.90622275346691
258,12.476277945563604,12.47615131172088,12.475771368445628,12.477489965574096,12.646199268981631,12.58855152130127,12.559151730240295
259,12.391767228260466,12.391899270376813,12.391924730080746,12.380908288205744,12.414874888675012,12.3680419921875,12.400463680187405
260,12.276492638038102,12.276884168135595,12.278026433395873,12.251585709330094,12.2194732862981,12.228610038757324,12.236223808571161
261,11.946527547917444,11.9535672288248,11.95276241384676,11.960081642365008,12.063555376618108,12.011852264404297,11.928113031168042
262,12.321193175306835,12.321633192341206,12.32113772124498,12.31619212718822,12.286606929400138,12.323761940002441,12.301993702579734
263,11.772183610709256,11.764003298538826,11.764168846815846,11.821295085029424,11.854009931691534,11.832576751708984,11.86493890305508
264,12.45344748253061,12.44036648977871,12.44000856008879,12.476447339633452,12.400074271843257,12.454346656799316,12.456597218855128
265,12.05537519714256,12.05972543827473,12.059394898423772,12.083335578068262,12.201694829668414,12.20846939086914,12.194416090587481
266,12.051820877344042,12.038480350822553,12.039645632021971,12.060553142857689,12.106233610173014,12.086109161376953,12.082941701913496
267,12.592412886274994,12.59279433632256,12.593317653962107,12.575339730788656,12.528033089927609,12.53834056854248,12.619750567798054
268,12.140328468961277,12.147950476374689,12.147349281294469,12.15571148269938,12.158306804189245,12.15546989440918,12.15346032390177
269,11.848543645090782,11.883380411280235,11.878258988903239,11.868292110125143,11.82061709108095,11.970037460327148,11.917289942978952
270,11.93125268799755,11.925884624637582,11.92617187145077,12.086821174241596,11.83390021553472,11.793521881103516,11.794631253417688
271,13.00119365040991,13.003243651597476,13.003733167314866,12.991649571560492,12.996364992480254,13.066418647766113,13.01658932447595
272,11.80178802480303,11.800929093085292,11.80152049967915,11.879439241237407,11.687175646969441,11.713607788085938,11.67665412758783
273,11.466213898250313,11.46474602212318,11.46276663558261,11.438460186155645,11.432742869096963,11.429905891418457,11.495502380518493
274,12.476344641929082,12.470504740423237,12.471939985451801,12.214571135682046,12.350750258947913,12.427631378173828,12.447166028174633
275,12.096028083260784,12.104031004097275,12.10175821799366,12.032422992923447,12.02216345592578,12.062431335449219,12.071458743653695
276,11.866408902543004,11.872143831594792,11.871788083682441,11.845546680994843,11.757576801793093,11.771990776062012,11.76941927075514
277,11.888377502597962,11.88159840780817,11.883152397751708,11.917185007490474,11.916500637526896,11.875508308410645,11.866795236506832
278,12.672488764627461,12.676576040101894,12.67812688404508,12.693307064552418,12.585337421857027,12.627345085144043,12.637643504356308
279,11.611574928412292,11.609466071548711,11.609956478705671,11.611285379423379,11.571593060704537,11.541604995727539,11.526769678418347
280,12.26627731891987,12.267072257923994,12.267296632193517,12.279236458755822,12.290449138311239,12.222393989562988,12.198221865005468
281,11.825396168571954,11.836846764662969,11.836224584087379,11.682739360285193,11.825119538758083,11.844086647033691,11.807605060459547
282,11.70870121232175,11.702103626031864,11.702160253948314,12.174113516290038,11.960447743941776,11.844966888427734,11.78727364295875
283,12.464905833984709,12.466648066517893,12.467347277830074,12.476053330406321,12.494640946388923,12.521583557128906,12.51841336853947
284,12.457284430191716,12.45967265010009,12.459677062131766,12.42590782991356,12.456971180842755,12.42691421508789,12.427690379894418
285,12.177098497130139,12.171914818086425,12.172297022873185,12.230533544059089,12.224507089775647,12.20583724975586,12.217653298097604
286,12.062927619870646,12.072798652230718,12.072130869204841,12.155973766163603,12.159984404589927,12.120794296264648,12.128024372544662
287,12.681002101245022,12.69097534320544,12.69093350275859,12.730951506070864,12.6106377010254,12.778520584106445,12.75985717538216
288,12.032457711852993,12.048233197551486,12.04539265362185,12.20428044887616,12.100505527960243,12.07072639465332,12.048501677265252
289,11.707778728535077,11.714565750658194,11.713084423520167,11.69722017465915,11.670575354192648,11.676068305969238,11.688658870077534
290,12.28289370415174,12.282406546236908,12.28258263154517,12.001705202503048,12.218174119511866,12.238531112670898,12.250821191467718
291,11.940202004870013,11.93434396008432,11.935210700686886,11.958352851850474,12.014778541435843,11.980570793151855,12.001662935444264
292,12.011672927013787,12.007190568172046,12.007354294151655,12.051554623309185,12.04545070523488,12.053671836853027,12.050447301023874
293,11.83794877614368,11.8436428037831,11.842424458618689,11.907279081457993,11.837268592434846,11.862497329711914,11.806974795340501
294,11.814823860476123,11.818013495526992,11.816914965592487,11.860420224569248,11.853965797463216,11.91055679321289,11.828309996034413
295,13.060499067502167,13.060829544393487,13.061813500268347,12.268393187135791,13.109619212857016,13.10571002960205,13.130927203103356
296,11.884552213927424,11.869604874587893,11.87084194236612,11.943282136517425,11.964757687398452,11.918222427368164,11.960413557881195
297,12.241367497971993,12.267317339599385,12.263228302312275,12.131334890301828,12.156342371325772,12.24555778503418,12.253854179828588
298,12.339567803986883,12.338156104339472,12.338262705856678,12.323292641085601,12.275706021984002,12.328568458557129,12.316385911025678
299,11.952768252073566,11.957153415229852,11.956215566104868,11.947713541764518,11.957360762778311,12.01086139678955,11.974113306763146
300,12.023049359178827,12.023107580967134,12.02289156416584,11.98720193640095,11.989270484840942,11.993757247924805,12.01109233719065
301,12.32113121827158,12.313206960658468,12.313601494539935,12.245713052284948,12.209594364215608,12.222469329833984,12.229340833537305
302,12.188773428079648,12.155051791705274,12.163631886875738,12.09984003162256,12.258874593339975,12.216872215270996,12.241024372525033
303,12.690930927928978,12.669044703111659,12.671674832181699,12.678274884356343,12.804507830310486,12.758145332336426,12.735208742960866
304,12.274211710419898,12.27756505013964,12.277429483513028,12.265381451746986,12.328093093718797,12.276829719543457,12.250042550988521
305,12.039644531185226,12.034024509119533,12.03611214175087,12.165648402609541,12.00577801058015,12.002809524536133,11.992984864717434
306,11.888645034418712,11.896931664163445,11.89587958973109,11.920568585219112,11.921055619114167,11.921774864196777,11.935604740383102
307,12.255224455977565,12.250135250151828,12.250013701544324,12.196281234829874,12.223782860544876,12.223669052124023,12.218215437904329
308,12.12386498562364,12.121490875593416,12.12210092383654,12.142214537937921,12.140440463421527,12.14555549621582,12.116534573256136
309,11.98943195993594,11.997943195644275,11.996963826666212,12.02137516502827,12.079853780135492,12.013092994689941,12.006844028481398
310,12.040078858278225,12.067835956218321,12.065331188310914,12.156558674343469,11.972050080997805,12.0072660446167,12.003759237752835
311,11.579914807628809,11.597654527306268,11.59323784164196,11.713391182620436,11.709078459027989,11.687215805053711,11.579273020193245
312,12.147430974522587,12.14488145348851,12.1446186361176,12.178429663648215,12.070386053104823,12.094881057739258,12.096754813573765
313,12.421700077918503,12.427341681381922,12.427225625944786,12.393590441745808,12.428437462019478,12.443015098571777,12.444495954889135
314,12.175998089895979,12.173705181210991,12.17413504962325,12.194776420275073,12.194208471167663,12.16161060333252,12.154106933750798
315,12.14960317436184,12.149065657159355,12.149188132527785,12.199920216696363,12.209309037383427,12.192151069641113,12.20806691713619
316,12.692236960561587,12.706899704920213,12.705623370520826,12.68458143741152,12.705296704026848,12.813583374023438,12.822504327824385
317,11.801156472137926,11.789680460384165,11.790454539327541,12.067480130006803,11.747816142917069,11.757186889648438,11.74071967751349
318,11.786117274927502,11.79034014609362,11.788735028213937,12.027514109580592,11.845518527050496,11.830683708190918,11.83631231880319
319,12.116648801746539,12.106846638653675,12.108379968382218,12.178927271104472,12.297249492228357,12.211663246154785,12.191705923490344
320,12.60916485309434,12.608100244284987,12.60803701181409,12.634842450344209,12.582446799566052,12.536470413208008,12.570377546429462
321,11.583822113837757,11.592513862620308,11.59080844531487,11.601644069384449,11.487327554566741,11.546263694763184,11.560436684909702
322,12.093734608794705,12.08938910434751,12.089765802041097,12.024808458121164,12.081687762092159,12.100263595581055,12.139000880823659
323,12.007633594893226,12.029140700776901,12.027473155794038,12.076458885492293,12.08243214176705,11.9685697555542,12.024603436424504
324,12.451975493769705,12.468891346061008,12.467266828074845,12.172716089322968,12.294932294035881,12.349215507507324,12.360962667517864
325,11.627980289574865,11.661440789332016,11.659280622076047,11.49169980063957,11.63938849521234,11.634230613708496,11.604056071202592
326,12.374785601521097,12.370232536684938,12.371256187207981,12.34192167519415,12.37639008962265,12.373615264892578,12.372462535526077
327,12.658814016925703,12.66823504211027,12.668276223386215,12.397271670366509,12.641082136759717,12.670900344848633,12.65258118043104
328,11.909003089908511,11.907122332503363,11.90722786708369,11.873098219843044,12.000913863935628,12.003662109375,12.045702130909191
329,12.198203240024377,12.195681064373861,12.195484253324292,12.193746292485987,12.245492338388791,12.191459655761719,12.224204656496445
330,12.70624791433918,12.707167294140348,12.707221702279545,12.707186783620731,12.677805547149491,12.714768409729004,12.716881530393195
331,12.062158245885355,12.048273769810224,12.049719780823956,12.000531088181667,12.040585582664038,12.081243515014648,12.059143347817509
332,12.368893452714454,12.366540941652813,12.367333977098214,12.289431033767618,12.391249214664649,12.4563570022583,12.430309188502495
333,11.99723057996818,11.979772714395757,11.982065259725614,11.998916294912288,11.991476422861949,12.000409126281738,11.997008486271339
334,12.04493090379842,12.04753109550582,12.046953046652805,12.035135508738495,12.020755595209472,12.021282196044922,12.028177683540802
335,12.62853646036717,12.624009055981084,12.62423003543986,12.665522548623263,12.761648409858257,12.70415210723877,12.801808263141897
336,11.795821759979557,11.797992756083465,11.796526577896747,11.774450389271925,11.812552243719214,11.770363807678223,11.750174233142863
337,11.987203792830734,11.992265349926615,11.99111514115645,11.957896185457873,11.93253284801587,11.981249809265137,11.999846018981904
338,11.830615497689413,11.822402492061446,11.823399228040662,12.427491651323178,11.807959454689062,11.79781723022461,11.827838123427359
339,12.37242866144457,12.38067275821041,12.379548162070277,12.349681795072541,12.443600862238162,12.370889663696289,12.401404924638856
340,12.738157078127712,12.73617841981205,12.735512286250605,12.798912689872697,12.774120273916717,12.75935173034668,12.818048222685785
341,12.444026694459634,12.452368535445702,12.450702147782287,12.410826559301409,12.429282232552287,12.445120811462402,12.459415730274301
342,12.016100626964407,12.014746353035745,12.014657589318224,12.199587193797814,12.06377221009669,12.059211730957031,12.059997977721087
343,12.360534077371417,12.365455203560286,12.365369629194417,12.363109452021416,12.388887125121956,12.31350040435791,12.322630147489347
344,11.939402432312574,11.935573898058008,11.936086430704087,12.037805794821931,12.012983139873754,11.9754638671875,11.977400961609415
345,11.933010447520527,11.921533877322839,11.922547694853183,12.034208940950814,11.968167502729557,11.983180046081543,12.000448062378405
346,11.68447421815137,11.70124743472431,11.700055176482918,11.687760021965515,11.745696479694606,11.7141695022583,11.661619877120563
347,11.920830138477305,11.89147914916228,11.892106783309195,12.067473700440141,11.941292982114843,11.943486213684082,11.863218270814132
348,12.540276370815901,12.541311416439074,12.54123190073664,12.116445524427267,12.518959211996346,12.48022747039795,12.523811664538888
349,12.161469423066835,12.161438251839012,12.162496985932332,12.182579123264606,12.207397128193799,12.196585655212402,12.183514899872192
350,12.084997266727255,12.099022039989098,12.096710301730969,12.060976196967149,12.03129538365787,12.020955085754395,12.099092833455824
351,11.73179398732638,11.726643425447552,11.723830824488257,11.939828459098578,11.791410551626228,11.703084945678711,11.785165147308366
352,12.54472309376317,12.541316575701444,12.541490320396733,12.5168870904626,12.509927425040598,12.508853912353516,12.529756359738398
353,12.518843570916856,12.526913777130916,12.52666879937831,12.599935482134539,12.704390025762041,12.63840389251709,12.647010168688205
354,12.812735428219424,12.810983237882468,12.811754399662192,12.836459499401293,12.849932282806524,12.829187393188477,12.830514208847756
355,12.315229211103203,12.31023979148463,12.310030975646288,12.288233108920611,12.29833837039238,12.306696891784668,12.310123674060188
356,12.006085012595644,12.013610287337409,12.01378776974547,12.01978347112415,11.940617542989314,11.965861320495605,11.931608110023223
357,13.119009117236542,13.1108387843078,13.113212428236064,13.145973991147963,13.138804894461304,13.086037635803223,13.062027781830157
358,12.899188605009256,12.900739671174083,12.900828111359026,12.899324683187679,12.93228142540072,12.968218803405762,12.940567531172238
359,12.373955992773881,12.364593146446202,12.365145403733164,12.383736061635744,12.183496730124572,12.15444564819336,12.185709753730578
360,12.218600113316073,12.19360041970642,12.195125315494435,12.216852265641307,12.290488799466958,12.243330955505371,12.24662171893554
361,12.693523418174946,12.685638065616724,12.686381831644686,12.707049993117575,12.66685887823027,12.688096046447754,12.676176150489967
362,12.791612837270653,12.792185303941414,12.791883042273204,12.82084948693661,12.794878923809808,12.813545227050781,12.865622635883902
363,11.904832253421036,11.9039372196553,11.90449640112564,11.893338837447457,11.99934772534789,11.99251937866211,12.018608187785977
364,12.808699883526959,12.808849824630522,12.809726051108946,12.789212187537391,12.832345538637997,12.799003601074219,12.817416445402532
365,11.756195773658067,11.763984833574709,11.763202744865415,11.577710423780097,11.743760708672278,11.686717987060547,11.627524158842252
366,11.96646059077723,11.939019302922663,11.942060292231071,11.968752812654754,12.039456616390918,11.985604286193848,11.903367207779544
367,12.01579955636016,12.022697332973847,12.021882503284566,12.063296438858107,11.944955956058937,12.015420913696289,12.03673677081222
368,11.594211150349201,11.610137542218387,11.608238923265867,11.59152166349745,11.52499777534545,11.550763130187988,11.57678832968764
369,12.294296602394933,12.28991723968793,12.289606456376264,12.301491998318575,12.246010129457577,12.256978988647461,12.266955306524489
370,11.948060166943723,11.970082998089865,11.967880306490859,11.802623296338352,11.857362106636284,11.800687789916992,11.844379959115576
371,12.244674200376142,12.265451552338764,12.263654248938726,12.262119904941008,12.254409925802294,12.2647066116333,12.266912742173094
372,11.916602826632564,11.927646684070275,11.926740161089933,11.967899317968207,11.94711046120074,11.938860893249512,11.957471958113256
373,11.930175314259793,11.928820523586225,11.929141118036595,11.925030956369657,11.90655329953865,11.884794235229492,11.895650794896124
374,11.680958663294486,11.681639379644025,11.681587926290259,11.716373372609212,11.75568666916481,11.720184326171875,11.71383618571387
375,11.771103109169998,11.774672025915757,11.77396097367219,11.676642772508771,11.882985124321332,11.813583374023438,11.817904266072476
376,11.989602781297744,11.984393966394935,11.985577844115184,11.78459375579051,12.008661697205726,11.996771812438965,12.070158600330513
377,13.095364682567908,13.081139003878066,13.083551147087741,13.10463179073451,13.111960549664822,13.132353782653809,13.070621809054826
378,12.090597334928317,12.096764398251354,12.096863324446034,12.116015575877817,12.090895550919399,12.057666778564453,12.086823129069307
379,12.040895050429603,12.046479191398454,12.046507733575778,12.055955070992244,12.07076031665996,12.09525203704834,12.083847460902174
380,12.34707217480792,12.34909494694398,12.348853809177276,12.317769178252881,12.282452796546995,12.296479225158691,12.296679538075471
381,11.781878203567086,11.797810784388318,11.796584346984732,11.80052814484418,11.82841156600532,11.836844444274902,11.77413883467918
382,12.044972902334447,12.04410530034901,12.043366599542084,12.130196562678742,12.090869302354777,12.090827941894531,12.055700536724034
383,12.013464724725964,12.021032287980917,12.020201662093761,12.086065077280601,12.054625592841708,12.06404972076416,12.052707049082773
384,12.575808180422325,12.577802933438305,12.577324099007093,12.565622927259327,12.553880546754783,12.552215576171875,12.564760258085391
385,12.117113270961164,12.115861224591207,12.116345215336361,12.17256259676806,12.145754736018459,12.174391746520996,12.158297105440187
386,12.001480121608514,12.015262960062564,12.014911523899055,12.015852099014879,11.975867730739827,11.964076042175293,12.000360381575858
387,12.447991192636383,12.447450853014812,12.447452551502156,12.398484838887509,12.42569848195995,12.4475679397583,12.45662971453427
388,11.612965684561626,11.617242513406959,11.61540628821631,11.571441253510093,11.614701347021938,11.556795120239258,11.54679779738444
389,12.014324188911937,12.025001378848973,12.023250944632373,12.022348580065577,12.087584386114507,12.066642761230469,12.065443317079222
390,12.046436539732705,12.050960713050767,12.050600660876992,12.082455565257003,12.07736211409048,12.072012901306152,12.076240541909279
391,12.179513273601126,12.178618245271466,12.17848593660862,12.170096053942489,12.16099571527659,12.173081398010254,12.188793685532572
392,12.259699657752329,12.254415449054592,12.254110622926031,12.278615735570709,12.202303871212987,12.250417709350586,12.249009676982983
393,12.09644238465239,12.103480322373837,12.101180773453061,12.08572183143611,12.079075848540711,12.051055908203125,12.066602005337202
394,12.89392330266911,12.889659815895202,12.890439351156068,12.885043345704744,12.878604318691476,12.934982299804688,12.930941752435588
395,12.398707361100287,12.39736025714248,12.397093106441787,12.380753665592577,12.374546939050987,12.347580909729004,12.359965282263179
396,12.858778871402126,12.860420564759831,12.861390503412348,12.858907378474807,12.89613111712886,12.941726684570312,12.95590576361666
397,12.058482110496557,12.069213458403748,12.067827094085239,12.031248198333849,12.057767131743814,12.028717041015625,12.040043521385488
398,12.144416793613559,12.14673972836934,12.146960053452204,12.18465648221074,12.191166756716582,12.188627243041992,12.196816820174005
399,12.349820624021852,12.346293580473159,12.346471875531964,12.326326075731178,12.366652861417409,12.307119369506836,12.311134882969467
400,11.916355485763267,11.922012592325753,11.920196955017788,11.921488708866084,11.816069301692655,11.897229194641113,11.841697626532193
401,12.102054657179039,12.10295921292248,12.102128820016897,12.116542784901371,12.15001275509234,12.119808197021484,12.07420954227399
402,12.627478478111431,12.616605876871953,12.618126593446044,12.61802070502868,12.551248983083067,12.564926147460938,12.581296707753193
403,12.882554463116605,12.88010027286782,12.880631431854505,12.861855333206703,12.918897884780396,12.896322250366211,12.89824771452236
404,12.090623650365249,12.052723362061522,12.057422576953908,12.123211920118505,12.068431331139351,12.063071250915527,12.091837496356346
405,12.024605549861061,12.0257181325512,12.025686461942763,12.232559084691252,12.090864239639311,12.052445411682129,12.05590412111197
406,11.928868080693134,11.943985354350506,11.943201669369966,11.939283367426162,11.930299698337517,11.942079544067383,11.923196051205666
407,12.513487503373986,12.509711418086086,12.510313777411959,12.511619531603401,12.517298694128636,12.551424980163574,12.535297667368528
408,12.591497219869668,12.598979307040663,12.598944690974715,12.590743632074524,12.594491679281786,12.561224937438965,12.596473010340398
409,12.381916140532159,12.380731459663032,12.380680334768314,12.358037387265888,12.37447685825973,12.333346366882324,12.341303385655499
410,12.313874816323912,12.314239865800824,12.3143282354022,12.321646020417754,12.313289667474683,12.30379581451416,12.296598918654007
411,12.627743484601202,12.624053099312988,12.624589217854023,12.61911003387215,12.59385166534927,12.612092018127441,12.592209603422825
412,12.014107661931984,12.031207097870814,12.029212947084282,11.939499667079321,11.884921274750234,11.945003509521484,11.9247020890938
413,13.086887631345443,13.095355074762736,13.0943741164728,12.965602448853435,13.138088520742935,13.137083053588867,13.128708275381435
414,11.748772528069903,11.763764363190244,11.761947826087896,11.716659243929866,11.722517602407232,11.72354793548584,11.685426883827974
415,12.235139394121978,12.234134603094715,12.234088123053597,12.231764691118725,12.240980272621576,12.267839431762695,12.283541472397111
416,11.960554104082625,11.960097808923729,11.96095748945603,11.998641113575161,12.038631307611267,12.038780212402344,12.038330454420867
417,12.78760144183666,12.801323802312266,12.801069989634305,12.786485455804486,12.877472195098736,12.855124473571777,12.856088169391928
418,11.957419117963571,11.97596788414611,11.975865325283014,11.96929062875748,11.927663892680528,11.96582317352295,11.955642253655396
419,12.30605068611485,12.302662620053347,12.302868361708388,12.320958632194232,12.362479388820592,12.350172996520996,12.355883142564192
420,11.956845435436295,11.93772034205283,11.939333138330964,11.751153259718144,11.963567221632513,11.920172691345215,11.948332855136947
421,11.68421276397605,11.68449788481922,11.684118595109705,11.6646036964732,11.72376056495973,11.749151229858398,11.676137995400408
422,12.328330448217816,12.32707821556956,12.327067920963096,12.296400954253414,12.29093183277752,12.2816162109375,12.280453794321334
423,12.120389447188723,12.122545225523957,12.121777420220951,12.098807766022576,12.193059113381143,12.150638580322266,12.107864389051883
424,12.909236959179253,12.910996216402971,12.912590141181472,12.854820834660682,12.442936166843062,12.408286094665527,12.388604898383921
425,12.281959714999903,12.273506529200166,12.274958152600814,12.3348435860582,12.290152169311863,12.277968406677246,12.32256430917429
426,12.057435604760446,12.053305369263386,12.053932470909867,12.106829345370212,11.946741407022822,11.970772743225098,11.906312342534575
427,12.388139534848454,12.378513287670119,12.379394390408558,12.333423902527514,12.33252109764948,12.337116241455078,12.308798452280975
428,11.886426742265536,11.899873346304325,11.898959536421632,11.973626512731066,11.954253957226314,11.970854759216309,11.982420951555744
429,12.598489417174324,12.58634401537078,12.587834751303898,12.496383323334031,12.69717721008235,12.592737197875977,12.673120568006807
430,12.128791214026744,12.156347749927058,12.153581875143784,11.980466215951417,12.141784714462228,12.21091079711914,12.160238924455127
431,11.985683279598655,11.982968168640937,11.98287607990873,12.007397582513246,11.996482879627802,12.031793594360352,12.01944113481336
432,12.575980261356019,12.564510051575203,12.565211255150036,12.830514368301731,12.510457854323269,12.436200141906738,12.470726744000109
433,12.470140807275852,12.476767913853253,12.476846631682037,12.349900032458464,12.355563022855375,12.32155704498291,12.35976716052275
434,12.558179886570466,12.572338141327146,12.57073571355119,12.082676595539283,12.59737007196053,12.64548397064209,12.60176680921687
435,12.03857222562416,12.045727919121802,12.044724050837315,12.023206259601242,12.000660938287076,12.02072811126709,12.024181568581056
436,12.251500791963114,12.250065831446863,12.250323058051885,12.25811636270551,12.269651256394665,12.30147647857666,12.324165494385733
437,11.928547845454709,11.925486801060663,11.925539832864375,11.90581994078866,11.97408911133188,11.980949401855469,11.975729041754917
438,12.041708921791027,12.039410509769937,12.039327679910869,12.018836674773747,12.071564924422708,12.07266616821289,12.039845554629961
439,11.741168120417742,11.712098206391982,11.714281590123669,11.75332829320668,11.652998529960653,11.624260902404785,11.640861441497854
440,12.140201978485823,12.11964162522762,12.120880544468216,12.178064376606994,12.12202720749285,12.15608024597168,12.139859698814535
441,11.532102160646412,11.527329112704265,11.527291265761754,11.83140734870723,11.565782104893241,11.595901489257812,11.683684083745963
442,11.6866979868462,11.680400214448651,11.678751609043687,11.606071928037343,11.716871358928156,11.758464813232422,11.707266565691203
443,12.388486954450205,12.376139123963119,12.377438541418215,12.387699798203585,12.40162619818477,12.334009170532227,12.353176661806335
444,11.83360387997297,11.842466651122432,11.842485524455743,12.058809030450398,11.87175420833986,11.912734031677246,11.92108186977511
445,11.511779766629546,11.493460204352452,11.494634990925364,11.574856706534398,11.349486577018917,11.309471130371094,11.365324269913623
446,11.886189332863552,11.887405993169471,11.88716546104184,11.92034945843005,11.992373042337071,11.967521667480469,11.953854473063366
447,12.153521582953669,12.150427927076604,12.149960726359925,12.220348230654112,12.124839415023166,12.16391372680664,12.159732531005318
448,12.309248627016004,12.317120577635574,12.315913370251574,12.302551308203112,12.28123062295035,12.29184627532959,12.299395755859383
449,11.854220537953347,11.833531644090398,11.834250827542688,11.773905572335817,11.97161387671953,11.94730281829834,12.001404964746964
450,12.506057794255028,12.496862827831356,12.497367486837607,12.516490252210694,12.507222030298173,12.480202674865723,12.475864016005394
451,12.24464899540679,12.244773466113953,12.244705001832896,12.212918311877363,12.210845913965443,12.208106994628906,12.208519843933574
452,12.212683825212208,12.2092157477754,12.20914628297253,12.16642152327191,12.203473574312124,12.206568717956543,12.219993347608677
453,11.949176183512431,11.94926664301582,11.950025257103135,11.979372550972798,12.000057645259318,12.004311561584473,11.957850049521735
454,12.064949375616248,12.062727121873248,12.062841264013638,12.125692663307383,12.082167210077605,12.060404777526855,12.084759498583866
455,12.72179160703541,12.721124755793756,12.721475256355214,12.708672677995331,12.727360801302561,12.753837585449219,12.75972413689587
456,12.231265640960958,12.230079804281464,12.230600708331323,12.09312387075277,12.166739039928768,12.198943138122559,12.147167354581274
457,12.156087785528417,12.167746696476131,12.1661213646103,12.1849491886497,12.174094042122137,12.146257400512695,12.138593866253748
458,12.394460248560154,12.398458615500527,12.398387984136164,12.376244423743977,12.392823924483807,12.417915344238281,12.42256210936535
459,12.42831357138913,12.424923842943407,12.423341031402957,12.606163491889737,12.289272771719913,12.344100952148438,12.423464365968515
460,12.790444769596014,12.80263761692149,12.802316084162788,12.757217934102353,12.765714761282917,12.795733451843262,12.790196338772626
461,11.873262744102622,11.87417461963742,11.87437212278787,12.055043477331036,11.935696350660233,11.920051574707031,11.89763453181233
462,12.780806260779302,12.774392524736852,12.775799133806146,12.72683243660286,12.8547916803752,12.820842742919922,12.79451793040929
463,12.314565265203987,12.319476534158719,12.31896947660989,12.282651506331035,12.337714932220605,12.335846900939941,12.323308599544346
464,11.790884415790119,11.773184156312889,11.773116199198364,11.783733145019834,11.822609842101972,11.841748237609863,11.796404447287
465,12.475128533130565,12.480352142402335,12.480482512344867,12.486715842241415,12.468658310591152,12.503575325012207,12.451056253140983
466,12.132164509072691,12.145137820193733,12.1438132590288,12.06502873635847,12.023342501475744,12.140399932861328,12.163382570650457
467,11.941558645206303,11.936312711861492,11.937051184314006,11.936601771736305,11.935572972551487,11.932953834533691,11.927250135745787
468,11.764479434900291,11.760399897859088,11.760973117662934,11.991706306488267,11.736489035135813,11.720805168151855,11.69179366591687
469,12.77373644345592,12.777485928564163,12.777677647411357,12.765967646703626,12.674884958705523,12.723461151123047,12.761129128599588
470,12.199799572078009,12.194765004967305,12.195572202333896,12.180877292042423,12.223521245696173,12.213665962219238,12.202190430469075
471,12.868616182632005,12.863638889673958,12.865117926035285,12.796305459754622,12.779994119715834,12.727956771850586,12.77031823387849
472,12.176354040659648,12.174840589545735,12.17456028295789,12.174840890468598,12.212433336690852,12.21655559539795,12.20091966709072
473,12.20002811158383,12.19922930387394,12.198867997543681,12.173031561162315,12.200763648606758,12.163752555847168,12.169040661606601
474,12.403848180087685,12.401756048037846,12.402642505699422,12.463053427930703,12.447898967369959,12.396829605102539,12.459225857694607
475,12.544483944831374,12.555312667516839,12.554262341201472,12.536831896102328,12.555374239579814,12.550649642944336,12.610248254714936
476,12.134852385776274,12.138035688704093,12.13795726986327,12.008424837411196,12.213281388916062,12.185336112976074,12.194715886241603
477,12.76357506188984,12.767678671406856,12.76908457485694,12.753279909166402,12.725974809776309,12.744997024536133,12.7899141906124
478,12.132203221246412,12.128804966304667,12.129204101441173,12.024530081236549,12.073356764442602,12.106366157531738,12.102243553554404
479,12.015805064421784,12.015069738397907,12.014590387717435,11.98953215003706,12.049270510102332,12.04102611541748,12.050980635985136
480,13.039828291561548,13.04291258233844,13.042570923203273,13.087607505934741,13.060240151393634,13.039417266845703,13.03924969513636
481,12.608195335986034,12.60784448610708,12.607809147286718,12.607700249404528,12.626472917847622,12.550092697143555,12.55920867753968
482,11.971895739103257,11.987902513157144,11.987251773385504,12.047790292319403,11.962971325155513,11.939838409423828,11.959959714191289
483,11.971639160925918,11.971256810565066,11.97195946050004,11.94190311434104,11.928398277008236,11.991304397583008,11.997870399852719
484,11.916895380411361,11.912925354153254,11.913767300813987,11.931316734176807,11.956807567161485,11.946951866149902,11.958691458615943
485,12.963097563963434,12.97118980193898,12.972110409788517,13.12651293284702,12.95832547284759,12.938568115234375,12.884475438274565
486,12.296615104445433,12.296958372240807,12.295800931510843,12.088977661792814,12.216085569838091,12.203004837036133,12.24217360233023
487,12.007731795960458,12.00914696617017,12.007151017679618,11.962925788922885,11.957450700074212,11.963608741760254,11.964413930135791
488,12.356197567752215,12.354190030555692,12.354177131204773,12.327946216596509,12.270409828963176,12.279756546020508,12.274454163851132
489,11.981954964891788,11.984490519933603,11.983864884835151,11.988969471281317,11.988473098677831,11.991340637207031,11.982619970587168
490,12.398819223894762,12.397039746412384,12.397300905106984,12.43304022179615,12.433061618631045,12.405534744262695,12.383765249344236
491,11.762514260359943,11.76442747328754,11.763152005160626,11.834860137959867,11.79118523896021,11.759379386901855,11.7494867933304
492,11.853062376209973,11.833445907591846,11.836063819327725,12.059958947897908,11.836495414423906,11.857986450195312,11.804856460966933
493,11.895566957966984,11.907750387482745,11.906994623100823,11.95161594383629,11.874826811643441,11.937299728393555,11.865491557826905
494,11.957714560557315,11.954026276692113,11.954041370347227,11.92255901479427,11.94412656529996,11.949737548828125,11.946814135840132
495,12.659731991460566,12.666434611394022,12.66589319959564,12.521775387834788,12.615660716060447,12.604445457458496,12.602785463071314
496,11.40076432220921,11.378198879289807,11.379511001306074,11.548336880449657,11.318581924322837,11.356463432312012,11.41868546057828
497,12.037170461016128,12.040964890234665,12.03949122536899,12.030845084905716,12.044492574480492,12.058752059936523,12.11137543679475
498,12.35718289793309,12.352027572938397,12.352668936822079,12.370652567258134,12.334189544179909,12.366812705993652,12.363500973100583
499,12.224348896181734,12.22406338488747,12.22639323609885,12.221635029251416,12.212932296483581,12.20689582824707,12.205935982562886
500,12.37549791971965,12.37510058499992,12.37481389085464,12.385661393493073,12.462461760881801,12.45228385925293,12.416496965710596
501,12.196298055752974,12.19350332648962,12.193669304297448,12.206582106789808,12.150255200162675,12.170236587524414,12.20164662350198
502,12.735021614432952,12.744024311993329,12.74350346065061,12.448366387706544,12.700477155182979,12.749822616577148,12.77324665683799
503,12.561734012833657,12.558031631856204,12.558806303960033,12.540600325540677,12.537008373820944,12.510542869567871,12.56509039868111
504,11.898077305958697,11.899010463097076,11.899379420825527,11.793394603777354,11.94859331640938,11.926897048950195,11.976633787775587
505,12.098235709220303,12.106618595345429,12.106666753069744,12.122022895504081,12.102178138830034,12.071868896484375,12.089086430632381
506,12.603321833683756,12.590952238499112,12.593594853660793,12.550288297516921,12.504688052387497,12.500614166259766,12.58647453151273
507,12.092583924969803,12.111927580657149,12.109750890786033,12.036606849491914,12.115884170243824,12.153839111328125,12.12965245818871
508,12.026471090161621,12.087364838687497,12.087808357554612,12.21516056467813,12.105798966255636,12.029552459716797,11.978533692240068
509,12.91950366325256,12.900551607025527,12.90144769787323,12.873282322090638,12.965546412930639,12.905980110168457,12.860834253717405
510,12.114844867543864,12.110123369244441,12.11055156002206,12.112180067172655,12.155365011351877,12.138060569763184,12.064602447466239
511,12.47697348483119,12.46983448937014,12.470152255610081,12.093123870752757,12.321473636465957,12.341287612915039,12.372833549119017
512,12.270760231362129,12.273214319880333,12.27249245378313,12.254793655177041,12.225797598004212,12.218713760375977,12.239561383337684
513,11.898691125380777,11.915672835061601,11.912029786569395,11.821511550446905,11.849509685189899,11.875380516052246,11.89113703107256
514,11.971437512111253,11.971087922265374,11.97044949292971,11.995072351410546,11.971213975882936,11.997759819030762,11.93624760191139
515,12.01844907209505,12.02024918795813,12.020076738177716,12.043137236983755,12.019595762256682,12.008308410644531,11.981985916814004
516,12.837955637929749,12.83532944371072,12.835371451053476,12.826401415013951,12.762416974651183,12.883648872375488,12.8407494615674
517,12.134055881456982,12.106577394654568,12.107216179034346,12.160666803284544,12.127092637949241,12.154557228088379,12.194205090307065
518,11.861191359181701,11.87386164110225,11.872519722958039,11.930132050490894,11.772672394092053,11.720527648925781,11.73773043453995
519,11.994154440227657,11.995763759473752,11.99540483900509,12.050302178590616,12.023752455690156,12.02512264251709,11.996212671221867
520,11.86242121893647,11.880456744863945,11.880050224257273,11.98129871484528,11.93933653990794,11.93603515625,11.956211698903525
521,11.87974309564342,11.861274890506097,11.863321980104137,11.908571974482628,11.88511431481788,11.839083671569824,11.730028826928185
522,12.120290955223728,12.109204358477802,12.111292008548858,12.229288069515993,12.137730527352897,12.133905410766602,12.162490605400514
523,12.011801519210836,12.02023816893489,12.018546539055867,12.019537070992646,12.059039458992237,12.063687324523926,12.048760880788034
524,11.99372904118648,11.988693279133962,11.988392434143604,12.050022969786811,11.9492157953342,11.882415771484375,11.967050151090511
525,12.741220349885475,12.740080824398941,12.740039875829495,12.748441037311355,12.782803047627603,12.805542945861816,12.848827307824049
526,11.912770270217742,11.926270974027322,11.926008547014325,11.891461945606336,11.88467980402033,11.875141143798828,11.889716679275203
527,12.486609502879613,12.487804981198618,12.488259907764121,12.45588985685723,12.46871602637148,12.4216890335083,12.467917002198531
528,11.893195414991096,11.85553977141584,11.857637071577967,11.814110291162226,12.017895776027629,11.906033515930176,11.95053997953849
529,11.374240548372022,11.353221391629008,11.354481945123673,11.440941103504805,11.364971124953728,11.475996971130371,11.538810615511887
530,11.812360061104592,11.823806170851483,11.822906359523536,11.852995624083785,11.751255865531041,11.743267059326172,11.743790198511379
531,12.456213542833968,12.458224290157375,12.458057335583442,12.455085931152805,12.427021375869728,12.419511795043945,12.379417128130305
532,11.97939825852405,11.978055980494922,11.978066727403954,11.999471905359334,12.006240758691343,11.996386528015137,12.026795316347616
533,12.063973547018705,12.054743208397207,12.05611237166015,12.044437802777079,12.081617053918386,12.054817199707031,12.069884009261473
534,12.055653873645023,12.050332827161421,12.050223015352598,12.097482969661023,12.130888642865452,12.112492561340332,12.134727533505037
535,12.199723558684306,12.203151498109735,12.204925235453018,12.187152813093089,12.20641642064989,12.27820110321045,12.229180828925605
536,12.400744082755216,12.386118658265177,12.387643822592459,12.411812638474558,12.397752618465212,12.424317359924316,12.389948307876322
537,11.497340780153054,11.477458923179155,11.47879170441409,11.518404464385789,11.419640468232954,11.38561725616455,11.463417211059015
538,12.379606406776151,12.364825615565861,12.36708406104367,12.349374261207577,12.39459291104122,12.291278839111328,12.312645350142283
539,12.123964621275652,12.132079784834398,12.130175335594755,12.126720392958353,12.128654265812626,12.07348346710205,12.041776296935222
540,12.313384797027883,12.310587987539,12.310330470303196,12.50380907799128,12.229365405887473,12.186671257019043,12.173436326998903
541,11.733792256162886,11.725252881630645,11.72516319153783,11.913931828007891,11.68424177534983,11.628937721252441,11.566601852735419
542,11.626025287697637,11.612267913676055,11.6143966506865,11.582056472679485,11.532395393775586,11.53381633758545,11.528879188675488
543,12.109324713646387,12.10926931505069,12.110620963764946,12.030759292205422,12.093939980265104,12.083077430725098,12.090354153993855
544,12.25180279356448,12.249609305604,12.249856386981156,12.259345545235377,12.277653450489597,12.275331497192383,12.296567231447801
545,12.75557279022969,12.749813066333115,12.751686821199131,12.684412935565799,12.778761781079309,12.672781944274902,12.730491125212783
546,12.420663635582367,12.416805945379135,12.416996634362505,12.400618584865526,12.39249244975607,12.382062911987305,12.377927721026577
547,12.367144493647585,12.369905700367047,12.369020387981188,12.35907600135523,12.409969864062345,12.358719825744629,12.36303429909089
548,11.791574933671628,11.795406081979996,11.794634859697213,11.822888470247541,11.877126592591416,11.842153549194336,11.816442397401163
549,11.907602428559306,11.912597145334793,11.91175408934758,11.948609188858814,11.914452871039211,11.905848503112793,11.915824006361605
550,13.20817857389884,13.208780427489263,13.208698723478742,13.248992323069157,13.215199273807489,13.187704086303711,13.125948770433592
551,12.437439209819535,12.435849339610865,12.435823214645495,12.4242290317967,12.417432290296725,12.4441556930542,12.437264628142314
552,12.343774285522851,12.340043508630265,12.340717278135013,12.315799811741751,12.370134398189967,12.394371032714844,12.353909955606637
553,12.807164653149028,12.82166547408135,12.821548710904295,12.794476492274086,12.827555583379686,12.792146682739258,12.822541599000152
554,12.111138630704039,12.120635580525784,12.120704152443581,12.017427550977471,12.009224654161235,12.020167350769043,12.065382865657421
555,12.123926787940698,12.116442981150703,12.116664073711165,12.125778825567894,12.154607294380227,12.164576530456543,12.152214314253415
556,12.355490681045087,12.377152163159229,12.37753743101133,12.361061151678381,12.414150139763503,12.314953804016113,12.39778978760412
557,12.04481830661465,12.035901501954449,12.034593951990427,11.943909103818239,12.10835769525729,12.05483627319336,12.08344681690218
558,11.82257756988955,11.819433156412888,11.81953065971694,11.824777958941745,11.94338360080421,11.9694242477417,11.942515631551005
559,12.8488364616946,12.854886294002982,12.85516715695144,12.860274726031204,12.879193355648654,12.874076843261719,12.867912168481688
560,11.936419035693758,11.926885267652542,11.92740068581486,12.105993928855554,11.930968274542984,11.944815635681152,11.9306886492182
561,11.766775562644078,11.743726242787044,11.746264626858654,11.763387376865081,11.811007077922076,11.792574882507324,11.807117569079999
562,12.589532639502043,12.581590565508115,12.58235460339676,12.555098018614492,12.533975284848795,12.53378677368164,12.524541607742425
563,12.184338767797977,12.194738899858276,12.192621205467248,12.066223897509495,12.255763116239141,12.21248722076416,12.177546781832154
564,11.959583733889291,11.965221175969837,11.96434795372493,12.070546080831102,12.08857331664636,12.084321975708008,12.092387201634784
565,11.564559680015705,11.564176002863174,11.564406059759635,11.560704128626359,11.630390391838727,11.550531387329102,11.590132175819237
566,11.930927601988015,11.924126424982537,11.923327073957374,12.041046722836665,11.983429907310981,12.005661010742188,11.96560719906216
567,12.461878447569818,12.440510225118077,12.443168697157052,12.114606491687388,12.453995133363186,12.418493270874023,12.408861972953673
568,11.517211670899062,11.498806661675733,11.500046976462729,11.485177759460056,11.363659048417748,11.438889503479004,11.480184915338523
569,12.536777535661914,12.541567958361492,12.541566979738523,12.550762238109431,12.644437774432397,12.659353256225586,12.682610714843632
570,12.0759966670599,12.0851522564858,12.08448288181427,12.084225441960596,11.969499734051375,11.991036415100098,11.972739825104519
571,12.718915468566548,12.72118715283408,12.721812183804762,12.723594090457242,12.770988452645462,12.759218215942383,12.789700494843455
572,11.915769873574092,11.912991892150636,11.913319972508887,11.917247954416151,11.93488960377247,11.924885749816895,11.931174191653025
573,12.04774021327834,12.030874204960172,12.032529042511362,12.02955282958282,12.119601474736958,12.09924602508545,12.10780596759188
574,12.543911507453593,12.5323008053279,12.533409517699805,12.582713059309697,12.624011227921628,12.556036949157715,12.54976666674066
575,12.8394761639961,12.849656513534049,12.849622514988049,12.840667868035876,12.849335898199667,12.882332801818848,12.938024631259143
576,12.088238558589318,12.093494100870988,12.092559517519398,12.107088499397038,12.115609301138294,12.10695743560791,12.104812145996803
577,12.39188244439004,12.408593839804173,12.407381399288402,12.104452827902422,12.471515326125463,12.455408096313477,12.464853319568377
578,11.855877783381931,11.853119844162437,11.850983659730673,11.82785293615376,11.929768936484184,11.907289505004883,11.870755449349062
579,12.545213374027135,12.549781374068452,12.54982948914678,12.524661972365532,12.508348830296985,12.549903869628906,12.549849659696202
580,12.142123687717257,12.142101319706141,12.142495337896195,12.14245057125656,12.142695367734598,12.155264854431152,12.153980446645702
581,11.742929384034618,11.747874697164516,11.747281714343766,11.789724011627685,11.743806922315764,11.73896598815918,11.753574564196096
582,12.399491918010776,12.39428333539023,12.395423570160936,12.231071165661756,12.373452827885481,12.36379337310791,12.337666347993892
583,12.480960811946415,12.487563646306262,12.487429775777986,12.498504645696524,12.630605744363814,12.589005470275879,12.661512909489497
584,12.071100389096985,12.081632789676355,12.07862097398363,12.07769449697463,12.101816529188756,12.061736106872559,12.056988881524923
585,12.09158181935551,12.101143366294313,12.100131677532719,12.138994895578104,12.07875137205322,12.089865684509277,12.091093477290972
586,12.57305970424739,12.570780210759526,12.57228967498158,12.627535998314368,12.593562406382226,12.576533317565918,12.585391250157535
587,12.511788447579073,12.502379841460607,12.503114634688078,12.45569015311111,12.488852398896947,12.540982246398926,12.567262664827464
588,11.669109075891011,11.670119117023468,11.669660809583284,11.67734083534473,11.781146836659032,11.803832054138184,11.767602917838065
589,11.90406132239559,11.920504547221544,11.916771233717323,11.828863418163902,11.952969175060264,11.916998863220215,11.916587488461944
590,11.820050991090813,11.810944136127617,11.811140943190438,11.769162122631895,11.86070738290379,11.878217697143555,11.87891136212964
591,12.17694577060011,12.156854888482531,12.158272506274393,12.097002195763679,12.177319365540804,12.09166431427002,12.080043065029322
592,12.678087231197903,12.671753473262946,12.672751332778528,12.671874746778542,12.658168362507036,12.602743148803711,12.619910333953325
593,12.489571728277454,12.484124245224208,12.484724486474635,12.481088530070389,12.512207775023803,12.482261657714844,12.433075587808608
594,12.049939666037746,12.045566344237535,12.045705549855668,12.037989992300346,12.110894811455607,12.109307289123535,12.087416547546178
595,11.53147808543567,11.529553077676187,11.528767904654172,11.699100407458335,11.548190299214117,11.608710289001465,11.626168494051992
596,12.049408533806675,12.077005904676765,12.076712286041705,11.991740548280935,12.13107404137469,12.104521751403809,12.063284918631922
597,11.925261106908575,11.93935891110369,11.937434966254203,11.893850877940917,11.826654859267085,11.92332935333252,11.913360547645281
598,12.054138417706081,12.057790989113663,12.05628430966586,12.096304277123394,12.015823275449769,12.032065391540527,12.042929364028685
599,11.997619536655488,11.99480291441545,11.993944153069123,12.011568135601664,12.072730610484177,12.05447769165039,12.012978166332678
600,11.84378197345238,11.84316408619792,11.842830516267078,12.101061539786329,11.875061380001988,11.836296081542969,11.85627609227059
601,11.912794035960264,11.919528077297066,11.918186804980731,11.883151666925851,11.946946562193327,11.959085464477539,11.92662696178636
602,12.24563836879265,12.264722894526262,12.263296342672003,12.268590534988554,12.269478953458227,12.266947746276855,12.271337992207915
603,12.473933604198823,12.477047583806597,12.477107991762105,12.459704547619905,12.491277756705756,12.49608325958252,12.5071255349747
604,12.158637434178068,12.15222512891307,12.1525701815761,12.182368997004522,12.140043183132962,12.141175270080566,12.139590780187497
605,11.86173934185555,11.856290404135917,11.85546360939087,11.86951209568806,11.948271579912117,11.946980476379395,11.927840558143929
606,12.568966590134082,12.567991181982164,12.567722985812523,12.591428558969973,12.541767331496027,12.560928344726562,12.612607558503022
607,12.33632552787957,12.335054430236736,12.335495286807637,12.358791604483113,12.280789464120767,12.26943302154541,12.280775367322628
608,12.73308122823549,12.729878543592461,12.730544669693963,12.705977219376965,12.656470863380854,12.706089973449707,12.581803893021362
609,12.1691858002249,12.170622057703417,12.17061713189384,12.129115959373486,12.077057947252687,12.19140911102295,12.193031650735655
610,12.327481225409676,12.328808944160723,12.32889434467664,12.347653892414224,12.356230779199224,12.345930099487305,12.330387889882365
611,12.322925979257978,12.32434964934477,12.324050964812072,12.29102928815005,12.328625871165368,12.337590217590332,12.353897885659785
612,12.306126597274005,12.326676315311204,12.324818334522782,12.074759152008278,12.23837225095312,12.190053939819336,12.152756663431346
613,12.207352539042049,12.221018762782164,12.219816109044695,12.157642963647342,12.197655283434514,12.197126388549805,12.181855315388447
614,12.559909424947232,12.56030862619578,12.561074106600058,12.557943814550438,12.597153915633472,12.586085319519043,12.568979149260745
615,12.1981966748644,12.170585621008163,12.174358569388735,12.188702022780408,12.400725132314568,12.343523025512695,12.386738022843037
616,11.943014429980387,11.9457352061097,11.945983371041793,12.154916138874261,11.935256261272073,11.924142837524414,11.937031194839209
617,12.670490613966823,12.668294582619042,12.66892362201999,12.318904530814686,12.73387270923173,12.757135391235352,12.752659126772874
618,12.065937569416427,12.083239516188359,12.082611412143704,12.025551771007056,12.049573326911313,12.090221405029297,12.084036160608346
619,12.332015211760154,12.328405185011654,12.328893782432177,12.309067798563511,12.319379288210465,12.338376998901367,12.325555435169614
620,12.831409609029906,12.832634159203675,12.834042909791172,12.630461225025732,12.850310708760667,12.864653587341309,12.807337917751326
621,11.956298546999319,11.976932685028041,11.978438590624938,11.942636109701153,12.03247564967755,11.941652297973633,11.929588034408576
622,12.121831871626146,12.122111520686017,12.122423663785796,12.129595610234295,12.079087160931579,12.101801872253418,12.104131600013352
623,11.883126589513164,11.893372323510707,11.892245113650858,11.919255291083111,11.879326092795772,11.889223098754883,11.92734436370004
624,11.83279464128405,11.838102544180838,11.835786732970824,11.796573845220788,11.866087919030932,11.891955375671387,11.863380086004511
625,12.511336479108765,12.506186021271237,12.506279490764005,12.499765532945087,12.553021864139458,12.529757499694824,12.490647681726566
626,12.037907166837018,12.037572515543816,12.03872031344422,12.064253539240108,12.006629651617729,12.103850364685059,12.058469782391171
627,12.24772059858738,12.251241659561186,12.251319391719742,12.104515712508752,12.3024138219904,12.236594200134277,12.269473961869528
628,12.051254143899467,12.061231999393502,12.060714967109227,12.016718001340474,11.976569853063777,12.038256645202637,12.068466510747056
629,12.76720081087415,12.776882641107338,12.775439460551066,12.758567898244564,12.855886037619115,12.875181198120117,12.862153348299566
630,12.304904657071736,12.30976479139737,12.308806037765352,12.322820105185546,12.270641656665202,12.269972801208496,12.254876733321046
631,12.199127404413991,12.206414225476607,12.206288356623206,12.197537807692658,12.245668687207846,12.203695297241211,12.20459234146914
632,12.233338049907113,12.23566221038746,12.235614750533921,12.242962718416042,12.300851647718426,12.31122875213623,12.316645258218449
633,11.95345561091265,11.968022724286083,11.967284514191531,11.971361533725638,11.935300819780633,11.907814979553223,11.920840012615079
634,12.380814659027731,12.386094997720006,12.386855852584834,12.410793403884147,12.431450683360529,12.351221084594727,12.34729270341469
635,12.385375312027882,12.379768494439716,12.380403803906669,12.337296867419376,12.362805135308923,12.3843355178833,12.318841804741812
636,12.225480487594101,12.225313497221327,12.226601388074073,12.044659887990091,12.14074191857136,12.169206619262695,12.21084968972802
637,12.747863896419315,12.743893118370089,12.744321736720625,12.800141834724863,12.853737451152083,12.828675270080566,12.79338918874229
638,12.322120226530561,12.322460783365248,12.322639393426282,12.35005999041003,12.437993655516673,12.358165740966797,12.364652048559924
639,11.877239090920781,11.900856705643102,11.900176443078568,11.664622475657357,11.738009266690627,11.810465812683105,11.872463269647307
640,12.368093071776432,12.368118214740683,12.368545945482568,12.38442680042808,12.352258611891244,12.341530799865723,12.369262115504805
641,11.899739093593501,11.864343652224054,11.867581262395863,11.957796763123039,11.947036380059334,11.91513729095459,11.87535131438811
642,11.97440214966049,11.97376964057516,11.973118756962897,11.955239322318759,12.060727936698635,12.045905113220215,12.038891753329185
643,12.472935477627438,12.482069536359454,12.480411153315757,12.439587679609831,12.454179206209892,12.456329345703125,12.476968534993755
644,11.925720860663342,11.926712236154355,11.927150244496548,12.051342000814325,11.98435362104469,11.991232872009277,11.97443602924607
645,12.420954528355098,12.4258028913859,12.425849451429377,12.441687850837848,12.269998928282451,12.319477081298828,12.332710920133934
646,12.320861814478715,12.318684612550088,12.318760916783562,12.30310906536427,12.297461451759577,12.305777549743652,12.30368277564876
647,11.750794024604811,11.76652125950314,11.767284348152646,11.781330740783716,11.796409649484989,11.741217613220215,11.740731869540488
648,12.315402187214216,12.310251594466695,12.310382421026613,12.173856589662352,12.306688406936985,12.316813468933105,12.352554720075943
649,11.969158404505961,11.97243815381593,11.971408067941798,12.054025979860869,11.99498538724908,11.95324420928955,11.934343929618437
650,11.662013531290437,11.654194403486596,11.65501416933782,11.755418154786348,11.666987571901242,11.678428649902344,11.701190236523388
651,12.297862909180465,12.309957487094332,12.309706717560886,12.244450070370764,12.364908157790214,12.400304794311523,12.35383690160805
652,12.754942653478436,12.740772376021203,12.742525139197637,12.803486585062727,12.81329697472614,12.826733589172363,12.7519768142787
653,11.930798897754462,11.922100106673945,11.92205158534691,12.116976133224771,11.902359447223704,11.955591201782227,11.91285131429184
654,12.429309043413939,12.423799587379614,12.422552771395532,12.346015416305272,12.499838147396444,12.362869262695312,12.453891918194737
655,12.2473058553083,12.23798957552538,12.239057215178256,12.21426314046378,12.270026167907163,12.252814292907715,12.265030142832437
656,12.363731974008322,12.376269183794356,12.375625644274564,12.113438913066132,12.28216398964219,12.290556907653809,12.281762874442826
657,11.989783668617509,12.002131875594507,11.997221939766398,12.000661742434378,12.109692417530901,12.08944034576416,12.129571798077235
658,12.219595652832256,12.227104565696806,12.225369088956356,12.285727097839683,12.298006155805014,12.272431373596191,12.315308457791716
659,12.281337793636359,12.274122515075572,12.274649945120382,12.296513637949328,12.411050387000218,12.334278106689453,12.297742022090942
660,12.91039442659303,12.904012257686729,12.905289599992132,12.88873927576956,12.834850803813167,12.833565711975098,12.814793798382965
661,12.037995813754486,12.024142450727592,12.024560238088808,11.995207212262745,12.052861073558296,12.036882400512695,12.023079526799878
662,12.18051903563238,12.176624338953081,12.176604277831329,12.222606945363824,12.231077574431032,12.220640182495117,12.234999619202547
663,12.303174375349009,12.284284917473954,12.285704484593671,12.262424136363522,12.237981088917786,12.246225357055664,12.196031304183448
664,12.306906969094452,12.30968501030873,12.309827429870221,12.272669601589913,12.214973963994078,12.231218338012695,12.223732704294207
665,12.33433813217917,12.333910354574506,12.33399349004112,12.296247250304384,12.347149467041,12.275543212890625,12.31888348889371
666,12.486193979180577,12.49559904862218,12.495191107002046,12.480620601582189,12.48052379169802,12.4852933883667,12.449229906000287
667,11.880195739706725,11.88133250903751,11.881703638326567,11.970520403233518,11.951292562046685,11.909849166870117,11.92200880404483
668,12.513054723113985,12.511367270160017,12.511469391721208,12.81712701889655,12.4514754538772,12.44909954071045,12.514398234171999
669,12.031016081467017,12.029153429239104,12.029057244283285,12.041228487098998,12.099348176836866,12.085073471069336,12.094979554053435
670,12.410767868215846,12.407861146419457,12.408723198238434,12.384512608087995,12.35713074973403,12.393643379211426,12.369621200304712
671,11.635644495014079,11.65000522639864,11.645022730113503,11.70624671649712,11.758656031631999,11.711701393127441,11.701264333654548
672,12.008036006456038,12.00424525537966,12.004252808097204,12.221794193822182,12.098046375084959,12.07823371887207,12.03428128702307
673,11.808139678499794,11.796489533400997,11.79649881374794,11.821666985363036,11.715134068711063,11.68405818939209,11.67267649379797
674,12.04177820685685,12.02879315865522,12.028085165908692,12.081180895836614,12.15957816396508,12.136651039123535,12.12504489502974
675,12.000976045877838,12.02973505156992,12.02636402287076,12.057774924895828,11.97551906022365,12.08336353302002,12.022727672066747
676,12.572862285401978,12.562656960158924,12.56355059509178,12.55883868145384,12.564265219853898,12.557785034179688,12.59391767693019
677,12.826595137463308,12.828118646293309,12.827927785294664,12.825798166896064,12.94198141052897,12.971940040588379,12.950330094433316
678,12.341547054191386,12.35444846339804,12.354335475724282,12.37805306312443,12.459572787351492,12.373311042785645,12.404252879369809
679,12.007658867163437,11.996952098831741,11.996995493866738,12.014403769581715,11.985512782265593,11.99454402923584,11.968339901528054
680,12.445809842948346,12.4513338968163,12.451526592317402,12.421930681969423,12.414877162236843,12.452056884765625,12.455597573658899
681,12.838824686858576,12.84109524877853,12.841330467594135,12.8406851036562,12.83921694142086,12.818304061889648,12.832055591606029
682,12.50427701583002,12.515670305544388,12.515693158648146,12.383369196267164,12.408208839835094,12.500844955444336,12.484236890579565
683,11.978108461530859,11.960822450137867,11.96135108986156,11.92291779627667,12.012847656552498,11.955090522766113,11.932599425668215
684,12.292061718481271,12.293529965379202,12.293323108317388,12.267302420067864,12.29181204028328,12.271757125854492,12.275830711479525
685,12.58147172054538,12.58871054376812,12.588844454073964,12.340829751129423,12.533337633979373,12.498347282409668,12.507226693568906
686,11.933067954542446,11.936789474089142,11.935489399755303,11.922646142045794,11.906049847989742,11.955535888671875,11.941611907797316
687,12.41419907137534,12.410541881094318,12.411677160326253,12.402400778893131,12.329735498286617,12.367534637451172,12.331230871110886
688,11.824405412308197,11.821874530904799,11.822155836172431,11.851494179827679,11.767534089236444,11.748130798339844,11.698883649782001
689,12.595930796900983,12.614418021765045,12.612561827823232,12.57484575810811,12.569778850179455,12.602752685546875,12.638997757651703
690,12.588772793728888,12.584910196234171,12.585718564577288,12.605562367441733,12.623250110800003,12.596787452697754,12.570095242509579
691,12.091533486695498,12.094635273924295,12.094064259113814,12.02958348224146,12.018916751840788,12.10109806060791,12.124818862309878
692,12.335004850392428,12.341865263599074,12.34073819193334,12.304905804327303,12.301979579513524,12.363311767578125,12.444432783619392
693,12.419202259324289,12.413943956163628,12.414754769975348,12.424774560334974,12.43827345450782,12.427556037902832,12.429567076940375
694,11.87688473301563,11.882816608647742,11.882917136950102,11.885101965295126,11.904086943287446,11.855530738830566,11.890982894509216
695,12.61690624989215,12.60487501559321,12.60626238243472,12.588244809795297,12.667359162455684,12.687427520751953,12.691029928560111
696,12.038996218634749,12.041143390167063,12.040558414188476,12.040856208688611,12.03501483381744,12.023974418640137,12.009501736122472
697,12.502529032327253,12.51035484755141,12.509375000218226,12.493514568186376,12.468712752847178,12.464339256286621,12.464759550167283
698,12.825136311938552,12.819434237898324,12.819482957708718,12.796012541893628,12.942181010894918,12.955204010009766,12.922910064128109
699,11.998214072293813,11.987887043965449,11.988143389653455,11.859128978976077,12.034611671800656,12.052011489868164,12.045561179286981
700,12.553946930393872,12.549257627647364,12.550085067389356,12.557219649405225,12.54136543583255,12.48286247253418,12.46167613427228
701,11.898767051868429,11.889230925019012,11.889080578310022,11.87084137959182,11.919083047783408,11.900653839111328,11.915188374905654
702,12.112044081528005,12.108472966200964,12.108723550168195,12.109532092253886,12.075406709695047,12.095253944396973,12.09327954343515
703,12.291178834515229,12.288899794882104,12.289083980522555,12.234564380906448,12.263086080980653,12.286821365356445,12.277800181194724
704,12.477383911241686,12.470581232568204,12.470737899713095,12.498036552199633,12.394187533309188,12.504953384399414,12.4386940366641
705,12.187445789258822,12.189233024845578,12.188885072410606,12.197103924503171,12.173461868828431,12.186661720275879,12.182768043846623
706,12.1607578623334,12.167549056393586,12.166778436258943,12.139182460382886,12.212943410242152,12.202795028686523,12.197014624411908
707,12.069870789866066,12.072988749959613,12.072996254705796,12.051089752811441,12.019346746731644,12.024242401123047,12.020919501952081
708,12.720427941554112,12.726369764108338,12.72634310183427,12.73988741165779,12.795173322463055,12.78372859954834,12.849999967949046
709,12.168864201036701,12.169168589214513,12.169014745666088,12.147127988232919,12.168414859244725,12.142786026000977,12.14494672265468
710,11.945737917658551,11.931494164231468,11.932414517916863,11.800175460280489,11.899522754338731,11.915329933166504,11.94314020365601
711,12.27985357617812,12.277760080585319,12.27877459636053,12.241738351923003,12.216981915022265,12.129631042480469,12.170064470300396
712,12.553682441135432,12.544773391847817,12.545242610626655,12.539676991084592,12.572954195420069,12.518653869628906,12.528013537727391
713,12.434172015711967,12.419020113148,12.419562027403547,12.423786548625829,12.405687300500974,12.369998931884766,12.39379712437766
714,11.850095014913864,11.900638575915911,11.900167443297708,11.862230040401958,11.971477051954674,11.940600395202637,11.90309778315793
715,12.155257163041192,12.165353333695485,12.164842829531219,12.124350925321595,12.164329651986883,12.138975143432617,12.150935893261005
716,12.022974022676065,12.009686797460171,12.010131330195948,11.98858415655068,12.092878849501282,12.050973892211914,12.101148866827053
717,12.306872150711394,12.316222067446365,12.315860992820882,12.325442892529278,12.310535454805654,12.311063766479492,12.33813549893141
718,12.031638564318209,12.05387565238208,12.05121351265194,11.996057054215374,11.982718131817903,12.073588371276855,12.04693242985545
719,12.65619085341142,12.656919926714403,12.656612630014191,12.683630820326243,12.67492040283702,12.68791675567627,12.718131337650185
720,12.344144402379536,12.346368413988072,12.346472150402198,12.315786317273595,12.297305738455734,12.32352352142334,12.311126899903858
721,11.78219061908621,11.782668683987183,11.782921571232594,11.797681093484782,11.790914660245347,11.806051254272461,11.7726349726388
722,11.951214954497855,11.949701344673281,11.949563861803925,11.981379204353459,12.057251589541355,12.007987976074219,12.037265035615665
723,12.41001685210513,12.41464320678252,12.414693344838362,12.365887634626406,12.3492897222687,12.347033500671387,12.360151406411203
724,11.991359613871198,12.007813598158757,12.00738222787163,12.00466524780861,12.024088205249567,12.035736083984375,12.054832042481259
725,11.912198433400714,11.924264326964778,11.92288269440913,11.942026299563096,12.00145123152327,12.009397506713867,11.981168405893694
726,12.077537265510728,12.089247545292782,12.087948162129917,12.10180907544653,12.128499079976388,12.118433952331543,12.150917153681311
727,11.97708547930698,11.97815890694245,11.977520894277761,12.014387530780386,12.060300704822534,12.059379577636719,11.985119689777934
728,11.907842393687165,11.898835909136627,11.899515045064806,11.867493890092188,11.887453183472829,11.912384033203125,11.905615539765776
729,12.726880975862374,12.725120629255997,12.725524323164896,12.710830852998873,12.767419059578573,12.795795440673828,12.761130218907063
730,11.931254172515512,11.936967186044852,11.936341920711204,11.963626721647735,11.956091526501009,11.986516952514648,11.96619197479629
731,12.405886801821861,12.405446932469433,12.405269867839,12.425278872300954,12.334393809032779,12.310629844665527,12.354102828099967
732,11.665894855655823,11.660411134851657,11.660494966016193,11.662343281940203,11.657747284376306,11.598388671875,11.607071309204521
733,12.362438462999052,12.367994696047951,12.36755708539647,12.343745908860896,12.39364199351423,12.382633209228516,12.416173583342584
734,12.431787205889494,12.444192344469837,12.443150110305748,12.503012986399888,12.408260118760026,12.365288734436035,12.358263094734177
735,12.044651903272142,12.052805367366094,12.051581541261438,12.041458198600543,11.999268336446525,12.025551795959473,12.030445555081732
736,12.052394899462742,12.054451147108086,12.053634430887971,12.116730533519652,12.023801128814663,12.114293098449707,12.075169934222615
737,11.5919312115118,11.610698761185047,11.608343077987449,11.676721142800128,11.651155032691872,11.647676467895508,11.641961069932321
738,12.6874609978649,12.67916699555047,12.67957550331139,12.721655327989598,12.708028745947104,12.707755088806152,12.698183455828461
739,12.285202268265706,12.286475271856713,12.28674042741137,12.279592135997717,12.249424070352147,12.309224128723145,12.244447207459249
740,12.039274706819835,12.045334821998651,12.045277331172581,12.000806217889266,12.09660346962087,12.088115692138672,12.082209642791282
741,12.487349902150171,12.489307138840907,12.489193957738667,12.508553716969427,12.428411325944419,12.434066772460938,12.436014921624713
742,12.535646362229308,12.532824042727167,12.53303029991595,12.40706720708224,12.621680995345269,12.428642272949219,12.506084294303248
743,12.067702095900792,12.067937875337314,12.066857983337236,12.091018320014198,12.203489423989668,12.258296012878418,12.251203854228246
744,12.23782676086809,12.246999245007583,12.246393495596157,12.23305726194575,12.160461072761413,12.203130722045898,12.24925831166755
745,12.528813499021584,12.525373054827984,12.52572934127166,12.542248725729117,12.508743911442263,12.507129669189453,12.510490707289033
746,12.865388348897547,12.859209024376927,12.860496108268443,12.851375118462203,12.874663511942803,12.890758514404297,12.874800838956682
747,12.034578749440994,12.039017829265019,12.038988244080725,12.010371551734131,12.020464143964942,12.06188678741455,12.049701851286816
748,12.27358891699984,12.268632753335854,12.269141949017671,12.259886210962911,12.260069342106425,12.258820533752441,12.246058255498692
749,12.20819043158379,12.206915667928936,12.20686037255847,12.201347560668392,12.2060675743063,12.21265983581543,12.17090303924596
750,11.873922132373393,11.874977940487321,11.875117214103312,11.951175132338152,11.962330439361494,11.898528099060059,11.926076786130519
751,12.160024522285635,12.178629277547907,12.176958965066197,12.02750060475021,12.179962067525784,12.060295104980469,12.18243191210771
752,12.013951627808128,12.019515363560993,12.019843613902566,12.00061414511619,11.9769709883041,12.013089179992676,12.004977365323061
753,12.208576058218048,12.20707729733949,12.206823536830484,12.213055592032937,12.242098955933624,12.282920837402344,12.300711906682787
754,12.057830189087356,12.056229147942544,12.057339401917334,12.101820881584414,12.039964879497205,12.07468318939209,12.083216049225005
755,12.164137566083019,12.158457684928445,12.160097433031725,12.20793600675395,12.064380236843396,12.128722190856934,12.0918294498909
756,11.857323370179127,11.875751147280674,11.87375329957581,11.895603932282775,11.925804020456265,11.94194221496582,11.941404437100928
757,12.443665900120035,12.444811281200248,12.445058213775898,12.44302738487624,12.512883511343354,12.485200881958008,12.474500886439396
758,12.365676292859831,12.3664732855705,12.366685527518579,12.37059579921221,12.349710410959855,12.31610107421875,12.32603132789002
759,12.327091078556569,12.32134921397492,12.32176912326024,12.309177991409225,12.280109436843656,12.28020191192627,12.280825646849538
760,12.310098694488001,12.307050951745031,12.307830462201741,12.29723899242214,12.281750451805284,12.306160926818848,12.30320543966701
761,12.27481146471752,12.286251558615296,12.285454917690828,12.267868462809245,12.275149045997233,12.260382652282715,12.305561423392167
762,12.300046646644185,12.28965074265933,12.29165590966726,12.298772009475808,12.304622209130308,12.30260181427002,12.31997570054061
763,12.326801085085291,12.327114522548358,12.327171223700386,12.318960040568223,12.317582987551377,12.324801445007324,12.315033978484305
764,11.834593836082062,11.849852024687932,11.849142828170704,11.796784265337642,11.878060688734639,11.918682098388672,11.872122332040389
765,12.373257968499766,12.386623062783737,12.385090300807452,12.432786899077996,12.361250200998699,12.3855562210083,12.310476308666752
766,11.647443926241516,11.67288470871828,11.671927845480832,11.621733536083617,11.688972350211372,11.615334510803223,11.565646990185737
767,12.104504121433319,12.09902801825902,12.099681525867021,12.1019419934336,12.089506667716813,12.067076683044434,12.077975428052598
768,12.537038865729372,12.535357771888767,12.535056133613033,12.550871707760242,12.587375375533362,12.526860237121582,12.56695360875421
769,12.000933677843907,12.008155449594778,12.006495545186679,11.98257249838129,11.967811116638813,12.01713752746582,12.000474993364243
770,11.963819407818484,11.963564516217172,11.963794666338634,11.99375584616557,12.03517379233093,12.0502347946167,12.03103977123465
771,11.810440115260874,11.800075942498129,11.801853253074261,11.800720926007964,11.742064478625572,11.728129386901855,11.739397776245179
772,12.629752335547224,12.618995092406992,12.620022938321345,12.630825069072127,12.561240358137054,12.537725448608398,12.587685197147334
773,11.985033996298986,11.983955227611737,11.983558013206093,12.071945088090981,11.97349015017061,11.990335464477539,11.991715656040505
774,11.98777018653378,11.99306653394451,11.99173875356844,12.038803217335154,11.977222463044626,11.990196228027344,11.97025244194316
775,12.24223452694733,12.227103020936493,12.22924677874078,12.106917781462775,12.233758004958606,12.223283767700195,12.25110520267155
776,12.134045535257584,12.145458310244322,12.144694904825112,12.167164913266861,12.148217429023024,12.162786483764648,12.17440670282125
777,11.975679710584398,11.974996294782688,11.97514048466686,11.949868294752825,11.901615909191838,11.908175468444824,11.944116179520135
778,11.68117775368276,11.672453380211902,11.671163755400999,11.708060936214665,11.829608149291396,11.70023250579834,11.69083184724568
779,12.747545368571007,12.743411981304789,12.74383471261198,12.774075746529792,12.821726076278098,12.845602989196777,12.765156057335458
780,12.163980227499747,12.172176404564555,12.172135601758814,12.199107417924743,12.234460662746875,12.201470375061035,12.20713119243041
781,12.569360681684119,12.56769320478316,12.567930840124113,12.576075107748396,12.503237261182864,12.556304931640625,12.529341234733652
782,11.931082474184889,11.941059915471936,11.939993312253828,11.95794861284815,11.97882813414638,11.99017333984375,11.991825221233851
783,12.203142709966503,12.199973069494604,12.200164103227971,12.060690512896565,12.217340567266316,12.223494529724121,12.215072088878866
784,12.016514790752916,12.027703780018495,12.027076669579047,12.061155106921134,12.03544883635759,12.047040939331055,12.046205662053966
785,11.887324733872369,11.882804572852221,11.881868084268248,12.22284623858481,11.844554938949292,11.9109468460083,11.89862554951018
786,11.451640719895186,11.441110307871735,11.441554257360128,11.464558655428682,11.54971437383257,11.451428413391113,11.536436552102035
787,12.276784049361204,12.276010060152286,12.275940348501031,12.231738971840349,12.228639901216516,12.263483047485352,12.255992910335817
788,11.910622610862493,11.923469522426865,11.923778767578725,11.910337366485727,11.998313910508674,12.018486022949219,12.002492492182968
789,11.783901147995445,11.785959309667739,11.785659435491896,11.760383817029894,11.827974208632346,11.76846694946289,11.753602980653847
790,11.936991744581814,11.93616181645187,11.935534302253279,11.939009730661436,11.864691445085485,11.837748527526855,11.831220184161673
791,12.012658746181211,12.025781085757083,12.022632134068704,12.044912370354481,12.05626847509851,12.041844367980957,12.072894558342684
792,12.148515205817882,12.154417681955486,12.154101747801986,12.136073421111728,12.124986236215884,12.096466064453125,12.11462776525684
793,11.819515675911523,11.822745791035366,11.822996295826888,11.887677218065868,11.688996760486571,11.686079025268555,11.615700910126856
794,11.805148595332021,11.81095131535935,11.810100144337246,11.869115214955135,11.819506398207372,11.772273063659668,11.768123427852117
795,11.848272446994311,11.835653021377873,11.835584335663924,11.915430927753356,11.947667175185847,11.923348426818848,11.877787774441884
796,12.127762586965764,12.117419867995984,12.117480563764818,12.128328814127343,12.204582239365024,12.211729049682617,12.216128217429917
797,12.210830713790486,12.187989463952007,12.190546235067439,12.246274456798659,12.260487888194122,12.275055885314941,12.26263253764096
798,12.924033544674597,12.921110745305862,12.921762418546297,12.882336498168959,12.92627599343989,12.913618087768555,12.96030354925513
799,12.701689715684536,12.7167204376417,12.71564935023981,12.699904468769219,12.619347129833871,12.675370216369629,12.638641689578424
800,12.660210230002331,12.659281669049674,12.65930808166943,12.644384594531536,12.696220933102353,12.734936714172363,12.763373482165987
801,11.899936353995356,11.913366595722781,11.911028202335093,12.052458018993683,11.919138444008922,11.864211082458496,11.843397638415762
802,12.406742360937994,12.37729748902517,12.380145639364722,12.375572377845922,12.327905343771587,12.30491828918457,12.294486423737446
803,12.235560213732247,12.23260813717019,12.232947908888164,12.228351930692634,12.273402721150283,12.273853302001953,12.243129418019578
804,12.5715913003081,12.580206030491556,12.580131617847547,12.524320435123993,12.451551819685102,12.451372146606445,12.45951233987622
805,11.776851846150292,11.776772243374056,11.777206073193234,11.807336990841595,11.812826145198976,11.746302604675293,11.744871270408536
806,12.025631192051497,12.024165953375006,12.022549297869261,12.040407955455425,12.07520289066182,12.094645500183105,12.107926001732952
807,12.515028634574414,12.521220540152209,12.521092004098497,12.551838352427692,12.535903429664144,12.590668678283691,12.559832469207898
808,11.87817740782974,11.888166649843804,11.887928612891663,11.91627862733526,11.892042487289604,11.862576484680176,11.884668104444835
809,12.006045374517518,12.022553076625274,12.019118847341655,12.003915072151536,12.03333643580884,12.028526306152344,11.978831276597218
810,11.927478371138344,11.92430622615198,11.923425124730331,11.971929351880505,12.043350807634456,11.993611335754395,11.99876652261616
811,11.977091736104125,11.980303665609975,11.979643680099759,11.97940393145625,12.022768817535722,12.018685340881348,12.028858432881702
812,12.454016303323925,12.451993011167675,12.45287955761314,12.424058909225543,12.437316669521339,12.437333106994629,12.459174260731709
813,11.873173194764316,11.879769792295399,11.878941377989321,11.8809914924433,11.880128396614744,11.844086647033691,11.838624977146027
814,12.178591675710443,12.18495337124905,12.184082603777059,12.191564706409164,12.235479198804976,12.20303726196289,12.193419474191804
815,11.87563187809795,11.871567413834201,11.87162968439356,11.860059663635425,11.92897501737479,11.928725242614746,11.8977925495436
816,12.102079416870852,12.100447944118752,12.101203320017037,12.014391720485039,12.08334238510087,12.08447551727295,12.080552207694017
817,12.319076155026378,12.312139623205667,12.313187399357739,12.26655371353258,12.272891989505023,12.286293029785156,12.275250773257008
818,12.487736815619346,12.485426764920923,12.486911449503618,12.46408891442733,12.381963983048731,12.410139083862305,12.455561971980229
819,11.963680529063787,11.9611618941497,11.96203056866963,11.942765812539609,12.0387902853214,11.997895240783691,11.988369122094094
820,12.11335738487257,12.127574091533806,12.126993322298501,12.104862019311838,12.16462744071809,12.188885688781738,12.17504489288449
821,11.992950235297513,11.987354492744767,11.987850625387845,12.132136015950934,12.04598663559358,12.003633499145508,12.001265578206572
822,12.281791291853619,12.265022807453455,12.265343818115376,12.283109445551768,12.256962265194735,12.248480796813965,12.265636418094127
823,12.066179407107612,12.060760775791072,12.06298186617446,12.072353473116983,12.106864380836189,12.096261024475098,12.122412210965006
824,12.387147023218667,12.390268148919645,12.390284110747945,12.39633968606978,12.27977286960198,12.377603530883789,12.332897025410853
825,11.811427915919404,11.822495950415163,11.821176817760715,11.788088027281443,11.947426499191817,11.894413948059082,11.954664233616066
826,11.462643646962283,11.469151904302471,11.466795606491583,11.508277665618026,11.564712614583412,11.542414665222168,11.584400377703156
827,12.54219488188784,12.540363297783058,12.54082876892328,12.526224361894045,12.497355857308799,12.557953834533691,12.523170159384183
828,11.816091200484452,11.795305080006623,11.798938255949162,11.739672298219237,11.650910282649773,11.58627700805664,11.566018276672184
829,12.113393763990322,12.09536977259987,12.09586016096685,12.137362370732053,12.131808224164601,12.087066650390625,12.124001828817578
830,11.993267799345954,11.995684627547536,11.995509920518906,12.018681985961141,11.983806123602434,12.00745964050293,12.004113385509925
831,12.559488868500475,12.570761115875314,12.569265636318699,12.524006620537255,12.56066793336659,12.593487739562988,12.635933174796161
832,11.924960070650169,11.951819504434713,11.948910939513793,12.183170539868103,11.859840482322008,11.877058029174805,11.864074778495446
833,11.61064973588713,11.627180407359637,11.625497411874726,11.786479817280517,11.685834410592488,11.693900108337402,11.63647021413719
834,11.932847301214048,11.937270522772348,11.93641597983247,11.952467830342588,11.951475478184227,11.920856475830078,11.941851735745384
835,12.110364814163397,12.122783327524436,12.121421975316578,12.084744901560486,12.19442127128081,12.169001579284668,12.209308169963416
836,12.276109974706957,12.26751279304302,12.267877879094458,12.229453184475002,12.229959139092223,12.23952865600586,12.23533855383432
837,12.397577386181885,12.396918576121843,12.397029097141262,12.400379152238068,12.398581566492947,12.410820007324219,12.390897140029205
838,12.309215398832558,12.3131206415897,12.31225141591484,12.326057387561233,12.272383493400708,12.271749496459961,12.246082744249145
839,12.015213775204575,12.032359153577506,12.028582254321543,12.107095391109281,12.038503616502194,12.11328411102295,12.122279933485522
840,11.718603366574877,11.730402915675876,11.729115590300257,11.827997150971692,11.774814323948227,11.735790252685547,11.70851848145311
841,12.046412591449599,12.040098318669543,12.040210960609558,12.030061533856111,12.041835533406434,12.035372734069824,12.021069094208553
842,11.701661945438993,11.670720240301101,11.673098686004796,11.649705990158854,11.572429767388499,11.446198463439941,11.4968204423441
843,12.11288052467012,12.12503395940913,12.12356279316794,12.11572257876384,12.112584282481082,12.157553672790527,12.200915858606823
844,11.944834190828944,11.958857788877099,11.95711053248794,11.955144036209786,11.974844325456802,11.978094100952148,11.961268368888897
845,12.032293829986783,12.034803749328663,12.034989469901344,11.994985094645475,11.957599428810548,11.995139122009277,11.966242460774911
846,13.028805051076937,13.019025805819673,13.02070439684047,13.090888944437964,13.126711669187129,13.084012985229492,13.083994822015976
847,12.343881364706354,12.345945030239927,12.345751412867134,12.350681187464774,12.460609922187045,12.379655838012695,12.405546337891373
848,12.416815764306735,12.419185662710582,12.41875946035051,12.082676100919741,12.36441961501201,12.42254638671875,12.403525616731365
849,11.893746502554476,11.913275255849072,11.910576532839396,11.845834410288614,11.898097568687326,11.926209449768066,11.914444091781027
850,11.91798270877929,11.920515418513052,11.921723406937222,11.904987632804907,11.779545287796466,11.790766716003418,11.756656137691074
851,12.112350575080873,12.123385414602232,12.12004305776627,12.054733694732839,12.13509979336303,12.168673515319824,12.192444972856292
852,12.146477599685765,12.131218629213839,12.13383485358053,12.200101432397952,12.061081894384115,12.073785781860352,12.110983343707682
853,12.458080567548087,12.478367863199464,12.476547358374802,12.481423804824942,12.440742593976191,12.465985298156738,12.435156152552846
854,11.432306925744514,11.426219453874845,11.427151572900414,11.678844216974767,11.400641627200452,11.421201705932617,11.447326377599715
855,12.065502752257613,12.065107104681916,12.065138591578418,12.047665134363438,12.038569716343542,12.053739547729492,12.045948803111417
856,12.122992667691568,12.12920448187645,12.128934701292936,12.060472518627964,11.976312617982893,12.074870109558105,12.079236607836785
857,11.948209185873296,11.950078040469998,11.950641071202387,11.980681829297449,11.908809532406298,11.944512367248535,11.97134677046005
858,12.322914705368024,12.315964596420832,12.31620366622877,12.293529717559782,12.241803909361627,12.21717357635498,12.241308771058984
859,12.825195869474726,12.815360398531531,12.815879216428243,12.348124981141776,12.773218752997707,12.75502872467041,12.724040835775115
860,12.44770132722728,12.450388540494163,12.449539529093432,12.428618335551583,12.48070731264714,12.49307632446289,12.467858966513651
861,12.533355487705885,12.53994298201498,12.539074204007228,12.093124873022457,12.352604035931261,12.30201244354248,12.367983506733987
862,12.593865968568407,12.588748938984656,12.58968242672744,12.580099499548506,12.622512867563323,12.550683975219727,12.607429492175692
863,11.726675260097682,11.730364022512886,11.730132176471871,11.729540940494289,11.654942426678588,11.67302131652832,11.616630481964988
864,12.722818261905807,12.73483884668491,12.734759521415583,12.648955422138025,12.606355353713848,12.645611763000488,12.62040048812465
865,12.308794230993016,12.300935188224235,12.301160694894042,12.103376001754219,12.254287263636082,12.250953674316406,12.258766937244589
866,11.730240416928204,11.73496016401329,11.733469458912339,11.827347664740806,11.842299345092046,11.733755111694336,11.731910011897975
867,12.3046696573676,12.309881553039268,12.309807839665378,12.303348956227495,12.286847518351607,12.33162784576416,12.319290412396523
868,12.298409338856287,12.300173872369811,12.299367194148116,12.311697927496201,12.367871629863638,12.284470558166504,12.30016509343384
869,12.31586162153313,12.306977445199326,12.307924814929482,12.251613827912474,12.162024850340151,12.236804008483887,12.225477249812041
870,11.957211761054275,11.965644576198441,11.965254509759385,11.959017041982847,12.000775517190876,12.002532958984375,12.014958173866436
871,12.114383252519293,12.107883745072678,12.108419018485874,12.027900025795587,12.117557626178094,12.161053657531738,12.118176309363093
872,11.994133647612355,12.002496139621774,12.00144949888739,12.010741632657275,12.038374874233181,12.03516674041748,12.042857232905543
873,12.561315576200423,12.556122115402664,12.556987942134137,12.54050403946659,12.531402220881564,12.506486892700195,12.4976962895698
874,11.80517624722919,11.799601639477094,11.799355797859599,11.751751643100636,11.833409203133062,11.828449249267578,11.829120379887682
875,13.081997599913151,13.084622230610785,13.084882325615057,13.095730965877248,13.041366951944955,13.086015701293945,13.145729506020128
876,11.930552029151292,11.928820506824716,11.92854312931075,12.01398921557028,12.012818962231192,11.967740058898926,12.015664577183632
877,12.007911991890833,11.997273382124,11.999104124890037,12.280757409399438,12.093570253969316,12.101886749267578,12.081083724443706
878,11.954058515964148,11.947865498648763,11.947984825831178,11.973682901705072,11.878626068538962,11.869080543518066,11.935989023685332
879,12.11911005089563,12.094134462858602,12.095109068471267,12.093937225609405,12.067496898550761,12.04816722869873,12.037998639118982
880,11.964218349550237,11.973370606827014,11.973452714059825,11.946028740412908,12.008493304974381,11.952081680297852,11.989255990923722
881,12.216121805678709,12.218819316309585,12.218159152564775,12.161346214649674,12.202720429881545,12.182873725891113,12.187342015631364
882,12.098036012808253,12.116850302216806,12.11596343275184,12.124776070357706,12.0555822223387,12.070171356201172,12.092795130880575
883,11.842251552775444,11.841748674706587,11.841366058016948,11.768775021726954,11.89653637731799,11.911028861999512,11.914409050051425
884,12.448910690339774,12.437764484564768,12.438630312172755,12.417718847349725,12.328576746740719,12.31223201751709,12.322769165525726
885,12.346405526181744,12.334472522389223,12.335535343438512,12.334740559820151,12.253506870647302,12.235599517822266,12.256973730093076
886,12.16441310312347,12.1849421646509,12.182696235627416,12.086389891709352,12.16281424871324,12.200530052185059,12.213416399929494
887,13.169957013903087,13.179372714756294,13.179773160392019,13.194007862657429,13.162812268746285,13.079214096069336,13.063283131293378
888,11.717950674802836,11.726179122980945,11.723720569338568,11.668803939115872,11.696322146920004,11.653532981872559,11.635855655093868
889,11.905240746451229,11.917780533995293,11.914005426551535,11.91540217500489,12.024593867718751,12.01327133178711,11.923929567663354
890,12.379901169252546,12.399131483277754,12.396905956118058,12.228462683624358,12.419093561034257,12.488698959350586,12.45907610176548
891,12.5129788645656,12.512861015906536,12.513430021236605,12.492036598217732,12.502952329892093,12.511155128479004,12.50529631684336
892,12.083656080389948,12.079372697574708,12.079919295522462,12.09822441036378,12.04156250981072,12.090367317199707,12.083266830615662
893,11.885186326532727,11.890546947067397,11.89035659175087,12.058392839218444,11.926479431853798,11.917327880859375,11.961453099225777
894,12.319834078435166,12.317358762293756,12.317337186582908,12.310306154387284,12.321258402469082,12.312192916870117,12.346493754918665
895,12.276488744105004,12.275714535074668,12.275963536803856,12.253811110301973,12.240261727727114,12.28431510925293,12.277968643171455
896,11.987118629670638,11.998141842203177,11.997294586888803,12.008338482120104,12.002837442403909,11.97907829284668,11.982139703128617
897,12.097269094608794,12.118691987005903,12.115317918219771,12.054744841132097,12.024104913566978,12.063611030578613,12.097761912337317
898,12.438586154944055,12.436473081941976,12.437134173617249,12.354159805535796,12.391630114197122,12.401093482971191,12.419495995258993
899,11.463602797154147,11.45858520094906,11.458517275292703,11.653873331390054,11.387300918100488,11.398746490478516,11.46881284069505
900,11.978249621462833,11.973977926460641,11.974079636820797,11.929200579652615,11.949160590794442,11.950786590576172,11.922715640452452
901,12.18170360548468,12.18943544749185,12.189051976086272,12.280793602051547,12.23455609733223,12.096545219421387,12.195521710410478
902,11.768729527294894,11.78365887559131,11.781597097858018,11.801504056506184,11.842373577806732,11.858078956604004,11.848707114945057
903,12.608950615188979,12.605349338701775,12.606180393218125,12.608565388349986,12.615409023674012,12.595060348510742,12.59724855210512
904,11.980586293425514,11.962720047583444,11.964069146313294,11.933436486584768,12.090663787021391,12.036142349243164,12.068102756089429
905,12.045561551217686,12.038244007226826,12.03852177718167,12.040315801527056,11.97442957946161,12.001178741455078,11.990191178464327
906,12.668466136284069,12.6819867238573,12.681201210338473,12.671533130687274,12.657038950880088,12.704719543457031,12.635451525516268
907,12.354939994750552,12.342337576763837,12.342279605409,12.327129187428799,12.331403552887398,12.3933687210083,12.363617684447005
908,11.818708800454203,11.824085008591732,11.823617904451588,11.832016128455265,11.934825558174621,11.910770416259766,11.93665591525961
909,12.196106971441752,12.177223312398059,12.179428052739482,12.22508960511489,12.145966495189361,12.137187004089355,12.20012590579301
910,12.731631387105201,12.744903106703353,12.74452274294592,12.721378334935396,12.849499372758283,12.798169136047363,12.776599580602106
911,12.192794478484405,12.190535821214441,12.190127556687548,12.187875190424604,12.197506977095554,12.218581199645996,12.252233407456153
912,12.267876646264988,12.271421698284682,12.270479834948503,12.200975170146204,12.208779081628487,12.184395790100098,12.169581196931798
913,12.230082501077298,12.23681916908082,12.236469135637687,12.218057409135168,12.25895738580624,12.271934509277344,12.242298528029657
914,12.150833286006826,12.141246168145884,12.14200411510883,12.193072042384859,12.111523942221595,12.046246528625488,12.089135070338434
915,11.535022210160667,11.527592694248206,11.526345188801606,11.816110088316865,11.683607127555833,11.575653076171875,11.607612481701903
916,12.766595347507486,12.765582462730892,12.765760890106648,12.78969179902314,12.73262333908016,12.776434898376465,12.803529724245465
917,11.86259545024509,11.86808188438544,11.866728949490897,11.827363708767638,11.85584175111393,11.827987670898438,11.884677154266415
918,12.340028200730318,12.346792691121122,12.345979679424506,12.309493483267811,12.312044168830065,12.329874992370605,12.353635276103416
919,13.012035206119037,13.024600737990234,13.023732015256453,12.776616644257452,12.890568706646745,12.954412460327148,13.008311475821941
920,12.319733509367007,12.32207044969111,12.321729052543427,12.327483062561104,12.341340602537004,12.316136360168457,12.324325968756332
921,12.353881259311752,12.364645602516795,12.363325101161877,12.350209583622453,12.415936086387452,12.409612655639648,12.370204873269117
922,11.971329324932947,11.981287961392015,11.980688372004751,12.076109550441434,11.885967341764411,11.921771049499512,11.865881712763523
923,12.40491512689875,12.400844696647479,12.401093556390093,12.37509974860298,12.397501233212884,12.411914825439453,12.406432484105835
924,12.113293022979414,12.135528699519432,12.135033732898682,12.1285248118491,12.12320159648707,12.117093086242676,12.131819063378522
925,12.436826400482776,12.439651204794338,12.439186501308624,12.414203892670457,12.430159903539748,12.442581176757812,12.439544272644824
926,12.100907647083183,12.097095202734755,12.096667570368181,12.05022117372108,12.169301795784708,12.121134757995605,12.162360857675452
927,12.240755960793638,12.228662868357262,12.230212901673934,12.291810765851398,12.284287640445147,12.257384300231934,12.242117233611747
928,12.470111029046823,12.473539242268444,12.472953075271398,12.448711000141593,12.43636876601398,12.470861434936523,12.487813838420879
929,12.470951398307932,12.471944919538558,12.471978610077192,12.464490767925408,12.427982249096933,12.484586715698242,12.457674758792022
930,12.405064680366284,12.408951844675107,12.40981384508078,12.41830039263052,12.430675047535628,12.379035949707031,12.410667786892994
931,12.05243571854932,12.050933546033997,12.051661863913223,12.073473293717157,11.96106423863815,11.99012279510498,11.966797375262153
932,12.051177048885323,12.049200067725309,12.049729899138706,12.04934436908025,11.989671887844525,11.97232723236084,11.983203144362792
933,11.861636988945364,11.860991113217903,11.861669450402184,11.933802583482747,11.85587515426593,11.944961547851562,11.946051209687628
934,12.498330129983978,12.493840490502539,12.494066192063883,12.46607111920632,12.50220729583978,12.485113143920898,12.475959005746128
935,11.92900385068598,11.930730679273273,11.930302607624096,11.960269463665783,12.081587762529448,12.019301414489746,12.054605870055557
936,11.706222890038468,11.704225840608176,11.70532358547385,11.670265019682487,11.755541301954262,11.763216018676758,11.777472567387857
937,12.774770828023966,12.773462013750876,12.77360723163887,12.77587459124769,12.836736131528191,12.847625732421875,12.840909913274569
938,11.35384651629086,11.347602365167301,11.346675869640261,11.36757875593462,11.26941324144703,11.329697608947754,11.404257769907925
939,12.738430433492605,12.735035889267184,12.73616043289913,12.752472255226197,12.848577259130423,12.834346771240234,12.861441793171748
940,11.843790449665207,11.86420272621981,11.86221296192141,11.898491561381626,11.850192943780016,11.890475273132324,11.890331265679588
941,12.060125861628125,12.046701431336993,12.047068092546898,12.180317429434146,11.943306132635302,11.971435546875,11.983439299880043
942,12.044061149575557,12.034067508667619,12.034105822005461,12.112167033018867,12.013385171942089,11.980652809143066,11.969284973163164
943,12.048983572016136,12.055860309533625,12.055101212035169,12.042565594106218,12.047704971412855,12.093066215515137,12.095454723722366
944,12.153613531405098,12.145455613740708,12.14586486453222,12.162490224738598,12.12251491492483,12.116629600524902,12.171338453569106
945,11.945159779004152,11.929815962584001,11.930897559113776,11.894939680220231,11.922135572401368,11.893112182617188,11.90952974079954
946,12.07670315842446,12.066007451643957,12.066999068798117,12.098702904729913,12.086469718908756,12.062994003295898,12.113798587860934
947,12.426671948353249,12.413351236817457,12.413563939353283,12.437860533225365,12.46788317292008,12.320592880249023,12.395682009747501
948,12.134265429263477,12.147365728682392,12.146296143618523,12.190898764513273,12.074591068299322,12.129014015197754,12.155052632848212
949,11.813109835721063,11.794705457959772,11.794962124612873,11.884115978988902,11.884430680675791,11.92912769317627,11.878254117030407
950,12.303797434442044,12.309369173892375,12.308283138295234,12.169838583969455,12.170312095704963,12.193943977355957,12.195561988303995
951,12.219391196089346,12.212164673584008,12.21348364557018,12.284214440087547,12.224218444728132,12.244956016540527,12.24268932021765
952,12.373603736476051,12.37416795771561,12.374588216189352,12.366610750583364,12.33019494318664,12.36203384399414,12.362101318481967
953,11.9146194047336,11.93442822092243,11.931511336886235,11.96845269665829,11.955416566446244,11.944731712341309,11.984252555887723
954,12.057295877751901,12.066544747260329,12.06572938816303,12.070685930848386,12.031632261708793,11.94705867767334,11.960023483271325
955,11.946801571682405,11.958873620394115,11.957500881348837,11.907213032257161,11.969933802181815,11.965312957763672,12.049493569591489
956,12.002422233862305,12.014534666854479,12.014204504141254,12.046831706332677,12.01148701243171,12.06618881225586,12.083812619039875
957,12.474742400700507,12.475938542150683,12.476398129589477,12.464636118029588,12.499901797000659,12.467140197753906,12.493753677151968
958,12.139824771668833,12.138875674764261,12.13885466133521,12.161934363248454,12.127576344541922,12.129051208496094,12.140766983288751
959,11.519718525569358,11.520169861967243,11.521337681186635,11.532155751429311,11.565811760209561,11.540251731872559,11.496867639759651
960,12.604956739770566,12.609368500514712,12.610107969390453,12.483646500040095,12.569498341562896,12.532516479492188,12.524840843349036
961,12.123046378228489,12.105241019373633,12.105077738775414,12.004068887166905,12.06333724958305,12.048853874206543,12.056131186375065
962,12.183658225330694,12.176347654054737,12.175916270639254,12.371396117513928,12.237398139817513,12.201751708984375,12.235532200467123
963,12.298100583126288,12.298939803382178,12.299000776791214,12.326984519324075,12.324037615174642,12.323328971862793,12.325307459545625
964,12.281322616057222,12.253344609931894,12.255130332776078,12.237394627411485,12.353691673971683,12.404868125915527,12.399238950893118
965,12.437140221005253,12.425981564682656,12.427283949413733,12.45812719885823,12.471833927005296,12.405677795410156,12.446104673836611
966,11.83348585961864,11.82809701862522,11.828994259518637,11.313497397461258,11.878169622311184,11.919482231140137,11.921742904599565
967,11.872342233256061,11.873387786977833,11.873239571109613,11.906612160587235,11.887443840504396,11.91027545928955,11.884923111271158
968,12.200287927034282,12.195178228786713,12.19572479237102,12.231850370628145,12.207780803630618,12.21282958984375,12.185929371826735
969,12.574535677637085,12.582614944652518,12.58257124598194,12.575521994280088,12.569562856732382,12.535594940185547,12.588143566496433
970,12.55186771934645,12.548797637747674,12.549329980839609,12.581335095663075,12.463389722549458,12.504456520080566,12.53051210224323
971,12.122299428065366,12.119388382951408,12.119487722012483,12.074740740596434,12.134293370856266,12.162772178649902,12.141349125638122
972,12.079028281081309,12.083481027740913,12.082538314923344,12.079601373746126,12.070391885818438,12.039770126342773,12.048190484081104
973,11.790854366362003,11.797249265424202,11.796507991252252,11.7798964331154,11.750995178465118,11.72529411315918,11.734357742285688
974,12.00138434235689,11.984691829445955,11.98731874852956,11.995150095764764,11.99742122879689,12.009770393371582,12.006619667641239
975,11.97034490396498,11.971090480707563,11.970395170950374,12.01141146209123,11.924840160267246,11.911934852600098,11.966616275680074
976,12.566375078937897,12.561859387551552,12.562456388104811,12.554112715146896,12.465845688910106,12.505345344543457,12.554841816558145
977,11.912372666844993,11.881393037808163,11.883877455355648,11.855945584411863,11.946508916376079,11.862631797790527,11.87060263029581
978,12.671206373544424,12.674994503654833,12.675346991698833,12.674679669799588,12.603406119280057,12.659646034240723,12.611477298217856
979,12.480456263070542,12.485635153445925,12.48535203302286,12.496402567592174,12.482394307901833,12.484441757202148,12.472207586586771
980,12.355498697470745,12.34083167527867,12.341422385004991,12.320854602361335,12.277531752827205,12.33254623413086,12.355558664913396
981,12.782749069935619,12.768694058479275,12.771466781908577,12.810967302487665,12.737285988247125,12.753334999084473,12.799076682472052
982,12.196958008360316,12.191861690059298,12.192115790779962,12.132811523309822,12.097763848983215,12.11334228515625,12.154447366038639
983,11.946844506475315,11.974855694741999,11.975566445094184,11.954644406526175,11.876480903352874,11.873485565185547,11.875317148370755
984,12.87236770331382,12.870466884063,12.87095465295989,12.993054793393833,12.970408504358248,13.010210990905762,12.96787878770912
985,12.050455568370253,12.061702954904492,12.061840217170692,11.98624136618802,12.039407227801044,12.09698486328125,12.066227536711843
986,11.943321981853964,11.926973811237161,11.926763016613396,12.126020132067664,11.992535872687444,11.98410701751709,11.956183874317185
987,12.240118215858141,12.25655479883782,12.255570865998749,12.24631326978252,12.149752300400584,12.264713287353516,12.200380371336458
988,11.881894962459079,11.881651538242757,11.881542613643385,11.8879981213345,11.871673198681162,11.90417766571045,11.888968505530272
989,13.158827856994849,13.165617489115567,13.16547199003759,12.50086554249149,12.71888729397458,12.712003707885742,12.707652174756833
990,12.45854597625962,12.464818632654513,12.464704500176301,12.42278192446145,12.426183929588833,12.455497741699219,12.464634650440276
991,11.951908674971962,11.947319071395336,11.947449174411034,11.976192476577193,11.935779290191102,11.980042457580566,11.967941448170386
992,12.129216922667542,12.131539258794657,12.132707681015122,12.218351344147468,12.158726398149039,12.119915008544922,12.134033659588688
993,12.390727654753164,12.386778247947179,12.387358916827981,12.313668857565586,12.345137798461542,12.348026275634766,12.362805525666424
994,11.886196392927543,11.89728108205171,11.89608228976307,12.044482368117821,11.885507566448773,11.883238792419434,11.891519566372548
995,12.856190277905725,12.854500510161142,12.854625373965533,12.86531335597217,12.86837379027375,12.861923217773438,12.940253779565001
996,11.934709857228512,11.9321733131961,11.93239973053993,11.934108323087692,11.95822989052242,11.983304023742676,11.989906813026115
997,12.466069462952643,12.466061913132338,12.46672652192185,12.428650505001585,12.483543540302666,12.41265869140625,12.439482449272203
998,11.981347284612518,11.972796436864396,11.974626658296044,11.983043364652705,12.000712759424808,12.008218765258789,12.006203028770909
999,11.774249640560587,11.77943828279188,11.7786447200747,11.749411627472401,11.786261814029082,11.76032829284668,11.77597200048404
1000,12.23105874364382,12.222119901327156,12.222485106365102,12.205426846751834,12.220884608152248,12.19146728515625,12.231553089657611
1001,12.347276224446633,12.346792113473231,12.34631687540602,12.296755469315057,12.273521090653185,12.276590347290039,12.32349449480071
1002,12.544885727642539,12.540781059557435,12.541422820577107,12.546642977905133,12.469283668812645,12.522536277770996,12.499056698217773
1003,12.571960765843846,12.58195552291173,12.581904845869682,12.566757775737921,12.556608126803763,12.592151641845703,12.648333098197877
1004,12.044559525933666,12.044259878047828,12.044751338395944,12.042043213383543,12.055726409981741,12.13093090057373,12.125699083818404
1005,11.899056530266781,11.902255559145338,11.90045774970404,12.09692884518478,11.973466304830046,11.917336463928223,11.925740040695665
1006,11.666376809914759,11.645823950523386,11.647696439574824,11.596877880395684,11.707750234365198,11.686442375183105,11.709306639601879
1007,11.834692406288573,11.834704409680604,11.836038845453785,11.81907240290273,11.834767068194994,11.850854873657227,11.833317033159457
1008,12.53891900439242,12.54075723246239,12.540823558720707,12.53153474749945,12.504547996158085,12.46618938446045,12.441806009443631
1009,11.875007370886982,11.877323392975624,11.875644106678795,12.27546628497062,11.862248889628374,11.912008285522461,11.867243990200176
1010,12.606186397774716,12.615069514226178,12.615023555518386,12.560031023723539,12.346773090920767,12.549903869628906,12.561563605250642
1011,11.625193363058946,11.621830968028906,11.621784911860066,11.594429806076711,11.563908904860401,11.533717155456543,11.554798056769526
1012,12.370732708535254,12.380573130853692,12.379389605363569,12.349646038046364,12.391151464555602,12.351125717163086,12.328457966405308
1013,11.908371202874,11.906417968019866,11.906233217263297,11.967961288160694,11.980404243996617,11.970285415649414,11.981208114581245
1014,11.703882713057341,11.684295913625036,11.686207454108906,11.62369601793825,11.590630153441824,11.569267272949219,11.567749612866928
1015,12.169673457088278,12.163298645849645,12.16266954206147,12.274318532886525,12.148099988244015,12.08211898803711,12.103431693581607
1016,12.246478215660604,12.237700458835654,12.238775056414994,12.225592297242045,12.23059974648687,12.224187850952148,12.22409924819637
1017,12.394663884712216,12.388924322040614,12.389596647768164,12.367357287367764,12.359251656553456,12.354434967041016,12.34347546162364
1018,12.718822368825125,12.723833978727134,12.722984411259693,11.93063006470794,12.67102564620669,12.648728370666504,12.634248597778884
1019,12.131172299326321,12.121234644730615,12.123412879034788,12.199703863920464,12.096265731375281,12.08171558380127,12.088567727632794
1020,12.012986744725756,12.015506507020604,12.014802081657002,12.042664766764304,11.992650194194514,12.002775192260742,12.031312183895459
1021,11.633092107325712,11.61144214289707,11.613480760823808,11.736156713114482,11.643225261301064,11.6025390625,11.53182648955164
1022,12.120167777548977,12.127341564390624,12.126581594589126,12.13272635741343,12.052920058339204,12.04880142211914,12.080237458104698
1023,12.648163342551982,12.647181100872915,12.646865340363961,12.653787611769118,12.681529357340626,12.67813491821289,12.764201376589009
1024,12.485408021445654,12.486597176805686,12.486680319265151,12.469434531060134,12.54877187390776,12.51197624206543,12.508481106111068
1025,12.034790722555355,12.036694199278246,12.036656683267394,12.043408754650482,12.155930374118785,12.133243560791016,12.169940010633258
1026,11.57937612408273,11.58952452160421,11.58887747981027,11.604597543540539,11.640266628238914,11.609222412109375,11.611698927035802
1027,12.596405991926042,12.571925019647777,12.574573457746055,12.553385205120048,12.598951082027673,12.592577934265137,12.572209104678453
1028,12.706891546202792,12.681493655423365,12.686563753564933,12.62858735775884,12.656986532753644,12.632182121276855,12.650160704696397
1029,12.453081687539841,12.465060093437943,12.464688339522189,12.448961997651626,12.347775799706628,12.413786888122559,12.419800749338577
1030,12.271822647189143,12.26307556813263,12.263760537252551,12.288578980590376,12.249256614959787,12.231305122375488,12.230803565435842
1031,12.240700274972644,12.231697383702269,12.232036034299455,12.2156553364489,12.222933848531202,12.271754264831543,12.271384983620685
1032,12.75465424994013,12.741396769106608,12.742794413108287,12.800504436893966,12.819433182682625,12.883136749267578,12.858826603280082
1033,12.749245169286322,12.74703169045754,12.746799242123561,12.767454267835198,12.762730991716905,12.790042877197266,12.87061014466181
1034,12.078607008961615,12.077378243466342,12.077891127007668,12.084355700197111,12.066068835379497,12.05102252960205,12.021103289021754
1035,11.677730105925257,11.686383468458025,11.686367782719278,11.57623441747763,11.566518314062636,11.57597541809082,11.60716676045523
1036,11.80370618964048,11.787004725323873,11.785678295980071,11.788720850391693,11.770844840675826,11.821332931518555,11.877730362503884
1037,12.378569301039535,12.385814745812999,12.38496889560311,12.393095677296262,12.480940310437942,12.496770858764648,12.41550294476576
1038,12.815084173858626,12.80321690906873,12.804394538613353,12.282698288106488,12.768760362458314,12.802628517150879,12.795349193754525
1039,11.997597766599045,11.996133856892982,11.99708693658556,12.010237770743805,12.028062689727859,12.035094261169434,12.029873671504278
1040,11.308548803281337,11.263537766376267,11.265051967149207,11.109062753879687,11.522675892102837,11.456201553344727,11.512310434893084
1041,12.279445186130937,12.285278277827162,12.284282598177276,12.28089737068294,12.258636166450401,12.277087211608887,12.231930104925103
1042,12.427928953777649,12.420248429188655,12.420834328173749,12.413067583469022,12.425262286926133,12.407801628112793,12.422508601476293
1043,11.916712883953306,11.895391791517579,11.898213296077488,11.944394647168181,11.86965761559566,11.860248565673828,11.920538120141547
1044,11.81871262886443,11.821634517846563,11.82166017969711,11.810550141734556,11.898319997364517,11.859539031982422,11.858697230012577
1045,12.493654352045567,12.494022815097651,12.494282397124966,12.537874135379102,12.517527335349996,12.516914367675781,12.470247722623684
1046,11.627968579406152,11.630938887151688,11.631424911615634,11.591390822057777,11.656012178768318,11.635701179504395,11.627678045163595
1047,12.283772694787114,12.27957990581133,12.280083846209854,12.245811489011139,12.339635792895015,12.283695220947266,12.267932786198731
1048,12.302716838180482,12.298979143523052,12.299873177199428,12.313683508776847,12.312825581179991,12.33499526977539,12.306659184573766
1049,12.033542689073444,12.031399776153378,12.030495887781585,12.135133042617454,11.969505576524549,11.98365306854248,11.980428312440827
1050,12.013345049978765,12.00750156060251,12.007594735281858,12.019805538994081,12.01459124905088,12.021111488342285,12.007801897241096
1051,11.880088704710026,11.864477429598692,11.86729614099667,11.844579830723944,11.842975543161078,11.864984512329102,11.862579484853603
1052,12.00083091613525,12.003342410123299,12.002869538452037,12.034102857848744,12.042760071637499,12.035574913024902,12.035082126499649
1053,11.828303881571076,11.837892604804724,11.837103424548383,11.982738552188774,11.86426016614199,11.87173843383789,11.846307169845517
1054,12.013500273137154,12.015325217555512,12.016376180153584,11.92445727627139,11.993098550456624,11.984806060791016,11.919694393383065
1055,11.439801193219061,11.444818765045415,11.445197916796548,11.52950701910558,11.495285790454183,11.43160629272461,11.413239329542106
1056,12.007378383023996,12.00736516490137,12.00718817011191,12.1399853511379,11.957172764151922,11.951129913330078,11.979435028263694
1057,12.338559932201457,12.334278425405676,12.334728073171641,12.904434524288101,12.385860802264586,12.31319808959961,12.34842620473968
1058,12.09747614642184,12.104748617125612,12.104535054123795,12.106699255699224,12.116956529860035,12.120609283447266,12.091574467714286
1059,12.612809729553739,12.608216671026172,12.609335522445797,12.660544121789098,12.544320998141256,12.582825660705566,12.582535872208178
1060,11.931921680003917,11.906184696330415,11.908153932354502,11.9176648636258,12.01322805384206,11.98812198638916,11.939490958403631
1061,12.757020144643322,12.742328874503876,12.742174694401516,12.730698794806205,12.679955161130056,12.814393043518066,12.68807202704518
1062,11.960624189701152,11.97211758888876,11.9695308914815,12.154813076781759,11.947141288419886,12.00865650177002,11.995425060081514
1063,12.949832197646728,12.948148117528824,12.949894176237429,12.954940610354736,12.988651923790407,13.000856399536133,12.976564282897314
1064,12.062133775357513,12.055182507859882,12.05558371836067,12.155649129567855,12.05635757839814,12.091317176818848,12.114644220950428
1065,12.960659301811738,12.95752280512068,12.957665220782477,13.008415921966751,13.082966264366702,13.01379680633545,12.992652998562319
1066,12.104891209844274,12.110066010208765,12.109101869045215,11.823144982849694,12.101507658080516,12.121304512023926,12.147777687686652
1067,12.32599564265369,12.327167809217986,12.326971713020223,12.300849164716434,12.292519320505221,12.287192344665527,12.276988852931554
1068,12.226556816674302,12.23311581932203,12.232005751251258,12.204739018836209,12.207027935027792,12.220417976379395,12.236484269166883
1069,11.97159521803081,12.040305718087877,12.038262850966055,11.631961535621825,11.955811981348933,12.168073654174805,12.227330986487324
1070,12.55117717248829,12.550148118676368,12.550448864977534,12.52864426933037,12.503503722749132,12.5144624710083,12.501631622314768
1071,11.992936741725687,12.000531746455152,11.999807963693458,12.01095754638349,12.014911264383244,12.010522842407227,12.049912101173966
1072,12.449112209366678,12.440033334525591,12.441057806297344,12.444333085743699,12.449109901091122,12.424309730529785,12.435210754369699
1073,12.657564661962455,12.664849791025118,12.664624658142351,12.616566025588721,12.664653811425264,12.74286937713623,12.718257042063586
1074,12.124136108492005,12.125777132666606,12.12590871391657,12.134411024165939,12.091647189294877,12.11075210571289,12.095509143457848
1075,12.090469660987734,12.088978659896267,12.088920302100563,12.029320226498015,12.099244511035455,12.055001258850098,12.058999035591741
1076,12.073269615811236,12.081580266677454,12.081677720670799,12.109099433882216,12.022622796619794,12.078750610351562,12.051811630471638
1077,11.960593754671182,11.968663032112284,11.969815223986911,11.86385077631107,11.958803207571552,11.966497421264648,12.004216752628185
1078,12.317967657783019,12.319345222993688,12.318955079892772,12.291667933933672,12.220516429477344,12.256495475769043,12.293090355761915
1079,12.50288334076753,12.490722482169293,12.491679434512498,12.470490076491712,12.469045185702413,12.429931640625,12.442529412617164
1080,12.062592196232094,12.05441180581228,12.05489026195037,12.062967315781721,12.051055509540198,12.053619384765625,12.039794351217578
1081,11.849522027904486,11.846905381098983,11.846466148767997,11.885505683875355,11.908187861908695,11.91948413848877,11.915419294292727
1082,11.848687141772354,11.856905691693644,11.855697750045827,11.955424987094602,11.866207961391478,11.884302139282227,11.874631211167976
1083,12.623978065811858,12.61564048450909,12.616652509038156,12.85729877386295,12.681756974353545,12.658772468566895,12.63215122817827
1084,12.055013942337547,12.060328258182944,12.059814907545718,12.029403367917332,12.04231687420849,12.012202262878418,12.041134457606944
1085,11.693204980650009,11.68798317372762,11.688320235404552,11.765024444402522,11.686240066845638,11.69932746887207,11.640786246139577
1086,11.75889227436238,11.761412340225645,11.760447241451107,11.763896305673214,11.82886939246566,11.813342094421387,11.846305178119245
1087,12.15725392794044,12.18330392809466,12.181045774025002,12.254529699644873,12.215566641245733,12.191097259521484,12.211498823862723
1088,11.970668915533897,11.979760633738213,11.9770798691297,11.934369971052751,11.946685264502653,11.97594928741455,11.926167006818346
1089,11.943117495166625,11.950131903112878,11.950176859250094,11.892330650234697,11.904940532171251,11.93000316619873,11.928598742892156
1090,12.249181452407624,12.249976060896536,12.249997221580706,12.28476916269791,12.238333438560637,12.247819900512695,12.225747058708889
1091,12.295801632408036,12.295594291372254,12.295669061874786,12.28832161125943,12.269835169976819,12.260672569274902,12.2347518383747
1092,12.032235983083213,12.024445689768257,12.025025264567544,12.126133874597235,12.084503672914794,12.084087371826172,12.070030519565375
1093,11.878610293969214,11.887663274598467,11.88780393107268,11.799067407055748,11.818785454378151,11.860825538635254,11.887406805762529
1094,12.147970533907504,12.147129493575347,12.14719479247159,12.173842018977274,12.118784180884758,12.093737602233887,12.120191307257317
1095,11.786650844076314,11.792462729293174,11.79235287703125,11.780123312822914,11.699295745369174,11.71103286743164,11.716912745004306
1096,12.046325892070596,12.033262038461578,12.033275755019645,12.09667272754093,12.102294940917181,12.091656684875488,12.079436507202827
1097,13.098352439145426,13.0993087203155,13.100050624087155,12.103538902355595,13.009906412311123,13.03101921081543,12.956459925055935
1098,12.124715849055365,12.13229710584686,12.132611420417357,12.1492712395478,12.182981872502786,12.175721168518066,12.182225561821543
1099,12.564893522554216,12.561875257448627,12.561623511362603,12.617515871717757,12.73641633427424,12.665886878967285,12.738127993308265
1100,13.29144479512372,13.279289274898533,13.279774563301158,13.290284772223083,13.30439113009372,13.22708797454834,13.177803619032602
1101,12.013582893392698,12.026510608627296,12.025580870422894,11.959021659635749,12.022410699565599,12.048410415649414,12.065605374327756
1102,12.054356362266947,12.059803747554964,12.059288493280308,12.073890624548664,12.199270822017041,12.204587936401367,12.171586732886919
1103,12.361771508812728,12.360015258645081,12.359763765128363,12.300798513425054,12.288992851694161,12.293722152709961,12.28049944692359
1104,11.729564258889596,11.732013810680224,11.73261287812707,11.772887372905807,11.790727666981827,11.74007797241211,11.758519077696082
1105,12.792903255439539,12.780551164819231,12.782030133196367,12.876369200975338,12.637411060853893,12.733857154846191,12.695146834912958
1106,12.63306723210017,12.615114163271071,12.617482707484966,12.62003897607764,12.615069309568971,12.578218460083008,12.605507874594009
1107,12.2365305380336,12.232990059248362,12.233181698153608,12.24664511046566,12.23108016884785,12.234563827514648,12.230711792755024
1108,11.868152721163039,11.871532575883085,11.871306844905783,11.874925954081235,12.010006449949797,11.969074249267578,11.973845131803534
1109,11.89103275811946,11.902127688683626,11.903037240603117,12.082676595539283,11.980884931132964,11.997869491577148,11.983688703302349
1110,12.3713493580665,12.362312708997369,12.363083561331907,12.35113246888814,12.320923399009592,12.298798561096191,12.309861187640692
1111,11.958316240844656,11.965753453928626,11.965397611873458,12.107217830974696,11.997462121235127,12.036455154418945,12.010597711006104
1112,11.815322358564497,11.827632694042933,11.826299993120637,11.825643324345897,11.882628413506927,11.890192985534668,11.885834006073022
1113,12.348453885829368,12.341248112369595,12.341913372582312,12.361110759217857,12.331886624482049,12.338021278381348,12.358236993630323
1114,11.584710130685176,11.576670913941117,11.575294825957902,11.97771775944901,11.647805497156485,11.633081436157227,11.660668980628985
1115,12.3124603563305,12.305119232151572,12.305853596543209,12.240401718841426,12.234042468112197,12.213493347167969,12.238099850384176
1116,12.146372439444704,12.138670504260528,12.138958439039014,12.178815559741844,12.147088767549281,12.12523078918457,12.135505692703036
1117,11.90649645533049,11.903729596551193,11.903878338469175,12.01638119139834,11.942205425145728,11.911409378051758,11.935445465966545
1118,11.868391820591748,11.88541222348231,11.884967893643907,11.85336821353317,11.890922592361218,11.914389610290527,11.943812887830203
1119,11.9759892125766,11.976021658397684,11.975807814991885,12.085420784629227,11.998081416665713,12.013314247131348,11.989706574976262
1120,12.19640045562919,12.180102223084399,12.181333983085137,12.39328000606055,12.094079419454376,12.075779914855957,12.072684956366276
1121,12.224622374504921,12.220818906160337,12.220846046291392,12.22982926872823,12.216798238013592,12.200396537780762,12.207996999913892
1122,11.73056158324355,11.725793424168181,11.726484087840284,11.729171048005657,11.733493988494278,11.705681800842285,11.665041138593763
1123,12.69362846307993,12.696176237105853,12.696749514425216,12.679904647203763,12.698275063996858,12.711079597473145,12.7006169644487
1124,11.750045684963478,11.76382585295792,11.761346101505994,12.15863258787,11.871594817683544,11.800999641418457,11.83212788799782
1125,12.018265797069002,12.024719884263732,12.022943614493395,12.036088564019854,12.047961296912694,12.0369873046875,12.02429309152552
1126,11.895861049011877,11.900121039706653,11.898548436175139,11.923917827898622,11.820193520485883,11.857226371765137,11.832913500549926
1127,12.373171673564272,12.369353343983475,12.369455681452603,12.397821950662646,12.40522770983019,12.379395484924316,12.374739196061222
1128,12.409295902278863,12.404149426052193,12.404668673331887,12.384540117735787,12.413379147774277,12.312361717224121,12.359013728483296
1129,11.649624416859211,11.650271971740114,11.649874641073339,11.629063346854023,11.574641696868538,11.56809139251709,11.559718709201652
1130,11.998899900179799,12.003698232606062,12.00277693285529,12.066553439588132,11.973173994718081,11.977581977844238,12.0496213397572
1131,12.204535271985462,12.209721519982942,12.208814364711056,12.306633350936114,12.230478688664823,12.234575271606445,12.149028825385713
1132,11.940636624219787,11.942060475218268,11.940924050281419,11.899122057915108,12.000007712162512,11.930644989013672,11.940524814870075
1133,12.005645490094055,11.997075066185822,11.9974160087499,12.118882026298667,12.001141126923446,12.020452499389648,12.000165086288085
1134,11.662162840474178,11.642744840216995,11.6434408646588,12.175312494955614,11.754779220534955,11.728358268737793,11.655320521767996
1135,12.03755590599003,12.038568582666002,12.039265801656391,12.010288134151011,12.03382015449647,12.028331756591797,12.032217841607904
1136,12.74231608864897,12.739502583384349,12.740217751766846,12.413514875480132,12.777272098722497,12.782744407653809,12.807013208561317
1137,12.158715314526056,12.166315485455664,12.166055685803748,12.154325104843934,12.179676198708437,12.200355529785156,12.175735632516078
1138,11.939498355682247,11.946451229994555,11.946010470867458,11.985033249482685,12.013811505387409,12.032792091369629,12.023826535862696
1139,12.166452246247292,12.164397743660183,12.164466753557223,12.160113806630289,12.166709832796906,12.137015342712402,12.1368279659334
1140,11.894052909655427,11.899358431806347,11.899443525055583,11.929440763662534,11.892145119848843,11.923809051513672,11.925551937233232
1141,11.794353953684892,11.7796133764144,11.78041585748306,11.672232932806843,11.688007834475593,11.773420333862305,11.72750222455521
1142,11.821606441857183,11.819830105326421,11.818980750316806,11.768398946992654,11.877202897751804,11.864943504333496,11.88697787090849
1143,12.247027792470945,12.235424683791521,12.236697724120777,12.330545562687147,12.176191915274412,12.19354248046875,12.17997065522664
1144,12.288854463676255,12.283273184161452,12.283556351563002,12.303169931956678,12.265636226102474,12.251997947692871,12.27422452733716
1145,12.031777689536034,12.040629266534703,12.040233080971918,12.021715438094688,12.009506041302592,12.015156745910645,12.039808904207804
1146,11.984449339289084,11.981654367069451,11.981546106958302,11.948735195650599,11.993591239255077,11.96423053741455,11.978880937673738
1147,11.917772046950004,11.908839727703626,11.911331730454831,11.904819890377837,11.906864634406036,11.948323249816895,11.953657750561446
1148,12.620491810219288,12.615728426345317,12.61597988653525,12.570361979728364,12.63462678075764,12.639985084533691,12.597922023012815
1149,12.091301685625764,12.085353706699454,12.086528884950432,12.113309162025555,12.121920479843165,12.065266609191895,12.090711827453458
1150,12.03536199342866,12.039762094859848,12.03953877697692,12.057039910609676,12.026601613636293,12.023882865905762,12.02132175084609
1151,11.989363499149901,11.973833883403731,11.975529853050476,12.018940246568665,11.936927739267896,11.933191299438477,11.966166881457404
1152,12.312305636154058,12.303011014587776,12.303459233219968,12.072775539380068,12.222858144243602,12.244450569152832,12.246748778227923
1153,12.29372236562945,12.315930579832651,12.31427502805703,12.179022162914498,12.271308534430545,12.300444602966309,12.353771069192314
1154,12.82803636104704,12.823880474013107,12.824105770006605,12.838305157044568,12.833630250095423,12.837149620056152,12.832627670327192
1155,12.041807407221864,12.040684253516025,12.04036048656955,12.028877199462455,12.098216778049748,12.092934608459473,12.11997325243186
1156,12.163082854982507,12.160822846972724,12.159755344169781,12.109966660726524,12.224585508523303,12.200113296508789,12.216902620483683
1157,12.855555301660404,12.850006273708415,12.85132948894079,12.826992907708014,12.823886045134234,12.851560592651367,12.868415109614535
1158,11.958867325732797,11.95001328842691,11.950705217082824,11.952810665373937,11.994998995707444,11.983569145202637,11.992404096152757
1159,11.987476770879194,11.99511503016592,11.994391629965001,12.062048769974494,11.962661360970667,11.974547386169434,11.982003249757982
1160,11.732550741019493,11.728032480685199,11.728167899238931,11.874964985973184,11.693023863672469,11.713377952575684,11.677089168432845
1161,11.33730604878686,11.343097557098938,11.342400850365728,11.389409023131199,11.30187032108852,11.322754859924316,11.352159351058319
1162,12.316540597303593,12.319139181669446,12.318857145174206,12.312239799707616,12.260629767078289,12.258561134338379,12.272564278532016
1163,11.30594636284982,11.300567183021242,11.300801815855289,11.55458204430271,11.245563004792608,11.354514122009277,11.404133281368415
1164,12.36804016399895,12.365898889729339,12.366039398386102,12.327016648772009,12.32750191563414,12.311107635498047,12.304435591421568
1165,12.03644521258377,12.042662629307928,12.042862126241387,12.036111644625537,12.032396802536953,12.032382011413574,12.075414363882716
1166,12.310397536752744,12.30638035883638,12.306335708080384,12.260309410127585,12.269820118573179,12.287429809570312,12.282434663089653
1167,12.049386830408698,12.0403413426185,12.040325945481404,12.052360673083559,12.078886155295903,12.075263977050781,12.068548014216312
1168,12.525825833122948,12.527838524645766,12.528009106142608,12.504642528811665,12.509394918502107,12.488947868347168,12.483673702751783
1169,11.868883163833601,11.864000959541528,11.864589610485604,11.877252655904307,11.925634846048542,11.913554191589355,11.93957242797551
1170,12.831683801254663,12.835706585144132,12.836252036443192,12.87124220277639,12.729957277197276,12.879470825195312,12.900661790820909
1171,11.835104020204,11.837863263967526,11.837768585690334,11.886002883289303,11.928398404924828,11.943496704101562,11.859794884470627
1172,11.722467838324093,11.716476807848853,11.716247780524233,11.707385873031502,11.835752407788819,11.75560474395752,11.699364427547927
1173,11.9184782864509,11.916283071938087,11.916255128366966,11.821670117404633,11.937254747216683,12.089692115783691,12.007854525439482
1174,13.168172440797031,13.15206031984424,13.153798244977702,13.135641755818344,13.207391914005868,13.185600280761719,13.14784644452313
1175,12.098789292466233,12.091964065131949,12.09387933422624,12.079425587698928,12.151142785255864,12.140995025634766,12.149057587327164
1176,12.013646118627683,12.030689557231453,12.026936867510898,11.830637517938575,12.03374410765333,12.03554916381836,12.043232608268289
1177,12.376862474584728,12.379344589244138,12.379078409651674,12.346688335449064,12.363286624514677,12.340588569641113,12.377840412042485
1178,12.281629049103932,12.279504979807383,12.279402308171576,12.238372712206804,12.233035053482913,12.233550071716309,12.251925434060064
1179,12.048262061936912,12.056024230007848,12.053606007325332,12.052761904295084,12.058098171915933,12.059623718261719,12.05191932267117
1180,11.985880226578516,11.989847333511625,11.989223542907025,11.860028871270211,12.00640982392702,11.986165046691895,12.024342938912344
1181,12.656012085095245,12.651048033571985,12.651607769354731,12.658746656162064,12.563777384306688,12.555841445922852,12.56301222640642
1182,12.258845637028513,12.253411473947278,12.253440367799172,12.224354747621403,12.28100986279824,12.257343292236328,12.304626223449286
1183,12.418367530090977,12.409411074635493,12.410423449615921,12.41680497710562,12.370329687534555,12.323138236999512,12.35723070235456
1184,12.035549070813694,12.042336673981687,12.041894497618602,12.06945394669602,12.086981362158635,12.029117584228516,11.990543149574854
1185,12.273758215698718,12.282766499693984,12.282839623484033,12.262738336165476,12.217330471252652,12.184141159057617,12.208176622550324
1186,12.026061678250635,12.019526232670009,12.020094070720928,12.102580713162586,12.073102679275264,12.034353256225586,12.054195362153576
1187,11.7777524986518,11.752533000882519,11.75381641676725,11.740338815714086,11.694824046805184,11.785231590270996,11.690621542271566
1188,12.055207387284394,12.041104588848144,12.041140681348109,12.076279338712952,12.192352320820708,12.164572715759277,12.183187317189985
1189,12.22246473584561,12.221925154346891,12.222392802095069,12.225421630713452,12.226197277807785,12.243821144104004,12.220529735782973
1190,12.414913035208206,12.412150715801351,12.41260412863458,12.449032281794258,12.488273744805099,12.451580047607422,12.469906232961268
1191,11.96373501678376,11.96416202531816,11.96343336774352,11.979714265860327,11.962257256204385,11.993462562561035,11.994501087857554
1192,12.199737546436308,12.186790216664573,12.187246029579672,12.193068987163294,12.216042602011798,12.210053443908691,12.218491851849326
1193,12.766637280125693,12.760332720418916,12.761500861525949,12.77974075063716,12.802522756681835,12.796568870544434,12.842305874439727
1194,12.06961641360169,12.057763370118826,12.05841435214126,12.091001448579153,12.202607260887032,12.18983268737793,12.08185414574483
1195,12.812928671676241,12.815519390012797,12.81619349123115,12.822156475839186,12.821499293270215,12.837512016296387,12.83122776358004
1196,12.31140007452301,12.29407535676045,12.29522499879994,12.323197625988108,12.316696242834706,12.274611473083496,12.310168028939716
1197,11.885389705936525,11.881118440966222,11.88234390135616,11.799122807836433,11.94496592858908,11.932694435119629,11.930666209034975
1198,12.602995325704025,12.594206143767787,12.594598266977513,12.308106073325888,12.657265354938593,12.688196182250977,12.67028460030847
1199,12.002010866972363,11.981890620865281,11.9852749678376,11.62711990981502,11.941840381506596,11.924296379089355,11.962559376093502
1200,11.620717853791284,11.6393271502448,11.636472184241898,11.750671483112146,11.853626322035879,11.843124389648438,11.804184332946917
1201,12.463630745819238,12.458714732211345,12.46052720072651,12.457688619685467,12.408716308160157,12.417037963867188,12.390031936428446
1202,11.901419025542419,11.905148072656964,11.904438682132014,11.948649121509682,11.932488875615697,11.90828800201416,11.942673264092944
1203,12.20214633140314,12.215065874679615,12.213920874989778,12.161945863536824,12.332720238099519,12.364124298095703,12.409987723827525
1204,12.318900122040688,12.318262256793053,12.318413174817252,12.34449497346508,12.348685019863625,12.348523139953613,12.350056256807823
1205,12.485986576092063,12.488687137177164,12.48876721270003,12.473123189753606,12.450533289555867,12.47833251953125,12.473922700074127
1206,11.896388096455029,11.900502997431278,11.899988778770311,11.901523661132877,11.93293343108198,11.966647148132324,11.9850586269235
1207,11.967888002157226,11.96837714746397,11.968224364891428,12.005519613053515,11.973586503292832,11.990511894226074,11.992250531124645
1208,12.57345137215011,12.585736530390843,12.584941887827327,12.13335448386716,12.56397263850091,12.596549034118652,12.579891536156223
1209,12.637472866782046,12.627144368728725,12.628024490788366,12.64662524113112,12.671166415810134,12.70485782623291,12.704595426603799
1210,12.111484825381785,12.100314983385388,12.10147301629138,12.126828968354863,12.112229540752978,12.140089988708496,12.133578881326956
1211,11.859865004352015,11.853885485648778,11.853733403439001,12.030950011511191,11.85736521678076,11.888359069824219,11.921078735499481
1212,12.169982862707347,12.167748775522483,12.167679026069344,12.168525683185354,12.175847877904724,12.189255714416504,12.24369047731668
1213,11.822547874215543,11.810384020607211,11.811913605176533,11.810119286426389,11.823592825088824,11.853507041931152,11.827272822994257
1214,11.808935775457645,11.824437725518905,11.822889066339666,11.882386341078092,11.893147922585369,11.859936714172363,11.859392418681674
1215,11.825473976625377,11.83024204162337,11.83061352083223,12.00624104806421,11.833771111991675,11.838241577148438,11.763866365023
1216,12.66485255033304,12.653201182205704,12.654032218486712,12.689178279843972,12.690588424449821,12.75705623626709,12.75813596400869
1217,12.036436989515433,12.036872164430804,12.03680720496647,12.041813487096551,12.04852599466064,12.06678581237793,12.012165142820072
1218,11.954161559538566,11.938335896901156,11.939962729844673,11.9762228196137,11.878294438983376,11.917167663574219,11.862922253653045
1219,11.745166760364086,11.74438696108249,11.744080322287445,11.729320526215623,11.669523973966328,11.63223934173584,11.651721686345
1220,12.154546967504826,12.146506892703336,12.146671542657895,12.143088159996474,12.114104164817245,12.150189399719238,12.101204892268342
1221,11.864871632851678,11.872094411442077,11.871373204136257,11.887912499264033,11.89864834877389,11.897561073303223,11.872471476259868
1222,12.253522609596837,12.2444222522924,12.245184536813913,12.234424771011378,12.22194051066527,12.235245704650879,12.236401736950201
1223,12.48978874957712,12.487653031275638,12.48752945585933,12.208939517654684,12.51188019817561,12.446367263793945,12.450484858687966
1224,12.808670968007508,12.816511062043665,12.815908119603048,12.792903879949968,12.814870128144742,12.821493148803711,12.844041793508788
1225,11.408075797598274,11.387890590790716,11.38968011955893,11.459907836645558,11.28158321849346,11.272865295410156,11.381186405384609
1226,12.269239063128024,12.271819995658346,12.270146747831635,12.284897356987084,12.200294332933765,12.168322563171387,12.1910188669368
1228,12.023308604729166,11.978373186350508,11.982678319076163,11.967953118514785,11.974048835060493,12.016098976135254,12.000296157600257
1229,11.594234547240525,11.591951800059597,11.591355693511051,11.649073353160865,11.489734698711471,11.419282913208008,11.468163135367567
1230,12.152119799864494,12.14883482264419,12.149932479955824,12.187700740767475,12.162523824263452,12.17349910736084,12.201297209478172
1231,12.035636334497505,12.029085492256906,12.027651920727328,12.162239872832446,12.033889206293567,12.050905227661133,12.08749854169099
1232,12.173188153361513,12.171931163646947,12.171233688522289,12.194145352315003,12.254471231316058,12.238560676574707,12.275215361872744
1233,11.999090506533213,11.982427021495246,11.982589501154138,11.899180722031954,12.050014844881387,12.022296905517578,12.030881376321501
1234,11.731713645438578,11.74586883202806,11.74418996259826,11.760914453707993,11.7315880005958,11.677940368652344,11.69587359504448
1235,11.77881837369227,11.775747065667531,11.775554855848144,11.806988884798407,11.861508236682688,11.8348970413208,11.803393892755649
1236,12.498543626205391,12.505977632409593,12.504885048518563,12.509045788134308,12.502434263943664,12.475739479064941,12.460386158217396
1237,12.199560706593768,12.206147699370836,12.205195342149432,12.17839978375414,12.198785789096794,12.210653305053711,12.191928756540662
1238,13.180049919302743,13.176385589875274,13.178648892850216,12.478070755380323,12.85973425184667,12.754629135131836,12.816276700956886
1239,12.400345267149863,12.402084792360075,12.402320144435247,12.387601360130226,12.257089296881697,12.270423889160156,12.287897646996615
1240,11.866095927940037,11.873366911764617,11.872736556348766,12.026632059513435,11.82798570613974,11.846930503845215,11.845334211078242
1241,12.28987864162981,12.283185616435045,12.283613024677337,12.22626398534866,12.246961728679866,12.226962089538574,12.234169907970724
1242,12.511705290019515,12.51438582390102,12.514668683960643,12.548300763522306,12.558133118444255,12.545390129089355,12.548715694507784
1243,12.123085926332513,12.120379473297204,12.120990872644574,12.134215690786831,12.107613493865745,12.109113693237305,12.075616942328125
1244,11.99392449906759,12.002721299963735,12.002344352565189,11.98785363654831,12.078525827790568,12.081198692321777,12.086009641018174
1245,12.09140121166908,12.107775143725926,12.107396263841327,12.049460587760713,12.064273563595243,12.153493881225586,12.148204069762613
1246,12.191716372664528,12.198021240283248,12.197192026355758,12.236808632941685,12.189149091356619,12.21363353729248,12.228152007025562
1247,12.528927000921811,12.533386291079536,12.533159802287877,12.503619623287017,12.498522225628825,12.5319242477417,12.516036305779634
1248,12.629129914781377,12.628710592569263,12.629060328599849,12.63588556349852,12.625148172108373,12.583427429199219,12.575898060612227
1249,11.917481498340983,11.906994315983653,11.908233608019916,11.960297150580796,11.94629473243454,11.943702697753906,11.934698643095421
1250,12.30400989544988,12.289312978355271,12.289653216310931,12.312650862065375,12.334398066076947,12.280515670776367,12.307962156166328
1251,11.806255209052274,11.788076455719398,11.788774327146754,11.744633756873245,11.799169278626705,11.761210441589355,11.74522933350153
1252,12.12715510137537,12.12147520913452,12.121433136431287,12.085468141020566,12.164572255047059,12.187577247619629,12.204097530786022
1253,12.079701815802188,12.088351537950158,12.087444423993016,12.073598139184604,12.084535359682638,12.097134590148926,12.065983784338398
1254,12.053863717066898,12.060458593453925,12.059832415801601,12.044249904615459,12.028286657226147,12.041065216064453,12.025955047694294
1255,12.725848821632527,12.728854785579212,12.72831744802976,12.729931945756132,12.651219354205177,12.689587593078613,12.698305638718063
1256,12.606310325006033,12.592410416500453,12.593847355466217,12.614390142719722,12.636487429248161,12.586170196533203,12.63555807305907
1257,12.303310998085056,12.305819606718487,12.305278263360753,12.103134442701561,12.218702310711118,12.17273998260498,12.17360083751844
1258,12.460054609877528,12.463170963182264,12.462753871350857,12.469651983590932,12.465702479538352,12.401598930358887,12.451766468348625
1259,12.683757987155797,12.662289397635309,12.664252128609352,12.687995246876357,12.808505537085344,12.766136169433594,12.79916288593945
1260,11.836869808343687,11.806740524615456,11.809809367646167,11.730482032969535,11.850859263205889,11.789616584777832,11.75917800005732
1261,11.844273262361865,11.841150469748522,11.841124954884538,11.863940959395382,11.918331917212733,11.969497680664062,11.916861143241944
1262,13.380146797792456,13.382379391207817,13.38415664292151,13.173415699700158,13.214872687553713,13.194706916809082,13.166032623084442
1263,12.400248847031357,12.393895340426358,12.393790019184587,12.420573890186219,12.536889602553794,12.499245643615723,12.473362706067535
1264,11.944274727659765,11.946467316310603,11.946291522410004,11.960686078861464,11.961385961977005,11.993071556091309,12.004989423579739
1265,11.818061996131936,11.811609120990056,11.812045538860842,11.920500767227473,11.809283743549315,11.847366333007812,11.855593150969366
1266,12.383297453417084,12.33334963408353,12.339669505976296,12.353920372583797,12.362253307576008,12.501303672790527,12.446352531671875
1267,11.819442989457917,11.801543582954809,11.80471062140598,11.775657636728623,11.833849834011813,11.798267364501953,11.784066136100101
1268,12.493322640493744,12.488575896257661,12.489257314146817,12.474609583680776,12.518422021088224,12.514630317687988,12.518369858958796
1269,12.181394834766843,12.179835859402996,12.179939678737188,12.182959202030613,12.22646768507381,12.263795852661133,12.250259981758894
1270,11.977482833041867,11.9786117354481,11.978635549904485,11.985366478882131,12.035816620186797,12.008743286132812,12.014571078840811
1271,12.075011297606258,12.082389447532627,12.080296917653776,12.058752774805093,12.021072301336726,12.08212661743164,12.08025221011145
1272,12.336549332857532,12.348131974060461,12.347289537483634,12.218109487370189,12.31364326752724,12.27182674407959,12.332388930600262
1273,12.502376737795803,12.49850259246148,12.499399271374813,12.50366551009904,12.472933105250489,12.475341796875,12.487848824512458
1274,11.939724900667706,11.936953630174298,11.936912597149258,11.941030309894051,12.00983044558065,12.020279884338379,12.018095850496096
1275,11.77935195321374,11.783647065421839,11.783460783495137,11.774884511558149,11.859479163298152,11.892402648925781,11.89432330980451
1276,12.254442597398478,12.246466478188216,12.246475978471036,12.236551597865464,12.252728760835357,12.257789611816406,12.266769077181356
1277,12.563151378931897,12.56185662255264,12.562573762325572,12.538585853594448,12.514446403448314,12.517242431640625,12.51873464405298
1278,11.389383804718184,11.394145311194684,11.394007761830206,11.35517218901901,11.30351693022321,11.39752197265625,11.459045382193763
1279,12.120564029806253,12.118311486649468,12.118257530929478,12.012565906090183,12.024783243010704,12.134879112243652,12.134535284747919
1280,12.311852693409644,12.308365193664951,12.308886287485636,12.320103182737515,12.30822348150839,12.3011474609375,12.309001394691242
1281,12.076649526851691,12.09254173735165,12.091229186504204,12.675549516034735,12.020849073488726,12.02115535736084,12.01920984556376
1282,11.64821678610693,11.679611378446157,11.674427191839046,11.83130785002171,11.602117544671097,11.708730697631836,11.68988781445227
1283,11.451892925608915,11.48322934618769,11.475932659315976,11.608448799016719,11.601860696879784,11.570868492126465,11.645524358152262
1284,12.396078889380691,12.393070495010207,12.39355645690512,12.363056013197795,12.312816339600817,12.36569595336914,12.316634080297078
1285,13.006373407108708,13.003738147335348,13.003608467179923,12.805164982132444,13.11962340509938,13.063037872314453,13.079066154136859
1286,12.30064061589422,12.288058543359059,12.289195199307319,12.275638451520063,12.245989318827252,12.267422676086426,12.282302338934377
1287,12.227386062178352,12.230615200086381,12.229643338372874,12.195355136069471,12.164701585932061,12.205086708068848,12.191748373985142
1288,12.312487456925815,12.303614349447685,12.304656514674065,12.28202341188633,12.346831147329912,12.344155311584473,12.327530064805252
1289,11.909238681658087,11.949386940675765,11.94946920621215,11.93633138185479,11.915684996087213,11.981016159057617,11.978987688432136
1290,11.354711852475349,11.349318459850224,11.34810115229785,11.480085643763932,11.412194494909789,11.385147094726562,11.458337225774955
1291,12.222243858719068,12.209881156140904,12.21127948496844,12.178326812509477,12.194747519245372,12.216364860534668,12.194313122285273
1292,12.13494096142218,12.140557641680445,12.1402791507667,12.21855561969226,12.127536414384696,12.149457931518555,12.168793812131772
1293,11.867734216525557,11.871230775194217,11.87035870586781,11.878448724028365,11.956091190475801,11.879008293151855,11.901929710353832
1294,12.315146074650649,12.314653431071676,12.314471216724895,12.26833905437029,12.226951925985288,12.238360404968262,12.240015772426375
1295,11.606872980221782,11.640582910213821,11.635527304338346,11.487919868686358,11.600109484127636,11.54808521270752,11.515673491601707
1296,12.89200983416616,12.896496696346857,12.896195866409675,12.895908804930457,12.949594825693161,12.95778751373291,12.940162504353593
1297,12.290711255802949,12.2859177487563,12.286336826551537,12.244109237272776,12.234618537498276,12.226788520812988,12.222543979231114
1298,11.67870076139954,11.720204082873376,11.719709224772709,11.60894992849292,11.636875419434288,11.661825180053711,11.604228840927853
1299,12.532259026630197,12.52951434124017,12.530037082434811,12.516280271136742,12.557900154431113,12.553351402282715,12.53894066928295
1300,12.528885273274556,12.527789986674424,12.527163140498846,12.545431409429987,12.576222223648347,12.463072776794434,12.535084313004843
1301,11.901143277054182,11.901739000550679,11.901534178182846,11.930736671568093,11.937276197617688,11.950867652893066,11.981983606426413
1302,11.914790257937028,11.908728954723315,11.908800801908935,12.0430263742687,11.915384177601005,11.914653778076172,11.925824915501892
1303,11.87328045359834,11.873354095244558,11.872914022200106,11.9027079320627,11.844539809102788,11.863774299621582,11.859974628565697
1304,11.776192097813206,11.775186859526212,11.775115147477504,11.791381223355984,11.683717260835758,11.691667556762695,11.682408993321058
1305,12.004864808325541,11.996196379210812,11.997173770593324,12.031412280054543,12.043714604274241,12.05150318145752,12.076125826592
1306,11.829823041252494,11.833399881604496,11.83382702089285,11.842284606582156,11.81852489091703,11.789325714111328,11.806160389252232
1307,12.554705809732294,12.568966778604686,12.567803387306588,12.544641560045081,12.519352068384661,12.577183723449707,12.527222812320252
1308,11.676133888401118,11.697592185890361,11.695138983086025,11.747816800010682,11.764979814384338,11.826964378356934,11.81308219913876
1309,12.180953656788072,12.185858548560715,12.18482981179193,12.315412959112095,12.157235863401237,12.114792823791504,12.134337432009518
1310,12.352106804980142,12.33394132710912,12.336203219905862,12.085277975824296,12.377416710517393,12.347494125366211,12.347202185056569
1311,12.879998670499393,12.881886728355852,12.88129210899432,12.713959039975597,12.832516414274378,12.810440063476562,12.770601896484898
1312,11.930770946222601,11.91537844737244,11.916652691016377,11.915414520445019,11.969467340826299,11.902101516723633,11.924130431475497
1313,12.11937657224516,12.119343791279352,12.11924304331123,12.122872204215303,12.130597863068852,12.104874610900879,12.093455902367268
1314,12.405130111876298,12.408567748943723,12.408911305944804,12.416986855080745,12.428464590254269,12.36998176574707,12.360637007591238
1315,11.696263830552434,11.71285579303372,11.71246365436353,11.87878701339206,11.689712536899624,11.806816101074219,11.84864191077577
1316,12.119914449316383,12.111144708930283,12.112116140770778,12.131120499483592,12.078678204556505,12.114053726196289,12.093618358312579
1317,12.696446226325127,12.706439128147602,12.703645258513257,12.718147861059743,12.591029351937065,12.643123626708984,12.65374180705501
1318,11.936551477001327,11.946853319441026,11.946091985652473,12.144840073137928,11.957782445427263,11.958206176757812,11.969043768956462
1319,12.101692790237562,12.111614486700896,12.110904075333544,12.170172282831977,12.162225319971261,12.13814640045166,12.163844580525655
1320,11.948915756429725,11.945628843886695,11.945636495592984,11.95843244165466,11.999848687371573,11.988871574401855,11.966405742557372
1321,12.388376582706385,12.385885995365687,12.3857224646373,12.164568268634321,12.452089668546122,12.444518089294434,12.449705793023133
1322,12.142220716893325,12.14312520476264,12.143562213297086,12.028321694973027,12.126705054657593,12.101374626159668,12.130348443832949
1323,11.883033334291337,11.873303539037522,11.873101417473276,11.815292647900144,11.90200570365092,11.926681518554688,11.843716622556927
1324,12.333985069139676,12.333709626370737,12.333341949979769,12.313712596796275,12.308026872695269,12.325493812561035,12.289368396495917
1325,11.839966811560421,11.85139974262022,11.850417571005288,11.827720663220877,11.780207210256306,11.795801162719727,11.811211490571003
1326,12.460696918500645,12.458575631731323,12.459168849117379,12.434114941726632,12.417357287595014,12.47447395324707,12.429640404126818
1327,12.305373064793987,12.322580868175512,12.321175269033048,12.310367741358577,12.337102419748817,12.341325759887695,12.338965395282651
1328,12.457273716471773,12.464503427466928,12.46345280853603,12.435172634903951,12.509813238571232,12.51137924194336,12.517528713473896
1329,11.82186952488148,11.813966741338865,11.815016198598894,11.916383083937523,11.885068849388587,11.887200355529785,11.843328700911258
1330,12.091886756975546,12.087736325672953,12.08836839717923,12.016912285772587,12.045997655058388,12.08399772644043,12.067552346871455
1331,12.465838126302268,12.45186023676135,12.453605947127514,12.506097884532316,12.435239003620644,12.437030792236328,12.436884944927876
1332,13.069727498737697,13.052767721777716,13.05389848090346,13.183095354611757,13.079497601785587,13.059280395507812,13.0201792099797
1333,12.736624472021628,12.72736860225943,12.727807984069752,12.748998680432518,12.870129995241955,12.840497970581055,12.837586650522235
1334,12.011284048285942,12.022368923943615,12.02211651716043,12.04751253166874,12.062183924205803,12.073823928833008,12.081141430442667
1335,12.605672362532024,12.599901920574474,12.600363270866644,12.6248406443005,12.710790548484772,12.677430152893066,12.709725621161834
1336,12.059972107750612,12.062027300806035,12.062878004130466,11.992000592192772,12.074323186757606,12.018170356750488,12.050099381503886
1337,13.05074112018497,13.048270420196184,13.048631266291714,13.054477372088442,13.011418968874779,13.046226501464844,13.066619578423131
1338,11.921960864959171,11.916416336995606,11.916913949432734,11.920957929971838,11.804090198443165,11.68252182006836,11.706012985789664
1339,12.60901654248368,12.600717798820247,12.60208062570971,12.59128103319309,12.539798761295545,12.490791320800781,12.55626842762611
1340,12.45057052569936,12.44652128431882,12.446618466428177,12.417198958077835,12.44139626459071,12.430179595947266,12.420784592939796
1341,12.287668822810659,12.277449099802752,12.27770289926823,12.311656505557856,12.299906255490955,12.332784652709961,12.26584830425987
1342,12.730267281677135,12.72167719120917,12.721778669251382,12.553063245158514,12.79266060253693,12.739333152770996,12.745198814460423
1343,12.035393716021645,12.032711426408763,12.032125388589927,12.086215272804202,12.03127885257441,12.013629913330078,12.02830138530496
1344,12.569115816028745,12.568187571982248,12.568682879641583,12.5356863327643,12.530523748252058,12.553112983703613,12.504892037418726
1345,12.017600963690729,12.018214178603223,12.018050289001941,12.043296491874319,12.061224328770786,12.065077781677246,12.083964690906603
1346,11.80129293693944,11.79631212059736,11.796618662913517,11.80914361085056,11.861909775049435,11.850762367248535,11.868685892543436
1347,11.798446789855893,11.807504347572301,11.806181259720702,11.817300112032466,11.904864870961918,11.896227836608887,11.894383935755554
1348,12.385955933205139,12.369508281256236,12.372315657164311,12.39246479557221,12.238088648313804,12.283378601074219,12.273774881969254
1349,11.757941554172822,11.774129552008585,11.772213285165924,11.69263655959849,11.797501134060868,11.780043601989746,11.74873170546307
1350,12.330719442169432,12.340703344307654,12.33939919748924,12.310390990101137,12.366381377750214,12.392579078674316,12.350620390737834
1351,12.125320748610282,12.127786116971924,12.127661632764843,12.139934530705313,12.13249843037331,12.158007621765137,12.151737044084815
1352,12.494705142246197,12.503226535640435,12.502584438764462,12.474701894860248,12.489032326617886,12.484225273132324,12.474226973320745
1353,12.135119486303422,12.13124997875118,12.13192171262744,12.16594406236476,12.182254774566283,12.182778358459473,12.18605272098893
1354,12.269044407772313,12.263590267323055,12.26375696608162,12.105882515949068,12.254543668178563,12.270752906799316,12.292517678986046
1355,12.23895736102534,12.243489915638675,12.243237682437247,12.250762715218713,12.313629724394541,12.292015075683594,12.26461226817414
1356,12.356654763382684,12.364491621648215,12.36329536230801,12.43338531966104,12.404371488690407,12.394139289855957,12.473944354694094
1357,12.415635697011815,12.40935339788204,12.409357947006132,12.41509062041439,12.428430765528782,12.411264419555664,12.397841850748625
1358,11.556052450930482,11.546898092378347,11.546903227926366,11.767550579470162,11.693897851741236,11.68574047088623,11.680406390591505
1359,12.10747244622477,12.09467696463674,12.096425605177384,12.116271407795015,12.111105884362296,12.068394660949707,12.082379028979915
1360,12.004316736085633,12.008021200854262,12.00744366408762,12.02930041986986,12.10467005750949,12.016422271728516,11.978639083498047
1361,11.689470245222644,11.691480747345377,11.692062703116282,11.660934839000904,11.604807136087643,11.62649917602539,11.6212792102096
1362,12.947734054211825,12.962890357621188,12.96334237029766,12.982797828987964,13.028598662238283,12.97209644317627,12.992534239514132
1363,11.692641932136194,11.690198033485165,11.69066712254047,11.61548229910041,11.572517035230417,11.679821014404297,11.64463565107903
1364,12.638452093024913,12.61965209606553,12.621089984924705,12.211950112554222,12.631395661452025,12.610214233398438,12.64531323231878
1365,11.90659444511528,11.937631858403751,11.937060983024933,12.059742140055777,11.92141301893285,11.92657470703125,11.924878049599263
1366,12.03610472428629,12.027688597018269,12.028480184695109,12.104806270965408,12.102123204922636,12.08777904510498,12.051319143841916
1367,12.08546859143406,12.08712558987695,12.087287117273197,11.953640237591339,12.154402239816763,12.204370498657227,12.203503416021762
1368,11.77487520468129,11.77183821976358,11.772082946126968,11.65161848671711,11.829202665002056,11.835991859436035,11.884074429106184
1369,12.631041006026454,12.628708813825575,12.629072219954121,12.656583163453154,12.702154851406839,12.739994049072266,12.706891815563184
1370,11.632479749242716,11.6213110263136,11.622254963231232,11.657994642116822,11.60211083285584,11.524588584899902,11.495996184672336
1371,12.307301222371711,12.31583510897262,12.315156923467507,12.291483522409541,12.312362198822195,12.304281234741211,12.297431368829379
1372,12.427951609845751,12.433081164128044,12.43356983022939,12.225656453277299,12.357308902735731,12.370622634887695,12.385315166283217
1373,12.114079970987666,12.105835249144635,12.107222073269256,12.091678405885464,12.05839768060556,12.034219741821289,12.065518260981111
1374,12.549391591588153,12.542143414806446,12.545237455628545,12.608958577614061,12.515537862335206,12.513997077941895,12.539587788885317
1375,11.838052419605273,11.849020268355694,11.847638658626332,11.834777505957433,11.777728978773414,11.771566390991211,11.78210783744134
1376,11.876424546383111,11.866153835849206,11.867910528148784,11.80966044912944,11.886833088421824,11.898407936096191,11.916483990803133
1377,12.47304531571467,12.465404288112335,12.468022747294437,12.460717605659289,12.4498141057554,12.428948402404785,12.392765263429437
1378,11.884657655885743,11.88619636191579,11.885583261043463,12.276536110418359,11.92120323359974,11.890661239624023,11.892904994163594
1379,12.697880746479733,12.708033352837049,12.707266854612852,12.715212455083288,12.752167783735457,12.760503768920898,12.764640977511329
1380,12.570500432405705,12.555442262983917,12.556436469507629,12.591041507600986,12.610866992511617,12.609562873840332,12.549951220684598
1381,12.355252084300052,12.363913525344456,12.363011164078495,12.355496633150478,12.352348272628936,12.342358589172363,12.348465966412418
1382,12.613854547409506,12.615300554085403,12.615216697682609,12.591040541669194,12.596514474525565,12.66989517211914,12.615606408181943
1383,12.043211932491827,12.04011250708187,12.040561088052264,12.02916670681143,12.059924450793257,12.066128730773926,12.036946097607055
1384,12.003449615370403,12.008119061994051,12.007860885000587,12.068015843781383,12.001129394454969,11.987918853759766,12.024609447363233
1385,11.966939460882626,11.96669397056223,11.966343022177899,11.98055905598446,12.040334872945252,12.024473190307617,12.052880702806215
1386,12.376160668739672,12.375814899034973,12.376680890457672,12.350096478880184,12.39903597394569,12.419177055358887,12.422905267934391
1387,12.923486505145155,12.91985729884801,12.92047356977234,12.934704912366788,13.011615353840483,13.011743545532227,13.01245849228969
1388,12.187493457462185,12.195683034537629,12.195631597832225,12.107217021232538,12.238839447130413,12.190325736999512,12.188777324716227
1389,12.469564352102893,12.461721961971254,12.463042559096712,12.47183684364198,12.39737657040518,12.404544830322266,12.400124660671807
1390,11.797300806957287,11.770663740315749,11.772540934820226,11.98559264711272,11.807430900354033,11.796552658081055,11.806815989850957
1391,11.846768278957926,11.856377774694526,11.855329742832609,11.889165516004683,11.877763741006108,11.877175331115723,11.88198614672377
1392,12.215632460986706,12.220129970168122,12.220035292596158,12.260241962928765,12.219592336697577,12.185955047607422,12.192180907922975
1393,12.678109535989758,12.682523767922099,12.682179974147182,12.677776352770906,12.697369213542762,12.737996101379395,12.752813649673525
1394,11.886478878417732,11.897049325167039,11.896051493717048,12.060357830230272,11.930115908631684,11.914769172668457,11.91578511353245
1395,11.7598667233057,11.770197725290107,11.768348438223835,11.756274231601417,11.694649888206369,11.648406028747559,11.584633196162747
1396,11.687962604533892,11.700458469415679,11.69990746121629,11.632858876302574,11.591767392952391,11.706640243530273,11.674406282182478
1397,12.147090193168856,12.160032809741136,12.157793647365871,11.936469338644264,12.00671375295976,12.074345588684082,12.05136754012784
1398,12.051503253949392,12.042414191416066,12.042879835228588,12.106361947912081,12.020542336878696,12.032393455505371,12.088530784874198
1399,12.286654661507576,12.288670775663306,12.288264565910387,12.277736647258312,12.26930468407806,12.266973495483398,12.268789384882792
1400,11.864588368331182,11.883759646496143,11.879675852140513,11.943754948562987,11.866530136313111,11.860761642456055,11.829889782870247
1401,12.040406060093865,12.049282466617631,12.048547524508791,12.024662413493612,12.11235809519974,12.099943161010742,12.129962554548658
1402,12.111826739200858,12.124045474433364,12.122560995593853,12.123825109850241,12.117301081550185,12.133316040039062,12.132171952709704
1403,11.802714221571508,11.801142521886836,11.80176253775966,11.818922019070758,11.818438720775468,11.793989181518555,11.793201611387497
1404,12.383532396344282,12.379484973557561,12.379778276151232,12.415797366667906,12.396642291962813,12.377348899841309,12.387349319468688
1405,12.2467470136329,12.233157018412204,12.234790973472256,12.122307291570896,12.365216137425326,12.244277954101562,12.229710248894115
1406,12.446552001940224,12.454587995442115,12.454079410955494,12.445042959601212,12.36023160586132,12.453617095947266,12.437312673317319
1407,12.065130398054302,12.062220609984356,12.06226370055917,12.057065975784319,12.05320749658609,12.001943588256836,11.966037534388738
1408,12.267088271163171,12.267160550602155,12.268750551623002,12.161639283066963,12.159342553060737,12.219905853271484,12.257832051247629
1409,12.46749270234654,12.465097940265142,12.464705193566648,12.453087121235699,12.472983363269975,12.497915267944336,12.466907098208273
1410,12.402936503139404,12.410810667973836,12.41055152876452,12.440905446146875,12.395937602741899,12.391687393188477,12.37205092858295
1411,11.870976546884387,11.87995827965433,11.879681216733513,11.880121867136276,11.933070268149416,11.96799087524414,11.963879883309996
1412,12.299171328391974,12.286646376632921,12.28697285812625,12.306956154825345,12.285629216442889,12.308927536010742,12.30158412600238
1413,12.275994303187483,12.285928720086321,12.285481815083383,12.22376422962768,12.35477514560048,12.389786720275879,12.39842056571041
1414,12.284052824488427,12.300666431510974,12.299923217370315,12.293105786377376,12.339495019855129,12.354119300842285,12.307972407237537
1415,11.843681943804857,11.839824846125268,11.839140779294933,11.840462523865188,11.872154783287435,11.838130950927734,11.86639362143997
1416,11.743455173647893,11.739699230731725,11.739348652628124,11.857724879604648,11.841653546312601,11.863221168518066,11.813129310638768
1417,11.935307782197572,11.920828169007104,11.921746917068974,12.132756280342743,11.897986979191211,11.913537979125977,11.896619702905793
1418,12.16018899372578,12.161908015789773,12.162129587533403,12.151147238570317,12.167403659166899,12.125925064086914,12.135457147989957
1419,12.051507939085578,12.05466226874957,12.05379028961677,11.995553969525746,12.11595877181519,12.056934356689453,12.049836310164983
1420,12.77960168479887,12.77080316470325,12.771778893387243,12.78644220997382,12.815340087664142,12.788419723510742,12.781050131761306
1421,12.437334885927399,12.438731891229377,12.438700457616637,12.440845615670344,12.451941827633945,12.444439888000488,12.390753461571508
1422,12.376061108349802,12.360716082008924,12.363214395088793,12.203093864104247,12.359323025479643,12.350040435791016,12.336508350226868
1423,11.985315978483635,11.982762526039409,11.982928278593775,12.084192200237435,12.011280675286992,12.006110191345215,11.9941196079293
1424,12.236083885006957,12.226290838607657,12.22716191631987,12.233409967197801,12.218942911189407,12.215936660766602,12.193375105085888
1425,12.037145794135608,12.02948391032114,12.032328945189551,12.043988530135804,12.030532671224554,12.045668601989746,12.07536274162867
1426,11.76012191323003,11.757289451301377,11.75554729845617,11.843699890042032,11.851894470560717,11.917439460754395,11.886443839547761
1427,12.7860190240688,12.797903248672723,12.799012321182463,12.780157683447403,12.73974361256398,12.774643898010254,12.686633346460559
1428,12.502207833623546,12.495996181193284,12.496568140565673,12.479441808556075,12.418086082087934,12.44328498840332,12.424411889670221
1429,11.800313477215024,11.801719555786013,11.801059573755083,11.795734602889933,11.870255160390192,11.859880447387695,11.882897516567256
1430,11.891179609381215,11.890603882329632,11.8920046699014,11.928168039395988,11.933051816901232,11.919931411743164,11.92558254931528
1431,12.320189112923165,12.31839194842076,12.31868341058922,12.133333802163108,12.214429424203143,12.265756607055664,12.24169953100485
1432,12.05268440502837,12.044702736763915,12.04540460112917,12.138707110989845,12.062793668677466,12.086947441101074,12.097026385355525
1433,11.783353209681929,11.782415635880731,11.782355577065607,11.787507856552327,11.80171012087818,11.798026084899902,11.785416831737974
1434,11.432519025868691,11.457071398131488,11.453989823098187,11.467536552857936,11.566881577678812,11.638460159301758,11.638079251857043
1435,11.45400127039585,11.44906571795375,11.448007953549194,12.100164870065889,11.497540302478221,11.431897163391113,11.42497491249953
1436,12.319453376600654,12.322068037350526,12.321663239326838,12.329032794925677,12.312241944434117,12.276302337646484,12.263133434655076
1437,12.79406183467241,12.790071414292468,12.790596276032067,12.825938417109555,12.850885147797472,12.892928123474121,12.888757921113763
1438,12.393698644133163,12.395473949760898,12.394997284428394,12.37754211499978,12.36148499520322,12.327310562133789,12.321062509303353
1439,12.179909956028808,12.188024488621567,12.186331675053166,12.21512170002571,12.16420817796007,12.165849685668945,12.191582018643693
1440,11.875978663372965,11.875367018272028,11.875076040642092,11.93518353401849,11.982797809493746,11.966146469116211,11.983868624197871
1441,12.34312576247854,12.333288838198802,12.333968892631557,12.323549145500552,12.217684111606562,12.256205558776855,12.247768102936483
1442,12.213871560003096,12.202207551785675,12.202204167724972,12.274993813914518,12.2658611087523,12.228501319885254,12.241679165735324
1443,12.262748674643676,12.275498169309044,12.273702599585793,12.306374512167167,12.195764927595077,12.183134078979492,12.17498946756964
1444,12.489012976752468,12.49461447690791,12.494976711536934,12.490507321699297,12.468360185825444,12.456503868103027,12.479380272954165
1445,12.662073794370283,12.644438169291865,12.646750608504753,12.665725377912157,12.776947105315093,12.7896089553833,12.799653825594119
1446,12.27840018867447,12.281249171217427,12.281189803920341,12.292621222306554,12.324164436781881,12.320716857910156,12.376264388350494
1447,12.110836362388453,12.110250500203591,12.109740561183083,12.087923355445753,12.078770651825733,12.104440689086914,12.152085934218338
1448,11.857146534260178,11.857197208289335,11.857218174792079,11.829234528079965,11.96415237170169,12.017848014831543,12.0157725097143
1449,13.656501579408024,13.660308831264157,13.660811616981809,13.621544603462882,13.383500511185499,13.189190864562988,13.170580550270737
1450,12.178312744788586,12.163789180892303,12.165906407954061,12.188462015328168,12.160032374017252,12.1184720993042,12.118957818505336
1451,12.095982218819943,12.085229984653221,12.086506601178993,12.089099124417665,12.11167767202698,12.095940589904785,12.13231813443117
1452,12.534597103091516,12.527599959685094,12.528755754278404,12.503882908122455,12.489484858035945,12.408333778381348,12.457832863499563
1453,11.940015831452449,11.945735767294329,11.944993650619088,12.329741891623431,12.005684753641729,11.991575241088867,11.99019348480691
1454,11.701052043590762,11.687919547270372,11.688572288431226,11.713309596097126,11.750731477267815,11.62968635559082,11.584241078792216
1455,11.885964864313596,11.876285873594478,11.875963342541219,11.908992121910561,11.965325206913088,11.90512466430664,11.856248285273448
1456,12.234283128444817,12.231875218747351,12.231980766468382,12.182389355464345,12.206318621696958,12.240007400512695,12.211940987116913
1457,11.831702429743691,11.836417768909275,11.83568923393114,12.089897004250709,11.869746066603456,11.850961685180664,11.823107941854545
1458,12.349142524557557,12.349558956112347,12.349211123592424,12.323030579956697,12.294350999014243,12.272727012634277,12.304194676175996
1459,12.331002857553669,12.327548386890678,12.328378102028035,12.348085551483917,12.334802762385483,12.350152015686035,12.356589260818287
1460,12.05607460726159,12.062745006614863,12.063041329620729,12.037449827328189,12.106714912167325,12.106447219848633,12.13147829564214
1461,12.122343181749887,12.105508107828577,12.107101946629003,11.584259271017817,12.095294435222797,12.098944664001465,12.075719130194402
1462,11.911072679754536,11.908200488559142,11.909068390413449,11.938591259379315,11.92438426235063,11.946608543395996,11.941999650858218
1463,12.095457633349431,12.080714725180274,12.084029568492092,11.889500158824118,12.07483399801323,12.064225196838379,12.097485172610826
1464,12.277764325685023,12.294178369910274,12.291996260923227,12.305891310060609,12.282649811483916,12.257375717163086,12.242892231845573
1465,12.38258496394068,12.381693910382522,12.381781262837352,12.398041760158844,12.341231378053603,12.368918418884277,12.34368808886339
