Id,ridge,lasso,elasticnet,svr,gbr,xgboost,lightgbm
1,11.914627583624403,11.919250854747045,11.917996044628822,12.022811888591008,11.991297022033994,12.004864692687988,12.016065336856565
2,12.068728651356466,12.061745942931122,12.061512058454417,12.070474051991567,12.030504022706335,11.992327690124512,11.981809908460907
3,11.819056408044823,11.800608677659046,11.802140686459717,12.117260809306082,11.772051778727574,11.740179061889648,11.765425054036195
4,11.889964095270672,11.88977239042429,11.889135403306653,11.932263706999205,11.950401274654839,11.960169792175293,11.938718613369197
5,11.947477396936916,11.962728741591906,11.96119473821379,11.941484548245468,11.870932188723929,11.870344161987305,11.845693557541656
6,12.337306931808348,12.341461742148987,12.34068991835846,12.350996312550285,12.325043604880017,12.364908218383789,12.367919114590231
7,12.201682817529848,12.203087508370404,12.20193705464059,12.097205783183357,12.115334769776304,12.151910781860352,12.188599346305155
8,11.903610829689052,11.918349890241105,11.917106460946469,11.926159404777987,11.934324327531682,11.906167984008789,11.931409019902507
9,12.031253359242971,12.040014449705476,12.038185928212565,12.055879121134085,12.069301785790318,12.046031951904297,12.061195332031241
10,11.955285958770139,11.974436047786888,11.97295469134055,11.984756353861782,12.115749102334139,12.106220245361328,12.069104123313497
11,12.047164159126643,12.071540007814786,12.067794240212358,12.018824626251444,11.95224232990436,11.950685501098633,11.993193366420424
12,12.108069653934836,12.097973224358048,12.098777890224696,12.831938255309488,12.112779528487112,12.108491897583008,12.082220101142132
13,11.870765191224002,11.894054785133777,11.891814334762053,11.949324246282236,11.931727569627485,11.912732124328613,11.90216807521594
14,11.968533906810961,11.966189507876468,11.965299865448605,11.989689110753371,12.006060965205398,11.968924522399902,12.003733790594334
15,11.774612956086427,11.780317694033595,11.779670646997356,12.02988488375515,11.784343003131223,11.798786163330078,11.761915905132692
16,12.23754580855195,12.235770227116282,12.237404002736639,12.197907775334198,12.233827102261818,12.215641975402832,12.21381116613548
17,12.158441843273115,12.166051599577683,12.164599793574562,12.105149543399918,12.109899078396298,12.091317176818848,12.094647919452463
18,12.084337320291628,12.081836832624886,12.083197329505111,12.093558281243336,12.063675714895137,12.046446800231934,12.028758984045782
19,12.257440899000217,12.27233589981571,12.270162072772763,12.253142393618031,12.283383290652843,12.26393985748291,12.277739670565449
20,12.641139037841427,12.635573000568682,12.635971019059783,11.99835739608559,12.638530108894066,12.62104606628418,12.570947620036945
21,12.2001384224254,12.198229201280832,12.198523947250697,12.231248328954395,12.140074148783846,12.158644676208496,12.139385811500238
22,12.094446946889796,12.103422538743077,12.102840907207531,12.24607560259408,12.153164302194575,12.129179954528809,12.14415208784725
23,12.229182341399024,12.214319010284118,12.21643962581097,12.103322763499833,12.243997867826668,12.270718574523926,12.218795701767002
24,12.4647412986306,12.46409651175582,12.463990449316226,12.485200398839508,12.48048256451167,12.48058795928955,12.473893417533004
25,12.545151414217163,12.547542279563608,12.546464079725146,12.090388533740736,12.342327552548145,12.297441482543945,12.252587580587717
26,12.100120020255419,12.115295183740495,12.115129155396998,12.118090383995087,11.966868261694882,12.031688690185547,11.985950790609632
27,12.090250104706064,12.100993357019997,12.098658877455966,12.225610600305671,12.086157988814056,12.166533470153809,12.159879042832415
28,12.596325518594632,12.59284788274272,12.593246360232406,12.587931396594128,12.676342951906868,12.581005096435547,12.559836129982465
29,12.696030543701825,12.691799540837991,12.69483646532276,12.717057410448774,12.52830458368235,12.593938827514648,12.571093355437004
30,12.679375567491935,12.682930594599707,12.682828949020385,12.627087768621388,12.569989307187383,12.592879295349121,12.54071380595441
31,11.953156030343571,11.971479159794551,11.970358622793494,12.106474503291002,11.948183061481306,11.96416187286377,12.01245901587502
32,12.656425241546161,12.66842675831905,12.667289151437055,12.660282228404071,12.585552594431626,12.629632949829102,12.655743949961575
33,12.887006310898812,12.891965961867946,12.891040084129127,12.892663111668561,13.025575025068004,12.981754302978516,13.050125001953102
34,12.166736957949583,12.175847310094277,12.174478597432273,12.088019137824531,12.103536561476101,12.176937103271484,12.258255032423902
35,12.375985639990988,12.378972170080473,12.378816507565581,12.395362876446855,12.36918479660577,12.44821548461914,12.473794610006744
36,12.126920138186536,12.13139335818343,12.131077816646163,12.280881258463785,12.088298599309821,12.134767532348633,12.147339240727097
37,12.130314689907935,12.118859095407613,12.120977348878585,11.947049722670481,12.090190881211285,12.11782455444336,12.123519334605962
38,12.918132845800045,12.915391809306202,12.91575767333647,12.91534896575321,13.01503051432145,12.988236427307129,13.021880034729127
39,12.472240794725234,12.481037774112556,12.480235614801273,12.450370630043537,12.516382069875334,12.505555152893066,12.520002059672748
40,12.178254317272543,12.178433189690384,12.179317781261224,12.123012167622043,12.254468578163957,12.20434284210205,12.240659476849936
41,12.089901960448655,12.096789773789789,12.09408671870188,12.107905993336512,12.09854697171341,12.098896980285645,12.106485198486844
42,12.017532872471893,12.028250800891541,12.025561119241639,12.194145092107087,11.936786873397255,12.056356430053711,12.029706827903613
43,11.953749544162518,11.939861408815087,11.939787430558923,12.079854959150605,11.950238521614551,11.932565689086914,11.955291866789809
44,12.109385285503466,12.114314451826099,12.114085542787967,12.131780704529774,12.139605590848108,12.15303897857666,12.167239978806602
45,12.390614031034637,12.390812380725079,12.390464212026158,12.394786257845244,12.418290589827262,12.41918659210205,12.414375627772534
46,12.752077447764016,12.748233760329477,12.749724365181793,12.74966438299738,12.624158993533293,12.698265075683594,12.70644504011323
47,11.876530190147026,11.886488521925612,11.884445408394386,11.847154580387093,11.79372337946229,11.84785270690918,11.795974640794556
48,11.982810930517712,11.977787448971789,11.978721748689269,11.985086295087214,11.917017599470748,11.907328605651855,11.89027033636112
49,12.010628763830383,12.010591082282406,12.009733050912525,11.90896225762625,12.040828284556763,12.013216018676758,12.056279866016476
50,12.160602816637331,12.165888303807801,12.166884116014032,12.076944066664266,12.09938909870512,12.089353561401367,12.117944962544644
51,12.95071628918382,12.942333346191624,12.9428795709192,12.938713629068676,12.95669262270068,12.953648567199707,12.891781463000443
52,12.336199154289016,12.32801683053085,12.329628380173947,12.3632542533716,12.311629534214978,12.269071578979492,12.301850542397107
53,11.468779207250986,11.472143395261392,11.473959370167103,11.479235334537655,11.569394638927529,11.590079307556152,11.5971548435908
54,12.004001320952918,11.990383003933456,11.989693608185874,12.076233924679068,12.055223440623383,12.018635749816895,12.056418828086981
55,12.08436002365325,12.098690597379797,12.097541555105797,12.059826597347591,12.134304382997803,12.076087951660156,12.098085216602737
56,12.227662380967281,12.230806662230984,12.231017732729313,12.092740144883855,12.234404723357878,12.217843055725098,12.202666721325565
57,12.247286948983838,12.244153045821552,12.244540833024281,12.25453857144111,12.252912864756635,12.244562149047852,12.266448398498273
58,12.473322569321867,12.484429773172456,12.484668721494701,12.45095916193361,12.53578818411843,12.459111213684082,12.49438433085554
59,12.117584391395567,12.130679298446342,12.130267332151245,12.261715806776346,12.191858595005986,12.157219886779785,12.153850735061678
60,12.14352157590765,12.138733649453025,12.139944660973024,12.15521388828708,12.216486976553485,12.244062423706055,12.246119809558275
61,12.073761534891041,12.07881162939082,12.078079795382205,12.041234727243388,12.042946894824965,12.023653984069824,12.031634840215624
62,11.642287301109931,11.664382327257181,11.6616992132136,11.705323061232688,11.74369127581166,11.710570335388184,11.70749657938275
63,12.800250574806633,12.789514594176792,12.789689211415967,12.791906088034704,12.833044205425276,12.873433113098145,12.90059348480939
64,11.961316137021335,11.958357294553013,11.958033635479554,12.002929095958065,12.042653367968647,12.001317977905273,11.987895857468121
65,12.273564136747096,12.28984055197303,12.288390869179883,12.19261980328292,12.34178242920315,12.332103729248047,12.318009926706061
66,12.050852083773753,12.046239173855406,12.046676376594474,12.051632439781303,12.046976882474555,12.012868881225586,12.016552708265738
67,12.778094282686775,12.781825019002014,12.781767429913911,12.399868577028153,12.773356213935543,12.779577255249023,12.759332465547516
68,11.918629644265287,11.924170865769183,11.923200244436376,11.937927876455994,11.99320330232605,11.983776092529297,12.009216599016142
69,12.069234686189414,12.085437442369749,12.084129324505307,12.080225028016812,12.064454043018296,12.08437442779541,12.06264468815124
70,12.205511154683846,12.18381760669876,12.18650628205037,12.145872419674406,12.217906213006065,12.148659706115723,12.176559629633243
71,12.85367037787661,12.849546706134667,12.851042305447235,12.841924766883972,12.875024035753373,12.857162475585938,12.804782488081498
72,12.2736500908475,12.281272892768362,12.281145114000573,12.25730057312494,12.226725272466608,12.24079418182373,12.24785427771965
73,12.471626317101464,12.459090887916425,12.46165389613735,12.123895988560491,12.500893148528702,12.491768836975098,12.524643772131666
74,12.574918139802836,12.55309900530288,12.555122119800211,12.090388533740736,12.595993310429465,12.59431266784668,12.629772450559571
75,12.400303090674429,12.401964689891967,12.401939675185567,12.38906768503779,12.4197944303051,12.424728393554688,12.43290497190586
76,11.891067867662855,11.907879327975511,11.906678754001142,11.909720179675453,11.964024186532841,11.867640495300293,11.877838968633688
77,11.798588170031113,11.79593452340057,11.796617588247807,11.770075085090628,11.716391411720698,11.710098266601562,11.722116715797053
78,12.345833280837638,12.353072784858963,12.352549607400682,12.31360255357213,12.345055051509433,12.329404830932617,12.312777187276476
79,11.94067860894721,11.957564433109818,11.956539066581334,11.981132089652764,11.875363783352421,11.938379287719727,11.95336783024678
80,12.033777231197952,12.033944944499737,12.0342958011863,11.998870244827545,11.99652295711881,12.032230377197266,12.101507509500044
81,12.639873530326174,12.626200690051823,12.627455449651466,12.67744695006988,12.66103933900657,12.587869644165039,12.591347098050207
82,12.33657647965194,12.346733989912433,12.346377746332395,12.331431810323474,12.362954471290413,12.36718463897705,12.365582447097461
83,12.20285757184105,12.229030873346371,12.227822152919705,12.303304918963486,12.407151331120241,12.36686897277832,12.38629236053072
84,12.023736624320605,12.034510893164262,12.03163493665345,12.13480250162256,11.987506048030479,12.036444664001465,12.009558401532358
85,12.253858053032454,12.244136868657437,12.245657484115375,12.245276904568103,12.198117950703729,12.176264762878418,12.172268385695544
86,11.62437348532609,11.625614590388013,11.625485185843674,11.58907353547012,11.535705754584214,11.55903434753418,11.510672602769507
87,12.311726781566984,12.306643173147549,12.307049785656819,12.278565994788504,12.297387022281553,12.344112396240234,12.356071904084276
88,11.719763493038792,11.720000429233234,11.719590577405764,11.703961773305409,11.752730362099946,11.76402759552002,11.753346987045914
89,11.794459261713554,11.764426961183052,11.768403753282117,11.895033508167787,11.858917501351874,11.804962158203125,11.80029190720137
90,11.903200015474743,11.90398583780156,11.903677123668562,12.012942776917727,11.92860230141363,11.941434860229492,11.950653540777234
91,12.446645798277338,12.449647516304532,12.449758164535995,12.458415243801301,12.47431286363813,12.53168773651123,12.548696253775114
92,12.133441220514756,12.141743721701436,12.142355597675461,12.200036177988112,12.068481982285663,12.074377059936523,12.108403402800239
93,12.433374205770932,12.431747980786156,12.433471053399234,12.341803603778143,12.424541905146901,12.413642883300781,12.425886257659801
94,12.416242119059522,12.421503585605237,12.421764049852301,12.442779094479114,12.56793091678887,12.5462064743042,12.610954526987346
95,12.331837045788857,12.33048062413706,12.330684553444206,12.320000029806671,12.357477869335131,12.336585998535156,12.305272484056708
96,12.133299323288773,12.132707500397597,12.133344595493035,12.14367827348142,12.065201999878965,12.089226722717285,12.095317922459213
97,12.458526673079092,12.452272654126318,12.453598282405418,12.424665722597691,12.437051201101553,12.42255973815918,12.405312683203224
98,12.724333137728252,12.71742156684125,12.719028101720761,12.784731821968546,12.58337624891315,12.57065200805664,12.58972910505659
99,12.30922448186528,12.306719712048679,12.307589270449732,12.31814821803249,12.274332924273605,12.281509399414062,12.281939318044792
100,12.62625209605067,12.633665752512306,12.633459536992497,12.631056661256777,12.549786608255365,12.522608757019043,12.497669955179198
101,11.95192301710685,11.940658363260312,11.940843710476718,12.439845987053605,11.933775325881376,11.986506462097168,12.022625745709352
102,12.177838006294749,12.182198530486382,12.181936883968573,12.162158727709839,12.164310813514152,12.164716720581055,12.15650780432395
103,11.920253920642175,11.9075713068416,11.908076099074375,11.886989091761324,11.88909012545829,11.868881225585938,11.84337961673106
104,12.014724113280089,12.027742793386883,12.027420388717855,12.0429267309556,12.0140532391986,12.03642749786377,12.028228524628
105,12.462188949081417,12.474365909254447,12.473465276888138,12.483670974935237,12.400335228050634,12.271788597106934,12.258859880008915
106,12.213445265734634,12.184035093838665,12.188476077787874,11.976307922761363,12.204159842891551,12.158079147338867,12.18187036356626
107,12.418440681796756,12.40792533276944,12.40926156535152,12.432285451793316,12.455000597279195,12.436583518981934,12.446680584772489
108,11.781195261628987,11.78918593132331,11.788665946883688,11.773623778137553,11.774422868245368,11.751460075378418,11.804127257614063
109,11.875948480591138,11.865254287102156,11.865404874892086,11.906268013212426,11.924043311394234,11.87314510345459,11.862403884454517
110,12.35251757725153,12.35320298193526,12.353371416398359,12.39361151666872,12.392075204532908,12.364485740661621,12.329786849672672
111,12.808992975657956,12.800246510310616,12.80082001990107,12.822891519470708,12.90639374331679,12.913239479064941,12.92208032251174
112,13.035038708651674,13.028995684734385,13.02803107681892,13.042191624922065,13.08552063860412,13.061079025268555,13.042679936521777
113,12.300136373661964,12.299618761891471,12.300621066185695,12.348991961436594,12.291131249474144,12.262959480285645,12.235903866322971
114,12.398690038506924,12.398176199026533,12.39811191457076,12.412501872396973,12.434352949338935,12.420750617980957,12.425233696269123
115,12.096478036225719,12.106232278322231,12.103468025776634,12.09038853258682,12.124485241619352,12.139927864074707,12.15906275983322
116,11.703312238080201,11.697546423015472,11.697653571101023,11.684501661317508,11.667347673186837,11.653966903686523,11.655801738219951
117,12.091870595541947,12.083292475659148,12.08398128556424,12.089237637089314,12.029905753546592,12.03364372253418,12.053992268635007
118,12.590418163240962,12.566443063704327,12.570210729125582,12.112272807968882,12.505206937823395,12.476746559143066,12.473613240204637
119,11.506799091807085,11.4925365507277,11.494745144892143,11.42535472228897,11.385094540149977,11.390849113464355,11.388240336011854
120,12.491244154284583,12.484558049730296,12.486202479311475,12.506771165841585,12.484664896473992,12.446605682373047,12.45877378029063
121,12.527067420174172,12.512931562926502,12.51464985111785,12.474965173400491,12.35942331328198,12.352042198181152,12.354366758306853
122,11.490635786032714,11.519749059828268,11.511883503609404,11.610328064680278,11.582585420505533,11.52401065826416,11.578515722623424
123,12.272054434642346,12.263328931513884,12.263704445265876,12.297414863127214,12.267100554616563,12.24806022644043,12.260307770344012
124,11.64692811199925,11.627870161383877,11.630472008406292,11.393932452626,11.699979596343827,11.532297134399414,11.636922251960419
125,11.717344823976413,11.730239466933138,11.72873195342445,11.82753823811403,11.896191997359061,11.854196548461914,11.793650240383354
126,12.924758506866919,12.924017089864174,12.923027805146605,13.125323560110168,13.01542635806705,12.950020790100098,13.006515807142206
127,11.775955950345576,11.775652421967711,11.7746177890996,11.796558498566643,11.770461881728897,11.744736671447754,11.751181916470706
128,12.318478341270257,12.311761659241169,12.31353451826886,12.338754065609592,12.31592042047776,12.338371276855469,12.351281230314775
129,12.35192225639144,12.332898488829265,12.33685588988045,12.332720842338421,12.345888046385673,12.325918197631836,12.3203817635194
130,12.344844436395123,12.377761010625017,12.376000055012529,12.370563014735364,12.31041907160904,12.388199806213379,12.38102499386521
131,11.961121217727385,11.96281614383943,11.962264026521783,11.962102289862377,11.986668483620035,11.983650207519531,12.011072522929997
132,11.79498354324523,11.798755650118045,11.800006667446048,11.778756086001966,11.784323239023935,11.768630981445312,11.739234563981856
133,12.755050421652186,12.751871822069308,12.752888771254453,12.752975394233074,12.69797991799479,12.67690658569336,12.657524673240165
134,12.277225649065677,12.271186135873817,12.271930958670218,12.270545193172655,12.267029030660224,12.252371788024902,12.2509854588416
135,11.95438876941143,11.960525056328924,11.960390053085552,12.024422984576908,12.047181428333355,12.047633171081543,12.031762377064581
136,12.216094832028537,12.216800234608371,12.216982744489064,12.658247907968441,12.085559357432558,12.062958717346191,12.04130382543632
137,11.524787529168819,11.53089882339427,11.529641126326068,11.648202833294755,11.51681920237275,11.594072341918945,11.601023459819146
138,12.049880823824639,12.058653411702304,12.057401531539972,12.022475516664354,12.054975898189323,12.062984466552734,12.060484915301037
139,12.161550537946423,12.16702233869224,12.167242495648855,12.101730711069305,12.082843532223103,12.089151382446289,12.108084508997667
140,11.914211131169894,11.91333952500486,11.912428668380668,12.092943558522844,12.006072217903386,12.00374984741211,11.986383562283965
141,12.452862594944726,12.444284308265294,12.446213569468991,12.118516618727634,12.403643594808033,12.409697532653809,12.419496172386335
142,11.569662823955579,11.572054734757996,11.571650887151575,11.437541337425777,11.421484674817693,11.453068733215332,11.471312678962663
143,13.140351624328114,13.142740642782726,13.142154634766786,13.159674420705183,13.10629846339751,13.163325309753418,13.16730997454686
144,11.77075510925303,11.76025834757167,11.760913039953511,11.865049418126691,11.751362133459997,11.800614356994629,11.738242392768495
145,12.189810303122394,12.187625480547771,12.18735144641836,12.08881870092314,12.191327280055303,12.169679641723633,12.189904560292872
146,12.377947176694535,12.382977575054987,12.382553075858574,11.904175899555776,12.42130448398114,12.378957748413086,12.385479352191336
147,11.53657484169908,11.506412673041549,11.504517364202531,11.540469118509543,11.476676537251082,11.439990997314453,11.510433550945098
148,12.500422165960563,12.513273140960298,12.512881451865153,12.43851838403145,12.498844690510369,12.480321884155273,12.494745646896527
149,12.501083506188381,12.496918129333615,12.49763963197918,12.490838055472825,12.534849352107466,12.560098648071289,12.57212728512298
150,12.256749274630783,12.252763142265424,12.25306899276077,12.227745566155054,12.226523530054717,12.24267864227295,12.24935875073493
151,11.811135695171473,11.80967109462132,11.809451265013104,11.93146590974861,11.941443044583924,11.86373233795166,11.879948821767071
152,12.087623786298213,12.07980460282552,12.079919846669464,12.093144065552414,12.169192233319029,12.106281280517578,12.15383496310482
153,12.506252294054743,12.51135356243584,12.51092899334496,12.506895482187495,12.519201892956172,12.537703514099121,12.54475153500138
154,11.855723660384765,11.86210374309313,11.861880579408815,11.891644383263552,11.803588897319573,11.827899932861328,11.784168694706711
155,12.875847222369597,12.862313818930684,12.863613900015466,12.845760659919168,12.879615243644915,12.89275074005127,12.918683344288237
156,11.986614217703455,11.994810828393065,11.99328423097647,11.968148140399627,12.038274956909028,12.030111312866211,12.037541980655242
157,12.667817426962905,12.673594594373744,12.672861910151179,12.630729048945334,12.668797829974109,12.715229988098145,12.718450209006267
158,12.581037795330136,12.584525875136942,12.584264682397485,12.562288385164603,12.611781555226925,12.602730751037598,12.600053530226567
159,12.666607603164923,12.659286815828644,12.66075174146024,12.679315317501022,12.601909280073494,12.57922077178955,12.624133161389182
160,12.403116693376157,12.404328225078896,12.405086291062164,12.4831879343562,12.32245276679039,12.310112953186035,12.33946034536969
161,11.690139016616293,11.66863606267446,11.668825808664813,11.64982604699092,11.70831424744411,11.635727882385254,11.572182179679686
162,12.761822034049612,12.763029135586718,12.763481738754127,12.774524917841617,12.768512767611648,12.746674537658691,12.751865692181804
163,11.710614500017382,11.705779665781483,11.705088168795223,11.711823295988076,11.656620009632823,11.658828735351562,11.633032850699777
164,12.602841472395054,12.603922582917733,12.60370827834477,12.583018000592666,12.593281663519447,12.600508689880371,12.585424023759936
165,11.960782714508147,11.964391034166901,11.964839376140745,11.97616263255114,12.006261201315535,12.08094310760498,12.085328971694093
166,11.526839961854161,11.51209017314015,11.511296792793702,11.861451879067225,11.474263401836463,11.503095626831055,11.541205209326566
167,12.31009349860955,12.311491210876333,12.311872294927506,12.298679382435289,12.285175187943905,12.284672737121582,12.277061883955811
168,11.882428072601906,11.863863458742017,11.866461935782537,12.315245171965273,11.938538963444033,11.869038581848145,11.874082710540515
169,12.005578873982149,12.018243659437756,12.016658473147896,12.107795945412095,11.988468572811698,11.972018241882324,11.974162557999861
170,12.205588439536543,12.20369898402239,12.203742618757916,12.253921597118794,12.196789548634191,12.168397903442383,12.211314842426079
171,11.670566221033862,11.66744980549754,11.666461013434317,11.898419841817173,11.57312781815886,11.614734649658203,11.583972329513161
172,13.066029747226995,13.064028406210737,13.063550985467122,13.024531678002965,13.066114682476718,13.075800895690918,13.097961452212049
173,12.368020928084311,12.381536439797744,12.379712438723697,12.119789911961435,12.43969444702177,12.49777889251709,12.58003048740878
174,11.977804162838549,11.996949785890854,11.997461587918295,11.899851782165994,11.963335626733366,11.993894577026367,11.948491710946628
175,12.576538342370396,12.57517939569944,12.575379099282344,12.701968526804437,12.629347341408094,12.521336555480957,12.530674111409185
176,12.594082791217348,12.595058894960276,12.595752927787505,12.579628288303585,12.608460416502618,12.601983070373535,12.558666161064739
177,11.923465266888943,11.935819550563226,11.934173398190959,12.135853876784303,11.913854160030825,11.960966110229492,11.936232277145162
178,12.405568154405163,12.399923554436135,12.400984349099206,12.396922725033466,12.390424927347487,12.386407852172852,12.3921134757963
179,11.730249521014928,11.740593697526569,11.73947520414108,11.644109601581205,11.700373571822533,11.701812744140625,11.718839995212742
180,12.205742998037614,12.201792554934727,12.203414104456574,12.228099996761962,12.200059807517603,12.17539119720459,12.187515257066968
181,12.819716677935498,12.814606665931372,12.815178065397502,12.693792608701589,12.803807004108743,12.768549919128418,12.754092624355051
182,12.629608548497545,12.620258545091874,12.621879849198399,12.582483063380405,12.577610577877595,12.623795509338379,12.664481995465934
183,12.351717251807282,12.350664192394508,12.350064204251753,12.339643281974752,12.310359940940925,12.320064544677734,12.356574550978175
184,11.925256454907732,11.930025732155064,11.928916800655081,11.929269670176302,11.889741285125904,11.956106185913086,11.897556488115665
185,12.010455146880636,12.010181129025458,12.01082443573066,11.95491560557967,11.9918245828278,12.019316673278809,11.98952148581552
186,12.164251654041166,12.144414202459512,12.147260619245255,12.179533456630288,12.083631133382061,12.111183166503906,12.12114613381835
187,12.201949064396546,12.194641378014166,12.195411465186748,12.116133948312326,12.36049579042197,12.268945693969727,12.19290185954923
188,12.622165563155027,12.62048902567506,12.620867040749225,12.618981558824485,12.694721830132865,12.643406867980957,12.636647130442865
189,12.196478698155827,12.18974088312448,12.19097343099257,12.05251925491026,12.155647091977782,12.179378509521484,12.167206923548635
190,12.589390426475951,12.587374812529868,12.587613711387084,12.581070727077245,12.554692210374593,12.571520805358887,12.5564801465033
191,12.172857311206018,12.186920998439689,12.186212633855193,12.10946748441888,12.043357614253056,12.097804069519043,12.108362698222543
192,11.676784767974784,11.668818202460184,11.669823800154436,11.590090532320335,11.695561968509935,11.645509719848633,11.60520338809819
193,11.93213546871363,11.923925311329638,11.925053915235384,11.871548216922537,11.951144510898372,11.93301010131836,11.925315152145453
194,11.716866291730527,11.71379985841387,11.712649321342502,11.596621808248177,11.714221559959727,11.703680038452148,11.698247898358543
195,12.569992068180115,12.561283858406366,12.562549159916461,12.558748922738815,12.570217070450843,12.565327644348145,12.535402686705758
196,11.813013496043098,11.80939922250828,11.809410103242005,11.997903482376497,11.816755500993217,11.795269966125488,11.769195283395481
197,12.50089246837964,12.484892954123092,12.486944865712946,12.476635669954327,12.490983447836257,12.400350570678711,12.446835018216765
198,11.740340015765756,11.751751323355943,11.751251515419197,11.757913638695221,11.771258877944614,11.724252700805664,11.750667092734805
199,13.157716653705997,13.142664129442496,13.144303924043182,13.161923990450997,13.115077949760481,13.149327278137207,13.120709672342784
200,12.146062921827781,12.146285303003149,12.146690667967073,12.1844144143089,12.24537874435872,12.21340560913086,12.2075006624816
201,12.039000734189827,12.071092879064228,12.06772985914043,12.10074500720475,12.080185243185761,12.061640739440918,12.098954512210696
202,12.105213988826417,12.119759538486035,12.118746145560355,12.187873572336434,12.130879724766677,12.121288299560547,12.09712858443344
203,11.527995432016713,11.498332984503847,11.498108139636198,11.43430121765201,11.286733232998433,11.335528373718262,11.421047788063037
204,12.918527002257502,12.92170691623308,12.922765702825508,13.028655518430073,12.874694191854523,12.811949729919434,12.881054435361586
205,12.79211887775631,12.7793353968858,12.78074589098392,12.837123463512828,12.789528529055845,12.774164199829102,12.771062526496287
206,13.001401428299625,13.003735753423104,13.003777304281154,12.958971316957975,12.981696829123578,13.000520706176758,13.006341341895714
207,12.136985433625997,12.135184770644798,12.134492011063026,12.137175991057111,12.15829171484232,12.13003158569336,12.137820051607756
208,12.519663911871094,12.505722216493727,12.505092610680595,12.710302131213874,12.447303578661412,12.398676872253418,12.43210722453692
209,11.621425673154985,11.600538190298218,11.601804041350823,12.08947188977554,11.595072668123873,11.581915855407715,11.53067747518765
210,12.47060477228881,12.464068259946155,12.464540606145853,12.49311699964272,12.581639555404667,12.584818840026855,12.604750087502621
211,12.159796590977654,12.158245537140509,12.157430100275638,12.256560429193751,12.102346693387716,12.089029312133789,12.079907305647872
212,12.657806545036653,12.650573909606715,12.651144358948692,12.671687503959141,12.750670113758737,12.71875286102295,12.748259160462153
213,11.906764285309261,11.90253110681171,11.903562120713552,11.89942366707803,11.88463943622969,11.877577781677246,11.890063495186537
214,11.652883597684633,11.666764829945592,11.666970105389264,11.581935280726142,11.688423466422947,11.728917121887207,11.712944101596555
215,11.814343132592514,11.807000063984654,11.807933669976974,11.72023776401002,11.898665146148002,11.880592346191406,11.878778051061257
216,11.875778565210272,11.876090736961379,11.875298611881284,12.030767409110272,11.876936390327964,11.92835521697998,11.888022696577314
217,11.74334318137511,11.758709845829868,11.757617052440654,11.749023206013518,11.803303397654972,11.803836822509766,11.736977646801972
218,11.854599545979994,11.858844267983335,11.858427878072659,11.843130407619403,11.873472392191783,11.807642936706543,11.799191572853557
219,12.48123347914919,12.491396232481463,12.49030328275807,12.466851727102442,12.570731664610808,12.520007133483887,12.511739860341605
220,12.016587809162496,12.016216499088532,12.016659867742256,12.028490478422666,12.018225188554982,12.002802848815918,11.973179530289736
221,12.778437752089486,12.767777101858451,12.76915558838051,12.524291896290842,12.778211427735304,12.76955509185791,12.765383400989677
222,12.073217168316628,12.08247883144742,12.08071853738335,12.072052878828536,12.063398919411597,12.08724308013916,12.07062010483668
223,12.239722108033554,12.237196511029078,12.237169666212159,12.27594207933967,12.258905733510609,12.286458969116211,12.273789264846245
224,12.165555469360248,12.167279652709414,12.168059957663615,12.163040664942192,12.152417759135076,12.098030090332031,12.137937140012534
225,12.554875765328008,12.56607122349025,12.564892232545825,12.543296274846654,12.563755263963698,12.599431991577148,12.555447801125752
226,12.893059409424806,12.897471111541641,12.89850889499106,12.953434485752144,12.927377587268763,12.903483390808105,12.937902379941937
227,12.719045575012357,12.721235094850257,12.720730575496738,12.681262102820611,12.796706663972659,12.830379486083984,12.831121189071181
228,13.388329991449899,13.376078349834696,13.37547197584896,13.361062928806728,13.211533724798898,13.193171501159668,13.159390897612186
229,12.22091528685407,12.219638877033903,12.220960263629141,12.280463898703795,12.260391464691544,12.240760803222656,12.271912125401736
230,11.998691653610129,11.99520115024392,11.99536906795692,12.23038612654288,11.988704013475695,11.95285701751709,11.986512821856676
231,12.078105780254539,12.091753262230302,12.08885746547752,12.082774036929015,12.099034143135913,12.082671165466309,12.079164100419266
232,12.333883368790744,12.325113271232825,12.325550512091334,12.33045551776818,12.325688644026076,12.292799949645996,12.330345325842535
233,12.242790715404961,12.245789657561593,12.245575179903591,12.26057990462484,12.254595902874021,12.273314476013184,12.273906734831042
234,11.961865312085154,11.968541056766663,11.967164247200975,12.061939268550075,12.007208022785095,11.991190910339355,11.977566383361214
235,11.838437830779208,11.855606356097388,11.854593669887118,11.846540124230721,11.779917220610427,11.807628631591797,11.758335587488785
236,12.2402129530391,12.238289985147524,12.23953095254397,12.023933900515566,12.25201297798727,12.26799488067627,12.247149249227222
237,12.230340066820222,12.216871246147607,12.218207913032707,12.22157717663693,12.246499135773055,12.221378326416016,12.20532417553363
238,12.760364631247725,12.763217523032912,12.762947723775792,12.730195147264007,12.679444387535382,12.766932487487793,12.763195941536084
239,12.392626250414503,12.388481993695379,12.389455673020409,12.375783518738418,12.37416610681769,12.348800659179688,12.353213461398232
240,11.905348447905833,11.91778223013571,11.915964138631146,11.908975622606501,11.942691813965686,11.914214134216309,11.926297338319111
241,11.963266830960006,11.957336989754147,11.958972925607748,12.106061149695467,11.93378513529173,11.907426834106445,11.864881245090466
242,12.12837070268916,12.125073874716849,12.124563426268855,12.196768848005012,12.121520287779587,12.118291854858398,12.12108104476686
243,12.47248132912253,12.478472437117162,12.478431446386459,12.45461109957164,12.461899658372293,12.455772399902344,12.433691814446034
244,12.606135244116423,12.59315793743819,12.594630836738416,12.633235147669142,12.747564569494365,12.716628074645996,12.701516009760446
245,13.010537643235967,13.008189485642635,13.00884630499271,13.039808479686346,13.08463737212107,13.064390182495117,13.030905610704352
246,11.880272293396315,11.881115716777597,11.88075567311315,11.893181313053548,11.90900299287423,11.90256404876709,11.88884824158936
247,12.246917696723143,12.208558349141502,12.212056392422278,12.216361060696414,12.2391626154138,12.294852256774902,12.21731191783829
248,12.195034151383696,12.176545980878215,12.178621556430063,12.118541803164051,12.147421684033995,12.1478853225708,12.119053583917502
249,12.273441295416218,12.271332028345688,12.272776264242882,11.96898825588419,12.27142293336146,12.254589080810547,12.227629559869063
250,12.92456912669159,12.921685635756276,12.920927684728532,12.930536577234015,12.828532142470447,12.891345977783203,12.838294765330597
251,12.854473270299726,12.850802632455837,12.851246368962801,12.840163398591104,12.844365732913296,12.87496280670166,12.855266090144012
252,12.298059926820189,12.300217298286613,12.29965652114612,12.397903244507452,12.284344919648973,12.287125587463379,12.262006452286435
253,13.152524761824353,13.142533088810005,13.143600384905334,13.110581467490087,13.126857163069745,13.074102401733398,13.065048371047531
254,12.05885494773261,12.054698846074764,12.054867761902226,12.05446464162031,12.058818791369234,12.090828895568848,12.095399922551104
255,12.102077188560443,12.099845094908918,12.099516582329812,12.148466317460782,12.169639121296653,12.16995906829834,12.144027668515522
256,12.347888052903468,12.3411565751931,12.341805196892569,12.36472312283233,12.428775333521852,12.409937858581543,12.37875061370748
257,11.783693734036571,11.806240990567657,11.80326509964357,11.809770717432524,11.964838951191727,11.88986587524414,11.912601474893053
258,12.476710640215492,12.475556522325771,12.47554593178808,12.48577639002888,12.628872633979421,12.527159690856934,12.600305171535766
259,12.387023673581142,12.390184237897536,12.390287073119001,12.37775991331112,12.42542950640087,12.383882522583008,12.398296765988151
260,12.272949797895608,12.2768878253785,12.278314290567895,12.253157190990255,12.26647763902889,12.244802474975586,12.25130376159993
261,11.944548160271454,11.954681651354075,11.953022564547352,11.963905406669433,12.0088571125422,12.020702362060547,11.928622366427009
262,12.317952338942764,12.319457874029323,12.3190940419953,12.309206635038237,12.317980565498521,12.324682235717773,12.317215636533785
263,11.76541324617801,11.75231068323738,11.751039503819605,12.120211028017362,11.83186116280528,11.848326683044434,11.858825203005665
264,12.457075570672478,12.445570246947185,12.445400640174135,12.479262553735962,12.447975555451569,12.50213623046875,12.51435941915859
265,12.052282144057429,12.057219001207681,12.057134890204999,12.078630001755876,12.203880419235528,12.224163055419922,12.208490913282363
266,12.050383726582856,12.040796551832322,12.041778061508964,12.05823938071057,12.12038255975661,12.085111618041992,12.081112666990158
267,12.582966947437683,12.582345900973316,12.583085334984158,12.570246017780404,12.53463912165982,12.549616813659668,12.615413264591723
268,12.1471528201472,12.156425450738897,12.155704845797255,12.164228253421404,12.181480620967905,12.161200523376465,12.153074850784256
269,11.845520622337697,11.877345111952696,11.873355867879111,11.866992095694242,11.840999928207548,11.863222122192383,11.851421636951986
270,11.937418879514563,11.926433006644325,11.92841627617163,12.09092263027623,11.89351372943539,11.833377838134766,11.809218138958347
271,13.013148983077645,13.010331896699793,13.009718983488876,12.993261630147325,12.937650000130748,13.047422409057617,12.98863849790874
272,11.791583288802448,11.789656232687467,11.790020213979748,11.827911421923213,11.682601558573944,11.696434020996094,11.627814748367124
273,11.440336964401673,11.43822957724258,11.435936075378871,11.42972236027019,11.44576683775662,11.43886947631836,11.493974738554682
274,12.466974827490848,12.457280627270006,12.458738444283341,12.209036435022938,12.427576743090382,12.414437294006348,12.472524628675881
275,12.108897179274203,12.117637569548645,12.115510792268875,12.046040181906683,12.039132967801514,12.047154426574707,12.106537146107028
276,11.868775281674289,11.87296017801901,11.872384204707204,11.8388864393803,11.79785749922905,11.762005805969238,11.811486593344434
277,11.889401193512242,11.879792616412086,11.881053947560646,11.921042630563479,11.921344289025374,11.873800277709961,11.833136099385888
278,12.641229750353821,12.668165734683148,12.667921429711821,12.660292557532408,12.617667803004954,12.62465763092041,12.605830790290817
279,11.62345154522113,11.619690857740137,11.619131160664987,11.603245225034078,11.506008225163269,11.553206443786621,11.52461461848524
280,12.259882983215945,12.261201883662174,12.261786364976105,12.262528775451207,12.229325012823635,12.178186416625977,12.216080782943365
281,11.826187782276275,11.834010297282779,11.833513896834976,11.646647521974462,11.824821977568599,11.800396919250488,11.805446997244033
282,11.703242176300012,11.699166507408052,11.700118791838925,12.049424786210771,11.87959721343746,11.81860065460205,11.762080128417786
283,12.468243324036862,12.46601396176296,12.466928202703624,12.478216802326434,12.527224933296589,12.512541770935059,12.530093687102879
284,12.452381582312745,12.457139738436203,12.457168275762413,12.424698976802317,12.438529439339572,12.416403770446777,12.4171648445229
285,12.165156448174383,12.160222467136649,12.16085340300967,12.227202470277998,12.19885245187609,12.220840454101562,12.20294563505759
286,12.05108738549471,12.061682848001986,12.060409008976228,12.128161285215475,12.162839329327076,12.110005378723145,12.123624143905884
287,12.681780380947307,12.689312444131833,12.689102923453062,12.724199947067262,12.59606592933142,12.746841430664062,12.777567830770462
288,12.031914688049628,12.0442270155355,12.041113361085626,12.221314818390134,12.105384842309478,12.059723854064941,12.05467956382309
289,11.710491055618386,11.716988058751493,11.715502933325348,11.698202278844771,11.710496522475884,11.711868286132812,11.70466501126635
290,12.283485074115903,12.28273801227888,12.283284413040217,12.007457428555172,12.217270033611634,12.2650785446167,12.220343201504598
291,11.943155894260487,11.938569583250247,11.938710787867914,11.95858516774622,12.024754981659791,11.998869895935059,12.014433066323884
292,12.003869909947138,12.002060706486096,12.001789480034255,12.039828935388888,12.05306953494364,12.049221992492676,12.065132536217257
293,11.833548102125583,11.839801350416865,11.838544109011993,11.893192468473323,11.841656661010923,11.815629005432129,11.773348576232976
294,11.832973121880565,11.826828185816497,11.827224528849538,11.963845381318148,11.849730142852792,11.877193450927734,11.82933676455009
295,13.060173706199194,13.060459229134896,13.060964118470743,12.290432307323021,13.109105451413408,13.081032752990723,13.122024845310499
296,11.890045997280373,11.875947532242096,11.876784311486535,11.948471091993449,11.973555922174226,11.925012588500977,11.950434770880761
297,12.247967155096315,12.272679437047985,12.268565548565153,12.13623949412663,12.251283225748201,12.256826400756836,12.270407796059091
298,12.334846945820138,12.336362660108438,12.336593058839485,12.338556055326617,12.319496246966557,12.324251174926758,12.314755205133668
299,11.944243189026212,11.952227941774506,11.950635708422572,11.94068861242315,11.98018677765312,11.999309539794922,11.998427852873787
300,12.019399857436639,12.0170708893746,12.01677564282399,12.121926706906867,12.00393945373297,12.002495765686035,12.020878082323492
301,12.322937892582434,12.316673094798036,12.31730842794218,12.191439480851377,12.226828441279313,12.232093811035156,12.23063843746635
302,12.176561975464805,12.150633819604904,12.157864159088128,12.094204232646609,12.239969543993562,12.246849060058594,12.203187184440516
303,12.704439009504185,12.679682154358948,12.682862883996483,12.277106060822302,12.773662467814841,12.756098747253418,12.715444272389563
304,12.271756625048283,12.276578103695456,12.276792894265874,12.269670703319873,12.312023830150382,12.293929100036621,12.276570302718172
305,12.034946272753116,12.029880944704,12.031735063879918,12.141931232809856,11.99114502758423,11.971160888671875,11.963256507523646
306,11.893249297380711,11.902031702925207,11.900953712243197,11.927413866914279,11.930558182188877,11.923163414001465,11.929764481585217
307,12.24719972938123,12.24352854200272,12.243767914817775,12.197452781120733,12.191800419537136,12.210403442382812,12.222905733383522
308,12.12327767291304,12.119733135895215,12.120236406815524,12.14434900863223,12.169289383769414,12.127110481262207,12.108719773722557
309,12.000158719440847,12.000813609624073,11.999378163950555,12.071467723109578,12.034738425482686,12.043793678283691,11.993726139211903
310,12.030072665869742,12.059600802306537,12.058295479293072,12.167285007674074,12.032232718165142,11.963885307312012,11.99415858320874
311,11.593024334244642,11.61379154470582,11.608865748938236,11.709062834501694,11.677626991064727,11.65947151184082,11.576045088158448
312,12.161810276741546,12.149891202210421,12.151783933632945,12.178371247911336,12.054547688392129,12.115269660949707,12.076755970686072
313,12.417266021752342,12.42391546941337,12.42393099288157,12.391776465187709,12.433320955720328,12.39694595336914,12.419899632890672
314,12.167155324701028,12.168144397550403,12.168031569909482,12.203696480561346,12.16297132282409,12.156149864196777,12.163252196098535
315,12.140879944457952,12.14057924379408,12.141480349522368,12.202782620030773,12.214519107595322,12.196189880371094,12.19676241468432
316,12.715175758545339,12.724560620274211,12.722104310310442,12.71409541060711,12.781492003212728,12.805375099182129,12.862075339278315
317,11.813345632987014,11.799327034906092,11.800636286163417,12.09555898869629,11.76914457181358,11.776775360107422,11.770498666718185
318,11.791460786925539,11.794799406813121,11.792150618217113,12.079369407748851,11.824601804435021,11.793771743774414,11.798958754190194
319,12.11770120053583,12.111539881834815,12.113292545965562,12.163971210555921,12.303660178882712,12.167543411254883,12.174924569315454
320,12.60617118863742,12.604546809427218,12.604569500171776,12.632833673279134,12.55054705617024,12.49753475189209,12.496820443768218
321,11.598337917538798,11.60699143521046,11.605220695602899,11.615401178339642,11.497986938585472,11.57070541381836,11.525949335020481
322,12.090607744785355,12.089142219051203,12.08945118708626,12.006545448363646,12.068782972719687,12.106258392333984,12.116916531177836
323,12.005525306090028,12.031414631759459,12.030182656654702,12.078738252507783,12.049761011183612,12.02287769317627,12.02135287262445
324,12.456654358699517,12.474245132748456,12.472389622831592,12.172949997957378,12.373253182572332,12.384258270263672,12.363780330819406
325,11.63295202825124,11.665147191457976,11.66345167999531,11.48741562547222,11.628095826709806,11.669144630432129,11.631934022343422
326,12.371244385136505,12.367543814671302,12.368336695845263,12.342497246221324,12.389202813851036,12.362637519836426,12.38458591801692
327,12.662762236325745,12.669684251393898,12.669925930065617,12.405629253474535,12.6199144778158,12.634082794189453,12.663880684359214
328,11.911421094273722,11.91494685116569,11.914618627495695,11.876573262639864,11.964536982882,11.989892959594727,12.027211865981368
329,12.199483226505158,12.200291653560122,12.200194548684726,12.20048636162585,12.21883352969757,12.2058687210083,12.203730233797133
330,12.69824506576532,12.69866267330436,12.699139115410054,12.697049283925622,12.675799267595044,12.685690879821777,12.731407789442363
331,12.065492645483488,12.050442915206363,12.05171673780589,12.007150726703829,12.054133812136202,12.046700477600098,12.049588579367043
332,12.380796490165165,12.380308883583703,12.381297731788646,12.23817365790534,12.424777189187648,12.440515518188477,12.431882329616112
333,11.995877321689127,11.979744452916412,11.982138085948236,11.999843928385545,11.968949960742687,11.99718189239502,12.003271070442338
334,12.042800601964375,12.048271559189121,12.047860284564369,12.032004071302097,12.018291192721216,12.034884452819824,12.027963849295656
335,12.640369341653894,12.63874578581401,12.638836736605857,12.668297227212275,12.715970494266081,12.608346939086914,12.675710840824685
336,11.797517785051696,11.801334822705122,11.801054740434832,11.784194646601176,11.791464176165531,11.737432479858398,11.72844369808183
337,11.99136462363679,11.993793720847398,11.99291172529976,11.952944777913,11.956305790703055,11.990434646606445,11.996624629165131
338,11.836530105336392,11.826782821746166,11.82726464963169,12.430087291651969,11.821710862713314,11.802864074707031,11.833802350851352
339,12.370438675434645,12.377829373093729,12.376903955547407,12.346400352812696,12.423632984457338,12.398637771606445,12.407710839470576
340,12.721486303874006,12.726177249804435,12.7256450510706,12.79042511596229,12.732973961174984,12.776122093200684,12.767180994432973
341,12.437954238805245,12.445842647679696,12.444841608998502,12.400027482348374,12.45628455131979,12.437116622924805,12.440947989189192
342,12.090543473437531,12.08077353363888,12.080122868524537,12.090388533740738,12.0679033935559,12.06881046295166,12.097273178336136
343,12.354884783666819,12.36030382061342,12.36073950749217,12.358053775297456,12.36931283594171,12.33830451965332,12.348228920439078
344,11.93994941889036,11.938411100597293,11.938614642872091,12.023251979138587,12.01137502973543,11.99572467803955,11.971608550791606
345,11.932005444361987,11.920272339933915,11.921345686303766,12.024378751737391,11.937350928091988,11.96711540222168,11.98136817529697
346,11.6944600230029,11.70588199249717,11.705590728272604,11.70379314004862,11.742682607401658,11.753484725952148,11.686439778881264
347,11.921875032976601,11.895963998457756,11.896867802006758,12.070531237282301,11.897039851799144,11.912113189697266,11.88406242707402
348,12.528102316223618,12.544059321392032,12.543869045688176,12.153585263083146,12.538719955061204,12.50343132019043,12.512104560456944
349,12.157396676607071,12.15651769891505,12.157778001477977,12.189567037876873,12.208859617568779,12.221735954284668,12.188567906652137
350,12.089268952976658,12.102917946229619,12.100477790585861,12.053408187308053,12.066993349360697,11.986494064331055,12.025185902193476
351,11.727293622412947,11.729491512941932,11.728250264578117,11.887371839211228,11.799533670925669,11.675667762756348,11.737296466715765
352,12.539991252876915,12.537618717881706,12.53769977788846,12.50717622609584,12.522864840851973,12.53193473815918,12.548222303398978
353,12.53597876914562,12.537964647562909,12.538631965297636,12.600546820890356,12.68403536165424,12.614794731140137,12.650832300838257
354,12.824698682445549,12.816653251956293,12.816486968603172,12.837657412872698,12.861451616714497,12.85804271697998,12.868166886071958
355,12.316097317572096,12.31165536604316,12.311524959144538,12.300115362169734,12.29882353223877,12.2823486328125,12.291220388925334
356,11.99835170630736,12.007042131633236,12.006244741190748,12.012394058122037,11.949974832666593,11.976248741149902,11.972003160530148
357,13.146972746120815,13.133490354859369,13.134110552068806,13.157236347829134,13.111214106550891,13.066679954528809,13.074781903141593
358,12.912548069346423,12.910592770082795,12.910233807099463,12.932633543073594,12.926360632362327,12.950376510620117,12.949901545494813
359,12.356550238227031,12.352847685821638,12.354733189779795,12.351610826991191,12.171732825307373,12.18604564666748,12.15541812401982
360,12.235402232135776,12.21596473641976,12.21738043223584,12.51882742647664,12.278076052060014,12.212841987609863,12.214838601262562
361,12.68806225896329,12.667225166972967,12.670304725481094,12.68946745335868,12.73480480856872,12.663942337036133,12.702584446794873
362,12.786304215244638,12.787958928226658,12.78781780772048,12.814353264906707,12.78876539205724,12.794538497924805,12.842507794776493
363,11.90087499427704,11.902439681254664,11.903340899741531,11.898776677454196,12.013585499798982,12.006551742553711,12.034841426283489
364,12.820304985099966,12.818386672034825,12.818725232211838,12.80151203604174,12.82361820372622,12.802657127380371,12.840294696375805
365,11.755262421875221,11.771665902832654,11.769083034802982,11.345178547572742,11.72948704127215,11.704980850219727,11.679519198981536
366,11.958919141040713,11.944361800799868,11.94753214035817,11.956860779792972,11.988183955133547,12.010836601257324,11.980240509180748
367,12.023227663206299,12.032680072829338,12.032229047719865,12.071772904347563,11.981479200566918,12.037251472473145,12.016474327985547
368,11.61193501269418,11.625021392756246,11.622614916301496,11.610524282082064,11.514353648982715,11.561087608337402,11.571338102142288
369,12.292155078211893,12.28872009826749,12.28856586599898,12.267332124207854,12.239150596359707,12.249412536621094,12.279610587155249
370,11.943975780507524,11.967693730595641,11.966539653545484,11.789588501058846,11.850667100210762,11.863710403442383,11.849066317750863
371,12.246137745057458,12.263059903536558,12.261195389993164,12.262032960819239,12.257560179297881,12.236642837524414,12.269377283463694
372,11.917861839351437,11.927429116184086,11.926523165481086,11.96852403258155,11.94828278245207,11.931066513061523,11.964792350591809
373,11.931130814610087,11.924543093248655,11.925055308832514,11.923788265369584,11.904211597269779,11.894068717956543,11.89435139994579
374,11.692280752831712,11.693024436235834,11.691995738724216,11.724209643821517,11.753868737620842,11.795856475830078,11.724276720264315
375,11.770287162465518,11.771318776068943,11.77087902148119,11.65468245515539,11.890525241989378,11.838768005371094,11.827120118729097
376,12.017217955635331,12.012249643448595,12.014470428957273,12.205671546360508,11.973371389872055,11.987953186035156,12.014749133550035
377,13.109352452010494,13.093723317710053,13.095153778011825,13.110811753111067,13.160922830550081,13.137428283691406,13.095914455454844
378,12.088496334346713,12.0932756329098,12.093231495696037,12.10495732851369,12.097991869113226,12.048319816589355,12.072927467094964
379,12.069537710673437,12.064100045044832,12.065338670910778,12.055635393157875,12.061998580000536,12.082256317138672,12.083166470037462
380,12.341444248654804,12.343983969612868,12.34413072353753,12.311700553370683,12.291322634528553,12.315436363220215,12.311636183157127
381,11.785316948949303,11.800015724978895,11.798815870054012,11.796421098507247,11.892088789459253,11.862529754638672,11.804059323481122
382,12.044621610180355,12.043011984273699,12.042448631383989,12.14698855327605,12.046832219724982,12.06352710723877,12.036444203981858
383,12.017697769853653,12.02521363488829,12.023866763436331,12.073074360457658,12.062679043253429,12.05551528930664,12.057966527362813
384,12.572777739647805,12.574313647228959,12.573667873536246,12.564377174710454,12.559652854311935,12.518667221069336,12.528537927586314
385,12.115002770537403,12.113701646637406,12.114351017074977,12.173795956865709,12.157584347057627,12.187983512878418,12.167754320392794
386,12.005278321054782,12.01989139903793,12.018863245459814,12.040189607263112,11.989228341637393,11.983181953430176,11.992528382961453
387,12.445137759633562,12.446456273769273,12.446688880474719,12.395043151759756,12.413989178507515,12.432889938354492,12.447631211865298
388,11.62809530996479,11.630456661524065,11.628650628638141,11.584340124009737,11.57724315347786,11.5420560836792,11.503220717857891
389,12.01808491817787,12.029654694768928,12.028008845154398,12.026247356988492,12.094543674697759,12.071396827697754,12.092369260514884
390,12.049043434303966,12.059466647549327,12.057541835291854,12.079769339510836,12.072949184160162,12.07841682434082,12.07189954514379
391,12.185831240889888,12.187092202575961,12.186311687090027,12.168982732674223,12.177499133904993,12.204434394836426,12.178407264525001
392,12.257669999986868,12.25196389696238,12.251851321144601,12.26416743256175,12.232747674376801,12.235346794128418,12.246058709299803
393,12.113529892182537,12.128030025081198,12.126467964356605,12.089117171763942,12.04444598646441,12.065885543823242,12.119301317011518
394,12.898556417034929,12.891162473331663,12.892167529970498,12.879085326230289,12.85311734933079,12.873733520507812,12.906199637107314
395,12.385796230747552,12.387772182068547,12.38771131214442,12.379056555840576,12.339380968392229,12.341780662536621,12.344119677399764
396,12.86311618627197,12.86700925226326,12.867895382271922,12.854282669858115,12.917077700141144,12.958279609680176,12.974600726421405
397,12.059952092273718,12.06942461648693,12.068625236812494,12.057489269919962,12.015936435077771,12.014421463012695,12.003460043589497
398,12.137968229292209,12.146121920412346,12.145717518523654,12.165054004954309,12.161934956627157,12.186264991760254,12.190248872500563
399,12.346073141639517,12.344477860553365,12.344693031183816,12.328309300890439,12.352924603768663,12.325760841369629,12.322733412415264
400,11.924043732849425,11.928660585659955,11.927841902783888,11.921234878134834,11.829620302465507,11.919946670532227,11.870674878904074
401,12.11013777404123,12.111327481343336,12.110280977112001,12.118604572252176,12.130541219926087,12.102508544921875,12.090959937860157
402,12.615863476554862,12.605025487695206,12.60660661461022,12.607573623473499,12.632517081696639,12.601264953613281,12.576769893864267
403,12.881998248905631,12.879454285879124,12.880021440619725,12.8624756502401,12.918756392539017,12.85045051574707,12.879560375537586
404,12.098185594932414,12.061272580379608,12.065079383562189,12.110583041660346,12.08441856897828,12.0776948928833,12.084022740044695
405,12.023033706020662,12.023570045344115,12.024139421685517,12.244592628036004,12.050197605113107,12.044937133789062,12.052640259229188
406,11.92251010129827,11.934700081473736,11.933927918230241,11.936275253647185,11.93699125973685,11.93051528930664,11.94068824517122
407,12.508946875156166,12.508347175618182,12.508721050748116,12.504225171955618,12.477379568063125,12.528665542602539,12.52544584125519
408,12.593331554635242,12.599103369272509,12.598665214262507,12.595322700785344,12.646451691315994,12.577864646911621,12.588489239057706
409,12.377789530500685,12.37887223188418,12.379910024733293,12.366645225026357,12.35468001329459,12.300994873046875,12.325195040827285
410,12.31279099681211,12.311361935763442,12.311976614069927,12.331179726417169,12.28469064106712,12.2858247756958,12.290768446994218
411,12.623935337484149,12.620425219319882,12.620761913635379,12.616761755861626,12.646302859693828,12.610430717468262,12.57671136494699
412,12.002888461145346,12.024451124391605,12.022266649864793,11.944273874483462,11.924839906221877,12.016228675842285,11.918154135350996
413,13.097217658471777,13.099247248367586,13.097914592550834,13.008079876471687,13.114897319059853,13.153203010559082,13.156721123080018
414,11.704832662904499,11.722529708315353,11.72132993798606,11.630414930597444,11.727773180356285,11.75903606414795,11.659905184630524
415,12.231165665994602,12.23242556378967,12.232690564083672,12.230436716959638,12.237423179046075,12.238327026367188,12.249605616870404
416,11.965075701147644,11.961044058872154,11.96116964855038,12.014011129701611,12.014064707584165,12.018512725830078,12.041603855590175
417,12.797634435339512,12.806654869478333,12.805331614793491,12.80174153979765,12.851257033677186,12.831177711486816,12.861445481201946
418,11.949920272467484,11.972582050255598,11.969925256282183,11.951981571325963,11.959612183475288,11.967534065246582,11.953815852032887
419,12.308654540281792,12.305932666938245,12.305853725099931,12.327108461773985,12.396895979857804,12.371024131774902,12.368802131937358
420,11.944431741834462,11.931696012788516,11.933795007377334,11.773321353807392,11.958252779178443,11.890910148620605,11.882722638625028
421,11.678120505496693,11.678283713003271,11.676999114823161,11.66271374290207,11.742492053613004,11.779257774353027,11.760434547829318
422,12.324793596431423,12.323895420120337,12.324434660292921,12.293335228057629,12.289362301568309,12.291354179382324,12.293104584783517
423,12.104930942874656,12.110446179291696,12.11003542934891,12.08720734179333,12.18937456071019,12.12278938293457,12.14528426002803
424,12.900465639758517,12.898257187215663,12.9021448200109,12.860365407584279,12.531692163835572,12.589526176452637,12.626973095246619
425,12.282976433126825,12.272699797819875,12.274139550572732,12.315884833942356,12.251994161759216,12.247773170471191,12.269227010825059
426,12.114661636237972,12.103580294473701,12.104334251246353,12.098225168940136,11.928418801466773,11.969895362854004,11.960241612463602
427,12.379074053504448,12.372790308434642,12.374420175312867,12.326507703523799,12.338848645685529,12.331202507019043,12.31536569034661
428,11.879974604326456,11.889584184229635,11.888873882826328,11.895796463658138,11.961035218966785,11.938836097717285,11.977251242396186
429,12.613207203070484,12.594368492712375,12.595083544891645,12.522002720200259,12.670042573128098,12.617148399353027,12.707353443863918
430,12.133076509742104,12.157274834409849,12.154867954765187,12.059822539552751,12.159363569775273,12.123574256896973,12.126475371676786
431,11.990848728822659,11.987667532532441,11.987049887369635,12.005881687238327,12.007712744498686,12.024246215820312,12.029761767910749
432,12.571687224266993,12.562184474811724,12.563592408344814,12.794718860862744,12.519162604142915,12.438883781433105,12.443535758687151
433,12.446743789083868,12.46890586271183,12.468162994051195,12.364776246036824,12.391876602570486,12.397560119628906,12.398258658315013
434,12.567228525284929,12.576275803510688,12.5757091365772,12.104954969726412,12.565697939990752,12.657919883728027,12.661019758237638
435,12.037091085808578,12.04466447538537,12.043648374007972,12.016170587539051,12.002996622144872,12.023601531982422,12.029284832894275
436,12.24515138534026,12.2460227605034,12.2464218979248,12.254872754099202,12.279272781884197,12.280770301818848,12.292408059462987
437,11.92797832382767,11.928069007634349,11.928644748711342,11.916398908507094,11.961082234320543,11.963322639465332,11.951598917605642
438,12.03489083125526,12.031076991257152,12.031017671966067,12.024082497091342,12.08368494903799,12.1010160446167,12.037101888272646
439,11.755422477905382,11.726005155632317,11.727830860550533,11.796629088024524,11.629257002240356,11.679980278015137,11.654961126574607
440,12.135675829381691,12.120344293753647,12.122514898193243,12.141278907043583,12.10097670892385,12.139516830444336,12.136984327447882
441,11.503780278363337,11.496201057786873,11.496748221204397,11.849589752703437,11.525488276628158,11.539398193359375,11.547344332306412
442,11.706648000491585,11.701161135369503,11.69848152503097,11.616315179188998,11.78102461149208,11.696670532226562,11.642001736693526
443,12.394245234938596,12.384091358255684,12.385317839565625,12.390932192642573,12.362140883256682,12.303757667541504,12.325696604908593
444,11.82656987718738,11.83678478471566,11.83661952302629,12.038334071152837,11.885613810963255,11.935430526733398,11.940918483874091
445,11.509919827708316,11.517547230215019,11.518101670119808,11.582869959725944,11.342614719966532,11.28947925567627,11.351232913336352
446,11.88968257554288,11.892221777954582,11.891552979364135,11.917213064616796,11.995724469212554,11.956972122192383,11.961697416122323
447,12.153057061712246,12.152479732408118,12.151911228522112,12.175632008197153,12.16243234655273,12.176692962646484,12.155920198290048
448,12.30579276437995,12.31278888492794,12.311738732908918,12.296487751340404,12.274709096354565,12.301036834716797,12.310494610232732
449,11.84243260797601,11.814817008638473,11.816914522293708,11.784782109231013,11.965681602144228,11.940662384033203,11.952630443224187
450,12.515192943039663,12.495131847166736,12.496051736942388,12.521950760701623,12.473553339305326,12.419502258300781,12.437509031265577
451,12.240587197505246,12.242881473628433,12.242732526800376,12.214938421156269,12.228604485189738,12.219383239746094,12.212741590272618
452,12.207354271546446,12.202142353200662,12.201986391834302,12.167867884300938,12.185963920546545,12.189982414245605,12.20055961106621
453,11.951488224339602,11.953888449506172,11.953558554256992,11.992958881136335,11.943980061347556,12.009439468383789,12.00703953232206
454,12.06330814297237,12.065602953073684,12.065611072690368,12.1060643220924,12.111104750790414,12.072532653808594,12.070885921763864
455,12.709582330618353,12.710630580426791,12.711209615133448,12.696229701667512,12.720197358331745,12.742908477783203,12.75948592279469
456,12.245990110068412,12.23999503967421,12.24250510926835,12.111160064545533,12.19904075067006,12.181293487548828,12.171917210619212
457,12.153627989385667,12.165407325330612,12.163830531531664,12.176692373106395,12.176010429941671,12.145000457763672,12.125826639224158
458,12.42968590104049,12.435272728756328,12.434939046021888,12.768809424609811,12.424884488212475,12.405000686645508,12.412758795037345
459,12.402247730777779,12.411195726983882,12.41116879897531,12.584169895383702,12.381524575321125,12.379314422607422,12.497804833347738
460,12.811011017353374,12.815300538153606,12.813471477712122,12.779677009170705,12.75497027254712,12.822647094726562,12.844869901294212
461,11.893970869607164,11.892102787122198,11.891035780517036,12.099314556655582,11.896780678701232,11.952529907226562,11.927270951115421
462,12.770501448337662,12.765624303552627,12.766307713179604,12.723527941356116,12.802727927650922,12.81575870513916,12.787307795027381
463,12.314490490406152,12.318214481567596,12.318101457300795,12.288446294920075,12.32842726704949,12.336820602416992,12.332114747744736
464,11.787156012215206,11.77808935891731,11.777717533390815,11.791481796502769,11.837302597390034,11.881427764892578,11.827892112434565
465,12.475422641270752,12.480444181922536,12.480827290976775,12.483115244600127,12.483048149755247,12.464573860168457,12.427419927449764
466,12.145948629789897,12.150458693479866,12.14916260431005,12.063600594717393,12.084749388353693,12.119190216064453,12.183462074106925
467,11.948398549502093,11.940729193666705,11.941356972103605,11.941287474816003,11.951381968926563,11.903368949890137,11.84458892452111
468,11.771967365803764,11.766218290423028,11.766822211715146,12.057961217442498,11.7212669120616,11.70399284362793,11.647870806504631
469,12.768673534874498,12.771615370887881,12.771595524612747,12.754869303436351,12.733902226240142,12.753074645996094,12.745256241057124
470,12.199638961668319,12.194381832933772,12.195044867076486,12.188439737218545,12.238455569816496,12.210602760314941,12.206872800395548
471,12.86813072220866,12.865700788715102,12.865989554447477,12.77244111643051,12.74862244921455,12.766223907470703,12.752371612895452
472,12.175444537393911,12.175701287027847,12.175428116719166,12.173538607837477,12.173372599929747,12.200225830078125,12.202102287412496
473,12.200665680095884,12.199393509182071,12.198975424582429,12.173032773836129,12.163004666108932,12.164815902709961,12.18169562616564
474,12.406736297184525,12.40301360984869,12.403890367823733,12.466564355600143,12.474309090449186,12.435723304748535,12.473634073118053
475,12.554333131441268,12.565710160363011,12.564218976914258,12.541619006119264,12.595709792227096,12.556224822998047,12.57437489964793
476,12.111820715901255,12.12867812742214,12.128100209167073,11.974272669856877,12.156032077098708,12.170560836791992,12.1886927355814
477,12.765059591578684,12.7684142995726,12.768613485161769,12.743849596815217,12.760419044154817,12.757723808288574,12.784143175168186
478,12.131369335446497,12.128260742472847,12.128923859836855,12.017985555719743,12.090445538614084,12.114777565002441,12.118621253812348
479,12.003545516063042,12.00391727667239,12.003278151377971,11.984264883428253,12.009864928325007,12.001845359802246,12.020580081875673
480,13.042266225767134,13.042488315269132,13.042403916723925,13.07821204573427,12.996415222843105,13.036087989807129,13.05405960586594
481,12.598072143719156,12.59672466267631,12.596667082450253,12.59974369490145,12.551147759354263,12.614876747131348,12.59506277758908
482,11.97396228522527,11.98689058748096,11.987279167782436,12.034854512306277,11.922541162319474,11.924983024597168,11.937879048373356
483,11.973024401045212,11.969756049676672,11.969719315204085,11.946151856949683,11.962561587095268,12.043983459472656,12.022048550514604
484,11.910567776328442,11.910595800199214,11.910702113588014,11.929074287745822,11.978991383431492,11.953516960144043,12.006429755219363
485,12.968778013997639,12.972850330294783,12.973814120110921,13.059651902020967,12.886864324191322,12.972488403320312,12.974224618926288
486,12.270582628260023,12.27467007007592,12.273119471980053,12.10119572590145,12.210902651435505,12.210758209228516,12.23880322687565
487,12.002760437622372,12.009826597759545,12.007599909563401,11.965256320042565,11.954062556905654,11.964903831481934,11.980141415533968
488,12.351027175488884,12.347788737997561,12.348276676352377,12.318929615554586,12.232232881942295,12.253999710083008,12.308424280325665
489,11.984576559017757,11.987023008948666,11.986491141232944,11.992786244344204,11.984472598142643,11.99706745147705,11.983922831079765
490,12.3922022460304,12.389524992555224,12.390277406050815,12.420569679111871,12.45247257256631,12.413115501403809,12.393599199708218
491,11.771340887960818,11.770710496384615,11.770106527814578,11.805028971017645,11.810473455598036,11.75197982788086,11.73873807180648
492,11.859199371776903,11.840394266771083,11.843397621935962,12.047566601023208,11.925584590853234,11.891044616699219,11.825414129128974
493,11.902877330416649,11.908932315847355,11.908352496042205,11.974394347908497,11.903480745328098,11.972613334655762,11.935404631284467
494,11.958945940833676,11.959088251774205,11.958931987463329,11.91577191568594,11.919051909969827,11.960360527038574,11.949107202551504
495,12.661007912108314,12.667665416829411,12.66786838906791,12.545994658412736,12.551593535861297,12.562100410461426,12.58545551529185
496,11.427159307014591,11.401516001976061,11.402320127183701,11.5234986234334,11.334387142576391,11.337946891784668,11.402961232056116
497,12.04699536612547,12.049627549422858,12.048011833038057,12.036890493364627,12.032960505272566,12.085853576660156,12.099973465461122
498,12.354982032791595,12.350411886880456,12.351445869514901,12.361221245777692,12.335141888414395,12.344245910644531,12.375342287719947
499,12.219137597882138,12.218255424307591,12.219544207478384,12.214885049168167,12.157305933710322,12.230973243713379,12.221702897112463
500,12.376515758538915,12.378699103670478,12.3783233967574,12.392589997705532,12.467741160238356,12.44435977935791,12.437146670193595
501,12.194184258083558,12.192415665098249,12.192563307039991,12.208788821979336,12.144589164391348,12.17430591583252,12.167127502158458
502,12.783998242560543,12.802851775685971,12.801379778598122,12.108327100673321,12.7089077603372,12.748039245605469,12.787287335131419
503,12.558651279871349,12.558429582779121,12.559381703791397,12.530760974261069,12.494806042661487,12.473811149597168,12.461300299410558
504,11.894578526872362,11.897642806140732,11.898175767697557,11.788218799563667,11.89408355556597,11.956765174865723,11.945654660541573
505,12.093636079791425,12.0919408238238,12.095511723320989,12.120375085090958,12.062629070740892,12.065056800842285,12.084203120191843
506,12.593015078083134,12.589924676456596,12.590781335687721,12.521669679109985,12.51079634816597,12.414976119995117,12.458669240809874
507,12.0878442466932,12.106200830592911,12.103900644241017,12.02445304526811,12.162194063928892,12.107231140136719,12.122272996036566
508,11.981694981227575,11.964874764067687,11.965439353907497,12.105460750817343,12.05534976791261,12.05020523071289,12.008674229010865
509,12.917090197439995,12.899325157281291,12.900426054711662,12.860470166344413,12.894498949720242,12.841413497924805,12.847153959849903
510,12.117955102072479,12.115714103432225,12.115973145814522,12.126661369477873,12.173990612233501,12.095101356506348,12.10907526957459
511,12.450435806481998,12.455306429301128,12.453859754235268,12.11116006454553,12.296521724575117,12.374217987060547,12.338664295949922
512,12.26878414944989,12.269313771925942,12.269198603682886,12.260147163804263,12.270601063441335,12.194730758666992,12.225727517396741
513,11.902093107667056,11.916325902957016,11.913417721117055,11.83623996126729,11.875808398888221,11.895868301391602,11.867787154247006
514,11.974303303997798,11.973225787813156,11.972360040593408,12.00020831754985,11.988265773455101,11.969369888305664,11.98021381774637
515,12.023793511839122,12.024855642883148,12.024005373951535,12.0484187027973,12.044132206027102,12.018805503845215,12.009323440439541
516,12.853921835218062,12.848230852592309,12.847934366554597,12.829265509815759,12.809145676953694,12.85161304473877,12.890319744853572
517,12.146389554838883,12.117264533505342,12.118452564955357,12.161233784531033,12.125877424056792,12.092008590698242,12.152833621898731
518,11.857025239457924,11.869022406852874,11.869210257003456,11.957098327701997,11.83553850329697,11.767680168151855,11.772106900903266
519,11.995579805208848,11.99820511971978,11.996911214678178,12.033779934461762,12.005277718313655,11.977527618408203,11.93988883504159
520,11.820970521133635,11.868934202032083,11.868672681527883,11.879331127199125,11.959019263338043,11.93297290802002,11.946445567198884
521,11.881883034630249,11.863272841935588,11.865602925894429,11.893615838624338,11.890061844672008,11.809825897216797,11.742058228205355
522,12.122196796351423,12.111966831569395,12.11263408636007,12.26476236059503,12.131057643328461,12.125628471374512,12.15821518682059
523,12.000855937698102,12.010781691624423,12.009458783474482,12.011951541374692,12.036001535524834,12.044398307800293,12.026984415277447
524,11.986089194927713,11.98894457430556,11.988815679184995,12.01081682812272,11.948845090986316,11.93278980255127,11.951221050837937
525,12.741731279203991,12.740049517415137,12.740255882129771,12.757764179852899,12.804304210952626,12.806291580200195,12.821560169895111
526,11.909176436860864,11.927461893763756,11.926718984510186,11.897081090856028,11.895669742433666,11.881814002990723,11.894420821684637
527,12.479116974706669,12.480204835727605,12.481102989377716,12.44986684892489,12.445234495605291,12.435482025146484,12.451385207743147
528,11.884933474410225,11.860658373818264,11.863717809252787,11.82630942834548,11.94247594691391,11.87289047241211,11.929303871887125
529,11.423207208148323,11.396254456890007,11.39595625222207,11.506930817821548,11.354277802943269,11.482552528381348,11.5612125344436
530,11.82067631812418,11.82949820630378,11.828746865339504,11.865343536974825,11.763537233018551,11.763720512390137,11.752238050911341
531,12.50102780491888,12.50540511094116,12.504955592676541,11.444772089301932,12.385045212790883,12.400311470031738,12.381570654182626
532,11.983036782329494,11.983107847968682,11.983866230721022,12.003048397205468,12.023247802237286,12.011531829833984,12.037222410631243
533,12.064755340820717,12.052225917447547,12.053610411370064,12.052014820817776,12.061134757818404,12.057670593261719,12.062021854638253
534,12.065690914606087,12.063307812299767,12.06276544370344,12.09986849850138,12.097034758569619,12.076077461242676,12.065905505438645
535,12.184183077489864,12.184751003675487,12.187513922290304,12.104821962147003,12.13089248862432,12.232987403869629,12.229246291781102
536,12.393024906018251,12.38064787564808,12.38232853049495,12.40910770731763,12.417029477899298,12.393230438232422,12.381624792255753
537,11.523171488827902,11.501240933656291,11.501540058060712,11.534794974677252,11.413249051694489,11.403273582458496,11.467408615417837
538,12.370507858809011,12.357917323891453,12.36023143155467,12.34472758237041,12.371539715693475,12.330968856811523,12.324621687883369
539,12.113649640747946,12.134037861262422,12.132442554389804,12.12091540052916,12.091790651513822,12.138047218322754,12.073700580363193
540,12.307374884706896,12.306844135632476,12.305409490158283,12.459347232794206,12.190220053125962,12.141398429870605,12.116824716022778
541,11.745612756034623,11.738225812549432,11.737835100343895,11.812089705683567,11.64100011051011,11.613302230834961,11.537620631129005
542,11.637068162544708,11.6245440578657,11.62586964539544,11.595429093900194,11.487142778472172,11.52153205871582,11.53379459220343
543,12.10987993142196,12.108051004297566,12.109023807562009,11.993374961780724,12.081305063430367,12.076404571533203,12.076082065702014
544,12.246244748672574,12.248431331052371,12.248793510740603,12.256863836445675,12.258370113405226,12.270752906799316,12.309661355020138
545,12.75264471630034,12.747950810028055,12.749582328649993,12.69680670983,12.71630027165651,12.684887886047363,12.711056503111694
546,12.416718682567884,12.41195576683387,12.412213669123974,12.40250031928085,12.40749244074911,12.413349151611328,12.40968135858721
547,12.363368852036146,12.36632219927286,12.36557370446417,12.364627029012492,12.364901062601028,12.379881858825684,12.35882540056263
548,11.798411215213694,11.806371559417475,11.804833148763102,11.83129929728344,11.861063102862406,11.83798599243164,11.818446902604729
549,11.909555626551205,11.916649719786099,11.915665320830959,11.9536308827004,11.93720195763202,11.897095680236816,11.903186144083392
550,13.22027112907934,13.214446888053992,13.214308637107704,13.248291379498779,13.215597503452214,13.17920207977295,13.147880484471097
551,12.434651898825045,12.433764606865797,12.433710977766475,12.410237744455227,12.432891033765419,12.445213317871094,12.440742647107752
552,12.338048279331641,12.334195142187108,12.334804921904421,12.317912628788108,12.369358609758594,12.409052848815918,12.377540788481882
553,12.824117547274446,12.832721009332733,12.83222278063812,12.814996518678827,12.7624295726274,12.814541816711426,12.811047218544504
554,12.093694350888711,12.097698096117593,12.09812591848552,12.116787345161598,12.054176346342812,12.040029525756836,12.055761131204775
555,12.124934755076913,12.117999471027133,12.118282668848718,12.121495019942618,12.160414772839777,12.15814208984375,12.159167595776783
556,12.334981646507035,12.32319179429712,12.32597040929168,11.9373957453734,12.34475830497155,12.437694549560547,12.491359130867556
557,12.0399108547767,12.034798938695738,12.033295253469026,11.961046101796963,12.059406183653735,12.045984268188477,12.080416995406196
558,11.81922129944867,11.815165627091929,11.815241652420537,11.838317230493583,11.970751387632367,11.964686393737793,11.923333680480756
559,12.860516679427645,12.861752975151838,12.861275999509381,12.864660833033943,12.8991648596018,12.88044261932373,12.875084797339248
560,11.9613144408666,11.942763959778338,11.944486991711765,12.105698086028179,11.944296803318135,11.942178726196289,11.929842376571061
561,11.783206412400228,11.76010661651311,11.7622493385401,11.782965623509599,11.83931036911212,11.811124801635742,11.841172298126024
562,12.588586803151086,12.582314479517617,12.582755421565157,12.548487222063258,12.554966216293748,12.504416465759277,12.484020272123884
563,12.181204026159511,12.192675478608797,12.190880980440213,12.096736420734702,12.227939209571916,12.229933738708496,12.179263422542018
564,11.981360900165543,11.975590903694135,11.976007824517875,12.070519649311874,12.13691127990219,12.102495193481445,12.121723088261023
565,11.577439756484676,11.573349460616546,11.573070598633667,11.532371621145943,11.579483767078425,11.547033309936523,11.58093965776094
566,11.900910582740893,11.889940146285843,11.891146285139575,12.034282252377903,11.995832075179752,11.977791786193848,11.985057838778099
567,12.460282261705396,12.440703846274833,12.44399275039807,12.094426987560928,12.461597442919787,12.423599243164062,12.394974113144102
568,11.481378249150705,11.466638941869597,11.468784085611885,11.499491081616183,11.400160949776858,11.409452438354492,11.445850577295
569,12.545632149262556,12.548198700246123,12.548055735174827,12.55597807278554,12.601817445889887,12.62524700164795,12.616820515327516
570,12.066464793460957,12.07735769533501,12.076463039879451,12.066746757858056,12.04644804590324,12.028484344482422,11.997678323625536
571,12.727351254569225,12.725870463093717,12.725878358477344,12.739713865992579,12.738954621365162,12.782023429870605,12.78135841499492
572,11.927319489699132,11.924870228323936,11.924904186229057,11.929840028916056,11.946579064584864,11.942573547363281,11.943100898461962
573,12.04346308705977,12.02882834264054,12.03026135603641,11.984714108137283,12.106372088044004,12.091055870056152,12.088402829805089
574,12.532462390361461,12.525866672571125,12.526683242518157,12.573062766090018,12.551947189382654,12.496380805969238,12.563978192780917
575,12.84457811866778,12.855049332611904,12.853964581885558,12.832539421489805,12.854752451932502,12.877979278564453,12.942964281843887
576,12.07659660626423,12.086276376739436,12.08562037899647,12.09619859217451,12.075545796178796,12.103498458862305,12.089642403398539
577,12.397688214306688,12.408793358542873,12.407432310188346,12.125628463964125,12.458457632433126,12.480046272277832,12.49563880792683
578,11.850567307920812,11.854017986164514,11.851125153343467,11.82970918445077,11.974926627190687,11.945008277893066,11.89640527080037
579,12.540497472154254,12.544020439862154,12.544254788935739,12.523416489925099,12.522590338447463,12.538320541381836,12.527680924025825
580,12.137588009132305,12.13479834606482,12.135142446233619,12.158238397082307,12.138234955846789,12.164937973022461,12.16307544398088
581,11.745836814677823,11.74782960696397,11.746958993553593,11.746625041470368,11.759369178497714,11.734969139099121,11.742013889302148
582,12.396554761313913,12.393363121532333,12.394485080147605,12.24150868980742,12.409158734589152,12.399982452392578,12.38955282131951
583,12.490522331316608,12.494647430222976,12.494546741210497,12.496517329911612,12.601193542911757,12.590191841125488,12.586965510196512
584,12.075822804202886,12.091076466383331,12.087626344541698,12.076236564174646,12.078226579087605,12.042624473571777,12.034914573793221
585,12.085112607905865,12.088308392576776,12.088018668389665,12.133041529276031,12.082501893662162,12.099737167358398,12.089037521372365
586,12.580166530188082,12.577338077428738,12.578317430117709,12.627780555304254,12.627755572301096,12.590559005737305,12.57962197727778
587,12.495545529378958,12.486418839924252,12.487546136833235,12.44923385456631,12.499567144747592,12.539359092712402,12.539020287518246
588,11.682460067696883,11.67501038542662,11.673763952060492,11.684794497109891,11.804072922726164,11.796278953552246,11.783939470049855
589,11.915876787264729,11.929686636563915,11.926645074207526,11.85770116102007,11.968468288173119,11.957929611206055,11.960473081081128
590,11.824857639871178,11.81538289730984,11.81508900524327,11.779688471613687,11.867971617052147,11.88577938079834,11.865620012710625
591,12.17692428018659,12.15450912871585,12.157424007814651,12.109911564759367,12.102941418962722,12.074444770812988,12.073191504368825
592,12.664936632122496,12.659422550113632,12.660711357051758,12.666574151869629,12.658377548508083,12.639996528625488,12.635683601897167
593,12.481727133475317,12.476841926305374,12.477580595475867,12.484057561911868,12.470855607900269,12.474763870239258,12.487716939882388
594,12.048236163136423,12.044720155454675,12.045517970021352,12.022231167266488,12.07204558046552,12.057493209838867,12.025762355129123
595,11.534989743929534,11.530144076112936,11.529055143833107,11.72761698314761,11.639065032631406,11.608840942382812,11.647658326842077
596,12.034923907428427,12.07295700127104,12.072819445431353,12.012869657133672,12.126681145293553,12.060996055603027,12.040224304486078
597,11.922026173260404,11.939703095623713,11.937975823005106,11.922425054561025,11.78233781508225,11.81226634979248,11.859503217202642
598,12.05922265796368,12.059725873532829,12.058255175169949,12.109922137705896,12.064383770245934,12.052938461303711,12.025597368164249
599,12.012376274050277,12.008386731725883,12.007338325416494,12.026271152960842,12.079612189626566,12.124884605407715,12.045292413744436
600,11.860595877105162,11.855872380563747,11.856467599872406,12.114231976869306,11.925577824968276,11.907546997070312,11.866354839860147
601,11.90995504718619,11.919324452428388,11.918582171771654,11.864466797431565,11.959755998576084,11.954386711120605,11.970256381439238
602,12.249063755865336,12.265357698360623,12.263951297652277,12.284691110702816,12.262294591152212,12.245954513549805,12.281393899879928
603,12.466688849246703,12.471548101685048,12.47139857324529,12.447796302208623,12.469412542470938,12.47624397277832,12.479454845475582
604,12.148771518656266,12.146681966231691,12.146974026044129,12.18587738298245,12.160197669447891,12.152629852294922,12.129235906232237
605,11.86720760370399,11.857802049075234,11.857603020710082,11.878972105661656,11.956016371720429,11.947669982910156,11.92786916874673
606,12.555898014650088,12.55763553474061,12.557833327001532,12.580931078933968,12.574979872551811,12.565141677856445,12.573147916902164
607,12.320207447858074,12.318821574447883,12.31890429265856,12.358149140163231,12.242446274028032,12.211098670959473,12.264154666645391
608,12.728885091888575,12.723537610576027,12.724348772958116,12.707128087234537,12.703250574662546,12.69054889678955,12.624597739634988
609,12.169392036641117,12.174668225795227,12.174369766602819,12.122000704202097,12.125587205516963,12.201691627502441,12.19290957220675
610,12.319446552953222,12.321664632880461,12.321548140288133,12.349858979688491,12.346535504846944,12.327909469604492,12.350367336902458
611,12.312174573896923,12.314841734978922,12.314892345842198,12.29211661141477,12.348788196566254,12.320442199707031,12.336749455305581
612,12.316442284118313,12.339371484373144,12.336160496045878,12.090388533740736,12.166301053548095,12.203335762023926,12.16548992487819
613,12.207712727645553,12.22096112918571,12.220147240552995,12.167786794021024,12.149142829176538,12.195981979370117,12.170057561501494
614,12.565719483153066,12.561866179880013,12.562226377238744,12.560316860006456,12.590897658290237,12.622759819030762,12.581352839973256
615,12.190686328509422,12.165617409187659,12.168669935945474,12.192522707855375,12.359902218107834,12.390945434570312,12.409237325365712
616,11.940886182843975,11.942791560409553,11.942967233412102,12.134644660921552,11.94047382070931,11.899967193603516,11.91240483331282
617,12.679406562982589,12.673295268447303,12.673904456114286,12.331530593530598,12.745728439270032,12.755623817443848,12.775241150654596
618,12.05512543236699,12.060897703680183,12.060391921734418,12.102065755825963,12.025145860185228,12.07906723022461,12.078818606854853
619,12.330602820757623,12.329422451316942,12.329770072038617,12.30793227340651,12.332155396991057,12.360574722290039,12.344003401306
620,12.843087974144108,12.839141264805225,12.839803343071125,12.641327857543937,12.86520936459891,12.845379829406738,12.766156170603628
621,11.947250415613203,11.940515536705147,11.941323303727728,12.285247341706153,11.973559414127507,11.914246559143066,11.986295275968523
622,12.118801123256887,12.117231549281785,12.117784785234022,12.134528360541323,12.050355120715304,12.088456153869629,12.092111500180541
623,11.886627776518734,11.89830425546529,11.896942189429954,11.924127293525032,11.89382464451368,11.883373260498047,11.899011374092094
624,11.793354824548365,11.79996869690718,11.798448999905327,11.805484865239396,11.841901337528258,11.880583763122559,11.779415501208932
625,12.506185389289039,12.500095081770036,12.500267162180027,12.496814408625253,12.493997771987083,12.519826889038086,12.518491568825242
626,12.037754691505521,12.038443209098316,12.038586337134026,12.073649646736497,12.022691734964749,12.036401748657227,12.050779891672226
627,12.248518948661525,12.251738743098334,12.252324277065927,12.141359992401808,12.2818158875626,12.247352600097656,12.259773965107318
628,12.040343118950902,12.060596673456239,12.06093513253041,11.971685373508546,11.995504528820879,12.003128051757812,12.041997123826034
629,12.771493190349444,12.77805958373058,12.777205165699165,12.75905301320632,12.821284762785538,12.793475151062012,12.795496303095211
630,12.317038901885235,12.32319924779716,12.322680647004375,12.353787687911595,12.250870427321962,12.284709930419922,12.276829539047819
631,12.201356508311486,12.206644199687352,12.206147025449988,12.202699770897546,12.20729164498076,12.204408645629883,12.168551864895806
632,12.233966169360464,12.239697596438639,12.239494719414935,12.236531697021256,12.306414387587902,12.29720401763916,12.326217619821984
633,11.957557902336527,11.97015214271743,11.969174320681583,11.961058767907279,11.952758067958218,11.925439834594727,11.936102915327384
634,12.376929360975499,12.3832780290855,12.383817449716958,12.388873335349194,12.40467551951574,12.406472206115723,12.390934239987878
635,12.38820456485344,12.384670089311715,12.385318254197282,12.335272990285807,12.335720778807222,12.397786140441895,12.365610668865553
636,12.213081134065115,12.21717418543541,12.21782403420327,12.036699077121066,12.161972793198562,12.156035423278809,12.17433234765545
637,12.756345001110983,12.751232267790895,12.751442429097555,12.808617211659236,12.865387188859753,12.857766151428223,12.804218400040174
638,12.320844845774722,12.317490962141353,12.31855794167184,12.341561307881358,12.416852156416187,12.37958812713623,12.376858702818488
639,11.882124351407391,11.912681941278418,11.912191086396133,11.698665671103031,11.772134998437767,11.809355735778809,11.847429190957099
640,12.370528403823497,12.367422220017255,12.36783564390229,12.389850814882456,12.361328367413659,12.361577987670898,12.357220806416265
641,11.875826657013102,11.853011137351428,11.85453724977052,11.967481046151129,11.944606559522473,11.889281272888184,11.865845590661294
642,11.96992886598624,11.969348769424606,11.968641341591347,11.945163180584114,12.055870306979072,12.052322387695312,12.046710628950558
643,12.472293830561155,12.482777913625581,12.481130685359792,12.435523668073102,12.448216744481996,12.44935131072998,12.470812821623008
644,11.930119012833424,11.929234948318017,11.929665998320067,12.080545043770444,11.9836072613447,12.02569580078125,11.995236352740633
645,12.408177387861059,12.413165929586205,12.4139948342455,12.43119516542996,12.253752782219985,12.307717323303223,12.321422089545605
646,12.315062742732433,12.312935595463562,12.313205471228947,12.29794539384579,12.295178534198456,12.303140640258789,12.29470309553004
647,11.749186032310408,11.734703204116446,11.734853041063824,12.09615183017671,11.76350715793788,11.764586448669434,11.709155479106345
648,12.31785105048194,12.318390224981346,12.31789831852918,12.174358568616618,12.390327012718695,12.33886432647705,12.336531664312407
649,11.972072481625677,11.976116907463053,11.974839168027177,12.057681920301574,11.9845793759351,11.92470645904541,11.928323264325776
650,11.675483442970949,11.667405717984417,11.666752043906397,11.801355227565123,11.592001920509539,11.62709903717041,11.679991294381534
651,12.305803370344437,12.311284058215318,12.312243178544463,12.244621509460085,12.409481281227341,12.356284141540527,12.374260106065712
652,12.762757078418192,12.748279669000071,12.749803103898138,12.798140022689083,12.783519625571738,12.782721519470215,12.818763168876758
653,11.927551126235151,11.922080037877203,11.921389394802182,12.139265327126003,11.885030898036327,11.92790699005127,11.91597464062085
654,12.439039853483358,12.424026850595498,12.422707918693302,12.350705121375578,12.446045944400586,12.390666961669922,12.409675714772499
655,12.237038704709342,12.22239514153425,12.22380332184638,12.194467012324173,12.244719565412714,12.267107963562012,12.287215484351854
656,12.352137849515906,12.36429601861926,12.363980443777573,12.166852781253986,12.33297670816492,12.325845718383789,12.290696305623742
657,11.996608648617405,12.01148165796594,12.007494829461805,12.027543437960318,12.075555224835464,12.016678810119629,12.04665024891914
658,12.221279193457063,12.225815067597594,12.223968551643013,12.289747406467619,12.29096747541555,12.272741317749023,12.282114666606649
659,12.268802977166855,12.267077350520406,12.267972558687251,12.295844638317469,12.294697597038553,12.250443458557129,12.249086122593717
660,12.921737020197389,12.909507208749735,12.910110611829793,12.898150506159125,12.823539339841469,12.878973007202148,12.880021909578648
661,12.027716366464064,12.024771155737968,12.025085216147776,11.999400053498249,12.027068308634368,12.00798511505127,11.996002028788837
662,12.178055688946769,12.175982644705062,12.17627268782302,12.223169753887877,12.221122202558659,12.231700897216797,12.233401968734436
663,12.299420838091331,12.280955179977482,12.283266164472478,12.267042551181582,12.201366096397608,12.243366241455078,12.241662764987607
664,12.306504128023258,12.311104541400685,12.311271047683807,12.27612289367898,12.243171200070032,12.23143196105957,12.241208742600186
665,12.330449843871229,12.32852133497024,12.328173370083071,12.297575010888579,12.379009849939386,12.278703689575195,12.304656835554198
666,12.487673526126102,12.492529454888418,12.49271388869329,12.477543824406254,12.427845461546207,12.442687034606934,12.457287028856094
667,11.879604680364537,11.887720655493775,11.888043671889726,11.921444485138483,11.944061709443169,11.875632286071777,11.91423937855919
668,12.49039819105501,12.485555261058277,12.48658581460262,12.797288972332632,12.464196523360068,12.452861785888672,12.460270941338944
669,12.029732791145427,12.027642287152089,12.027443034299996,12.055999955890435,12.06823556137256,12.067092895507812,12.104759310645049
670,12.407135787843055,12.40503500482418,12.40591415799318,12.374255308039821,12.36360537877847,12.39907169342041,12.39078389295533
671,11.640459795059893,11.662876059170715,11.65753598504284,11.66990604880232,11.704473698059921,11.659981727600098,11.664480364973384
672,12.004150547807697,11.997977204097324,11.998347878831064,12.20890628231672,12.067435235205128,12.138266563415527,12.083774211092402
673,11.808303790899622,11.798787332513596,11.798838703725414,11.790804648999337,11.689649006938494,11.632965087890625,11.678874557582319
674,12.042112119354881,12.031575281192326,12.030792830506778,12.080575830826506,12.143815612954205,12.135371208190918,12.118055725523647
675,12.002907972104126,12.026403597193344,12.02343053127911,12.058171960909048,11.940645748505327,12.013622283935547,12.018976620908068
676,12.570392396241388,12.562377546085319,12.563231288819125,12.564995497898446,12.590636167384908,12.612517356872559,12.622471645869675
677,12.831589605702037,12.836931188341216,12.835664181546456,12.832602330799979,12.955491571785588,12.933281898498535,12.978091757581394
678,12.514785986147123,12.523211650611623,12.522024650035517,12.118516618727634,12.412728842264467,12.367279052734375,12.377856138431135
679,11.991023898614014,11.98794565781445,11.987160410163053,12.017278060969971,11.979697255381593,12.01961898803711,11.984742460635275
680,12.446654533643757,12.449280444476996,12.449216888926346,12.42659486706525,12.410015801617721,12.458419799804688,12.456414629865936
681,12.85123652811136,12.85150653621193,12.850760047831294,12.842977831471185,12.866371227900967,12.831954956054688,12.824975294642625
682,12.494756455399282,12.50161006391408,12.501343753582729,12.347498905974748,12.474844269103881,12.497910499572754,12.477412488202795
683,11.949643222634723,11.947723353106607,11.948731108132638,11.873411304723007,12.014685692831366,11.96936321258545,11.900464035097118
684,12.285596532298209,12.287472624360118,12.287716957395817,12.264249477841773,12.250179546344578,12.27015495300293,12.262704721396684
685,12.565628170838947,12.577318991897007,12.57758755306609,12.363554775820308,12.555986150728165,12.523951530456543,12.557641964737874
686,11.943082860982658,11.948590814573278,11.947439458171138,11.978542661488087,11.91151435826254,11.952545166015625,11.954171480186174
687,12.412719770863617,12.408601621474537,12.409850803127597,12.414362974271373,12.35487303534605,12.352893829345703,12.333262872315517
688,11.822187364032624,11.82371970179993,11.82353188312966,11.84256424450925,11.767254065018646,11.75070571899414,11.700230637782122
689,12.60164336805857,12.618611986385694,12.616617470895706,12.6416955030482,12.62023959477255,12.597623825073242,12.662858666581382
690,12.578812053760052,12.577938628381593,12.578887616236136,12.592430616280994,12.564191337025695,12.54348087310791,12.532630406751863
691,12.097329330049405,12.10110906330523,12.100734550554325,12.068834222558213,12.053043443855849,12.09178352355957,12.067832678949129
692,12.331187839705994,12.334101430319741,12.333044434931745,12.315635098155644,12.29788620995355,12.309468269348145,12.357832234555383
693,12.417433484657138,12.412456565808705,12.41344959946133,12.416286639962301,12.452748819908287,12.415582656860352,12.440225978479894
694,11.860760917838492,11.866714925071953,11.866602072117999,11.899306698693891,11.907720087436477,11.841897964477539,11.878805728973733
695,12.61978631323828,12.609398639455451,12.611002428923893,12.593522443962453,12.67872267777383,12.667412757873535,12.661366056054991
696,12.047758980107494,12.046263647447153,12.045597038456632,12.057297677424323,12.043420025043858,12.01809024810791,11.999357773599522
697,12.498807694282501,12.50762409239698,12.507158629294565,12.488817285565894,12.49098309015654,12.4600191116333,12.463643569990323
698,12.82758894874426,12.825474781507811,12.82528803296158,12.79004980113758,12.911569075913832,12.869500160217285,12.903820045518062
699,11.991717962030515,11.985007210149695,11.985392153554201,11.9023700562186,12.047249172718159,12.04512882232666,12.04175836308723
700,12.552519479040008,12.54962338807516,12.551085076434576,12.56008366482045,12.433238877844575,12.480292320251465,12.447962824716457
701,11.90283047422233,11.894752809817708,11.894168868404522,11.874246699550818,11.938823394324775,11.901464462280273,11.903740270530346
702,12.11043611068851,12.10723353888711,12.106930879515529,12.105091880991825,12.058535681616206,12.082921981811523,12.101572815320514
703,12.293882582559043,12.291425545963328,12.291637227145477,12.244857676985704,12.290363754277198,12.318647384643555,12.279540710481491
704,12.47471072826152,12.465435130957784,12.465740097447755,12.489186800543164,12.459467770729049,12.3905668258667,12.367450005269358
705,12.18853858093157,12.193885714456632,12.193482718855826,12.203959291521556,12.190003689416951,12.182246208190918,12.177704572271253
706,12.17519490689824,12.171255081718645,12.171663311248995,12.138745349472906,12.21615765116504,12.200469970703125,12.17794774416712
707,12.059143938269349,12.064740666245624,12.064710800353609,12.0486390429197,12.019237156373672,12.021955490112305,12.027961711406988
708,12.723965193537813,12.728974858681749,12.728656033005842,12.735616361471209,12.839793050153537,12.81330394744873,12.854876975120332
709,12.170555676249627,12.17036770185634,12.171192037985241,12.15018408508127,12.160856635332676,12.14392375946045,12.140335247757701
710,11.934194123841895,11.926008404324495,11.925895462090905,11.835360425651658,11.880772657153468,11.887548446655273,11.944738575998278
711,12.25290627573075,12.253878395024522,12.254988194160351,12.217122179056414,12.209095871963404,12.084802627563477,12.131388757364359
712,12.550147387687442,12.543188190872996,12.543603573151263,12.51916535178495,12.562288083614462,12.559625625610352,12.570516310012833
713,12.37731835145129,12.372771629666063,12.374047595952039,12.382978357877562,12.365287004559416,12.348875999450684,12.381837288518508
714,11.840019350253893,11.854233704083814,11.852635746484006,12.231541695330147,12.010508645818078,12.017176628112793,11.970222209798573
715,12.158353407590468,12.171084541418509,12.170537695244187,12.12470224526091,12.172190550003945,12.155715942382812,12.187848392933432
716,12.020661281404921,12.011825029289742,12.012780098285978,11.996819603143566,12.066221822636289,12.02639389038086,12.055740348016728
717,12.308594635656302,12.32087226071399,12.319209296498924,12.332800025139617,12.31727953114625,12.31942367553711,12.348386902754545
718,12.034717773405637,12.051726622219688,12.049512516941238,11.993264101091125,12.044175103843784,12.070928573608398,12.058749093217774
719,12.649140554809318,12.650905488303389,12.650952922678544,12.679943296413668,12.630050082658984,12.665754318237305,12.718517010784069
720,12.338860816516364,12.342175799278834,12.342448194708714,12.313495470979475,12.309120825176137,12.3047456741333,12.336517476050728
721,11.80737367530688,11.808594967496331,11.80812904242862,11.802851249791853,11.849647947855006,11.829475402832031,11.848954700353175
722,11.956213001654934,11.955961437480187,11.955594061318275,11.985217176219194,12.033144875112086,12.021873474121094,12.028473903404564
723,12.405004668745734,12.416643364622775,12.41699311365321,12.366227475977798,12.371908545886715,12.387993812561035,12.347227941107613
724,11.985983249709738,12.006622840832424,12.005362837636223,11.973244782976582,12.048561023991729,12.017800331115723,12.035329679118515
725,11.914152021381334,11.92878670046984,11.92714427088866,11.928679098224903,11.977367551430435,12.02153205871582,12.0150594707577
726,12.076004049590207,12.0901180019447,12.088629504771367,12.039338390093736,12.103749623612451,12.103278160095215,12.116831345357692
727,11.975787759778553,11.978968567490023,11.978072718954051,12.017266391203538,12.056677139462398,12.046161651611328,11.987613707974132
728,11.909668617155745,11.905145591956593,11.905088655164688,11.838577427052519,11.87797090610923,11.885547637939453,11.898313316709995
729,12.72727582522081,12.723409483933315,12.723488993806372,12.709022778548418,12.734480730062034,12.748612403869629,12.744727948696953
730,11.932497111635866,11.939205368633996,11.938473703928226,11.970938672923666,11.937331906329817,11.982605934143066,11.983867947069058
731,12.406520632406757,12.409878008937776,12.409958530514338,12.419662329883355,12.389875512285007,12.372511863708496,12.39266735632797
732,11.670578770457317,11.666514909397623,11.666276843395648,11.665542391377238,11.660561958564957,11.592899322509766,11.610417606464528
733,12.35556989034471,12.362051915193264,12.36169799934688,12.336172633716522,12.370340347346723,12.402286529541016,12.42024470151746
734,12.427627076921285,12.439059108051515,12.437928530584124,12.474155724664703,12.390424692910345,12.359734535217285,12.336817302334328
735,12.043363072176854,12.052842760914313,12.051924030341,12.040560082428835,12.007246383960076,12.022669792175293,12.034969727674316
736,12.051611700466921,12.054611886099714,12.053730342067393,12.09130724195077,12.073642250561386,12.072665214538574,12.084371201264549
737,11.531665094002696,11.556996183676041,11.55459620875859,11.68575607972496,11.612506259005016,11.62111759185791,11.606931725088266
738,12.674088551181432,12.666666470317454,12.667461161976277,12.704518011137086,12.731896069200946,12.70932674407959,12.735236282979587
739,12.283109582824382,12.281126001841562,12.28134698688732,12.292518561425473,12.304796809610592,12.314349174499512,12.24366470057665
740,12.03936481861247,12.044426086284224,12.044283427851548,11.9916344091785,12.082856089401751,12.080114364624023,12.077594619890517
741,12.478840035598472,12.479008213694295,12.479188381051035,12.501986865041124,12.460968252358597,12.444601058959961,12.444447014381284
742,12.529269875979486,12.529186880429075,12.529581246530876,12.35147787009882,12.532378408369988,12.446661949157715,12.429819398505888
743,12.063314259879046,12.064702121868075,12.063865687672175,12.086177254668566,12.192689797390779,12.230729103088379,12.252041333797678
744,12.236325182161838,12.244812028532083,12.244500782941975,12.239832084369429,12.162154471742571,12.216157913208008,12.234191546397975
745,12.531901856273937,12.524981236676265,12.52504132049111,12.545387326596682,12.529440229718418,12.556276321411133,12.489541124392598
746,12.85890135033552,12.849753804197544,12.851282142210449,12.850354035409381,12.877063490301568,12.881721496582031,12.858082120335546
747,12.032126541375844,12.03484103632635,12.034336624678188,11.993928351340248,12.03153909381229,12.046407699584961,12.06822097504116
748,12.264004516724205,12.261379114527296,12.262080214043527,12.25807921851004,12.25422578293204,12.26593017578125,12.26279204405775
749,12.210079772905729,12.21130306182765,12.211246723099595,12.199672237758232,12.227199875762018,12.198159217834473,12.17766702935934
750,11.876249330776384,11.876945893549571,11.8768843583461,12.031678864118382,11.944573719930855,11.922147750854492,11.897516443889135
751,12.156052613777069,12.17667542293153,12.17620973170416,12.067540431995242,12.174986616865915,12.169854164123535,12.271138885381868
752,12.011299853891666,12.015321332747366,12.01579119144454,11.996492722161147,11.922949430377649,11.990500450134277,11.982800448342577
753,12.211475933718079,12.212568841732612,12.212689835676619,12.210759674390573,12.241632524260094,12.251021385192871,12.275592394327361
754,12.057239716376301,12.059112625904891,12.06017998194768,12.117765203881213,12.034101896788558,12.048787117004395,12.066903800879796
755,12.144420107691307,12.140274670193454,12.142119709750768,12.154479610519425,12.066755703634085,12.141199111938477,12.08353999950026
756,11.858842850963425,11.876985998051689,11.87492287636401,11.920839063667527,11.943489554045042,11.927334785461426,11.944338831956147
757,12.442795232750754,12.444541882403776,12.444695915600823,12.488740301738057,12.479574520936547,12.457536697387695,12.48244295716726
758,12.36349995281913,12.364556410700832,12.365094539507414,12.368278515358393,12.335411499216603,12.345305442810059,12.351541722948776
759,12.323985513287967,12.318576171245908,12.319154389775937,12.308210059424415,12.28602516132266,12.258548736572266,12.30234446052872
760,12.309282295985158,12.306245805332836,12.307071654617426,12.299320911457897,12.296005098666289,12.301514625549316,12.313152557780127
761,12.26841283615666,12.28041417608436,12.280105489447392,12.256912493081304,12.306578144017687,12.261560440063477,12.273148786958826
762,12.284433696191366,12.27789201403849,12.279605973398784,12.283743372927207,12.300213848176734,12.320438385009766,12.282910956905116
763,12.327300417389178,12.32592070372522,12.326174820828266,12.32593517885886,12.32092237509361,12.333757400512695,12.332106557933441
764,11.83633922624281,11.848597142827305,11.847477147277868,11.804749455630823,11.91574105434967,11.907449722290039,11.879769676399427
765,12.376659678709535,12.386037092067312,12.385062512094171,12.43805950347189,12.425608961084691,12.420122146606445,12.384270917745502
766,11.676639691009537,11.686707639422826,11.686187844061104,11.66524484346962,11.748146783268666,11.655839920043945,11.58553550895844
767,12.08990333662741,12.086111985667287,12.086738264299663,12.063194654864901,12.091203079961872,12.070058822631836,12.114405675476998
768,12.531603516867655,12.530777270379476,12.530368585234974,12.5385447159161,12.540003925266065,12.528519630432129,12.587440203279044
769,11.992439921915768,12.005300713531142,12.003511537879223,11.995574155195701,12.010078136264225,12.023707389831543,11.988334030636791
770,11.965299050712883,11.965354314317715,11.965365534231399,11.991518752573349,12.043352313165464,12.041711807250977,12.038761687629352
771,11.81475914153737,11.803706075064508,11.804143245675125,11.807682476302976,11.80632681888729,11.732397079467773,11.708172864741758
772,12.619987405316001,12.61243272841335,12.613730455517487,12.617825011768215,12.55208352599874,12.586424827575684,12.587087078220259
773,11.988641724783523,11.984380440075897,11.984108216070892,12.077300216206389,11.990964533154484,12.01697826385498,12.013290991262794
774,11.998010246921437,12.006186705326678,12.004556129095926,12.041511179937737,11.971506520639057,12.003676414489746,11.964058238949692
775,12.258193830238787,12.232538885973256,12.236532286126513,12.133276260236144,12.237467260693114,12.23757266998291,12.257210523015978
776,12.131857779162967,12.144329662875668,12.143246070623153,12.1680560072322,12.176539866543061,12.180549621582031,12.177127383071365
777,11.976422422831964,11.976075711142814,11.976188967509424,11.946932842526742,11.921256718827228,11.889625549316406,11.91083893918641
778,11.68938823174641,11.67914064352755,11.676717502243546,11.721853445210215,11.771573397555622,11.72052001953125,11.641624658475266
779,12.736757393806549,12.73415496344169,12.7348227069077,12.768459279370653,12.827624783690585,12.809601783752441,12.791920287523816
780,12.164056280869843,12.169609280318028,12.16955463454131,12.199432729743235,12.213933111749,12.195551872253418,12.193359247552744
781,12.564873473195503,12.561736334745198,12.561942390064402,12.57159996238557,12.542917300033432,12.54651165008545,12.504908603494878
782,11.933378279061884,11.943021161706758,11.94202998063972,11.96448985421332,12.003844249267932,11.985624313354492,11.983836536495891
783,12.19885074796339,12.19443980526342,12.196011535938583,12.059450673698569,12.210144312013277,12.216941833496094,12.20963889414643
784,12.033474907123601,12.049023712023192,12.046341507150622,12.051099786097778,12.013810493316765,12.040783882141113,12.059641162186837
785,11.886830899023883,11.876302453172652,11.875868541368275,12.208278172019249,11.870659084745206,11.928226470947266,11.936587017385833
786,11.476614387761881,11.459940256803819,11.459143146118414,11.479607037483682,11.475348769308727,11.45698356628418,11.530620905782037
787,12.270691259272985,12.271722967024356,12.271843304625332,12.234941050306361,12.28043234577418,12.271076202392578,12.255490670980675
788,11.913129456997385,11.921276998182357,11.922210589993986,11.92291472277439,11.952105252527753,11.969816207885742,11.946865285341635
789,11.790450560472117,11.78976857095297,11.788941558786272,11.771956646208324,11.74244060096703,11.740774154663086,11.68081942580047
790,11.957420855306927,11.958285115206872,11.957086783159408,11.95265790602086,11.907902911942866,11.966266632080078,11.889559409776858
791,12.01511011571686,12.028564762964528,12.026274395260092,12.039131825747374,12.053771175300794,12.04043197631836,12.070974772767544
792,12.150906777496541,12.157743221431968,12.15716218623803,12.148887998584307,12.121708938338845,12.116408348083496,12.105400489188009
793,11.838799277319469,11.838010696136333,11.838389642799815,11.87579339003365,11.74165208047379,11.70598316192627,11.668031958079238
794,11.786826487959349,11.79829761337502,11.797442388849195,11.872187684887535,11.80821894580894,11.780346870422363,11.748397901876713
795,11.834006246365979,11.83001311053805,11.831277482152217,11.892825445313798,11.935653364519014,11.924761772155762,11.87771681140474
796,12.129720085023902,12.124209919579817,12.124668298315445,12.1443084624166,12.220152727573522,12.250358581542969,12.233575934744458
797,12.205472453900004,12.188538053190484,12.191354048543808,12.250074718726502,12.238938057163345,12.234068870544434,12.284998240781059
798,12.933734503636746,12.928280438423787,12.928344054687075,12.895288011299,12.91424125144945,12.906416893005371,12.964567853092015
799,12.701667732730193,12.711288198578817,12.70970860468773,12.69037000544942,12.696106125691081,12.726357460021973,12.735129159668748
800,12.655902928817316,12.656017395775534,12.656221965398158,12.633922777418073,12.718040242727811,12.688714027404785,12.719449915170708
801,11.881657156930952,11.912773885420554,11.909002748589382,12.079347131124589,11.986036856070855,11.851744651794434,11.876697183071611
802,12.395960774554858,12.370615742872955,12.372686770860161,12.36852957156477,12.332396365160099,12.305092811584473,12.335213841419305
803,12.233509171691008,12.231030660214389,12.231470583113838,12.232125968859226,12.27112771917868,12.269708633422852,12.26775827448089
804,12.566116826047807,12.573688614241629,12.5738258959435,12.525901879826794,12.462180506308119,12.505729675292969,12.456885746267677
805,11.771371794985786,11.768472805980911,11.768182898305058,11.783475576897604,11.712326035898206,11.688035011291504,11.704502929124343
806,12.034204447497816,12.030448201587793,12.029577320949697,12.063071752561429,12.085605075129752,12.078596115112305,12.084072030289478
807,12.511788627942867,12.514573843575368,12.51484144880837,12.554341632174063,12.544710470952287,12.58509349822998,12.585310521260293
808,11.883747045223318,11.895731632927193,11.895742538971392,11.932020535360982,11.865693079069313,11.881254196166992,11.914816498895656
809,11.993382579590023,12.013412008108562,12.010258920665347,11.989259008563378,12.033163620440288,12.040959358215332,12.02484910341297
810,11.93832958609879,11.933975405499003,11.932540302125236,11.969026405146863,12.025003383767395,12.01935863494873,12.011144005871818
811,11.980754151375594,11.982109300891247,11.98125552400469,11.989680872218244,12.007091497005815,12.018169403076172,12.01180038574006
812,12.454985259476727,12.451782993855652,12.452832020995423,12.431892509782635,12.381957642843947,12.446080207824707,12.443965586093125
813,11.880321641327287,11.888622736715256,11.887562520188045,11.879046486541032,11.856681477467337,11.851802825927734,11.907884902307078
814,12.187346926078645,12.192770520350638,12.192112693287482,12.197396953966493,12.23588713485282,12.227840423583984,12.197656338865785
815,11.873318025363137,11.874164837877311,11.873277641621732,11.858144385981003,11.961217142138489,11.89244556427002,11.878136440145047
816,12.097201725528254,12.0950029984001,12.096023770409714,12.086306776899258,12.0332748303387,12.01376724243164,12.004017212203973
817,12.31115920612617,12.306577963221418,12.307741357808052,12.270296706882169,12.309920959792313,12.286057472229004,12.321209839206611
818,12.489136042352456,12.484208329746254,12.485332257432002,12.4738924135188,12.393838768001633,12.45559310913086,12.487321555654747
819,11.952911864830588,11.95598015127905,11.955781858086869,11.92674275443306,12.038839125583452,11.98008918762207,11.954162812822814
820,12.1072829047542,12.120192566492424,12.119941253403336,12.113569531498143,12.14427068620878,12.181536674499512,12.177325565374051
821,12.007105128877077,11.987454993261853,11.98951842273069,12.135699674368256,12.037668672599912,12.030137062072754,12.002896626826839
822,12.276413517682016,12.261763885954247,12.26239939678617,12.274430495116295,12.263526203233805,12.284104347229004,12.268729586754619
823,12.067202023739528,12.0628044935447,12.063989769769332,12.085083298394856,12.105588301892311,12.104708671569824,12.102810171680936
824,12.385090475370756,12.38562213646659,12.385950062874176,12.37444653956389,12.330879561539597,12.353732109069824,12.364309903852156
825,11.811862533459564,11.823285982248148,11.821568596905704,11.810473184701811,11.957742985637593,11.917057037353516,11.948927459506086
826,11.48033446257978,11.47671628686776,11.47639038580516,11.546969814102143,11.531675027204416,11.553327560424805,11.559619891007609
827,12.548733940084048,12.546622802292632,12.546808698591832,12.524140675384542,12.520860910202634,12.586867332458496,12.52234603568801
828,11.764048980856904,11.7504014957975,11.752104693292567,11.70607565714092,11.57744271144305,11.583196640014648,11.594836166875062
829,12.109858721805484,12.09239840045947,12.09205338310384,12.112794768833176,12.130754619683051,12.068924903869629,12.133024796894846
830,11.993447626312955,11.994754150770703,11.994413359258468,12.036670272756808,11.96893748864298,12.014029502868652,11.987765360450076
831,12.565963054568629,12.571906234224933,12.570493419036064,12.524277444132625,12.572267247982982,12.681134223937988,12.703187928722725
832,11.926736831241024,11.953633096583548,11.951065680084186,12.1387236900351,11.908053972229256,11.914392471313477,11.89901512207391
833,11.624220639726515,11.640297983526823,11.63844814965123,11.763594863055516,11.677829671180604,11.647788047790527,11.627852447299778
834,11.932651894126174,11.938147232564594,11.937328856882669,11.95307161421475,11.927424339303936,11.973675727844238,11.975193662790787
835,12.114095925785707,12.124122203848247,12.123083614667173,12.135112540577579,12.235457981185624,12.218671798706055,12.186094748646157
836,12.268245854320957,12.26323058565351,12.26387234403435,12.2264896736784,12.234990303102565,12.240161895751953,12.238117380912959
837,12.393979422119466,12.392662177875426,12.392949867396592,12.407326680725358,12.421654935574926,12.417975425720215,12.418960178931462
838,12.30282379240554,12.307039333279517,12.306709535577859,12.308989635220382,12.260846083747856,12.264182090759277,12.245866772096155
839,12.00141087573384,12.02251698588178,12.018895216436544,12.116436965710259,12.057760016998081,12.088418960571289,12.141918389873904
840,11.720000384379826,11.725473077305157,11.724383241136735,11.894731925713156,11.795550485392083,11.7565279006958,11.718566297442331
841,12.040601382474831,12.037448848675172,12.037360644686725,12.022370355427489,12.02823242258684,12.022202491760254,12.007541693721695
842,11.722193214743768,11.696415769084284,11.697797908372674,11.696226433374152,11.551252658727723,11.466421127319336,11.487174819967258
843,12.11942882782925,12.131444463632478,12.130650395494529,12.137058801565889,12.13982119340412,12.182317733764648,12.17647869554179
844,11.935786793877272,11.948729274414857,11.946820079249628,11.938756537828862,11.973195049390077,11.98397445678711,11.934215456557434
845,12.028233457358912,12.029579324392005,12.029577279479225,11.997994173977197,11.963364554519263,11.9227933883667,11.946832111795457
846,13.058250171401646,13.045637472393727,13.04651447104391,13.107735268809677,13.116314471024872,13.085984230041504,13.096574170451929
847,12.337488742187636,12.343853596563166,12.34267827987265,12.384547401629877,12.381861829955643,12.361807823181152,12.33847661055375
848,12.430658496402065,12.423944242711089,12.425151592088735,12.104954403085692,12.404767866447994,12.439804077148438,12.424144752373252
849,11.89673325258784,11.91356717742081,11.91007026062048,11.857611569881989,11.894698334906785,11.920796394348145,11.909169818318015
850,11.909791826750931,11.910164586736872,11.911525810281145,11.906655596238384,11.819161028006896,11.819790840148926,11.810420344799358
851,12.117524972923743,12.116716641356772,12.11347143597617,12.054913953298994,12.087610519578377,12.154144287109375,12.145571218992483
852,12.144641620198277,12.13389641980061,12.136528095793572,12.116022592481867,12.074845416870435,12.06435775756836,12.06248874899884
853,12.453711529096925,12.473661937696184,12.472098006968723,12.434110907434878,12.49327303405612,12.491551399230957,12.437208306963345
854,11.441784798122345,11.441458392626611,11.44275339929848,11.624368057871578,11.392320006891008,11.381598472595215,11.392973942021607
855,12.061503068466887,12.062376727911948,12.0625696372843,12.048864475970785,12.03089552208608,12.051138877868652,12.053336621593958
856,12.11588215563668,12.129634695020414,12.12948434927031,12.060421187134235,11.989803333663124,12.084001541137695,12.080548200709869
857,11.949327119606549,11.95064880019098,11.951267883554456,11.980215292573842,11.916005297722403,11.924263000488281,11.940125334238953
858,12.323159723113596,12.310807674485181,12.312938952927048,12.302508165533716,12.250473201460391,12.211190223693848,12.257549062979118
859,12.823835697366185,12.808910420887706,12.810461006944044,12.324747027086026,12.769561681633258,12.759297370910645,12.7088027897544
860,12.448375316728246,12.450908364617566,12.450534455010803,12.427308672968056,12.441576062825447,12.487136840820312,12.466280341771643
861,12.524703564568071,12.531214744566093,12.531331664485352,12.111161011338831,12.357454168630921,12.33820915222168,12.352429693683323
862,12.58427737482518,12.581311086433713,12.582335000201395,12.580105578494564,12.592992206559291,12.596512794494629,12.626756521763125
863,11.732843040475016,11.74110489634923,11.73960024861882,11.754323552774636,11.643863190614239,11.65483570098877,11.608887550805346
864,12.716512044237252,12.730898782823173,12.730802767750829,12.646575949070053,12.577296868166446,12.545380592346191,12.570792943271536
865,12.292598273657406,12.280942591792307,12.282273803015146,12.10155678788374,12.226573859406972,12.231143951416016,12.249853497142299
866,11.67141942724467,11.693408821505773,11.69185439386865,11.846621458667112,11.806802711655497,11.732963562011719,11.768279633272346
867,12.300266034930788,12.305725118651527,12.30581601398596,12.301941084509647,12.274956327818622,12.334981918334961,12.31771022229522
868,12.28630253751366,12.290338950278029,12.289928652832362,12.30692780977628,12.297857505293491,12.297420501708984,12.271809886937891
869,12.306186938828631,12.300716143625616,12.301864767250118,12.238036781569269,12.262428687387146,12.254693984985352,12.346385473582258
870,11.959024822903162,11.966549259733913,11.96560882602886,11.974631871866128,12.011390900860029,11.981832504272461,11.981353917692743
871,12.097573480659452,12.105633866405142,12.106074144730206,12.020410453435257,12.169777188939642,12.16067886352539,12.160111930000202
872,11.995455757831754,12.009034786311991,12.007746309223492,12.00348470697841,12.023598594194464,12.02804946899414,12.053117229486242
873,12.55777238997614,12.552525923916962,12.553753158471702,12.543513305589487,12.541551825377612,12.507140159606934,12.503695440211152
874,11.81474366361943,11.80666683633764,11.80599352959632,11.750477714509417,11.804114128343231,11.840041160583496,11.817664176504335
875,13.097455916462206,13.09737561800966,13.09690775568548,13.098661454990888,13.03175070424939,13.098028182983398,13.137719990287716
876,11.935491026172516,11.932314315654523,11.931593242432522,12.01805030923707,12.01418091246692,11.98236083984375,12.022197390318084
877,12.012205622776026,12.002179770692525,12.003316004391692,12.245956559435717,12.112889182249294,12.05154800415039,12.068475728015617
878,11.955042937044015,11.950212338675243,11.950583884917483,11.992934676156821,11.908736124352078,11.876922607421875,11.927461693085032
879,12.12417886486975,12.100991671012153,12.102485685797125,12.107368474632132,12.067116725981549,12.106338500976562,12.082734080649274
880,11.947432159733463,11.959027929230288,11.95986477886701,11.916818857214647,11.969507920898684,11.982710838317871,11.964587174108432
881,12.221789931392122,12.221930595112028,12.221825725483649,12.125562003491808,12.167686006120285,12.20847225189209,12.191143271709581
882,12.093376525722194,12.112860225845635,12.111371258524109,12.126775736582868,12.074143316747755,12.08427906036377,12.087007251090899
883,11.844998208367521,11.847887507013803,11.847089441637133,11.776373609034346,11.90653468406397,11.903863906860352,11.906981301833639
884,12.44315553110911,12.431704276593827,12.432674372723223,12.408452109979415,12.310323143198366,12.321343421936035,12.354509502070503
885,12.33772206886774,12.330985969608072,12.332486668848905,12.323501433640072,12.272392202414345,12.265714645385742,12.292023479201648
886,12.167658730664725,12.185303791733132,12.182437728110896,12.09651106556208,12.171847512938353,12.207295417785645,12.190411018518692
887,13.212082415432697,13.200983044528753,13.199124958465978,13.231318447740525,13.186791926178165,13.118475914001465,13.062409771629415
888,11.65072955568705,11.672296892106164,11.671548448485868,11.641664299308244,11.700492965708811,11.653687477111816,11.67979637717356
889,11.912748777830089,11.930245168184273,11.926202354120038,11.93234077173595,11.948114971432746,12.042421340942383,11.940443440165573
890,12.388633388995745,12.405311300142895,12.40394428194938,12.244899334380541,12.433917490548573,12.534905433654785,12.500445584854607
891,12.516989663558544,12.512479522788452,12.513432540892472,12.503872395731516,12.496280351003893,12.475193977355957,12.47696251182573
892,12.07603176466607,12.07686065911995,12.07714097828314,12.072914005692185,12.039414994478971,12.055135726928711,12.095793155810872
893,11.884199743475143,11.889493680352647,11.888168502978724,12.059495147692926,11.899978883047837,11.91242790222168,11.899308279125384
894,12.309830692036098,12.309617181364812,12.309836615434994,12.305228609095185,12.319609022629976,12.315336227416992,12.337768500610329
895,12.273074601285805,12.274117273871664,12.274454293866865,12.254128464582887,12.270589876559818,12.296459197998047,12.281849668804915
896,11.98720391926747,12.000458324197536,11.9996394481184,12.009433930374085,11.996963882216086,11.987239837646484,11.99591337040259
897,12.096010812932729,12.11963914974699,12.116453494404006,12.05740681815329,12.065567885639593,12.044894218444824,12.071817579432505
898,12.447703844542152,12.441327024606863,12.442266797567871,12.375814238798675,12.445886693029852,12.390816688537598,12.404413908564408
899,11.503451207019028,11.483780678913849,11.483031259581857,11.660052066633575,11.409607320793205,11.385214805603027,11.46993546254538
900,11.976417889601198,11.969572615585113,11.96994024558603,11.91760344619617,11.953635009216287,11.993531227111816,11.962473204296082
901,12.189624377719932,12.197734694596221,12.197147429948746,12.27120310443049,12.254808383948202,12.098424911499023,12.16024590661715
902,11.779513840030011,11.79234656783708,11.790068741328934,11.798870274825488,11.859613664010158,11.827571868896484,11.841208972233112
903,12.60503077581847,12.601327208986174,12.601685871504001,12.60413717878826,12.593538000951762,12.6038236618042,12.587125103611891
904,12.033494099338155,12.021256971791988,12.021261531217377,12.194685199183173,12.083614702376131,12.065164566040039,12.087038969057684
905,11.980611995707013,11.984006141720725,11.98523132260272,12.00519286782904,11.971627385445089,12.000829696655273,11.965590622770605
906,12.678102122742777,12.687794825892304,12.68639178396281,12.674084518318743,12.66771834123537,12.721277236938477,12.647141813713143
907,12.369695394140155,12.350744854518222,12.350102111350994,12.326799845773023,12.327893248030362,12.4095458984375,12.465945650273556
908,11.826178866150615,11.839817562086028,11.837248333337364,11.840770487762361,11.935457456267418,11.922743797302246,11.91791106816167
909,12.182780585028572,12.175841046292103,12.177453713157872,12.239104225687592,12.18294447645665,12.198466300964355,12.254550673815013
910,12.734223609432608,12.744114694125322,12.742276794754023,12.727092684886246,12.787453407213054,12.802217483520508,12.794729259083308
911,12.197569120513714,12.200300430124557,12.199667822485983,12.18444864073094,12.210428574827311,12.211410522460938,12.224981533156885
912,12.263866810771884,12.266872293346443,12.266338937641374,12.204453971336427,12.192348029649011,12.187031745910645,12.175093989578128
913,12.226296667180803,12.229007905623735,12.22898661602528,12.20923959443101,12.263730832599318,12.25715160369873,12.273500511685342
914,12.145028509941477,12.138832656479211,12.140003094939042,12.186050928237831,12.149491620168506,12.094605445861816,12.10402329214122
915,11.538853228174181,11.526449735152992,11.525375062174167,11.812695513169997,11.646677459453938,11.589898109436035,11.611095650699541
916,12.755348511069874,12.753104639792989,12.75401640421856,12.771143540539157,12.74044469947808,12.777886390686035,12.766977642377316
917,11.863638329698972,11.867006392127417,11.865383026053394,11.842229115752467,11.872402189677452,11.897972106933594,11.887645615260332
918,12.340288096822386,12.343597928484508,12.342522063324855,12.302911614658898,12.320284148981422,12.331029891967773,12.327907993184212
919,13.010325539455273,13.014210887958864,13.012815699644918,12.742902498837918,12.895548695612492,12.9387845993042,13.014460370500569
920,12.319362241823988,12.321578924591156,12.321244485547219,12.33170680298851,12.340401256027427,12.31651496887207,12.323386761981384
921,12.356708004699124,12.371224541992556,12.369966857189507,12.355728647464845,12.433868418884678,12.399391174316406,12.39233233481557
922,11.983037537718412,11.984411744702639,11.983718130246409,12.091410941040255,11.93536010384943,11.905728340148926,11.87662795909422
923,12.402947358650811,12.399536984302092,12.400033308569197,12.381990079276452,12.387084271427964,12.4452543258667,12.41127604412298
924,12.110864055234442,12.122386623928815,12.12172969774281,12.066124777073185,12.123807622840342,12.131584167480469,12.12885242318452
925,12.436551667715113,12.437318196509432,12.436863434291173,12.41754752016536,12.44557045752892,12.474101066589355,12.448880302039928
926,12.093023186112747,12.08861710962075,12.088555057495292,12.03891367156047,12.136005746101388,12.12166976928711,12.141409324423847
927,12.2437146221024,12.235200802689372,12.236884662524625,12.281600197659827,12.2685748647792,12.263644218444824,12.25581335612788
928,12.45995331478437,12.463330884105433,12.463222368342093,12.429086825598638,12.428497226168403,12.459299087524414,12.468030336692161
929,12.471206491989063,12.470298799296875,12.469986334798083,12.470048293084716,12.453506377521686,12.478943824768066,12.474706238051594
930,12.400020090009182,12.403155279886604,12.40347138987323,12.41845021416868,12.410126732434891,12.361218452453613,12.391778688170106
931,12.037972467198898,12.036195918625301,12.036721226562952,12.05645255654343,11.942850430106667,11.975953102111816,11.984882913715536
932,12.03848692184973,12.036836496620918,12.037210716594396,12.037827291424769,11.995417858361286,11.964333534240723,11.997883288723353
933,11.84451550323956,11.851352002266847,11.85075489565293,11.928851487483215,11.876750558190631,11.942073822021484,11.941867847405055
934,12.496401393822827,12.492586481742357,12.492822521152776,12.46637220280781,12.506984777205643,12.490267753601074,12.472037953542214
935,11.930180225253764,11.934579413878394,11.933975814889138,11.964589850899324,12.027022999203846,12.009621620178223,12.027763121245453
936,11.713577868059492,11.713542600614444,11.714108691586873,11.67483835652432,11.748763524433667,11.738059997558594,11.746804084184664
937,12.785744329771408,12.780232803681502,12.780637734977592,12.781245129975865,12.83127218971346,12.817273139953613,12.822732282043075
938,11.350844388931096,11.329779427708338,11.32863013611974,11.409304553315046,11.321744307521188,11.36080551147461,11.403594176302082
939,12.75546522407159,12.752031004875644,12.752544831212658,12.760698953378993,12.79637586904268,12.803373336791992,12.81984895031135
940,11.86153071920088,11.879804944341636,11.877710902074007,11.896713103410322,11.896875026970873,11.873454093933105,11.8918722163332
941,12.057072142175208,12.042559331534193,12.043247004422442,12.209375585946391,11.974625545777503,11.999532699584961,12.01695999782382
942,12.042232611689426,12.034295450373921,12.034259590879316,12.121309299485084,11.97604305450644,11.974664688110352,11.954650347408444
943,12.047286289279318,12.050642331765236,12.049723324048617,12.05227647219837,12.119542616610842,12.053574562072754,12.035834798021106
944,12.151374677985974,12.137986853126163,12.139736205751516,12.158925526774853,12.159680734546221,12.149988174438477,12.164757150332187
945,11.881602914492545,11.884888099086492,11.886313244878659,11.858523546137693,11.959408263003555,11.874906539916992,11.869789518395063
946,12.075289718676721,12.064014663164738,12.064897015296431,12.102900759885516,12.0805309587774,12.093929290771484,12.094838980511735
947,12.419631300014531,12.407155105193004,12.409128772008366,12.429711403579537,12.423056981619203,12.35338020324707,12.36268812538101
948,12.124922586664022,12.14533437843526,12.14453183392135,12.20753594945904,12.087944582632288,12.102039337158203,12.124509376587717
949,11.804632574329935,11.789931918463843,11.791201474417315,11.864734012724343,11.874696936103716,11.894943237304688,11.890518260215034
950,12.312490936404318,12.320892450638096,12.319642494770843,12.176764430074748,12.112327256725186,12.162979125976562,12.142181139495587
951,12.214181949847392,12.200284256119398,12.201996815533253,12.283864087747856,12.262184906628796,12.238280296325684,12.285537313677708
952,12.37387815611428,12.370834909919294,12.371206197944723,12.382706195162292,12.354014476499742,12.405343055725098,12.33541404014425
953,11.911716423293038,11.932990116628968,11.930460575298785,11.956277900285496,11.958771140801433,11.943384170532227,11.951273853753987
954,12.043289577189912,12.05014539518825,12.049626789468418,12.057177467068467,12.040495979838663,11.97610092163086,11.984887706917046
955,11.944834685895783,11.95882241577993,11.957856927640961,11.950460797290699,12.025328092870662,11.967248916625977,12.041380319402984
956,11.99586637700201,12.01043153414803,12.009920746930959,12.032441141499207,12.04613690093147,12.033696174621582,12.050110814088091
957,12.475800708836275,12.476893044426367,12.477070674514785,12.461005995726548,12.460396792066414,12.464957237243652,12.47036747518987
958,12.145903086652867,12.144801000308254,12.144236605834154,12.161743233958713,12.124565430707573,12.132513999938965,12.124261406990598
959,11.510885297407023,11.51230861107339,11.513501092228864,11.507273646849253,11.539960975439836,11.564505577087402,11.534484024703586
960,12.59959159407371,12.60362263100069,12.604850118322679,12.527943844991388,12.581496870735574,12.579498291015625,12.54865076069727
961,12.117898489562396,12.101795793514643,12.102159826424247,12.026172326517521,12.00555148301963,12.12951374053955,12.077254232589588
962,12.180648932241056,12.17301945600818,12.1733240240497,12.369580724685832,12.288326041145774,12.184727668762207,12.203139217156336
963,12.292590592040622,12.294404332286723,12.294782210740701,12.317485997322574,12.289341086832183,12.316635131835938,12.33627243649431
964,12.291872742140129,12.261338823818159,12.265260234074809,12.272725952944402,12.422350895936102,12.407090187072754,12.440205334552676
965,12.425391140850815,12.42101858990128,12.42269128827209,12.44341636734179,12.470209554118979,12.44410228729248,12.415789177519455
966,11.829119426963212,11.825638138931685,11.826192713743938,11.339843491749505,11.911647810420469,11.918549537658691,11.892575450841143
967,11.878467704022356,11.88132022006496,11.880182097580935,11.905958928553238,11.877011571645326,11.893590927124023,11.907668203568058
968,12.199680985845005,12.195988841304004,12.196236426595757,12.225574300495547,12.179182968152466,12.205305099487305,12.206436768547665
969,12.573569742332118,12.582379905608827,12.582379439043736,12.564643990675286,12.51139521821177,12.496490478515625,12.526704829215092
970,12.55535240736647,12.551241071397182,12.552720788971463,12.597214839269679,12.545125387780052,12.487339973449707,12.537820693646568
971,12.114180439243727,12.11458156408171,12.114260560252324,12.090360210315925,12.100517183994574,12.152607917785645,12.13401679833596
972,12.072152976950912,12.08247505387523,12.081953325446074,12.086637441744603,12.03657984025999,12.059465408325195,12.081871018973356
973,11.797488159734504,11.801120312121357,11.800510559482065,11.785563401998314,11.754866892642099,11.73184871673584,11.737810511745336
974,11.999284618737114,11.982764220536376,11.98518777607764,12.000429179901358,11.966241280733147,11.989739418029785,12.008377271555341
975,11.972807363990585,11.976598660907447,11.975696833121116,12.00558246228465,11.933197386330953,11.93725872039795,11.966410429058921
976,12.555287417518675,12.549801816811186,12.551158586079161,12.557654249420096,12.471298161824569,12.503180503845215,12.55770716100945
977,11.913761792140269,11.886402863958084,11.88844946970832,11.83606963972003,11.887438543055076,11.890266418457031,11.868756649372802
978,12.674575870798284,12.676346205999048,12.67655214283256,12.676738470861272,12.639772244485494,12.641035079956055,12.630520280605657
979,12.47336656477081,12.480719487707933,12.479919621088493,12.496756376808747,12.48418836160248,12.459332466125488,12.460575668929858
980,12.353091538020328,12.329855659967464,12.329350282954758,12.340731603421078,12.302006627656674,12.300833702087402,12.333558450293433
981,12.778193139218143,12.767904910526944,12.770072305150135,12.76655226471854,12.714742462228603,12.68191909790039,12.757112023801753
982,12.20123998986304,12.197119680746306,12.197569202933094,12.138401037276733,12.092770327040062,12.096307754516602,12.115779402454592
983,11.92395110985652,11.920312928543023,11.921005453368274,12.10291397672297,11.87194400319682,11.864163398742676,11.87697016104006
984,12.871186268356503,12.869041998030195,12.870296382362897,12.868052835047433,13.011221185549308,12.990138053894043,12.945143595550723
985,12.06482475671569,12.059975657760377,12.061239649425843,11.96364471214066,12.07509400540484,12.0372314453125,12.083556071688673
986,11.942692755500104,11.927368190225769,11.926510351935976,12.080846691476001,11.955681225247812,11.969869613647461,11.933404784053645
987,12.468549199802514,12.482051653257296,12.480544076976344,12.11423124111955,12.162283891730862,12.248879432678223,12.20655082774597
988,11.886147063036328,11.888122819611905,11.887148105288771,11.89901659512665,11.860120922456524,11.857742309570312,11.87830875990839
989,13.15494263540605,13.150892155850544,13.150548071419866,12.538534811579371,12.701477312650997,12.711091995239258,12.741055419447088
990,12.456322360089073,12.461798149575902,12.46169467710816,12.418320237073763,12.409853144966704,12.43364143371582,12.418768430001466
991,11.960293546420234,11.955532178817192,11.955622795022178,11.93749601188276,11.942101170375844,11.980831146240234,11.978095551176176
992,12.126480520917035,12.130669816063016,12.131670165256258,12.19398287710444,12.08525624060722,12.058661460876465,12.080668890807548
993,12.386003074965226,12.381826920706493,12.382325180144692,12.323765039585567,12.35854253805601,12.332877159118652,12.371910500574096
994,11.883874886309268,11.898562169393644,11.897185871240179,12.008889649829637,11.897453849780018,11.892491340637207,11.865469286682114
995,12.850909724003323,12.846643949857373,12.846933926331923,12.860816902716973,12.94963743474849,12.934531211853027,12.96459066754875
996,11.932044552339956,11.927320576994696,11.927576161512391,11.931662964792356,11.941892370838001,11.959259033203125,12.000963750137606
997,12.46354529668056,12.467385806999559,12.468012811694082,12.429514144790096,12.463337464764301,12.42116641998291,12.441397614262964
998,11.982809076638647,11.973120191409668,11.974584169918229,11.976961767324907,12.022134111490582,12.001279830932617,11.963612029915916
999,11.78663780092661,11.789228441199496,11.788553407861924,11.755606426294346,11.762321796505613,11.74199390411377,11.769999710471795
1000,12.223578478632998,12.210776982397693,12.212835612522337,12.200624970008782,12.217104652481328,12.196736335754395,12.200050791302154
1001,12.346504478230692,12.346989401509127,12.346895746869649,12.302843857412638,12.293532783666574,12.302391052246094,12.324603195222988
1002,12.540188287174463,12.537750603569986,12.538522074224204,12.540901771566624,12.513848366974768,12.529645919799805,12.548330164017948
1003,12.568691777744858,12.58097320845888,12.58089949284688,12.568715200479778,12.559928632501341,12.604353904724121,12.621285598413046
1004,12.048571148610593,12.045701066567627,12.047094448920886,12.051385242109461,12.10554108266159,12.114578247070312,12.127322060686033
1005,11.90336033370645,11.907242570728508,11.904892680670818,12.107828724440848,11.941749443153752,11.924466133117676,11.922474988647455
1006,11.657477897904755,11.642427430725625,11.644420366962946,11.613468272818423,11.589724203873539,11.595375061035156,11.61480306832518
1007,11.831171014077253,11.829753422239534,11.831199202112268,11.809096884349326,11.817694225454984,11.860282897949219,11.854454677910663
1008,12.531987662768083,12.533409841402444,12.533288227079547,12.531708472233813,12.460040225317181,12.446333885192871,12.422971638134907
1009,11.876545839160643,11.878191370073647,11.877023428470972,12.253361673658253,11.889452127137286,11.916215896606445,11.863154126983167
1010,12.603544991798223,12.609457460296111,12.609485747067776,12.558153349934148,12.422840974313127,12.503715515136719,12.543889782741132
1011,11.631574987664052,11.629688242156874,11.629298000546322,11.594127648558096,11.502385546005716,11.540202140808105,11.551793365167047
1012,12.36824877002444,12.378529816282807,12.377661118085326,12.347084610679975,12.367295971415114,12.357442855834961,12.34076073970499
1013,11.910282754598558,11.906980195902815,11.90636911538217,11.981244562378247,11.959144999632224,11.960256576538086,11.971176327154017
1014,11.65675655599187,11.647946602894532,11.649633904344904,11.623978662628312,11.559362055094276,11.566184043884277,11.558102766806957
1015,12.168176900830128,12.162887602012534,12.162668264552739,12.285696637133004,12.153570664577426,12.145829200744629,12.143968415559469
1016,12.243471250769298,12.236638326781792,12.237762214001778,12.22108879915365,12.248253157301955,12.243693351745605,12.23706061753096
1017,12.388853564178705,12.38513970782976,12.385928607849655,12.359489105185775,12.343756770032853,12.357605934143066,12.333615880651996
1018,12.723214647747739,12.722103013611433,12.72148085149301,11.958464385815029,12.74167956664785,12.734234809875488,12.699612536797025
1019,12.136075105105599,12.124915192241687,12.127197567323313,12.228865177188714,12.108924665254106,12.050436019897461,12.079400625511665
1020,12.012682116623278,12.015797648115992,12.015135938952916,12.120696753837734,12.044755719345687,12.006064414978027,12.00205088046801
1021,11.646498026171066,11.620797856875319,11.62209075018634,11.745074737046622,11.592145035958266,11.566682815551758,11.536384574673852
1022,12.130624493254057,12.138069639399973,12.137165765548653,12.175480877246809,12.085674850920658,12.064820289611816,12.061683539210408
1023,12.652332964580804,12.650096203964365,12.649879599219783,12.651835437168083,12.654857789460358,12.6516752243042,12.701828715657117
1024,12.483665719969588,12.481860611819457,12.481779488319992,12.448920151478358,12.54404061958617,12.477531433105469,12.468075030945412
1025,12.037939574566177,12.043467184429268,12.042854220023864,12.057547051183139,12.141057085116786,12.1375732421875,12.168778957750183
1026,11.593469823617866,11.598165674175414,11.596998520791727,11.62837830393991,11.59736944762449,11.61348819732666,11.572387714142657
1027,12.597674937694789,12.5769072901779,12.579709022926442,12.55364714349031,12.612428330695808,12.617155075073242,12.61619665433699
1028,12.73153092784289,12.688347453739517,12.692584150947631,12.659858025453211,12.69298194222074,12.673543930053711,12.625167640218185
1029,12.444111658760729,12.455882175247485,12.455335809126682,12.445401413018736,12.465103673464405,12.44001579284668,12.424366317035439
1030,12.266993444395398,12.261243548886691,12.26213574123438,12.267611003676851,12.206061970057466,12.233205795288086,12.250014509400144
1031,12.233909485934216,12.219446823358457,12.220671038911572,12.217633116978293,12.206404867560492,12.240130424499512,12.29751929418256
1032,12.75899653574517,12.746835300888392,12.748137485998862,12.808436096878701,12.868578226147513,12.84616756439209,12.842492552791974
1033,12.738917123199789,12.736525611933736,12.736577838234421,12.764893909841792,12.737265010569036,12.783368110656738,12.844239882358316
1034,12.077215547141076,12.079960736503088,12.080794386069,12.077630250368015,12.061273942706219,12.045612335205078,12.056565979226544
1035,11.68962572151256,11.696657471402371,11.696241317352625,11.590849914619325,11.565449947163033,11.581794738769531,11.555466243428269
1036,11.808646225386934,11.798906797816253,11.798213370610169,11.768181392351964,11.747988795961346,11.803574562072754,11.799076903898008
1037,12.377921601772572,12.3827301166655,12.381858470748794,12.39558762268337,12.401235056841255,12.415182113647461,12.413131797858432
1038,12.82064729053159,12.807983265649412,12.808866356898257,12.30971458450612,12.778752659659654,12.752363204956055,12.81457131519702
1039,12.000463370369111,11.998322306196888,11.99875119753709,12.01809259051615,11.989588513650572,11.982985496520996,12.009694367994937
1040,11.288465699479678,11.243171918203327,11.242827946200148,11.096767634460154,11.36182149187952,11.41073226928711,11.500402141578574
1041,12.278433193750217,12.282023573105993,12.281377087044913,12.28691768376721,12.290046458859672,12.251259803771973,12.240569977198653
1042,12.418968611634876,12.412144507250783,12.412726562725865,12.408998038012342,12.366878568791293,12.388100624084473,12.373633328233385
1043,11.908449765610422,11.894206792872703,11.895165164705562,11.931567925603805,11.870980531788318,11.832840919494629,11.814408914863236
1044,11.809153857808157,11.81728288436769,11.817844799930432,11.827192104341275,11.824689868382134,11.776640892028809,11.821818663328502
1045,12.497757326211408,12.498576119028412,12.498440705951188,12.536440280504294,12.531492274664803,12.537555694580078,12.485505632082466
1046,11.638985884388234,11.640738586228405,11.640602299622698,11.588562847764097,11.699878960258204,11.646135330200195,11.60582596980224
1047,12.276312292447663,12.274200326718725,12.274897304359518,12.246142760340877,12.33462175962083,12.270557403564453,12.260343437464314
1048,12.304617213038352,12.30153262582138,12.302093067598385,12.30816480522725,12.316777835337245,12.338399887084961,12.319075113681047
1049,12.027930842865059,12.027247887996323,12.026645789201368,12.135820184318565,11.973388916436122,12.002500534057617,11.980311884579134
1050,12.014462447999597,12.013427014924607,12.013348643529264,12.007103389793754,12.003703371528738,12.037764549255371,11.994099963851037
1051,11.887950223230039,11.872047689856036,11.874737798019765,11.875011751155576,11.841631238646753,11.852893829345703,11.828932289186044
1052,11.999766446264255,12.003289277615318,12.003379854086152,12.024455782867019,11.982321280863268,12.037333488464355,12.063328306542068
1053,11.825284481130373,11.848010389483402,11.846881650256089,12.01983652807641,11.851906937193958,11.8725004196167,11.848031507615131
1054,11.98256311673152,11.992414213529626,11.99348338425162,11.930129243346055,11.982590507573367,12.008271217346191,11.980799300061152
1055,11.46175703449566,11.46268101581209,11.46300765165292,11.561638462683757,11.554052543355922,11.464223861694336,11.41682070794899
1056,12.003001098165745,12.004642470441299,12.004178518214548,12.146817978974436,11.981302524081968,11.981478691101074,12.0089924783124
1057,12.334418121935318,12.332662319060459,12.333509151343472,12.853451008964443,12.348464514794738,12.359650611877441,12.352816292333742
1058,12.088210648135261,12.087668510443475,12.087521349337981,12.112515920257954,12.119286599059873,12.117856979370117,12.107922001681116
1059,12.609370845531677,12.605356497604104,12.606109104417897,12.650088693525495,12.49605540502629,12.615113258361816,12.621926223104554
1060,11.928584453775276,11.90359662310157,11.905115478464467,11.927157277545408,11.966429405138754,12.00051212310791,12.005348043022503
1061,12.777802734733882,12.751311533989893,12.748262798478308,12.76813414464164,12.675464238935161,12.828360557556152,12.6844839712074
1062,11.947205077848153,11.961051861608796,11.957616901174466,12.155634607988329,11.933991220647673,11.980218887329102,11.971509981093746
1063,12.94062944057045,12.942512721692067,12.944031748861713,12.95602565934676,12.975268228081202,13.011778831481934,12.98798309080887
1064,12.060634281664761,12.055528290887029,12.055427892013544,12.148806163604526,12.059231107409945,12.081507682800293,12.08051199147311
1065,12.989913940611155,12.978417131504814,12.978133169621353,13.041047005752862,13.14566859014853,13.056546211242676,12.948213259345252
1066,12.100300246480483,12.109710778939677,12.108828598833918,11.889921096740693,12.118742497233137,12.099401473999023,12.119626651451059
1067,12.319224597447032,12.321292078363827,12.32174144523533,12.298743690746125,12.30848883224688,12.295019149780273,12.294299326774997
1068,12.22452691511453,12.227844960977897,12.227226178409193,12.202123489346452,12.250266031477596,12.233016014099121,12.264749273826164
1069,11.983695582491064,12.021682757283882,12.016702660534303,11.777764435039696,12.018770405218312,12.20210075378418,12.315473640357771
1070,12.540461574929425,12.540763575905135,12.541232127643621,12.531261208871292,12.516023350443643,12.46707820892334,12.522756776837834
1071,11.992113729454747,12.002972556732445,12.002105914128208,12.029422717731672,12.04547987415209,12.039045333862305,12.02569092504602
1072,12.451117555415417,12.441887280277445,12.44295267147641,12.445130924078287,12.442369971014328,12.447291374206543,12.456351829914889
1073,12.673545564561723,12.67855775301325,12.677985541236938,12.630390613815587,12.66912796965019,12.722800254821777,12.765470875088718
1074,12.12513464912589,12.125088928368093,12.12504303518188,12.134878695200005,12.099724917316347,12.10026741027832,12.112360031198204
1075,12.089545021182252,12.091853450400027,12.091392281970137,12.025678017646962,12.084736841380755,12.061928749084473,12.065730808121732
1076,12.06818495356062,12.078906093047465,12.078384281825304,12.102023672314846,12.02270340033102,12.061203002929688,12.052415610595942
1077,11.959224890806807,11.96829957173708,11.968774274248412,11.855700019824937,11.993441547227407,11.96435260772705,11.980300260329646
1078,12.319996106732214,12.320151253807142,12.32010961757795,12.299011370889536,12.25783565259381,12.256196022033691,12.265391564111857
1079,12.492341105434539,12.48461742760791,12.486015205676486,12.462779985221928,12.468372409428952,12.429777145385742,12.426033170911793
1080,12.061986752819278,12.050759520221847,12.05173111655499,12.069833895301453,12.051259557256913,12.016331672668457,12.020136423717078
1081,11.852753644976595,11.854522116962153,11.853166544369412,11.904660355658036,11.891151930843098,11.937207221984863,11.868972783918775
1082,11.857700412214355,11.864422695422496,11.863286006581347,11.950214694349343,11.883759627740995,11.911026000976562,11.910115187292902
1083,12.618079938070782,12.609541745991267,12.610732866728204,12.836294332896168,12.72282102257171,12.686116218566895,12.702083597226327
1084,12.06161646364672,12.077922898695592,12.074550333052548,12.027614376368192,12.047748923992097,12.030120849609375,12.050203561877613
1085,11.690659099249633,11.688425366159667,11.688523274580904,11.765215086583314,11.731888203255052,11.725096702575684,11.655693456572926
1086,11.765444128798313,11.767867279304527,11.766366960445783,11.762883309354258,11.848913120944909,11.815133094787598,11.836444884131655
1087,12.159298807888574,12.184474710041034,12.181796720817944,12.250890956269302,12.264807124203493,12.155423164367676,12.170081601102934
1088,11.969814642366137,11.982523625308874,11.980348234348648,11.92999869042663,12.005313717528942,11.98151683807373,11.981320928629138
1089,11.94664304219735,11.953398582109031,11.953763633088647,11.899522068925474,11.899662973953157,11.923046112060547,11.924522175763713
1090,12.241515299324814,12.242471321758575,12.242879346652101,12.280293110463681,12.216545863422391,12.243734359741211,12.221481837479514
1091,12.292843248075982,12.29001632180789,12.290595428004607,12.289259328968477,12.296702148890919,12.262100219726562,12.24834394941408
1092,12.062234105687583,12.04476738172006,12.047134304615998,12.126167301224525,12.098484976976632,12.089131355285645,12.087570839251752
1093,11.881890291595937,11.885833035537718,11.886091987229305,11.783702642148661,11.80265342521664,11.840126991271973,11.858381950212356
1094,12.142528820901976,12.14393268523216,12.144764448712293,12.17869801035615,12.089671963806113,12.099587440490723,12.10167677620072
1095,11.790207430867923,11.796575245934818,11.796054663576045,11.778492506671245,11.69257000708806,11.700958251953125,11.716945238444204
1096,12.075002721545262,12.055415280699624,12.05748711833398,12.113906923765272,12.10711155671034,12.074922561645508,12.051715555897369
1097,13.0911072397413,13.096374285261826,13.096027259312837,12.082194376745633,12.932922236832312,12.985291481018066,12.997893091013115
1098,12.128658612877091,12.132791867093953,12.133168297815272,12.137734688199094,12.167789322618896,12.164969444274902,12.156092348453054
1099,12.56051217833335,12.558678273846702,12.558885086144414,12.598006004625864,12.664617489497203,12.654550552368164,12.671552729000185
1100,13.305882227339236,13.2844610371173,13.286199179148362,13.28500259565885,13.249857206299048,13.213057518005371,13.194838158573166
1101,11.95738507402853,11.976960887631432,11.977228752293087,11.93441758703314,12.023231306311562,12.060782432556152,12.067976143779775
1102,12.044331856615068,12.053163575955104,12.052928536977474,12.065819756873374,12.182448456086819,12.181180000305176,12.170705007957972
1103,12.358472689722701,12.357746226635332,12.35764786433741,12.296762075619244,12.24908265006156,12.277941703796387,12.264441143905302
1104,11.728681757584395,11.733969558383826,11.734632372400577,11.781536804546654,11.72948795947416,11.767512321472168,11.792690418007448
1105,12.79402515689132,12.786597110647676,12.788506616450467,12.857816341843622,12.819557765006113,12.757131576538086,12.740280265081694
1106,12.628747868154077,12.61204270840323,12.614744156991334,12.610993477383577,12.561405678850827,12.573737144470215,12.599073868694218
1107,12.234556659866456,12.229356802314047,12.230442483190199,12.246110379124449,12.22372504619769,12.230892181396484,12.211047183970145
1108,11.871675443787668,11.87891229825907,11.8776311567701,11.874793414028554,11.978270043813012,11.985836029052734,11.992898434758272
1109,11.84219338134734,11.899435063721342,11.891144226026475,12.104954969726412,12.034146104278356,12.006587982177734,11.983317634722562
1110,12.36704037529331,12.358986143282094,12.359778345276538,12.346741697119796,12.306190448358315,12.310943603515625,12.330236462873186
1111,11.96120732746275,11.961374521317252,11.96133780757593,12.105461571282456,11.988826410674685,11.990314483642578,12.01058730203693
1112,11.819253602365947,11.83143812637757,11.829804410032642,11.838895485715863,11.884777127269722,11.88149642944336,11.883887157806969
1113,12.346481026010922,12.341628237801716,12.342153040534345,12.360411311743757,12.339386061831314,12.3433198928833,12.35636358329418
1114,11.589643639383484,11.58635467648619,11.58430851471351,11.91754216547686,11.703421333086064,11.679383277893066,11.660771054771537
1115,12.30924122076071,12.303229652165026,12.304109474761287,12.245309562353139,12.223870272993796,12.219966888427734,12.23171737789814
1116,12.145665064601342,12.137199834991048,12.138022030132039,12.183486904387369,12.153842519968286,12.112380027770996,12.12824195068849
1117,11.904421828689543,11.905521652528343,11.905118709177906,12.025083062852335,11.929932269895659,11.927410125732422,11.926268943797455
1118,11.890555278732034,11.889068770162908,11.88927399785219,12.105634129185544,11.908571577942093,11.943052291870117,11.916802057528896
1119,11.97744540961213,11.977313022188971,11.976914472296235,12.03508342766625,11.977705251522528,12.021379470825195,11.985598600864202
1120,12.206273860563543,12.173635682349229,12.17651708182834,12.396660496317379,12.106359898445659,12.027948379516602,12.02336158456166
1121,12.227022599261293,12.221146694281813,12.222492001211654,12.240942087732392,12.207479577910789,12.206243515014648,12.201292661317101
1122,11.736821209351275,11.733636172119407,11.733760621732662,11.728554965235771,11.707324274485817,11.683069229125977,11.670961604900832
1123,12.686852754341206,12.68832522939971,12.688997769743244,12.676828317126994,12.681970401265431,12.719352722167969,12.706440480994672
1124,11.774945510867747,11.777743332676302,11.776908459236793,12.161303182978939,11.82656925160189,11.79082202911377,11.786560234482543
1125,12.021341801317494,12.027660467631351,12.025678916118792,12.037506932790219,12.050927808884868,12.038546562194824,12.027776797624716
1126,11.895414595190688,11.900822919017847,11.89945490125675,11.984984907494832,11.804068128711304,11.882259368896484,11.887438643739328
1127,12.37014537426128,12.366595345831279,12.36670620049891,12.395675446209705,12.412881486213166,12.375255584716797,12.395744611510247
1128,12.402580192776,12.399504254794358,12.400379211375174,12.378697648797635,12.384100674612645,12.346755981445312,12.36493210035763
1129,11.667433678853223,11.66555151381357,11.664872307330485,11.638071989827852,11.571799727120462,11.566444396972656,11.559620463009393
1130,12.002395484266765,12.01020280535724,12.009426310434081,12.078477311667527,11.947479330106702,11.928121566772461,11.98527158937067
1131,12.218565036197639,12.215307186158164,12.216345666942104,12.304787699179657,12.221577894007178,12.199372291564941,12.173893834903486
1132,11.932298171760067,11.938859400542096,11.936996830598043,11.907702450680487,12.02388600543313,11.958194732666016,11.956430671235612
1133,12.007303966656803,11.993498903676176,11.994918904428175,12.116241242626755,12.028071536199516,12.037524223327637,12.022763814297866
1134,11.680161901239321,11.650866315954904,11.652519450144906,12.17134601719275,11.70528003662973,11.674369812011719,11.645238229550266
1135,12.03794845111924,12.039895126565527,12.040794870558129,12.020651554580516,12.055909551533924,12.03801441192627,12.040102376802562
1136,12.744487918446884,12.741111061129187,12.74108681188342,12.377988991253748,12.769769947987955,12.780935287475586,12.808254651864118
1137,12.158838158124274,12.165362702821284,12.164943839410565,12.151214414556083,12.230677928720384,12.205118179321289,12.172701664201577
1138,11.922377173555713,11.934499183139854,11.934028034790034,11.963395261421981,11.995408901043742,12.011714935302734,12.020593360312569
1139,12.171920796314394,12.170147269839827,12.170169929063839,12.17205657468497,12.156080438226239,12.151317596435547,12.146002693668741
1140,11.89492245764412,11.897889477255116,11.897569074588281,11.93458670154915,11.903437169228472,11.925235748291016,11.92088280585152
1141,11.7950853550759,11.784689294866174,11.784836078438225,11.669250136616624,11.723210373223093,11.747453689575195,11.715076896071349
1142,11.819485179454457,11.818507799290755,11.818307762552221,11.742765917994165,11.86387273819024,11.89643383026123,11.940923876151551
1143,12.24626579902456,12.235681079787348,12.236538647636223,12.305824290398524,12.167162610962436,12.170304298400879,12.176647543060767
1144,12.273066738422866,12.272009941756087,12.27249804334094,12.285368696449478,12.192396548878943,12.228271484375,12.244948473966758
1145,12.030879771438084,12.03816109295303,12.038190723101762,12.024636111125478,12.082046300026139,12.04737663269043,12.020355286953478
1146,11.978132618354664,11.978313769928064,11.97788036999648,11.972299461097789,11.979243175496542,12.00113296508789,11.986377908983833
1147,11.925626771880504,11.914820906841088,11.91668247264702,11.917972860374247,11.93273834297152,11.94602108001709,11.967508350983753
1148,12.608839721540592,12.605845364601416,12.60628823176166,12.566481678994554,12.637596585612231,12.620539665222168,12.564550431552892
1149,12.09143520291327,12.085628824779418,12.086952300864338,12.100477727589075,12.10704796971867,12.057648658752441,12.071739222890743
1150,12.026770525860524,12.031065722060777,12.030584306804428,12.045750875020897,12.052605508538855,12.025712966918945,12.034321236203324
1151,11.993495238636202,11.980355200010884,11.98265154214848,12.027365717374108,11.922191963116541,11.909625053405762,11.938457685304865
1152,12.313630558553509,12.300494732675068,12.302178922743314,12.088226389315183,12.204279831794524,12.271245002746582,12.258694623075208
1153,12.272719078504547,12.307257731364558,12.305631690636222,12.18635950685773,12.319130292853945,12.334643363952637,12.321665180752408
1154,12.821797541352833,12.814399361695537,12.814684774649855,12.8347255519047,12.824875638615197,12.865645408630371,12.836704787680718
1155,12.046914176439618,12.048331927552674,12.047105736451488,12.034954196871341,12.073242810606704,12.073514938354492,12.098139128773944
1156,12.173800274709988,12.172086171197845,12.170773945740335,12.109212561150432,12.2112185681724,12.167548179626465,12.208935028421084
1157,12.87214944373366,12.864759727290252,12.8650932404992,12.836347437534037,12.778529267632106,12.833277702331543,12.879866135380002
1158,11.96733637279433,11.956758573490847,11.956967988545593,11.964819489740885,11.994854774144605,11.999516487121582,12.005441381123362
1159,11.98219139347782,11.992474390235857,11.99194555243092,12.096065535206993,11.971171950214368,11.98991870880127,11.966958638297367
1160,11.745502905714513,11.739648816646799,11.739891675470357,11.856205604990881,11.679814366794023,11.687050819396973,11.685618466381301
1161,11.364664512162896,11.363551061813999,11.361848410995401,11.382412529394665,11.339759821470976,11.324113845825195,11.346382251773026
1162,12.311317468030973,12.314089425092968,12.314544357152679,12.310326938407146,12.268508325508025,12.269502639770508,12.265625934580383
1163,11.335510711542138,11.321523146787122,11.320524177345941,11.515676423025555,11.315723249940762,11.353818893432617,11.398120488136465
1164,12.357456003655567,12.355568768440893,12.356151608407611,12.322463975785876,12.299027796215325,12.299245834350586,12.302424103910136
1165,12.034544257175996,12.043660293677878,12.043827703481607,12.041798206482252,12.041926086589092,12.022363662719727,12.044230971076441
1166,12.293885557606123,12.294441605306679,12.29533994242008,12.254948885845604,12.239231360678891,12.263631820678711,12.304048106672766
1167,12.056614357256043,12.048249523512464,12.047804392414957,12.035315905145836,12.066191077129709,12.079805374145508,12.069133003497926
1168,12.519178882292723,12.52230037939106,12.522693117592075,12.504877941623723,12.523297500197415,12.515759468078613,12.497853264397103
1169,11.86610687977844,11.863208090844024,11.863275132598691,11.874405808904143,11.934745373759693,11.899602890014648,11.925948168002561
1170,12.85067599866417,12.848080150218179,12.847674195274791,12.888158486984006,12.815716816884494,12.904391288757324,12.911968413201103
1171,11.842232340506134,11.854554032535335,11.852538777506368,11.894228559442793,11.879816075937384,11.910781860351562,11.815445661796389
1172,11.731594423982118,11.724638143671202,11.724438127298122,11.70787301056051,11.796898535364688,11.759862899780273,11.721045991829797
1173,11.93303770847074,11.925078416273143,11.92538541613423,11.85923671214678,11.978236973554138,11.989665985107422,12.052506554877196
1174,13.183052074244449,13.161273375815334,13.161934441951908,13.138219802707058,13.220009456227686,13.173725128173828,13.152876106099239
1175,12.102231416071644,12.093763252129135,12.09650641394976,12.093816886455047,12.192781536581561,12.174398422241211,12.139588170542504
1176,12.011865042905308,12.027619811449634,12.02457488952673,11.822570212748577,12.044185898557483,12.024157524108887,12.029788309178086
1177,12.366734055107568,12.371655149063686,12.37150414810727,12.33987090538158,12.366983665471723,12.346835136413574,12.370309903279304
1178,12.277968790937043,12.280560246806132,12.280522715544397,12.241483886641117,12.222707058795237,12.234127044677734,12.246217622390308
1179,12.045558091503073,12.055274365220502,12.052708426149737,12.055308149359838,12.09721670331926,12.050102233886719,12.052358141753288
1180,11.990807121066371,11.994240439653119,11.994386304634785,11.840769159289028,11.996500337012245,11.987327575683594,11.974868858776299
1181,12.647493662340533,12.640629218222951,12.640947142483032,12.66485479585171,12.5905445978736,12.585515975952148,12.600297499416538
1182,12.256441372602712,12.253780511693448,12.253444571843126,12.17638301885324,12.240363188897788,12.255857467651367,12.24646448008522
1183,12.414043193830155,12.404420191970498,12.4055095458307,12.409228525314798,12.349283072120024,12.302724838256836,12.33726534662202
1184,12.03787024761961,12.042590985683576,12.04201839679652,12.074119374491488,12.0908180377788,12.03857421875,12.01466877836097
1185,12.272667151867045,12.2842582292883,12.28350710829017,12.219769006836087,12.20775759301952,12.201787948608398,12.19214587477388
1186,12.0186946733072,12.013063536219885,12.013777809696146,12.072785258153086,12.04327221482413,12.035906791687012,12.0665215299413
1187,11.779001764742077,11.760048544171248,11.761736885379685,11.747273791238063,11.746564936237142,11.771357536315918,11.699619357539346
1188,12.056638817044663,12.045351836128892,12.044866788010586,12.064420899000183,12.223369175125576,12.1641263961792,12.180026612736992
1189,12.21971537597418,12.218781225646495,12.219288522588387,12.222434760344255,12.212270169317355,12.24084758758545,12.219140618838438
1190,12.418422934475624,12.419793501613423,12.420668149967403,12.445393754990217,12.465829734205238,12.462607383728027,12.484488702310639
1191,11.958820269577275,11.959587443445438,11.958475050449964,11.97954842773638,11.973200043339908,11.98418140411377,11.988843061051355
1192,12.19799295326141,12.191477881851588,12.192003487647948,12.184782708994145,12.190477883843945,12.210498809814453,12.228776228486563
1193,12.780052592246566,12.772268125134294,12.772922287075474,12.790546474977921,12.796732149692167,12.796603202819824,12.777687851044353
1194,12.06623797860797,12.059326388909932,12.059837822462358,12.091669531746609,12.176332310055528,12.15889835357666,12.0946870676213
1195,12.821408647918872,12.82241594205129,12.823329561422593,12.836033202332771,12.902726906619108,12.891810417175293,12.908980516720595
1196,12.303020643692525,12.291103790449526,12.292480821602393,12.315642945986193,12.328888871458233,12.292191505432129,12.33449056096133
1197,11.880544442368858,11.879428062827534,11.879380965780715,11.78082157807323,11.949605403157094,11.954201698303223,11.948932387492306
1198,12.574356887050714,12.588709360378974,12.586947902861109,12.3132465949409,12.643196899788416,12.667370796203613,12.699589685829872
1199,12.008291359795734,11.985090165076109,11.988191616702379,11.632331189639581,11.973666462833698,11.939175605773926,11.96265939400575
1200,11.641563917911943,11.65304339892891,11.650700010369587,11.745956965847729,11.817961951771506,11.852783203125,11.796408679249074
1201,12.460455749855505,12.454602120945847,12.456203775184886,12.452959496832683,12.392077630850498,12.403023719787598,12.402616051745472
1202,11.903454514765311,11.908049986268736,11.907716668578976,11.928650714313667,11.93264780608991,11.929377555847168,11.937294671742029
1203,12.207212696736692,12.215010684784989,12.213686348539866,12.176007348709614,12.355498776004149,12.424309730529785,12.413919169866071
1204,12.321385392269343,12.320786448016506,12.32123230035191,12.337274333302016,12.323431591177574,12.353840827941895,12.354700932890285
1205,12.481918617603535,12.482168860850685,12.482824840634793,12.46557700858633,12.418722858450792,12.467002868652344,12.458033518860505
1206,11.90204581455674,11.90657598908966,11.905942076243436,11.911821961312523,11.93634052294296,11.931248664855957,11.939682822348514
1207,11.976683516681074,11.97318446972487,11.973592447779625,12.019592181131168,11.995315100472794,11.99767017364502,12.03857949799329
1208,12.574850631309353,12.586414255544971,12.585279764629528,12.174277406356357,12.552542111092052,12.636987686157227,12.613231633529999
1209,12.645661041744386,12.637085817818404,12.637962219736385,12.655980086297696,12.71109667532479,12.675392150878906,12.659343664622519
1210,12.113694053315562,12.102446031501781,12.103594376010266,12.102058146586232,12.144124099584316,12.122597694396973,12.112991747219986
1211,11.862234442679172,11.86160511286397,11.861217732270482,11.979774325203174,11.909412528310781,11.897527694702148,11.901287902669123
1212,12.166219495920803,12.166218118419323,12.166201760584334,12.169612029045322,12.196593379865378,12.198882102966309,12.22461402756924
1213,11.819071837390672,11.811233538193697,11.811970299624775,11.823941047846757,11.840103477964934,11.820199012756348,11.798739057691776
1214,11.833140936487371,11.844329480251803,11.843603011221504,11.894152298313417,11.906387100059392,11.879058837890625,11.844539892755668
1215,11.821332591768652,11.828835838715374,11.82837533425254,11.979280556351561,11.82679635547543,11.816109657287598,11.760695439963293
1216,12.66601493248092,12.656785221161352,12.657625872929339,12.688074374269933,12.703505850660896,12.65794563293457,12.720396942730899
1217,12.03225528576124,12.034881842926392,12.034269108584938,12.030612842473682,12.054188694721361,12.081673622131348,12.023531818276997
1218,11.905959467712185,11.897783997913306,11.900497251544255,11.916489769070427,11.859526388369744,11.89475154876709,11.810141446113057
1219,11.753587974805637,11.752722224546156,11.752243929477704,11.728506069200606,11.672311770350577,11.644728660583496,11.632903973579545
1220,12.162224587467549,12.15399531234138,12.154211900686066,12.148021211065327,12.130985279748423,12.155006408691406,12.13342878027529
1221,11.866200887935321,11.876895588353454,11.876121848597199,11.89381134200693,11.874225305946672,11.898006439208984,11.89249336994852
1222,12.248953822329746,12.242346570696638,12.243162769286245,12.233054356934652,12.22410666999873,12.225303649902344,12.224617589792228
1223,12.492859210574032,12.490791582096897,12.491387036310707,12.253451088180285,12.492584848108894,12.46972942352295,12.462853056525372
1224,12.811623700478684,12.817171580699775,12.816641021134817,12.794328356893455,12.79627031690813,12.81224250793457,12.843008286686864
1225,11.44341581928824,11.422478495723634,11.422409229185407,11.533548211451716,11.272161007041817,11.327207565307617,11.385899837231314
1226,12.273980803683289,12.277139609860795,12.276371972371114,12.238655219901727,12.23553951331639,12.172904968261719,12.193731544709802
1228,12.022657654032022,11.986839732546361,11.991076039706439,11.962777606989773,12.005218772163557,12.028061866760254,12.056840103018175
1229,11.562563318133043,11.556542083101967,11.5559603487061,11.69543852824434,11.464469223918746,11.37416934967041,11.437622834483596
1230,12.149025659015761,12.145801119001277,12.146455058930563,12.175561279535092,12.184235945650553,12.185559272766113,12.197727882880873
1231,12.03276992665367,12.028639771171674,12.027345848995946,12.183709245753258,12.030794795137881,12.039350509643555,12.056872024933975
1232,12.17255487535177,12.174476121213702,12.17396598886137,12.20130038352738,12.2566799517644,12.238245964050293,12.252766386144389
1233,11.999325616303455,11.983827636576457,11.98391869491879,11.971734882679286,12.071310060018833,12.082074165344238,12.051792958544144
1234,11.673591944158742,11.70361545949967,11.702526602076668,11.734748724382046,11.77215615746999,11.630908966064453,11.697822752791511
1235,11.789299155006972,11.788573639858678,11.787964015418227,11.820869000755792,11.83860803920763,11.849117279052734,11.784141771296422
1236,12.49491346344827,12.501369399799538,12.50085341136074,12.498132271679506,12.434721862049983,12.493226051330566,12.451015903778103
1237,12.20222012185826,12.207726968072834,12.206713708949074,12.186444292192903,12.160644318466613,12.19300365447998,12.182208799151738
1238,13.191139919883934,13.183829309998286,13.184524936819578,12.558647293250393,12.893179807442744,12.871564865112305,12.815206987404734
1239,12.398487446749407,12.398521567922403,12.398593428711472,12.382445713812096,12.252477826315475,12.272260665893555,12.297297554327045
1240,11.8728810367655,11.878337435989234,11.877691993975322,12.034256578177583,11.810967019503574,11.86642074584961,11.850613879572016
1241,12.28451865203984,12.274153217575428,12.276176107674164,12.231037115607922,12.211748217192588,12.21243667602539,12.218028509327771
1242,12.499009116466102,12.50357531620324,12.504241888187861,12.557078981966956,12.592110220946127,12.55893325805664,12.560975610016392
1243,12.120448570876041,12.117218187550591,12.117206033477904,12.119047965364595,12.094495780744106,12.071102142333984,12.053740066658616
1244,11.990482947528239,11.996697444489408,11.99610853577938,11.977527909741095,12.0798021474898,12.076725006103516,12.063608397070032
1245,12.089142644965374,12.10455185932766,12.104591052461245,12.061700855266585,12.083755362340796,12.115217208862305,12.138364741681368
1246,12.19518199231598,12.198072137655348,12.197930781492776,12.242200457180193,12.173927629562039,12.211565971374512,12.197606448744637
1247,12.531336939861013,12.539299817157518,12.538707546471086,12.531102760005071,12.495838291508369,12.533970832824707,12.49506729946438
1248,12.634402168962739,12.631444142669379,12.631922641217326,12.64208142402609,12.637284979725807,12.642951965332031,12.593706393320677
1249,11.923538138161843,11.913461024276913,11.914514816734462,11.968600643843441,11.974146227757165,11.952338218688965,11.953275247690364
1250,12.298352454987013,12.28377348450985,12.285003369529967,12.305280456609593,12.317851066529721,12.328794479370117,12.329546465824075
1251,11.817461345670829,11.788625185509206,11.791653009651258,11.751341885698718,11.778042213962665,11.76351547241211,11.727633204214861
1252,12.123019785743578,12.119846951595878,12.119400447882173,12.080451401382993,12.153986308637652,12.220651626586914,12.241292805985
1253,12.08482966993668,12.08834128862341,12.088319229629125,12.1007481530275,12.056296066955873,12.132588386535645,12.086086109935964
1254,12.051895959254093,12.060286915027488,12.059384313375805,12.04398618503406,12.026724984759824,12.05033016204834,12.038096947230493
1255,12.735547031267032,12.741133350570804,12.737662170908354,12.737760429548446,12.667347506137457,12.651284217834473,12.691898099945377
1256,12.612205206306001,12.598960872235558,12.601068686050475,12.640857974393278,12.59761494622005,12.591151237487793,12.646393736901226
1257,12.290039948211946,12.289877991638305,12.289012337170123,12.124492142725014,12.192624790240675,12.15272045135498,12.151685841524328
1258,12.451294422372936,12.451051638469545,12.4510464593808,12.467016423411655,12.448319159826859,12.396974563598633,12.425779523602115
1259,12.674549946517013,12.65514050576871,12.657347757990628,12.664013634928532,12.802306483440445,12.775212287902832,12.771662414172491
1260,11.837315772649909,11.809366086748197,11.812577984318198,11.73525476182013,11.86957811543284,11.82288932800293,11.79582618013391
1261,11.840095630949271,11.839525080409746,11.839560035763556,11.875195569380274,11.92683708517066,11.977765083312988,11.947677203962044
1262,13.461637428268045,13.447231298569713,13.447518238586742,12.107918755057147,13.308026698800237,13.22143268585205,13.133563919580272
1263,12.400506011224063,12.395823928046733,12.396291489486568,12.417880438928965,12.54054881164601,12.500531196594238,12.510944024181885
1264,11.953090205463347,11.95616341329896,11.956372791347333,11.97104052770333,12.038503664131353,11.990913391113281,12.0170548272276
1265,11.821138957116826,11.81419438956901,11.814768784244942,11.914088864424757,11.804697274258633,11.814324378967285,11.867588729603458
1266,12.383887518247239,12.33568997949725,12.341979587745733,12.36967703248059,12.396000570929607,12.401233673095703,12.47469983084746
1267,11.815392139043233,11.79547544221824,11.797916809025375,11.803383557237064,11.839686253300592,11.777721405029297,11.800429018700028
1268,12.484815730732963,12.481140557327997,12.481959597617946,12.45925715576147,12.477159304153991,12.487839698791504,12.481870624274741
1269,12.179797502484139,12.180402870239352,12.180678589757571,12.186141033400476,12.241895785244624,12.25007438659668,12.248032286900173
1270,11.978034861967986,11.979468950725542,11.979201515190109,11.989617554095702,12.028293214969523,11.985243797302246,11.987965273476185
1271,12.077570935325454,12.086797881797684,12.085731048349341,12.075849749001952,12.041868282171649,12.043045043945312,12.043093275370037
1272,12.3301666476338,12.339805970153158,12.33943291230755,12.231661485188345,12.263865605548354,12.310014724731445,12.2695966912297
1273,12.50026477635105,12.4959356338438,12.496742306583172,12.514751674904595,12.541580613748513,12.515729904174805,12.503027082769643
1274,11.940183723366399,11.942341298670287,11.941547483427144,11.945064536168196,11.978701393652296,12.02441120147705,12.017951801285873
1275,11.784448413670972,11.791619338451678,11.790048843615688,11.77163330876729,11.843064744900635,11.894515037536621,11.878403647722527
1276,12.247632863673566,12.24280110639445,12.24303309942092,12.226932856309634,12.236132323958767,12.231480598449707,12.227159662974826
1277,12.559690452524787,12.558640691936485,12.559423185728049,12.539697686041894,12.545487514925217,12.514836311340332,12.500613861975234
1278,11.422683749197247,11.422436508662294,11.421344513283021,11.387510535163809,11.341845597561276,11.362059593200684,11.461211362699293
1279,12.1234742855827,12.11749682503843,12.11735921460676,12.056248607949398,12.126823873486147,12.087472915649414,12.138327198794176
1280,12.306285150588163,12.30490813457077,12.3056875315641,12.317424313651141,12.34416124426838,12.332426071166992,12.323044220059183
1281,12.080705034298331,12.092199084507582,12.090946003691075,12.674391506010325,12.013790481531101,12.021814346313477,12.042187961811955
1282,11.656815883792591,11.684768036988636,11.680390400951396,11.87191132968545,11.628080241263646,11.703279495239258,11.702397053969907
1283,11.470112739744755,11.501582946209561,11.493903155644922,11.60602294883997,11.64562590898064,11.606071472167969,11.60239322903065
1284,12.389290973598987,12.385747199021509,12.386428758380282,12.358890927621086,12.350163923064175,12.335658073425293,12.32577140558809
1285,13.010213860772081,13.002204805165402,13.002057335818577,12.84974898963462,13.112518389174168,13.070488929748535,13.083967169955653
1286,12.295527973949348,12.285588963061107,12.286835757039528,12.27612044667112,12.258015635565902,12.270926475524902,12.274688072178568
1287,12.223436023434532,12.227199900257355,12.226505740460214,12.193738052052026,12.163313588984284,12.200370788574219,12.186410017835392
1288,12.314229977833522,12.30563270107151,12.306861310467815,12.307638587945979,12.350017714225237,12.347920417785645,12.339293372088942
1289,11.891494260548116,11.88895708894612,11.889095555818464,12.14180277508524,11.938629682507568,12.031431198120117,11.943792148899435
1290,11.333195377921408,11.367212716327742,11.365169503372927,11.513837913554537,11.378568637524845,11.449158668518066,11.494186937268434
1291,12.223334975171472,12.21260114092969,12.213742209984074,12.174419510761767,12.205379647602506,12.209675788879395,12.204838314890967
1292,12.123641669278578,12.132537002240799,12.131275701314093,12.242582547084591,12.164769098609854,12.122685432434082,12.12497104339427
1293,11.876124909545894,11.877027225534215,11.875908501973445,11.87596358110298,11.91319560445013,11.889549255371094,11.87475460659286
1294,12.312359767452904,12.312542289090395,12.312490035842828,12.273537008384254,12.210936681796849,12.23265552520752,12.246038964686802
1295,11.616968055287817,11.643815724544343,11.63881031802482,11.477943335507192,11.572572734567958,11.523818016052246,11.511902645482362
1296,12.8973063375877,12.899586716838257,12.899522085669412,12.917894497331627,12.940310581839904,12.959979057312012,12.98296786454472
1297,12.288598043512645,12.285765940441452,12.286246728627857,12.254989994820678,12.221890260563143,12.200196266174316,12.243740411461799
1298,11.686857360649476,11.696857263449145,11.696881810722026,11.97938345051686,11.711271903780503,11.684453010559082,11.674347316242855
1299,12.52928618313874,12.526411412444066,12.526961610069298,12.52623262125967,12.517067990057917,12.498661994934082,12.517223636423537
1300,12.511815602610895,12.516317017225425,12.516229214353519,12.526300958586631,12.559052891202047,12.48093032836914,12.468398772936776
1301,11.9022992676388,11.90230932070244,11.90181332576032,11.919293505065221,11.947085316834045,11.957590103149414,11.970712994995193
1302,11.91769018769115,11.913848308514277,11.912746869840623,12.047582892907318,11.918220923667844,11.939699172973633,11.939335337510022
1303,11.875256188976929,11.874070886778076,11.874039162186467,11.888093506105637,11.855348749729176,11.838714599609375,11.852890101861801
1304,11.797384476146041,11.793593462772694,11.792585962702884,11.792211528744316,11.773434243421946,11.75139331817627,11.742818324221322
1305,12.016043908577098,12.002294728875349,12.002150602168008,12.02509743170737,12.059196941997953,12.032819747924805,12.076815846557617
1306,11.826767521369556,11.830437402663888,11.82998232659951,11.85230275175018,11.81444309947577,11.80141830444336,11.779958023401552
1307,12.557107264339527,12.569261485459553,12.567975290073637,12.551859536306353,12.569890932006857,12.597684860229492,12.581329330227913
1308,11.686402546319773,11.705283057549392,11.70284701847388,11.736388895607499,11.799112511115375,11.806739807128906,11.827975564434105
1309,12.19777985353207,12.1968474435075,12.197063344070026,12.310439996580715,12.14477142720676,12.104850769042969,12.125780762833292
1310,12.36691290129961,12.343640842391034,12.347778195655367,12.101685977030115,12.366501519318167,12.329390525817871,12.336809224771956
1311,12.89210156581794,12.887665402158797,12.886925602554653,12.763297664974118,12.878496217961743,12.886303901672363,12.906291171248093
1312,11.92211566555643,11.913233566047744,11.914693717281338,11.927795735292406,11.947259298609163,11.903913497924805,11.835327461623454
1313,12.119504340513082,12.118936403120092,12.118794271260311,12.12426116613159,12.115432310895313,12.139873504638672,12.11294670740088
1314,12.403295029435904,12.40956711936709,12.410210884300533,12.41199580610557,12.408404983418691,12.429032325744629,12.383809224079947
1315,11.647773636098943,11.675159454485886,11.674120853076188,11.825659520214469,11.751202853923886,11.832072257995605,11.802734739060005
1316,12.117240743872301,12.109825217698063,12.11068753662624,12.12961308871496,12.123094146074317,12.11175537109375,12.085889873241037
1317,12.707110212405514,12.714706086167562,12.711155688786027,12.735374217290705,12.601054792991992,12.58004093170166,12.62584492297506
1318,11.938615081226178,11.947509354653155,11.946245807429303,12.11573582729054,11.991915629322536,11.957985877990723,11.966433550312637
1319,12.096956826097504,12.104837301661343,12.104374419914008,12.161921131919962,12.157617248302898,12.167496681213379,12.162877181230689
1320,11.950988871346718,11.950579984879784,11.950319549750299,11.957993994013224,12.004349830337059,11.984993934631348,11.966695901708803
1321,12.390872604783093,12.390606254309747,12.39027662566614,12.189602349825543,12.403548394553683,12.413747787475586,12.39893915446927
1322,12.144382262693975,12.143717718205842,12.143850513231657,12.064222117122734,12.129882827368316,12.115259170532227,12.14918783503597
1323,11.88933469883578,11.881238689372859,11.881313256042871,11.836592297354368,11.924444097902935,11.929137229919434,11.885141215811348
1324,12.331219627186899,12.332167189812262,12.332036897675287,12.316683785087738,12.310481949644618,12.32853889465332,12.309106081275587
1325,11.83937111409886,11.850270287790954,11.84936119374505,11.821717235929066,11.7871920729464,11.791479110717773,11.813085148180395
1326,12.467920538221342,12.462623484406945,12.462856021411087,12.4447719655073,12.467760285787547,12.460367202758789,12.463546096837899
1327,12.308566573798362,12.32314018708028,12.32180170913118,12.308959530640049,12.348200589586995,12.339011192321777,12.385962973585821
1328,12.45027711855386,12.458274666987483,12.457637909029653,12.43044135231078,12.517272132921665,12.543593406677246,12.536511717079796
1329,11.850912379486408,11.82971076092379,11.832618960644513,11.868405637662304,11.885509920019787,11.91113567352295,11.864358672740048
1330,12.088861192904561,12.088066271065973,12.088198882750463,12.024376633101708,12.038251409040873,12.04977798461914,12.048875252232524
1331,12.456757713899814,12.441897698220957,12.44443818518049,12.515941720636702,12.40893398120598,12.425337791442871,12.46363704892132
1332,13.083476297957937,13.059393614637886,13.05889070796238,13.077330451389566,13.143801870006504,13.059674263000488,13.027663374506874
1333,12.739275199594292,12.727141212440273,12.727197419095123,12.740506816847402,12.831927133905427,12.816652297973633,12.87419584776948
1334,12.013958946564667,12.024447664024322,12.02376171163535,12.056384484407522,12.051364332970627,12.076360702514648,12.081941485796232
1335,12.60049715346152,12.596389840160754,12.597787124145627,12.612843497843613,12.747087854818176,12.599350929260254,12.701582879722446
1336,12.056504741139646,12.063014942633329,12.06364646687178,11.97947939541193,12.05160197770312,12.05350399017334,12.051641038825066
1337,13.07758565388535,13.062740155869815,13.064035954453567,13.072583435791904,13.01256972013482,13.06563663482666,13.095244068040172
1338,11.917587966207565,11.91543719083342,11.91487954714857,11.93070914114495,11.798216403694003,11.762687683105469,11.723655105829017
1339,12.619458972078665,12.611707206300032,12.613018787521582,12.585219193769852,12.534487003794478,12.579511642456055,12.614043718281652
1340,12.442734936287485,12.440654937926206,12.440809040110613,12.413554419610582,12.432374490567009,12.437775611877441,12.442651466313608
1341,12.292827659548493,12.28254827959928,12.2841605408861,12.309882393916359,12.303312086525803,12.302786827087402,12.263130556678997
1342,12.731929393726144,12.724514342001507,12.724489452960508,12.58383656965857,12.80446225120488,12.74498176574707,12.758115449938531
1343,12.035941462183308,12.03603759660674,12.035395426293736,12.019893599109153,11.997074481405434,12.016308784484863,12.034667308955298
1344,12.5602555091411,12.560649843896066,12.561166542095103,12.530523777109538,12.541377531754469,12.523719787597656,12.515845819093517
1345,12.017581699046376,12.020606677842286,12.020118369543034,12.021151563348056,12.099829834011647,12.101949691772461,12.103246237085484
1346,11.804597137375817,11.798412659490467,11.79809447164731,11.792685171839747,11.878753216676996,11.86440372467041,11.879049024719937
1347,11.804265645849013,11.812045737284796,11.81006718110655,11.829264200815484,11.919655334828848,11.892197608947754,11.88935132993442
1348,12.380334106464675,12.363417921540357,12.367112760447016,12.378326629960856,12.285193840951179,12.269918441772461,12.270963438010645
1349,11.764267417893098,11.778510863312466,11.778497833013493,11.719921038947659,11.791517261497173,11.80075454711914,11.74773727968332
1350,12.329789136763065,12.336706458481041,12.33608235649263,12.32183879363266,12.362662122857317,12.385411262512207,12.396696100420826
1351,12.12191315024668,12.127560118726567,12.127202865954343,12.143470609218717,12.113277914881483,12.123571395874023,12.09514246720323
1352,12.495779545809473,12.507153943600319,12.506326911625942,12.478307780426416,12.495217051475866,12.485954284667969,12.449362395581181
1353,12.13057587772605,12.128166564127364,12.128705066782429,12.167222419325249,12.180980163874473,12.173212051391602,12.178082326415737
1354,12.248852620457003,12.246800487231798,12.247682285196955,12.074670108842259,12.231424696229189,12.211326599121094,12.218366487688076
1355,12.242227464488687,12.243778850689804,12.243296023701555,12.257142000982174,12.300238098161765,12.310973167419434,12.281851857972475
1356,12.370775793366487,12.376241422149775,12.37451895783875,12.414986815322536,12.418281017349301,12.448283195495605,12.521235631850026
1357,12.415873652806585,12.41079946229765,12.411175816890495,12.419292509875506,12.448450718215202,12.390558242797852,12.406199025262609
1358,11.56566378693385,11.555215540880578,11.555808629083376,11.760451183985865,11.68982206002943,11.675614356994629,11.688640224915279
1359,12.101311105482358,12.090205569454149,12.09226632502428,12.108685942108073,12.088424658390535,12.0501127243042,12.085430239044095
1360,11.951541310283883,11.964987745719862,11.964585918548721,12.058810078154236,12.071367358758595,12.04609489440918,11.976753923265337
1361,11.695418461399656,11.698188055781477,11.69848521226719,11.667068002793366,11.578544353589127,11.60163688659668,11.609308508351399
1362,12.971971874791242,12.97751231553645,12.976268307803984,13.00571324958101,13.050635695928907,12.988956451416016,12.985916473124416
1363,11.712104355384229,11.709652006094782,11.70928634767932,11.648633890060397,11.589810235168848,11.704675674438477,11.621859508429512
1364,12.641471376700583,12.616253087570621,12.620559060789889,12.273580697990733,12.673956129031442,12.65720272064209,12.67932431751305
1365,11.924406605088423,11.912637362207276,11.913417001116922,12.11116006454553,11.960891323533374,11.955284118652344,11.939862912481084
1366,12.033394911448955,12.029940698876315,12.030470317591973,12.051092660470635,12.144955637319457,12.054530143737793,12.050974812305073
1367,12.085818140940653,12.078276620125024,12.07969832924161,11.979984680973482,12.166858403443591,12.208954811096191,12.227260362330172
1368,11.780022028258529,11.773673086561237,11.774181521588925,11.64345482603561,11.875088193300634,11.886031150817871,11.915555668095314
1369,12.633706625368035,12.628848334060937,12.629068855010857,12.66763918776492,12.731983280529548,12.718282699584961,12.743415911064718
1370,11.65918585746992,11.650364796694541,11.649740878062618,11.66172021129887,11.616541876486103,11.553174018859863,11.462194180571997
1371,12.303023112548438,12.313090982847005,12.312478480239953,12.283234264290037,12.282940885336236,12.298336029052734,12.287587899368132
1372,12.416950812930837,12.425645390967402,12.42578143493479,12.278727134224496,12.415269413069081,12.443105697631836,12.419854771507715
1373,12.089388114212024,12.095505030271378,12.096920549366615,12.058759364321917,12.057998231968735,12.047945022583008,12.045587834673954
1374,12.521104739624235,12.539917415735397,12.5410122409047,12.604035800293932,12.559385396704117,12.550688743591309,12.543502337404904
1375,11.837203478831013,11.847978954593227,11.846883015945942,11.838952425290511,11.819156655633554,11.816778182983398,11.805800983983259
1376,11.864639189572923,11.855399528765552,11.85748833446141,11.8138912870398,11.935424040822147,11.909863471984863,11.884494035023101
1377,12.467021061208523,12.458756522878156,12.461517951143565,12.438919925597792,12.402304767201198,12.383506774902344,12.352508369199073
1378,11.887175548291205,11.894226433078721,11.893437663006667,12.268417978281798,11.9338864096255,11.90506362915039,11.897776189968994
1379,12.6894376439046,12.70038407838231,12.699634848824495,12.706504143439476,12.771270281919515,12.734227180480957,12.724459926750828
1380,12.563625271378916,12.55126611325919,12.552384309178043,12.591767668238948,12.546114864133008,12.616414070129395,12.559617584845128
1381,12.358945025332625,12.368630452075854,12.367653195743333,12.355260361856864,12.35523321584919,12.372318267822266,12.339173099371537
1382,12.617398378596395,12.617549317534934,12.617510851542052,12.593090404381348,12.648750694661874,12.6325101852417,12.58940595611183
1383,12.043392127202232,12.040049211002067,12.04032502034745,12.033871295713148,12.019309678594087,12.1062593460083,12.084933355991607
1384,11.995764948270804,12.004304143738617,12.003119799368175,12.050279700616523,11.990076256867088,12.007194519042969,12.006751646619138
1385,11.95998699100719,11.959274456624726,11.958781186307146,11.975512147937682,12.018523295642325,12.017439842224121,12.053051350017046
1386,12.370972582765598,12.369255689404683,12.370438655370764,12.35914064057437,12.390898694907781,12.391562461853027,12.372060639374048
1387,12.926039873163504,12.920390124680619,12.920909202889511,12.933833627588703,12.99617059781614,13.023456573486328,13.010848503764006
1388,12.178150859899613,12.183202621361175,12.18368875064204,12.105460756450755,12.208053753530145,12.178290367126465,12.15175128314319
1389,12.45976738576186,12.45392065819643,12.455390918891844,12.464942347276008,12.409289243880766,12.395913124084473,12.416721313494818
1390,11.811766284567131,11.78442780653321,11.786792023644773,12.013581925246786,11.762160355057977,11.813441276550293,11.81816443366868
1391,11.850327336380083,11.861018274454246,11.859924269782981,11.895692273733122,11.907814724076037,11.848889350891113,11.89043313005127
1392,12.213611817003388,12.215340164465097,12.214959522243626,12.262974908064344,12.178236855701309,12.17514705657959,12.173613942377045
1393,12.69126460715123,12.695068834741802,12.694464623816533,12.680939087450907,12.675565621482805,12.76861572265625,12.735035778682006
1394,11.888626183514354,11.89949489744424,11.898140580581531,12.068902016341958,11.896332139320311,11.915664672851562,11.928225223888735
1395,11.766575713676517,11.774255265445097,11.773467628673664,11.781888472353199,11.68415539951821,11.65450382232666,11.624909272837062
1396,11.70604511505143,11.71336155088249,11.711991596626602,11.592303310426919,11.647498246002147,11.695272445678711,11.689220889985556
1397,12.141644336198539,12.154031939744337,12.15234561116777,11.92514343899381,12.093262150824634,12.114831924438477,12.100260679832122
1398,12.048423377932458,12.043130213549693,12.0433488557628,12.090530513074807,11.996770766407993,12.036336898803711,12.06490785325948
1399,12.284896646320043,12.287492622208877,12.287376968397185,12.276397498538824,12.260974456022359,12.270806312561035,12.257527870990835
1400,11.878643361353411,11.894731791919169,11.89156720563405,11.962612535628786,11.89398804259236,11.86793327331543,11.856985227365064
1401,12.042938344138264,12.049488448313154,12.049165300024503,12.030258480074984,12.079314111944019,12.12697696685791,12.107983483372662
1402,12.113371749168,12.121276859051699,12.12012844508961,12.133364445784887,12.18799162974021,12.16161060333252,12.127119046777638
1403,11.809000501782757,11.804409806347032,11.80521362342495,11.819132467691709,11.824398313337413,11.815716743469238,11.860367523398002
1404,12.384647939755794,12.375472771497318,12.376138589434833,12.41797101146047,12.392074121346896,12.38599967956543,12.38359037282062
1405,12.229425886048785,12.22091759223904,12.222530377757513,12.130201523067969,12.288195012337663,12.234492301940918,12.246085447504559
1406,12.450873529820404,12.454598977869411,12.454027482395652,12.446581664691687,12.482351397135375,12.484203338623047,12.495422713645416
1407,12.06337354347825,12.064553649860967,12.064377851300126,12.057967957245861,12.016003391933067,12.013030052185059,11.987324667939976
1408,12.260180798808094,12.258907769419787,12.260218561914314,12.234242367183885,12.219342770968563,12.194096565246582,12.23382855928575
1409,12.463154440484761,12.461284184046615,12.461014805555438,12.465912724401187,12.488432053816222,12.507011413574219,12.505102210043841
1410,12.399385165264421,12.409905582863901,12.409122030154261,12.428890950584075,12.418948841019223,12.370044708251953,12.356160832556673
1411,11.869397276635258,11.878150535633797,11.876912985939768,11.842242756508853,11.918959756653326,11.954214096069336,11.971985976449915
1412,12.298398859515723,12.291024052672189,12.291431627777671,12.29876057456212,12.292207116513069,12.292057037353516,12.311571090911885
1413,12.292719695784276,12.302161596797973,12.30153143055711,12.273176758096596,12.335164234708792,12.374529838562012,12.39268136719213
1414,12.275186837868777,12.290996894782516,12.291144277849629,12.269398935575227,12.326558164668572,12.377684593200684,12.332377038449478
1415,11.842981445185501,11.845456898643688,11.844640078297683,11.805882918646743,11.812614390627765,11.854341506958008,11.859577177303782
1416,11.74912088627163,11.744395971793256,11.743916928903621,11.833458775558546,11.867502853922907,11.860428810119629,11.845962940110274
1417,11.945061070980017,11.91078213551284,11.914995178554776,12.132729325120458,11.9421367923464,11.869370460510254,11.91017861028013
1418,12.158502737590744,12.163158988668838,12.16450078544055,12.156763902026197,12.166651675162102,12.128512382507324,12.112618498025078
1419,12.050937917678262,12.053933622046886,12.052847957869583,11.946999646530223,12.101040625520401,12.051590919494629,12.06220902498227
1420,12.771741775947806,12.764387345576935,12.765419858328428,12.784073950877872,12.826256574806038,12.759306907653809,12.776983162754856
1421,12.430929622887588,12.432862439389723,12.433122414026954,12.431687809929933,12.397019198476066,12.403336524963379,12.39350431348006
1422,12.364715892257989,12.354832820188596,12.357503023843005,12.167878706255816,12.363179614909706,12.34512710571289,12.303713098262357
1423,11.983851640976338,11.979889883383379,11.980678992535903,12.059091434327277,11.979047363974574,11.997803688049316,11.984943493335917
1424,12.237221601025654,12.225178420673645,12.226355208644604,12.240981235512336,12.223665099903009,12.218072891235352,12.21818882126136
1425,12.033722940441642,12.02946004417244,12.031290980646506,12.041472710327666,12.007588179591982,12.071920394897461,12.053557555603481
1426,11.762148454414563,11.767638392220013,11.764981217074402,11.828173873007637,11.864563087946447,11.917403221130371,11.933152815978385
1427,12.779490634149742,12.792260706458606,12.792782235447923,12.791248237349155,12.7617320655421,12.86963176727295,12.75870688669114
1428,12.49637557469105,12.492827448428562,12.4934816762147,12.475269873815087,12.391996581370085,12.422735214233398,12.439147957134143
1429,11.810760150737106,11.811893588829635,11.81101240965089,11.816829926748714,11.872566625498656,11.876423835754395,11.887240969979052
1430,11.897425512770905,11.898600083708816,11.89932641856186,11.943898813567802,11.989454542270968,11.961698532104492,11.924959027690202
1431,12.318512465678694,12.311972549586967,12.312130601423679,12.146340522234306,12.235110513076885,12.201746940612793,12.213093096063334
1432,12.042834112759982,12.03709403840716,12.037103157640496,12.099669151866767,12.046583906919784,12.070489883422852,12.083547396854788
1433,11.786427688183338,11.787797316121395,11.787497042257867,11.794295548024063,11.772015938423033,11.81529426574707,11.792683772232348
1434,11.377675871792675,11.420953128313954,11.414882563691982,11.42634910072837,11.500351696152867,11.57647705078125,11.60098181071878
1435,11.415001955970865,11.424354845165208,11.423853956245809,12.117260794337145,11.520120402410182,11.445202827453613,11.394592232222202
1436,12.312478598330596,12.315200403494067,12.315213907906303,12.313550753121863,12.279531805948045,12.291704177856445,12.26818058217897
1437,12.790290291009114,12.78570357459556,12.785607942188205,12.811958992927787,12.855636691472347,12.831612586975098,12.855735652667864
1438,12.390372747275785,12.394217448543717,12.393913133601698,12.375686216014602,12.343478776285378,12.328904151916504,12.318161151100844
1439,12.177430569307177,12.188142501011974,12.18617572397148,12.192341674793957,12.130211503719133,12.141971588134766,12.18142069088461
1440,11.881573331272598,11.882072745765443,11.881388015488398,11.889306474403995,11.982875386392887,11.963146209716797,11.981492028312246
1441,12.335863146040746,12.32924541024487,12.329728719958162,12.316189815665098,12.254224566211175,12.257113456726074,12.25108294351839
1442,12.208797137243968,12.201438420862964,12.202424065692252,12.269643272927745,12.238920438136514,12.210857391357422,12.229776036629445
1443,12.267959308533516,12.283136185236826,12.281269467888194,12.305534211486748,12.232176534611826,12.217966079711914,12.18849945877902
1444,12.489004143312776,12.489263540366434,12.48987921687553,12.477328502085289,12.5283392430597,12.45751667022705,12.4527814187966
1445,12.65712049698849,12.636673910252403,12.639257831292406,12.675936362461739,12.747380265027608,12.788280487060547,12.794401001213377
1446,12.27994216447401,12.281746961798579,12.2816402016892,12.293014442403212,12.356547258971512,12.313654899597168,12.345665349354036
1447,12.107573290651489,12.110708815996116,12.110054283517037,12.092934997520594,12.10157135418854,12.117847442626953,12.120904078411996
1448,11.855380933741948,11.85796521834634,11.858010465956443,11.830214389998103,11.960446270925472,11.97966480255127,12.015512520611477
1449,13.70326565233089,13.71555707554706,13.708611585008578,13.592008760985417,13.377260093366797,13.168004989624023,13.15448097888418
1450,12.172423151978405,12.157957595869709,12.160132174263076,12.176206501678353,12.176155292210355,12.134632110595703,12.12382216743382
1451,12.09195640972439,12.07741298230239,12.078736886468153,12.096748293308776,12.120089263163328,12.105522155761719,12.114390512725072
1452,12.527666767445742,12.52561652284006,12.526743047022705,12.496180170694037,12.473732758110108,12.438040733337402,12.456042586066273
1453,11.944940266063025,11.95009656394149,11.949584651849475,12.345363858187753,11.999305591664157,11.984085083007812,11.984887895146423
1454,11.714830795425282,11.699530461996519,11.700082603196337,11.737465850566855,11.716339802899219,11.660762786865234,11.634466405721263
1455,11.880331576524654,11.875669555737096,11.875774344569525,11.917501577797761,11.959572442623777,11.87706184387207,11.861853452699297
1456,12.236819013489328,12.23476219449012,12.234602160462092,12.197999163161164,12.202881313934558,12.256857872009277,12.207844102401873
1457,11.820598073480161,11.826251356714039,11.824956074202838,12.008506695790016,11.85747279229374,11.844425201416016,11.823538749982175
1458,12.345464912881798,12.351924174559334,12.349930324967643,12.31085556411994,12.289438442075205,12.345561981201172,12.35410893616956
1459,12.328893839041529,12.321090789286675,12.322051928179619,12.33875060236744,12.351223703080917,12.339367866516113,12.354570278854593
1460,12.049679429597882,12.053960569730318,12.053820396977038,12.028832551785134,12.117014828992957,12.08821964263916,12.099608538746367
1461,12.124895715555512,12.111876819502397,12.113233617115123,11.580710893550988,12.10951006171054,12.073046684265137,12.062678331661617
1462,11.916159465034541,11.909969366429607,11.91034164601885,11.94768538517933,11.94285970586729,11.956512451171875,11.926894609129974
1463,12.086692830150405,12.076334466795569,12.078587985640361,11.915764678913625,12.06415802600171,12.056313514709473,12.006023228490989
1464,12.267532538799237,12.28089387654757,12.279165864521413,12.304061785181696,12.238486042537874,12.226213455200195,12.22386302108692
1465,12.390084523498611,12.385080967127339,12.385185432972019,12.409839996532302,12.34889362237205,12.343093872070312,12.365451836104628
