Id,ridge,lasso,elasticnet,svr,gbr,xgboost,lightgbm
1,11.922572691474306,11.925611942740343,11.926078479204989,12.017223906265732,11.956375770340399,11.995354652404785,11.99982081712412
2,12.06284503268366,12.057091079502317,12.057091079502317,12.07129311631931,12.0100466665943,12.020323753356934,12.005921345641969
3,11.807338560111317,11.795890814836657,11.797409079176234,12.120537910549238,11.755475320360315,11.779029846191406,11.808329441742085
4,11.889353857634536,11.89328568340736,11.89328568340736,11.93705585282338,11.948371622457588,11.939276695251465,11.952083207086146
5,11.948191349367335,11.962413593052494,11.961120514801511,11.940781846281768,11.876093477416653,11.890009880065918,11.889229492580549
6,12.349063950137884,12.352638582694459,12.352638582694459,12.336885328169933,12.356354105287199,12.332404136657715,12.34109110303526
7,12.197334088899622,12.200091584395748,12.198355335560388,12.100234126553309,12.163921185938268,12.144271850585938,12.177978825830623
8,11.904744340425276,11.913631189195728,11.914971745884065,11.91909430238547,11.908824385406987,11.936739921569824,11.92168532635965
9,11.992013620676529,11.9977157814476,11.9977157814476,12.053021390411017,12.04753914064556,12.0606050491333,12.058214701043555
10,11.968861511644686,11.979591747083676,11.980597423551135,11.987640411612524,12.166732408191363,12.054438591003418,12.10737603770127
11,12.060789528499086,12.077952349721585,12.074544232177507,12.026648868515998,11.95054198154707,11.929521560668945,12.004514130850502
12,12.115652420684206,12.109449497332472,12.110876658900393,12.806594845363271,12.113272599815968,12.101702690124512,12.077716621340663
13,11.88415843877386,11.899674260644037,11.899674260644037,11.962897309807499,11.928322525509122,11.95817756652832,11.930233079306937
14,11.958460507701634,11.95976377043376,11.959022684265381,11.989246790390922,12.026619235363347,11.940618515014648,11.990036555584872
15,11.765477078215511,11.772310752069526,11.770946333775898,12.030461680924303,11.827019255481957,11.774707794189453,11.796411645012356
16,12.179786781049119,12.176347931300958,12.177127675409956,12.183238082803904,12.190197414699432,12.20028018951416,12.197915899572163
17,12.150102081103993,12.158563339692732,12.157099945510236,12.106699747014869,12.11194058061818,12.082139015197754,12.091594699518973
18,12.097819445297608,12.09334512769137,12.094704241764047,12.106566327172239,12.038782257875427,12.044578552246094,12.064035451953268
19,12.246503667927715,12.256782607385947,12.255022150789046,12.267796113278385,12.272720690352974,12.273488998413086,12.267008448606646
20,12.641060775765387,12.628387848947591,12.630542767063316,11.977615391544264,12.602336503621016,12.618849754333496,12.608759010910221
21,12.21078936679183,12.208141175308809,12.208220067212444,12.246125483551062,12.205956429410401,12.137287139892578,12.148695191664322
22,12.104476420133217,12.111736709349815,12.112433376883878,12.208511062929212,12.136077394157597,12.10855770111084,12.137144346592804
23,12.23407953147607,12.225678964472218,12.226401223745924,12.104948869803058,12.243285013407279,12.269708633422852,12.214741924064583
24,12.453085629307719,12.453117745736307,12.45299050201242,12.477392488641794,12.496197299330744,12.506658554077148,12.506892068695487
25,12.523774453526226,12.537008846348552,12.53469872033085,12.094020661067184,12.307580830843671,12.279824256896973,12.261396601774248
26,12.107378053005307,12.121205826613886,12.120462346833982,12.118537576479834,11.979245126765177,12.024229049682617,12.001933201998789
27,12.105390358577012,12.10977082846117,12.10977082846117,12.183205410537447,12.093990811899099,12.110512733459473,12.076332021693839
28,12.595623403660309,12.59070386407798,12.590911842490518,12.59348534778171,12.641710728369373,12.576643943786621,12.553461357049716
29,12.688725138121157,12.685276064910123,12.685630811883929,12.742040159085319,12.56202521758743,12.594680786132812,12.596451826779601
30,12.693933669399373,12.692872702556901,12.693095494414873,12.632024375985509,12.585409742585696,12.616242408752441,12.53517519199809
31,11.99156492046448,12.01007421174593,12.009876193014799,12.093388372900153,11.945624059772898,11.955923080444336,12.010371790435409
32,12.67207559760067,12.681238348346504,12.680984063011723,12.667997095145621,12.626720547418692,12.614761352539062,12.670907287487552
33,12.885574473777083,12.888482668622355,12.888061274200618,12.904578011247398,12.979699364124254,13.013741493225098,13.050599404535456
34,12.069795994900659,12.073344386493199,12.075815937777927,12.01146061160637,12.104057629827233,12.180214881896973,12.219372276379733
35,12.366037177281285,12.385440921643605,12.38598969393122,12.401624162472574,12.400357170088242,12.4461030960083,12.454227638991428
36,12.134508003217725,12.137421471471438,12.13748890729453,12.270968633314776,12.121233177439665,12.128990173339844,12.149147502368967
37,12.148265479778912,12.135947633780832,12.13822215466923,11.947332235289196,12.141375412860084,12.149489402770996,12.160250439366411
38,12.896288484198998,12.892705800849068,12.892705800849068,12.908095975539014,12.990946957545312,13.024515151977539,13.027048674552555
39,12.464241356414448,12.474262418754,12.473401904718873,12.452873731598345,12.519708016464591,12.527199745178223,12.527716909354972
40,12.187020586761951,12.183627824903054,12.183627824903054,12.140823957143105,12.245717275503521,12.214369773864746,12.280035777047187
41,12.0903845899114,12.095864055005313,12.092651781220937,12.0626923248898,12.146023505739985,12.117777824401855,12.074990399942648
42,12.063977273055576,12.069722814946726,12.067191788816052,12.228578260064358,12.126821442392053,12.1397705078125,12.186879693869292
43,11.957374313379637,11.948093717668865,11.948309992651147,12.08329957773255,11.994498849685751,11.948871612548828,11.979610382168168
44,12.131460641794746,12.132731790168974,12.13299384291766,12.137088526852178,12.10778086017505,12.156298637390137,12.170656356208333
45,12.363165225171857,12.36813659994471,12.367341048605896,12.387415987194768,12.42966992197841,12.42429256439209,12.400418396124923
46,12.766723807447574,12.755915835291068,12.758022313143739,12.779803171746806,12.612161713859125,12.684401512145996,12.721674510613619
47,11.81248596199157,11.82000449747604,11.81852322903513,11.816050670682996,11.77082954854558,11.806365013122559,11.755397979432665
48,11.990312714604524,11.983676987098688,11.985373602713464,11.986223353541888,11.881859344149547,11.908764839172363,11.92700842546644
49,12.008127832154528,12.00879714417514,12.007882539775686,11.897378170964911,12.05428161149032,12.020929336547852,12.030646797277697
50,12.141892543817338,12.148589264211259,12.148524765131741,12.067969604571099,12.096244628967439,12.13252067565918,12.136784138144257
51,12.934160254571964,12.922156112648791,12.92313776093308,12.934191184966597,12.93602148135852,12.945625305175781,12.894709229163844
52,12.364722227418303,12.356758297997025,12.358839793572631,12.36882480645933,12.227596759195546,12.280117988586426,12.27857384261782
53,11.52290450919065,11.511908568000054,11.512310100060782,11.53970641268832,11.585180198710061,11.595808982849121,11.582663301726996
54,12.017867217409734,12.005869050907943,12.005869050907943,12.091585123102583,12.053471608847738,12.039137840270996,12.083492892362466
55,12.090388359163091,12.103345383504312,12.099644165982053,12.054211189696709,12.086711610332687,12.073755264282227,12.050998681659445
56,12.227792024986524,12.223491712546535,12.223841214877103,12.06958448513827,12.234835800046904,12.186290740966797,12.192826109327118
57,12.257485580333357,12.254081506494547,12.255016748987286,12.260206160522635,12.241657364229557,12.259050369262695,12.263334089881218
58,12.494111347289858,12.50073211881027,12.500273263763221,12.458463502888614,12.552231568857517,12.468156814575195,12.466150713130261
59,12.1376490047983,12.145944010858539,12.146493815446053,12.30406070940722,12.194321477932833,12.180496215820312,12.164118721105591
60,12.172894025011876,12.168578700626043,12.170537904680442,12.164946299508749,12.218649325858888,12.2506103515625,12.236962588796734
61,12.08201510895815,12.090311421098331,12.08926747596907,12.04769160048402,12.022515939441002,12.041150093078613,12.037764703460551
62,11.641726388797483,11.662537176867332,11.660470388031548,11.695702399365624,11.691132827709506,11.689338684082031,11.692338144846289
63,12.78828939184605,12.786231373935053,12.786295853528754,12.782978041169788,12.893538499133737,12.873228073120117,12.91009582924557
64,11.951493693963334,11.955614633060295,11.954404920560414,11.99795008796089,12.003898408693,12.003656387329102,12.003994037360727
65,12.263930154899628,12.277114381906243,12.276123525022523,12.157848065127114,12.332936470745619,12.297205924987793,12.275571395351385
66,12.02357666970974,12.025407041453755,12.024947560408819,12.061157171503233,12.048596460790979,12.007049560546875,11.9999693326036
67,12.777123023103798,12.78158402028832,12.781389623014453,12.400777350055904,12.78746951051377,12.808241844177246,12.801591653138601
68,11.919663498958572,11.92368405711456,11.922559878641554,11.942649795211828,11.97871091247965,11.975756645202637,11.989301197105279
69,12.076326378465012,12.08926378213069,12.087953026167092,12.096234000138663,12.086946933697067,12.100032806396484,12.088080335187495
70,12.203581551247403,12.182954003998027,12.184761522573977,12.16280766199933,12.20870124707137,12.154409408569336,12.191357496204937
71,12.843792255136915,12.83912045965561,12.84027649148608,12.839673024289842,12.89103591145098,12.877751350402832,12.818194101513992
72,12.262316829678142,12.266817618264161,12.266555171537345,12.251108418444534,12.240763437559556,12.261628150939941,12.24308737179584
73,12.462011877220625,12.44863715068555,12.450726158075778,12.127118034614012,12.51040792300992,12.509033203125,12.543794405045423
74,12.578116928119998,12.550107877726626,12.553239338511998,12.094020661067184,12.584473006239861,12.588704109191895,12.618679966840574
75,12.39114408974549,12.391503573438078,12.390999608726611,12.383356125145852,12.44497232836649,12.429118156433105,12.413224289744807
76,11.895711977561394,11.919744036660836,11.919157291012176,11.921004356989751,11.944567543168274,11.845014572143555,11.83177943400665
77,11.750377449119162,11.74805979769302,11.748616231379984,11.75564047541569,11.742627773955814,11.70455551147461,11.713472679773353
78,12.337677163924148,12.340210438341304,12.34079265998957,12.314566563636353,12.339519847135758,12.353257179260254,12.34154271037572
79,11.951173986071737,11.972070227833292,11.971339094329224,11.98386598004721,11.892519529049258,11.958206176757812,11.938476072082127
80,12.020828248212414,12.017826318633604,12.01841243755529,11.984269046477804,12.010005546637107,12.052669525146484,12.079813013985442
81,12.647429711059893,12.637866863181582,12.63940119925526,12.677293721275852,12.657170260579163,12.612445831298828,12.59380778391299
82,12.33349593577775,12.343201148523448,12.342742972291777,12.331410194515444,12.354583769553201,12.370318412780762,12.354160458829316
83,12.2161129971665,12.23589563687957,12.237230661513314,12.259711979171108,12.382027932795248,12.366009712219238,12.392363225231188
84,12.023034133320559,12.035435970009754,12.032747768070184,12.175977073560055,12.026699980694417,12.022521018981934,12.040647888771382
85,12.25275818639045,12.245440458142653,12.244831023295442,12.239264907644618,12.184663665137712,12.190829277038574,12.198506070845129
86,11.624336778107992,11.62484701776563,11.626302497850647,11.59603652419713,11.506918208964777,11.567513465881348,11.513670920343902
87,12.291626248221704,12.285289757557425,12.285643337372024,12.262077166964389,12.28148577495176,12.315605163574219,12.338699696883303
88,11.720087063922156,11.72312584607448,11.722809625558124,11.710983527315301,11.748121423612536,11.767510414123535,11.790801886742441
89,11.796485588313875,11.774103580886894,11.774103580886894,11.930990423918727,11.875203357088514,11.812007904052734,11.777583174906725
90,11.90663338513165,11.903477840074512,11.903655195309106,12.014350747611536,11.898848148202873,11.929200172424316,11.925930212781472
91,12.445115225024553,12.445303650884618,12.445375097449972,12.433857463643212,12.501765784385904,12.549506187438965,12.54117491005328
92,12.151097532961689,12.153484194283411,12.154294955612022,12.164923433373392,12.053986448931042,12.1115140914917,12.124403453253603
93,12.445207973494357,12.437741894315225,12.438798845342431,12.408642160314383,12.463390452577315,12.42885971069336,12.439900762605083
94,12.445229962976821,12.448287924768763,12.448672767616152,12.367415235284104,12.64501923005757,12.532157897949219,12.585908494698923
95,12.328712295502367,12.328971444473042,12.328931131474638,12.325553522246464,12.319007344195914,12.33011245727539,12.307923879400386
96,12.166826611752679,12.159798033636402,12.161645867823951,12.164879208484503,12.140379506377608,12.106430053710938,12.109865842771098
97,12.474534292247197,12.468539803511185,12.468539803511185,12.419187689338678,12.452270588910576,12.454704284667969,12.425342282102875
98,12.70459586930098,12.684448982609931,12.686531740019776,12.771028720495913,12.544111285572722,12.560404777526855,12.567589310490918
99,12.294342185345453,12.2916495396488,12.292086010155032,12.31567101903379,12.255037591386065,12.276727676391602,12.283567359501
100,12.615679005477123,12.620337999310507,12.620773310422521,12.625258374250496,12.601764845398193,12.546544075012207,12.50228305442835
101,11.929094767969417,11.91928229370533,11.919524060541557,12.437646991397749,11.963218348376609,11.94362735748291,11.943046864710286
102,12.200001352056328,12.20162372742236,12.201075582542396,12.158910552399872,12.173356530803146,12.174899101257324,12.143906766497643
103,11.916754614304322,11.909200747192067,11.909300357215779,11.871307478867902,11.871309882273588,11.833904266357422,11.813555527028456
104,12.03690387649782,12.046909347045077,12.046909347045077,12.056811794482218,12.028491033177275,12.019829750061035,12.053908084673711
105,12.441557958931575,12.442615619281353,12.443165704030035,12.47846023378729,12.323208715237797,12.278526306152344,12.253044723184209
106,12.203443846563786,12.175283238965035,12.179304298417842,11.97414867709774,12.204366668135126,12.14877986907959,12.172870826437494
107,12.419817496022658,12.404256468918824,12.405633417111181,12.43083452782355,12.456420147631002,12.448062896728516,12.444202599734185
108,11.777868972072673,11.786276705636267,11.786398639825611,11.763045473582645,11.850481398586695,11.819613456726074,11.851328701056335
109,11.865082639219493,11.863621615142396,11.862721774021008,11.89526766769125,11.883306288559872,11.888986587524414,11.866814480275417
110,12.35497632326696,12.356686522151916,12.357008180051444,12.363383728562903,12.376572733113544,12.368515014648438,12.334613880531094
111,12.794005502550007,12.788845334821469,12.789517439898015,12.820069356279289,12.934862467385363,12.904205322265625,12.91184500897543
112,13.029160666949275,13.025973370410563,13.026160544867556,13.05795139388572,13.154647588907284,13.0921630859375,13.107164848234016
113,12.311790188547675,12.305788251074217,12.305788251074217,12.364171159588777,12.278518989311687,12.258845329284668,12.247886663359703
114,12.407185008608545,12.408526302524535,12.408807476711146,12.4115616048738,12.401139849299888,12.429949760437012,12.433556994068075
115,12.081213166582241,12.098882569216961,12.096350930155944,12.094020659892008,12.097218426585046,12.11357593536377,12.12281034420331
116,11.710119470162871,11.706273837736212,11.707532957679614,11.68899812586258,11.662186796533963,11.668944358825684,11.66951811700753
117,12.112586300778732,12.102608117615077,12.102787961707936,12.090583852770173,12.060822766294748,12.055402755737305,12.082358057681835
118,12.606126752147256,12.581010073519842,12.58526843045766,12.115356759243479,12.499560652655441,12.445989608764648,12.472366615098668
119,11.515277575480948,11.513023069589796,11.512324079074553,11.411761633562646,11.402989228415846,11.409737586975098,11.373711958857815
120,12.50215383794216,12.496034888962264,12.497166426161867,12.51275443108364,12.523469574285267,12.487337112426758,12.456547539127286
121,12.536313425190649,12.529307795083268,12.531554027360583,12.477535569315654,12.35919741088216,12.336912155151367,12.325361205103537
122,11.490645274488578,11.518977411948464,11.511859010814472,11.60777878256436,11.565328341069812,11.540745735168457,11.563887161765749
123,12.272074501774092,12.262400855802406,12.262400855802406,12.283394138859538,12.264164606826292,12.24201774597168,12.23671913281739
124,11.622129771245547,11.594293398154468,11.598270783310374,11.409234258867821,11.636504445604722,11.555212020874023,11.68845203096416
125,11.786877389887081,11.783983002900168,11.783983002900168,11.859113700656112,11.867914969538301,11.907573699951172,11.785560460243497
126,12.92300115185003,12.921397813115323,12.92141282851828,13.066937261101502,12.980010896151862,13.008501052856445,13.027016096803282
127,11.778158487580585,11.780242682053723,11.779596826908595,11.80953517092929,11.775948779009848,11.693610191345215,11.756774250650478
128,12.326093752267747,12.317813590020073,12.318926601846586,12.33914003509281,12.400559235040843,12.327188491821289,12.34494146648324
129,12.355574015634826,12.334648052238379,12.336416132738428,12.334676992220393,12.390693449738322,12.343647003173828,12.3485735868784
130,12.360541379291101,12.392370060120301,12.391401280478297,12.382984631107103,12.363508955584571,12.376260757446289,12.384841567770106
131,11.960614403916907,11.962333444732277,11.961321175176103,11.97209235044658,11.983866130671133,11.969892501831055,11.99882024344376
132,11.816160582881576,11.815581273672311,11.815796337010552,11.79801432601263,11.86740408085662,11.839974403381348,11.805090573799964
133,12.751038965628256,12.748074752149616,12.74906017621279,12.756731931355,12.711217318715217,12.677644729614258,12.628807290654995
134,12.271526006950232,12.269066086213455,12.268494333028272,12.265211316390548,12.263890556641263,12.254223823547363,12.25117348737507
135,11.95861759483987,11.969115196993094,11.969324837087196,12.026935511643304,12.028001852341907,12.044222831726074,12.03074345812608
136,12.208160294340074,12.208637867462777,12.208637867462777,12.661960123709852,12.063703389663132,12.093578338623047,12.015890577239153
137,11.498992247642503,11.508782316569212,11.508782316569212,11.643928684497551,11.541419717538288,11.558783531188965,11.610320921149828
138,12.073292130871062,12.08140283673978,12.079799996346459,12.039663058609268,12.044352094180695,12.070575714111328,12.064263223955377
139,12.168484283107427,12.171374162241216,12.171374162241216,12.11060067690722,12.08374391651102,12.084465980529785,12.108671760275728
140,11.915410340019601,11.911257917390733,11.911257917390733,12.099273999816804,12.001240784328136,12.005125045776367,11.989918809880756
141,12.456149119790181,12.445481331267818,12.448034676280974,12.121219335485618,12.434371003104095,12.400233268737793,12.410937039329703
142,11.539177831792296,11.54196328625872,11.541487702653852,11.482584187367207,11.443396482198732,11.45866584777832,11.46719034932277
143,13.142343029524957,13.139983301360829,13.139811600207409,13.142530729742344,13.101290888884785,13.1651029586792,13.146207016896382
144,11.7753274264018,11.769047018337044,11.769047018337044,11.853356531967549,11.793201526899686,11.759492874145508,11.663253144235867
145,12.184960019074614,12.187039927413117,12.187425761558222,12.089550789785987,12.1724254627083,12.170181274414062,12.172413977533221
146,12.412507948696806,12.416277175717415,12.41663843473673,11.913524887853523,12.353960734634873,12.345285415649414,12.35834325519465
147,11.531581521460662,11.507822208351755,11.507822208351755,11.526959674374012,11.418552440759566,11.408811569213867,11.522835424582299
148,12.4871536049942,12.498076785276602,12.496618245998265,12.479050132833763,12.481619539909632,12.502212524414062,12.50173831281639
149,12.491688368613096,12.489493291869787,12.489787538891395,12.493300906306763,12.52152225853185,12.536458969116211,12.519336112861529
150,12.247915099846438,12.244509712075232,12.244667707216964,12.226426534094019,12.26188713618897,12.248666763305664,12.244962473112777
151,11.807009105556306,11.805607121420158,11.805607121420158,11.930661327957479,11.921515729769373,11.871886253356934,11.892243679546908
152,12.090167455185862,12.08036034134316,12.08036034134316,12.05032050961322,12.095384746391248,12.035571098327637,12.082297909416395
153,12.472996507481257,12.477572681192346,12.477572681192346,12.480838772607754,12.508222321183702,12.521066665649414,12.538829882937918
154,11.86331436206097,11.868919279744254,11.869048663237736,11.888342412676678,11.801958030820774,11.847457885742188,11.813809898302074
155,12.8710208882303,12.863125515718865,12.8648558337416,12.844684718599684,12.892530945670893,12.877716064453125,12.888898413407269
156,12.010563808717228,12.019214348648527,12.017650963082374,11.981607333003346,12.013536598556882,12.00571346282959,12.060335110159604
157,12.68985056139015,12.695601585761853,12.695601585761853,12.640291156199465,12.657567171585445,12.70729923248291,12.709103884203243
158,12.5670560767918,12.570261119566197,12.570302002340002,12.552937366723706,12.600019405656308,12.591036796569824,12.575849552505808
159,12.674733616904742,12.667948749663063,12.667948749663063,12.687142890175572,12.609126578036069,12.59499454498291,12.687396048425391
160,12.395594191128573,12.395188202818678,12.395211713231074,12.388518916972702,12.326512706696356,12.333407402038574,12.366915645120452
161,11.662812175781617,11.644035579345356,11.644035579345356,11.634249376815749,11.602230401451806,11.624855041503906,11.582108059878339
162,12.769827673312372,12.768049285968752,12.769928006728737,12.758353121932716,12.788449489817307,12.75662612915039,12.733778580191311
163,11.689913414284904,11.687590663517616,11.686485613532636,11.720086063858552,11.654478326185206,11.67953872680664,11.656117582074003
164,12.584842968495556,12.587507990537043,12.587735433864905,12.56517533109754,12.6268840240745,12.588747024536133,12.60761149690843
165,11.974393292800073,11.977405802958542,11.977723259066261,11.973817053458678,12.006977000987911,12.040510177612305,12.067854761558968
166,11.502408155723202,11.499763382091963,11.498072070403389,11.874939699917594,11.434345392997066,11.468547821044922,11.545863530503206
167,12.360205412988067,12.352478942953706,12.35369134871993,12.324756191445402,12.326070998225264,12.328659057617188,12.287535786182534
168,11.871195949003825,11.850003010999474,11.853232661334209,12.267533760927604,11.906594202521312,11.863906860351562,11.860617669598437
169,12.017756850477234,12.029976138432545,12.028658466197964,12.131813347689413,11.97909904207394,11.979065895080566,11.997746738710036
170,12.204121924824616,12.200374591306575,12.200890527513547,12.29311571529619,12.23624022814136,12.155684471130371,12.2079267775462
171,11.658839979203183,11.660293927841906,11.659084244901603,11.9020803642581,11.573745450326772,11.620833396911621,11.616138862259012
172,13.054759259047108,13.051947476612554,13.051947476612554,13.019957087860838,13.00711125623428,13.055020332336426,13.089271312502888
173,12.37512293048478,12.379717791490728,12.381298791498388,12.134264446555097,12.475963861467893,12.54157829284668,12.538032584322165
174,11.96084999825817,11.980479417480822,11.98058972019151,11.92400051744712,11.954123140742247,12.033875465393066,11.956681573654011
175,12.557631273676508,12.554340685701362,12.554389109859187,12.794849529430815,12.553889670760809,12.513175964355469,12.55821224858998
176,12.606024583190436,12.60670795479231,12.607699322897622,12.585876842662305,12.63398154396578,12.646170616149902,12.573117079577068
177,11.919664099868108,11.9305448142891,11.928961732512715,12.128849691589501,11.893832316694121,11.932485580444336,11.950479372181816
178,12.423611970915017,12.419688699210287,12.41863671262952,12.406041977236171,12.396101410777662,12.382065773010254,12.400020824637487
179,11.690746396534397,11.700685435725546,11.700685435725546,11.595588273189296,11.703671740660406,11.704360961914062,11.714713300023794
180,12.19726865170279,12.185566132274142,12.187614933834519,12.227616787103264,12.185593133357301,12.15252685546875,12.210442092407058
181,12.81667095400881,12.815163264186985,12.815627827279155,12.716223062073466,12.757344888775817,12.793936729431152,12.79903381232496
182,12.64609636969719,12.640325825448466,12.642038220631644,12.60262191754241,12.61299274152762,12.619650840759277,12.616084013364832
183,12.336529931285943,12.329521498708967,12.3282625165357,12.33180862542097,12.331974776812595,12.340421676635742,12.415790224395165
184,11.924136600103827,11.934664004650923,11.931901825398546,11.932506286833352,11.915657560946046,11.910233497619629,11.88019138768961
185,11.888629289400892,11.888947932909238,11.887354299835993,11.920093193426874,11.995327019658983,12.024725914001465,12.00420431333067
186,12.171005401206754,12.16166439008582,12.162460873016927,12.182957715197865,12.114994684390515,12.109009742736816,12.12862268163785
187,12.207138703066633,12.194912223011837,12.194912223011837,12.106333002946256,12.248323450121886,12.235397338867188,12.165909906860696
188,12.619157216748336,12.621317612939897,12.621360202120927,12.611276461734093,12.66967626545153,12.651979446411133,12.615126224930671
189,12.207512002796017,12.199074183931703,12.200912095096898,12.038226453026372,12.144836878711239,12.157242774963379,12.169963584369585
190,12.577678240040468,12.574336001340248,12.574071780490087,12.50658447047137,12.594608832131673,12.604513168334961,12.608315199633523
191,12.123633433874948,12.133992865052448,12.133054939517825,12.091914649010162,11.998400984731337,12.062750816345215,12.090920774319866
192,11.657738942328258,11.64866557562601,11.649285402427761,11.569001473606203,11.6473980972145,11.619595527648926,11.578202608278248
193,11.92545159179843,11.937675575317122,11.938145184528484,11.86427147946506,11.91405267058335,11.915205001831055,11.891027227707406
194,11.711694058791569,11.700281098820335,11.699648640362847,11.611186636334288,11.737630859561264,11.691038131713867,11.708830130557356
195,12.571281338336995,12.568039651413148,12.569159024381765,12.567051606414775,12.559911999424926,12.574809074401855,12.534784944691117
196,11.801476596791657,11.802596298197187,11.802104011953944,11.997573720119256,11.826133018496146,11.765134811401367,11.787667370629931
197,12.50862093588069,12.490257333039468,12.49261868547758,12.480347526956209,12.484385065791345,12.423065185546875,12.449870117286359
198,11.731735931415717,11.73829785109683,11.73829785109683,11.757545248090521,11.800215334255489,11.742855072021484,11.729507401600081
199,13.14785638061187,13.142510722831837,13.142967052443785,13.152519521408736,13.118720951562276,13.147607803344727,13.114236444286735
200,12.104472844083794,12.103044938891411,12.103106237443843,12.18950600447524,12.241609442353202,12.221879005432129,12.210942707219889
201,12.058035501294857,12.078980956582747,12.079130451036278,12.11631154796147,12.097335058221288,12.07436466217041,12.105723512614713
202,12.089837191302484,12.096271160685172,12.0945930401419,12.142588309956176,12.12338105438351,12.144423484802246,12.099818672086355
203,11.565924784366022,11.530477900356995,11.530477900356995,11.434225150713521,11.357582984076913,11.376450538635254,11.429639672726324
204,12.895721457863878,12.89329009900092,12.893905696660857,13.08460338836914,12.856481681012063,12.837517738342285,12.907943193178241
205,12.780310687475211,12.773206770051752,12.773556028598653,12.798383970851866,12.81797349764834,12.77242374420166,12.791059264251977
206,12.981012514213873,12.98584510105941,12.985193143469171,12.946608822750914,12.992823539846352,13.023493766784668,13.026402902971137
207,12.156565346060237,12.156577647679159,12.156585655865618,12.083462139347386,12.12417243751464,12.125570297241211,12.117535386150848
208,12.51466986563717,12.4922213031236,12.4922213031236,12.668992700317418,12.46031785362095,12.378945350646973,12.43797553189274
209,11.607284386409969,11.587605246884424,11.587488206581787,12.090360990582674,11.665244700604898,11.643173217773438,11.608225590977446
210,12.481171907380112,12.474293553233611,12.474228390787527,12.487763222367406,12.602471132170637,12.53746509552002,12.623663722662007
211,12.145625266806213,12.144668791252133,12.143009578755006,12.278638995825016,12.074311080796429,12.10537338256836,12.116891702056874
212,12.68926488484051,12.684454516946433,12.685431820385956,12.677150406413615,12.739099907906784,12.719614028930664,12.74143038116096
213,11.90074059371895,11.899107143365882,11.897953804711783,11.883902772758544,11.892712976027642,11.868927955627441,11.873305502430721
214,11.594052086207109,11.606181169247556,11.605514967423295,11.557920953668445,11.711736450259565,11.669828414916992,11.713068690704816
215,11.8074725162921,11.800260044966643,11.801178405503164,11.745912547247451,11.880022782519433,11.878718376159668,11.859177388952284
216,11.86902071667277,11.868609598823097,11.868020919403886,11.992461254324793,11.8728376461211,11.9119291305542,11.921078068773607
217,11.794859207561192,11.800426198719915,11.799007717722116,11.794769760730464,11.837327771398664,11.841776847839355,11.770554615022299
218,11.786141109474034,11.788405015939817,11.787800615833351,11.819375568498192,11.875567543265063,11.856524467468262,11.825807393508805
219,12.477530271619518,12.486920151112948,12.485755523494374,12.46767095399087,12.540698053344924,12.533123970031738,12.510328908855143
220,11.994511827506177,11.999616243601883,11.999616243601883,12.016380921844537,11.950833242539806,11.98776912689209,11.971191650914296
221,12.763214489457166,12.750779682235068,12.752427152750814,12.50033662655559,12.819475165067232,12.733112335205078,12.73836306774737
222,12.074538369716377,12.084561666878681,12.082812196990274,12.069424463148815,12.054677155951715,12.096717834472656,12.074068537614272
223,12.242255945386166,12.239645047926318,12.239915902013708,12.276195363578545,12.258378442573086,12.278620719909668,12.263942310763461
224,12.168405012170224,12.173631395564874,12.173502544976643,12.158477761991115,12.146059625393,12.099320411682129,12.157088819959771
225,12.573009720375406,12.58131735202788,12.58131735202788,12.55370585098157,12.569416390392904,12.605998039245605,12.580488992855894
226,12.913084349926047,12.918001448839197,12.918001448839197,12.942943392816382,12.959212572707896,12.911819458007812,12.945094598209245
227,12.714293289181388,12.715070690832203,12.71511957236291,12.675324143282728,12.798701893264054,12.80233097076416,12.777792237283267
228,13.383011651060949,13.372877105011465,13.373958164806545,13.35537298843202,13.227216672214263,13.203797340393066,13.167291916495723
229,12.246359447360822,12.246966408079377,12.245658061094346,12.280498955665113,12.221190679421433,12.221453666687012,12.222157603010263
230,11.984313743797106,11.978777908333223,11.978777908333223,12.222650956095897,12.00974905381672,11.965617179870605,11.997423045113095
231,12.089768767237517,12.096960396263455,12.09513295851894,12.059928404322887,12.113339915972858,12.093486785888672,12.080922543357511
232,12.315915340144528,12.31133742414277,12.310897336354323,12.314466550355817,12.302489029363999,12.28078842163086,12.289885325533788
233,12.263847413347925,12.260883264392422,12.26155859002897,12.266294493722693,12.280428993019017,12.26931095123291,12.275770424754723
234,11.970249754878235,11.98172560667147,11.97983366829035,12.071240470501868,12.025320939568243,12.027460098266602,11.980461126575522
235,11.843464184991262,11.861858600649725,11.860581331264228,11.837898623480712,11.81532288856152,11.835691452026367,11.785719855978067
236,12.25251523660337,12.247921728864757,12.250593595672704,12.02604588965373,12.23993421709342,12.239684104919434,12.22666870863709
237,12.227329193004463,12.210522878291608,12.213071877255263,12.215235389528099,12.208883342671333,12.222867012023926,12.17729455690026
238,12.758370263696236,12.774563398654706,12.775119960801126,12.727402189226776,12.644216181070666,12.77352523803711,12.748213259421167
239,12.388280370100835,12.384728012282686,12.384221829664085,12.37694597149952,12.369886931072596,12.361753463745117,12.33110310305095
240,11.908581878782798,11.923173228757497,11.921068794724313,11.907270186732058,11.97486499957904,11.966543197631836,11.916220758476408
241,11.95951334499671,11.950304704366793,11.951712405607921,12.109931496043869,11.918813748471099,11.908751487731934,11.876445010604488
242,12.118000595272653,12.115900833505883,12.115387428593381,12.199575309075101,12.09329222847658,12.153343200683594,12.130315214488638
243,12.468589899765941,12.475735567114324,12.475735567114324,12.462528705424388,12.468799078449564,12.45903205871582,12.43961836285915
244,12.655610253007977,12.644271842441789,12.646185157528588,12.651310430013476,12.742329575017763,12.721431732177734,12.704843864712302
245,12.998808049314809,12.99596431902816,12.996822005403745,13.033216910236845,13.04361426934362,13.075974464416504,13.077561661541326
246,11.888042996714256,11.88645291589651,11.887276527678585,11.882546063141987,11.890901273693382,11.900046348571777,11.906723922430135
247,12.237790831444153,12.198649401815368,12.198649401815368,12.235964240816724,12.328488394690739,12.291962623596191,12.209935065209093
248,12.178543722619933,12.16412789322245,12.163280797897519,12.118897203924895,12.150944686914215,12.142749786376953,12.102831221136158
249,12.284652213379484,12.276772352530399,12.277253860564732,11.987240591311128,12.294188103484755,12.276284217834473,12.265966268638632
250,12.926215974536884,12.933263722219376,12.932727040252612,12.928635996962552,12.779673867099937,12.86755084991455,12.853243489580208
251,12.84037397538108,12.837744623731469,12.83746573281989,12.824944120607054,12.81719293660682,12.860042572021484,12.856293543624647
252,12.312340720881258,12.314294637872225,12.313227213475026,12.398292159820484,12.265205179473776,12.267539024353027,12.268555790974904
253,13.131872433411875,13.125825090192546,13.126547186302925,13.098275254389074,13.145686132589939,13.103997230529785,13.065701720741155
254,12.058613775390928,12.05672086367448,12.05672086367448,12.068314888788546,12.050183433174213,12.07746696472168,12.083346804914784
255,12.127161265688477,12.127445883420862,12.126965316217552,12.153230224995488,12.158370787501369,12.165356636047363,12.143784816147086
256,12.349768317902026,12.345291343743014,12.345117190897007,12.358479365792842,12.386397214930547,12.391900062561035,12.3727708141163
257,11.797674825935198,11.828755496352162,11.826976116679397,11.803460249598546,11.930346578009555,11.867395401000977,11.891190104141689
258,12.502653283983856,12.50002562629277,12.499938000196785,12.470100992390904,12.624973105531895,12.592955589294434,12.596098198221537
259,12.37753022537953,12.380267493021364,12.379966930819181,12.37382840063829,12.407205218435351,12.382813453674316,12.38106901755573
260,12.202406556101428,12.204570036403345,12.205010698310225,12.231479264460422,12.215114915253617,12.227762222290039,12.241896346657029
261,11.964926622760332,11.966039461206432,11.966039461206432,11.941474071458625,12.01276847220964,12.039412498474121,11.94389083214559
262,12.312493871622312,12.312763579589053,12.312775223072764,12.310131043139421,12.31460275503786,12.308525085449219,12.304423466606
263,11.770162320183651,11.76554048122616,11.76554048122616,12.12871405793759,11.812337051946388,11.859564781188965,11.873470222029656
264,12.465884750058432,12.450918762827223,12.451851431762359,12.47101796152419,12.483462436471235,12.517447471618652,12.52036845825996
265,12.061290883180547,12.068785362808052,12.069470681698856,12.083122035573222,12.204522330902662,12.21120548248291,12.212757397717045
266,12.04919306522523,12.039104429975678,12.040250883168955,12.065153835750806,12.080857645516257,12.090885162353516,12.082058614681106
267,12.577944077505093,12.57735934740776,12.57717818558431,12.570813212079702,12.55156215142197,12.547517776489258,12.640820447786938
268,12.133663532181588,12.139970837372031,12.139104997236378,12.152640463075654,12.164017492350013,12.1572904586792,12.169289697165425
269,11.834082243430718,11.869774063812777,11.864710294956234,11.864949137508276,11.855763801987047,11.878717422485352,11.86283998625176
270,11.954556849952729,11.930290611306562,11.93358958329339,12.093944007082545,11.852448386499262,11.885293006896973,11.882202335965548
271,13.01764083396856,13.011633112425594,13.012333881159305,12.997240730065725,13.000729647351633,13.049544334411621,13.014570540445042
272,11.791303829025674,11.79269892130736,11.793247807737783,11.837914985737713,11.681715067999528,11.691439628601074,11.676838249156685
273,11.473643346784382,11.474760122266149,11.4721545333002,11.447923865126398,11.414837873987771,11.389809608459473,11.43620041080975
274,12.487088785690899,12.473205578523858,12.47580755344769,12.211193525356656,12.395387380047115,12.469945907592773,12.467382401399314
275,12.117059813949234,12.118760457981196,12.1174534003796,12.043010208560593,12.059386471997572,12.062324523925781,12.103115593900604
276,11.840236170393226,11.845071647556024,11.84437861291557,11.837472177080748,11.761246136737595,11.759499549865723,11.77053041198435
277,11.889289000071003,11.882368099599002,11.882912591524729,11.918472125459166,11.91208713582659,11.864094734191895,11.860439479754337
278,12.629275441470412,12.656577229327763,12.653472108307298,12.705215383641715,12.666470057229848,12.61330509185791,12.62036477647401
279,11.609790337943133,11.608015508547066,11.607536126859769,11.62309557889766,11.524883784817561,11.53791618347168,11.516810773520485
280,12.27694464136097,12.274034310618244,12.274034310618244,12.275940986750694,12.227507497681607,12.197391510009766,12.222188959366516
281,11.823793175963443,11.836663647138716,11.83580133986188,11.687431389521581,11.833194986639354,11.837644577026367,11.817400804832769
282,11.70255588028888,11.6988671013234,11.698583791037898,12.081311904016925,11.89806250891767,11.777249336242676,11.811742991838956
283,12.50893683628149,12.51053273566224,12.51171283442662,12.476905030554164,12.516796953849733,12.531577110290527,12.507717008694685
284,12.460811007315167,12.463132520583686,12.463132520583686,12.428473773672327,12.429987484033088,12.443485260009766,12.417137109059324
285,12.195067229794958,12.187214991263765,12.187440189436812,12.225945641589808,12.198474528089482,12.211023330688477,12.203746076613559
286,12.067520136728445,12.072202744658918,12.072226299080576,12.142502856765434,12.115887027710254,12.12039566040039,12.127409139662893
287,12.691837225075384,12.70249163487899,12.702229813313105,12.727457660311657,12.596137590433255,12.731766700744629,12.761830648977314
288,12.008953584898476,12.018098305582887,12.018098305582887,12.19382273197355,12.06644748561601,12.043448448181152,12.051997981170578
289,11.708829568890591,11.716986624026708,11.716326485572063,11.699680795804596,11.695254605299793,11.718049049377441,11.733265274983635
290,12.284237993121893,12.281722146051065,12.282111184633065,12.002020860691534,12.204890516609481,12.223058700561523,12.220541493587298
291,11.95437261762398,11.952584204497551,11.952584204497551,11.963926570494323,12.012622835411559,12.039836883544922,12.014243437341921
292,12.013305844170908,12.01067992513482,12.01045469084437,12.037278765210509,12.040384753544759,12.056818962097168,12.066758850881936
293,11.833555327748458,11.841577018465255,11.839008051147001,11.903107877589765,11.874436343259884,11.80388069152832,11.754320232586501
294,11.83000680558709,11.82573421311118,11.82573421311118,11.959516918159666,11.877011042657026,11.88237190246582,11.83955777292016
295,13.055745015229357,13.050132389075713,13.050132389075713,12.297807281920916,13.10667947958996,13.127002716064453,13.126536319358351
296,11.888930341044489,11.877707812199363,11.877141780411035,11.942966517737476,11.963829402832193,11.93935775756836,11.959092175644143
297,12.256608844538253,12.279061809444677,12.275304466715387,12.140884057765316,12.182139135457843,12.240851402282715,12.221651004387825
298,12.322338810158428,12.319289465699118,12.319257196371124,12.335188126894488,12.329078111204987,12.323478698730469,12.335808780021239
299,11.951673694435884,11.958109559735464,11.956610115908001,11.948588326875118,11.986324966470438,12.011981964111328,11.986157372116082
300,12.050954338461468,12.046591382455338,12.046591382455338,12.013149402869422,11.991014954792666,12.019614219665527,12.02968062484939
301,12.320556320393052,12.310427270290798,12.311477340360772,12.188340343718707,12.201122599337806,12.231961250305176,12.238649507925986
302,12.193244721934906,12.162814360727012,12.169280976962986,12.090986366411917,12.26751857512295,12.208263397216797,12.217576551679924
303,12.739604844562624,12.709339614733608,12.713204708296741,12.270537366446215,12.784079815721958,12.731218338012695,12.719531223417437
304,12.258776396412243,12.266020430871647,12.265338270110329,12.256879168544028,12.31565161256657,12.28495979309082,12.285714972925167
305,12.0392300016797,12.03122013724957,12.032334733745948,12.1582501791638,12.007133148841156,12.007359504699707,11.987694080177853
306,11.893755135967533,11.904619828597077,11.903664778335243,11.922662561948172,11.928933874496508,11.926092147827148,11.940345913450564
307,12.232470347953576,12.227451982981192,12.226722048257521,12.197199674060212,12.16936298030412,12.240222930908203,12.210814561349556
308,12.127833695258415,12.124137916628538,12.124676659246726,12.136501351910102,12.130138147285738,12.135740280151367,12.109721881788078
309,11.964056299108016,11.96933533979552,11.96933533979552,12.052756131367795,12.04146208653159,12.02210807800293,12.012548814447117
310,12.040789890247188,12.068076556634745,12.067248746253606,12.168005504014342,12.041331864832776,11.998710632324219,12.003336200909716
311,11.580225965841388,11.599790117481302,11.593201578396155,11.704513477810846,11.68355366367277,11.666075706481934,11.586575121930911
312,12.165617048054354,12.155833313781253,12.157606753849066,12.177729331634753,12.105473236118565,12.121877670288086,12.082524166570147
313,12.433471678721816,12.43551499113618,12.436239645320029,12.399146419639678,12.428849763531696,12.395557403564453,12.43507404511491
314,12.177786984702287,12.174868667249958,12.174673311159026,12.199075740088867,12.122981121713615,12.161208152770996,12.173574078238817
315,12.16688778869276,12.161370003503716,12.161370003503716,12.204508678456328,12.209818715261497,12.193573951721191,12.203312050746076
316,12.71484518255358,12.72704317789641,12.72608524635267,12.702277743928287,12.74921448009899,12.759787559509277,12.80566144820267
317,11.80022795755919,11.789484820565097,11.792577081176898,12.021106211207698,11.790541659688438,11.782450675964355,11.799533830007634
318,11.78667728725009,11.802140291254663,11.802140291254663,12.043578015235783,11.860777249613072,11.847604751586914,11.845774877792536
319,12.13416375935818,12.128885606416617,12.128885606416617,12.198093997366858,12.206346267388184,12.159784317016602,12.17591147743822
320,12.59542296722026,12.5939294049695,12.5939294049695,12.637716020894526,12.552778673770721,12.532275199890137,12.549646642844216
321,11.581640133648476,11.593755465294038,11.591487050921936,11.612977906527673,11.560410161827884,11.518181800842285,11.476243833903007
322,12.086729034523367,12.083067558265247,12.083067558265247,12.00826724668686,12.066271281253568,12.097369194030762,12.116108362416288
323,12.010778517960967,12.042963226123648,12.04088317145967,12.074045368940215,12.073160932278281,11.985154151916504,12.019447833022964
324,12.467850867739442,12.484661017131797,12.48360911048117,12.172841980572827,12.401923245621914,12.325295448303223,12.329554607908246
325,11.629643430897692,11.662981188883947,11.660675818223226,11.460335859143676,11.677768172063567,11.646982192993164,11.608946159497583
326,12.379087491667871,12.375988954281969,12.375988954281969,12.348563574270315,12.372872474678022,12.364681243896484,12.368719397463908
327,12.63883548898146,12.650018300113109,12.648896672728153,12.406622822770446,12.58028697105434,12.645634651184082,12.668900871192387
328,11.874092951679092,11.874089045063654,11.874089045063654,11.844062205955217,11.96108973994155,11.96493148803711,12.00985249061172
329,12.188584831510193,12.189383332552929,12.189383332552929,12.18337122224309,12.17816933617961,12.205672264099121,12.184937514698529
330,12.700328126258611,12.70176998348302,12.701214526626053,12.703700088731782,12.659038157172608,12.708027839660645,12.73475953882714
331,12.065583083091939,12.054821141179032,12.055616189792522,12.012421460131552,12.045026256446706,12.053662300109863,12.039563737996835
332,12.347672668230809,12.347694599471426,12.348919319055112,12.229793973403547,12.409307365245185,12.420711517333984,12.439871303701947
333,11.990758813845948,11.979427816965108,11.98008957938328,12.00823681311864,11.998435345911329,12.001877784729004,12.003324878601322
334,12.069535627329419,12.070062358135857,12.070062358135857,12.041715804673972,12.007482401331547,12.02371883392334,12.027284889545196
335,12.629201963949402,12.624811775939236,12.6259276982136,12.661474722420355,12.669981568562829,12.618964195251465,12.669464978572428
336,11.720934391749193,11.723091456845097,11.72221658678559,11.754910505459627,11.795061058766459,11.810091972351074,11.774723100106499
337,11.991632048630214,11.998726968051967,11.997620014645099,11.95719294829332,11.974796177849507,11.995399475097656,12.008770422100698
338,11.818162420115073,11.81114469499023,11.811907172553656,12.397899606862353,11.766011957817785,11.812320709228516,11.873306334621688
339,12.370238364934577,12.373014321361286,12.372585678340158,12.355287842915315,12.417161446322252,12.397181510925293,12.403385816705487
340,12.72523914876695,12.732329001904734,12.73234920084422,12.784381565997455,12.788006371443734,12.75462532043457,12.793555829748977
341,12.438618526365033,12.444269186747412,12.443436672761408,12.399994291543452,12.455294807439744,12.44316577911377,12.476801336903584
342,12.088926201639527,12.096020244701663,12.094100290236113,12.094020661067185,12.105363987886289,12.086419105529785,12.110359334735932
343,12.349592991934168,12.354287975049768,12.354113750506478,12.352055318421964,12.394490369361547,12.332293510437012,12.313961040410938
344,11.9360874566488,11.934771159414547,11.934733992620231,12.038267888391951,11.999052650391423,11.990297317504883,11.980687885525505
345,11.939887977094655,11.932811914230353,11.93421464249879,12.008106058352567,11.95219527178339,11.986261367797852,11.99783454502484
346,11.692937837143928,11.699098887864128,11.699098887864128,11.68576009057174,11.750706140352449,11.742936134338379,11.707386787096992
347,11.907735816793599,11.887527101623823,11.887240423657012,12.05537288127273,11.89807892075788,11.894556999206543,11.867956461311744
348,12.522787227298444,12.531454191334083,12.531811561616834,12.122345421475357,12.565077985916433,12.516884803771973,12.529020865259989
349,12.111207512187125,12.110243754642173,12.110243754642173,12.172461723212315,12.202775319397952,12.221393585205078,12.180493164519502
350,12.099981167564064,12.108900620052259,12.106781345540377,12.056535829980088,12.015096922741828,11.971368789672852,12.015744193302138
351,11.68625602053637,11.677845355612627,11.674751855309442,11.931314670147847,11.821257574854894,11.741015434265137,11.767353371632154
352,12.535655608066419,12.533829745699222,12.533581011415972,12.513824862127784,12.503766167565717,12.521374702453613,12.540515059037421
353,12.550124711982395,12.550878352886048,12.550878352886048,12.601565384296494,12.669728856409538,12.639644622802734,12.658199920459921
354,12.82633928918483,12.824295125085303,12.823829403968778,12.844649483354619,12.849980435406701,12.849231719970703,12.831940349322721
355,12.31164311798356,12.304254216846173,12.303640430948684,12.283640648191259,12.239446070215665,12.268099784851074,12.2597797054901
356,12.002743682897833,12.008945162812752,12.007542480729567,12.017877118277909,11.946015034240794,11.96180534362793,11.959408080703742
357,13.13055293812343,13.121997664036954,13.123031435050272,13.163740724862992,13.088887108819828,13.12436294555664,13.052181249726846
358,12.891445301243124,12.890512804826955,12.89121075081998,13.013944158481717,12.934999352136284,12.944170951843262,12.966711108808793
359,12.368582900854902,12.353145199577732,12.35333418227075,12.356703256077147,12.226829718584131,12.207222938537598,12.150672447731784
360,12.242964398059451,12.216697555513422,12.219195265920046,12.53426826977696,12.243136095890716,12.209940910339355,12.215651955145844
361,12.718814981285462,12.709103010393553,12.70601878027028,12.678185615064955,12.767994532488729,12.666664123535156,12.668108730696629
362,12.774129569724028,12.77675747695718,12.775438402106433,12.808426113445037,12.799725803645595,12.795955657958984,12.837228315180283
363,11.903955020259328,11.901207753535363,11.902749534086851,11.896393377569744,12.0118291185094,11.999147415161133,12.037654313624481
364,12.811777908880343,12.813670807765149,12.813656828822165,12.795713190303953,12.81512067657957,12.809990882873535,12.838510937202093
365,11.757437440482578,11.76560354829187,11.765173552380409,11.323615138981527,11.710790086159317,11.69229793548584,11.626162552505836
366,11.965503802148545,11.957988517486108,11.958265828531623,11.953386096109531,12.039212193436162,11.991122245788574,11.927594003533374
367,12.019791939444362,12.02455012913756,12.02355449654203,12.033440718931438,12.02313439453177,12.02006721496582,11.990277499124101
368,11.537574561785478,11.556746693971835,11.55339388942982,11.61143495514577,11.525488716153594,11.546140670776367,11.57571053050539
369,12.286972557455769,12.282445222449535,12.282304730282625,12.275731327170313,12.284083420880583,12.252540588378906,12.241463707616235
370,11.919332516888387,11.9465471721206,11.94469699848067,11.805311445351204,11.856762739363058,11.906477928161621,11.902391865079888
371,12.269275357775998,12.288598724762215,12.288007150386374,12.268330110692274,12.240739509313258,12.270829200744629,12.263620782997874
372,11.921281212705669,11.932720545767868,11.9315643987851,11.962487749112325,11.934871504928754,11.957439422607422,11.948407831011718
373,11.884260493722442,11.876060698076351,11.874870898114848,11.906489780033057,11.939937945489248,11.908226013183594,11.908781739935577
374,11.694082408741329,11.699024061725687,11.699502298759569,11.720136499625152,11.724809967317242,11.746284484863281,11.648698978122916
375,11.769607551264096,11.769507018881727,11.769046420411396,11.67887422575386,11.928617316919418,11.835611343383789,11.853137074434795
376,12.008053781938557,12.003621888823254,12.005515505218268,12.214372719859758,11.982079322754345,11.952149391174316,11.99882257123885
377,13.10776309130207,13.097141101712676,13.097141101712676,13.118234146094641,13.155170577365556,13.145867347717285,13.107606189032703
378,12.094403354935578,12.099712716349723,12.09977484116375,12.115041772706864,12.087939691850229,12.05195426940918,12.063581647122755
379,12.05423956881681,12.047723734682044,12.04933015768989,12.052087461456829,12.076399715841939,12.04694652557373,12.078967321154177
380,12.336430961518886,12.336331902436347,12.336324561292718,12.3140383880058,12.304040076919007,12.319352149963379,12.309759800232127
381,11.741367028108849,11.759028146704827,11.757247823161734,11.772006410163472,11.863740519056641,11.84591007232666,11.834948215294688
382,12.036940349470793,12.03998859665832,12.038883024231314,12.132335619853535,12.122087107258555,12.083152770996094,12.047891442415125
383,12.02846510716342,12.036294948565903,12.034973559311407,12.086293632218048,12.051256486859094,12.059868812561035,12.038765242228644
384,12.575198322441528,12.576765383064782,12.576162254363375,12.569309432945971,12.546279051729575,12.552717208862305,12.56768165282191
385,12.138303171308895,12.130820599613955,12.130820599613955,12.201664239128736,12.167978773243481,12.177163124084473,12.173160054839114
386,11.999500357812401,12.014930039998221,12.014500999978473,12.036381970924749,11.975803491798278,12.001415252685547,11.966620904513226
387,12.443939451354034,12.442852368260732,12.442748708482828,12.398309127566664,12.42705084926462,12.441774368286133,12.466252196959402
388,11.60267319387135,11.608195600828092,11.605618483981658,11.58321184831294,11.539750161277883,11.513609886169434,11.511912795078528
389,11.987893103356381,11.997971510890935,11.997628905185488,12.028504646534081,12.111288960759238,12.07150936126709,12.06357234088052
390,12.01920897957706,12.02466527965116,12.026081882066016,12.072147510017446,12.07889890912862,12.067776679992676,12.077907895889185
391,12.191540075203566,12.19134217659358,12.19134217659358,12.178795092731566,12.176613867202468,12.191494941711426,12.180881093170406
392,12.26595905340887,12.26194158548398,12.261785542334753,12.212328749725812,12.231511335121489,12.222826957702637,12.2008077487316
393,12.10411443761681,12.10740495971418,12.107578345397211,12.082679968826227,12.077228507214665,12.11108112335205,12.091596241590024
394,12.910339734334663,12.903345947662247,12.904123575500478,12.889758006935516,12.876513076597549,12.871039390563965,12.906854430688139
395,12.3753984114404,12.378967051507344,12.378008142543996,12.373352947573036,12.371832282084313,12.341166496276855,12.334236816946026
396,12.865427556403816,12.865435373492698,12.867351851130389,12.864966746431346,12.890531028428416,12.966339111328125,12.983023531403688
397,12.065475959439151,12.073035078736442,12.072619943307506,12.050854719595714,12.038307229036212,12.000823020935059,12.014871634391485
398,12.15917288893433,12.16326647965008,12.163674814666988,12.1821043964224,12.151996458887034,12.166470527648926,12.180065322949824
399,12.349167783500974,12.344245001972519,12.34486834068133,12.329234879347881,12.347934944785335,12.317102432250977,12.307278607088202
400,11.925781124148523,11.929041208632201,11.927998598547948,11.925863563910395,11.84448985915899,11.923079490661621,11.872535911447828
401,12.096509248844187,12.097515756362007,12.097515756362007,12.110721763027614,12.133660032223307,12.08597469329834,12.058741565385057
402,12.628718558252489,12.618974730902472,12.620416005231526,12.618887920726516,12.569573725453044,12.60026741027832,12.615117311732353
403,12.873846083511184,12.868296816087247,12.868296816087247,12.855387643571097,12.876776411380224,12.863774299621582,12.870512970118453
404,12.07868074655274,12.046246486181465,12.046246486181465,12.11361581305056,12.098501992234937,12.066152572631836,12.079219727832463
405,12.037760998279467,12.03637998409737,12.036395452831897,12.256201949151993,12.092309326902628,12.044580459594727,12.051084199909209
406,11.933992741142124,11.943731055907591,11.94258319043651,11.946385155644503,11.930816085336328,11.951579093933105,11.927698128656315
407,12.519769685607304,12.518007697527079,12.518589691007515,12.510963707020936,12.502253640720417,12.541180610656738,12.557176201702713
408,12.607575912371757,12.613394397069284,12.613587400749767,12.600676549812698,12.579151932847218,12.564177513122559,12.580486560177874
409,12.365137737941808,12.367004671530745,12.36685532158974,12.359293496490457,12.356302987669896,12.299073219299316,12.324550777901763
410,12.32158075763979,12.316477464620851,12.316477464620851,12.330480899852244,12.335859925231594,12.319249153137207,12.283627031493573
411,12.632530388102376,12.630386462263514,12.630386462263514,12.625439078359053,12.610320168056356,12.616393089294434,12.604529192299033
412,12.000855895197708,12.019860211834844,12.017312161047021,11.939004166483677,11.93389553356696,12.02839469909668,11.95864680368484
413,13.089850743147839,13.093431581794784,13.092866834008452,12.94936823461273,13.170203788609804,13.147414207458496,13.135167092841677
414,11.731071500059892,11.73824727747123,11.736769092795674,11.653415951184781,11.717306502135502,11.765629768371582,11.728844754690744
415,12.22836337577054,12.231235415660093,12.231515791410692,12.229772776275492,12.234113666721353,12.24863338470459,12.261510256594173
416,11.965435129413887,11.965461713219145,11.964716382902841,12.006180807605638,12.009731304929218,12.019322395324707,12.041381823794818
417,12.789664178960427,12.79810052172752,12.797084483234995,12.801258529133872,12.862775396042261,12.844606399536133,12.875985620356344
418,11.965541238148333,11.978304370488436,11.977995140315127,11.963209681378824,11.979585253982535,11.970132827758789,11.972493807177015
419,12.314559372491484,12.31744021585698,12.317249496543845,12.322280081651495,12.35228226984019,12.361604690551758,12.34882015163982
420,11.944126418017627,11.928426325922269,11.931020862376352,11.793437867040996,11.89822231808408,11.902419090270996,11.896885256409329
421,11.684994396136068,11.688160811612628,11.687123577045385,11.679231877896939,11.740260127521541,11.738129615783691,11.712380395782757
422,12.310646670361605,12.310741324562205,12.31044381999388,12.291237413016145,12.2982838575491,12.304396629333496,12.292712243958794
423,12.109204698164302,12.105256940627596,12.105830235939973,12.096982149859143,12.12768035280126,12.138115882873535,12.134680974892595
424,12.735200751821655,12.723189144902015,12.717093686538345,12.820123450815956,12.634073767824116,12.671442031860352,12.689292950432334
425,12.280556467288818,12.27137297830214,12.272484908096441,12.312925246882205,12.260947255861758,12.249640464782715,12.295519869274756
426,12.098449665771666,12.09265031178728,12.093701793105716,12.081832371796242,11.904836160700485,11.940970420837402,11.917519157179195
427,12.367457940404867,12.358557344528728,12.35968894618527,12.323322562262572,12.309537290733017,12.323290824890137,12.312625602991448
428,11.885000360102577,11.891733346965719,11.891278905224176,11.950708100488551,11.992394598384697,11.961536407470703,11.992731425509927
429,12.621411675858614,12.609997059796841,12.611324813467705,12.505693165316641,12.631638899925294,12.584224700927734,12.680375058437603
430,12.122334479195333,12.143646336346807,12.142021375204665,12.074518217805046,12.185442359023451,12.1610689163208,12.126210472112367
431,11.99031212278243,11.992602894930576,11.991806194553359,12.013598874405828,12.008661818346205,12.042034149169922,12.022600645774009
432,12.586223019357917,12.573562675309269,12.574856975941474,12.730492114166612,12.494564697420019,12.399765968322754,12.435676974568413
433,12.410455473226353,12.428133737072269,12.425944098293819,12.384205287362882,12.369375458959432,12.354615211486816,12.377233350464605
434,12.568034497997957,12.5712661033521,12.571150055809923,12.108941369181316,12.591756571115175,12.641122817993164,12.644639659789046
435,12.059224298586708,12.06523046020476,12.0638901035144,12.02664080005378,12.007852255750363,12.027003288269043,12.02793463274947
436,12.258480575705217,12.260481355198712,12.260481355198712,12.261733269908929,12.277865563945907,12.275130271911621,12.305501048194522
437,11.929773723256698,11.928634606124085,11.928146972392089,11.903889963043747,11.999211478094544,11.991633415222168,11.990459304880538
438,12.031935273200201,12.024608856933218,12.024608856933218,12.020361815278456,12.074986514007266,12.071162223815918,12.05266172005106
439,11.727428897261102,11.700990170696615,11.700990170696615,11.752727816029351,11.705630957415849,11.630035400390625,11.582505869405134
440,12.14078328329735,12.141397534137516,12.143201314318656,12.15325296881862,12.104396205558134,12.121253967285156,12.141757118485925
441,11.535799498685474,11.52919355070391,11.528926303576663,11.850061139688655,11.575929508536111,11.56303596496582,11.558345656439162
442,11.679783153407556,11.671294492482268,11.671294492482268,11.5650400029196,11.662624186104319,11.71076774597168,11.668748214855345
443,12.391460659104785,12.381371750342941,12.381371750342941,12.394413399083822,12.359195852053714,12.332337379455566,12.332475984974941
444,11.846703799753305,11.855210377653835,11.85526897772944,12.027421274787264,11.921679232323456,11.876335144042969,11.912345089376727
445,11.501429184232075,11.502284798497142,11.503239071024446,11.538666390546338,11.326709791364204,11.284407615661621,11.352022835006412
446,11.893368049330375,11.897159202018608,11.89743730726901,11.921156665629155,11.977399076762117,11.923145294189453,11.922903549654887
447,12.149100877476966,12.147962441988906,12.146974311203032,12.201812493098414,12.16647768303285,12.169708251953125,12.140743053183217
448,12.300324520984866,12.305827389751485,12.305827389751485,12.294712080308617,12.284850421389903,12.271363258361816,12.29346405364961
449,11.849393806216051,11.83142738797063,11.82942801249582,11.790052291155765,11.959096622906245,11.947301864624023,11.974821954024717
450,12.514600884717108,12.504686434519925,12.502754935193193,12.521270638580086,12.480839965875594,12.419838905334473,12.449769006014863
451,12.224288500392017,12.227070192943929,12.227643938014674,12.210160253233262,12.205456572125078,12.227007865905762,12.219873635142513
452,12.21757336424849,12.213045856923445,12.213244734883848,12.173663127467684,12.224907537173928,12.204538345336914,12.217496168299556
453,11.96198159136303,11.961045619929893,11.961045619929893,11.981683339675469,11.988522601519172,12.018707275390625,12.01072504240226
454,12.067328794489173,12.068274446127393,12.06785551403094,12.121845208157028,12.091022268177616,12.06734561920166,12.06871463691337
455,12.717291809075425,12.713615499590155,12.714320805171416,12.704959950962225,12.722034995719252,12.741292953491211,12.759979468300731
456,12.247814301106205,12.235112837429316,12.238488505113594,12.119179373815399,12.148259392541295,12.150740623474121,12.167831196557204
457,12.161550526046732,12.16772515858553,12.166235956260875,12.176113248447693,12.156891175043608,12.14371109008789,12.1284021656776
458,12.420093614217347,12.422004524961586,12.42239848186111,12.76394511092466,12.42963995176083,12.404879570007324,12.422506706343649
459,12.418033585546155,12.426431603488371,12.426431603488371,12.60030244326183,12.351845343489943,12.408785820007324,12.51871782695028
460,12.812182007042905,12.824229260145636,12.822314985901304,12.768826886777351,12.771389868936152,12.795461654663086,12.802587328058088
461,11.874671135154848,11.874142687565481,11.874456216418837,12.032017407584096,11.921203264693808,11.930425643920898,11.912110152072719
462,12.78772786798907,12.784292695883487,12.784292695883487,12.749084661111462,12.799409696465121,12.789351463317871,12.766889629966975
463,12.301876836921823,12.303932811402897,12.303230393381076,12.288137671808633,12.319973961409588,12.325895309448242,12.305768817682011
464,11.814473651152705,11.791738857580498,11.791738857580498,11.793936722064899,11.871088129757332,11.923255920410156,11.880104991031102
465,12.477762762802968,12.487228627903063,12.487345841514761,12.480752440610841,12.474811546300712,12.46694278717041,12.443515857622728
466,12.144404490631345,12.15310977332992,12.151747063768415,12.062112197891214,12.060505995708665,12.09884262084961,12.154844093098074
467,11.952460194457814,11.945276175471783,11.945784241873412,11.937387878796693,11.935931972376952,11.881546974182129,11.85570586462911
468,11.751658062470229,11.74847063374073,11.74847063374073,12.022231980121395,11.660981302572306,11.69508171081543,11.6716469128295
469,12.777006020733776,12.775100078051445,12.775654151173658,12.76202408424006,12.720195832353618,12.779150009155273,12.800033333804295
470,12.214017463224065,12.209062585007224,12.209062585007224,12.185664983396878,12.201312987795557,12.207923889160156,12.23012191893374
471,12.864918116229001,12.854997199541668,12.85587256701843,12.769009058067084,12.772115727884959,12.806341171264648,12.796195933008715
472,12.185769118470116,12.183715528812774,12.183715528812774,12.173957201768019,12.211721586122996,12.194504737854004,12.191188962761258
473,12.214565029484426,12.21241326553769,12.21241326553769,12.175156912829483,12.180112176246725,12.192357063293457,12.207830065448743
474,12.417723670996558,12.421143286974871,12.42146382324357,12.469576838267612,12.433841369511354,12.405799865722656,12.418234891734564
475,12.547651778685102,12.556845598764996,12.556176647145248,12.543064233920113,12.556745111726348,12.557638168334961,12.615049147209374
476,12.1056711765657,12.114001856085679,12.114682908583719,11.978708621694674,12.145192454673959,12.163864135742188,12.180225607528236
477,12.778079027263978,12.78678439258192,12.786552638656282,12.74100179789276,12.690771280153903,12.745111465454102,12.748236380056698
478,12.03440217987442,12.028286387623451,12.028510003485845,11.975326383109978,12.110787659617914,12.115981101989746,12.141518056255238
479,12.014589024173075,12.01116792495255,12.010667859243151,11.99272002070031,12.012703552267956,12.033234596252441,12.014018497884843
480,13.038828046310229,13.040991158274172,13.041259211976032,13.082257559831394,13.068845131531505,13.071866989135742,13.065229248009151
481,12.593772047050754,12.597120555664551,12.59650923494018,12.60233139713829,12.641146734336584,12.616926193237305,12.594809393961278
482,11.970953043316054,11.985186263718404,11.98592263578762,12.064288655322828,11.951463470436051,11.952296257019043,11.972534501980732
483,11.971882725542075,11.970762116984426,11.9719580309777,11.970480483436226,11.93337802436451,11.924863815307617,11.905854857547586
484,11.92298464554169,11.917160426400857,11.918234929231653,11.929724869885176,11.959748814423405,11.956223487854004,12.00884809291704
485,12.966995207767642,12.974972391415374,12.976140396367196,13.06267879373902,12.917612939508968,12.938023567199707,12.949667556719698
486,12.290466235616833,12.290624494909942,12.290097713669923,12.10349786912421,12.185542454656575,12.24184513092041,12.252971446138451
487,12.022974422135254,12.022621925008385,12.020804262218265,11.975785727028152,11.96136302782648,11.981596946716309,11.978614335959405
488,12.3506734719053,12.343309585307724,12.343975021138467,12.31978388016647,12.279266759889806,12.256726264953613,12.303146567943807
489,11.987845316522597,11.993023808401352,11.993023808401352,11.992360900229887,11.994166920950525,12.036534309387207,12.018316271540257
490,12.42778442346256,12.42482047274468,12.425090006390764,12.421648322504424,12.400581402913154,12.421327590942383,12.396166409395793
491,11.755392886164737,11.760526499190629,11.759004812446841,11.778466959072546,11.798097288933855,11.757969856262207,11.752575685360817
492,11.86827820268506,11.84772301338119,11.851546405532245,12.071392865309711,11.879880031037263,11.895020484924316,11.818521284322223
493,11.898746204703125,11.928454529978081,11.92733580189529,11.953438371706337,11.905836255865356,11.963387489318848,11.91196282047414
494,11.959398263683353,11.961318430099604,11.961249844699786,11.930847909643882,11.943578936545386,11.985879898071289,11.941807545041568
495,12.657354785128684,12.661342975479734,12.661379381610839,12.533440411168854,12.584738262062135,12.567486763000488,12.549064653575519
496,11.41730976787541,11.397386920667394,11.398439843659737,11.507115770917453,11.28892680122718,11.335201263427734,11.379059768860873
497,12.044913043272919,12.05247809013237,12.051198370823986,12.034061924097998,12.074007284264466,12.072797775268555,12.110812454460712
498,12.36609564462173,12.359363217508875,12.361076289406947,12.36719259814905,12.355582297000703,12.368773460388184,12.349102658435136
499,12.228632568091516,12.228320557276314,12.230385857633687,12.230858003116818,12.193582178074642,12.266617774963379,12.227625459188847
500,12.391487824351065,12.395630913905944,12.395387474318982,12.387980036345178,12.432529300142692,12.424717903137207,12.435421479686552
501,12.18837156497589,12.18951033882529,12.189087512490058,12.214050512531129,12.158987949511197,12.153826713562012,12.15681834148722
502,12.776612650585406,12.786224331565231,12.787451866787228,12.119991994944622,12.742426894085025,12.740311622619629,12.759244561112311
503,12.563043895121663,12.559411968758681,12.560834878672111,12.54082241989756,12.477363127390248,12.470268249511719,12.452937895101806
504,11.918746558606584,11.919207726111585,11.919207726111585,11.78287578377223,11.924108168338275,11.936822891235352,11.976724564816655
505,12.101533076685058,12.107881351997348,12.105755181789407,12.131243272203749,12.037929212643448,12.07255744934082,12.066979618974237
506,12.58478484300672,12.578766610139116,12.58206842215327,12.545586143538515,12.489792350515259,12.425889015197754,12.445899670669869
507,12.097532578970746,12.113658855232853,12.113658855232853,12.040759473470851,12.125242526876775,12.09741497039795,12.098323365611897
508,11.947040007755648,11.930934684293547,11.93069180396282,12.117074210261313,12.042914174549233,12.044833183288574,12.05728798344538
509,12.913009737793061,12.891047485073333,12.892008393193906,12.861263577273128,12.881089082245722,12.851600646972656,12.86026640791221
510,12.104105914284753,12.10036135860107,12.10036135860107,12.122223582509893,12.11144609182897,12.0989351272583,12.080979295569387
511,12.442808548977487,12.45122683448766,12.447483761701992,12.119179373815399,12.285046236802124,12.37585735321045,12.32151215791647
512,12.28024453486057,12.281574657160473,12.281465571168521,12.26129350577993,12.172112127169529,12.190537452697754,12.216141485343888
513,11.901041297447192,11.91620434289939,11.914135611677033,11.833882062979667,11.851255258127756,11.890707969665527,11.880477679839348
514,12.00332193468052,12.00565341702371,12.004065440146487,12.000376311014927,11.992863010210991,11.954917907714844,11.940761905292302
515,12.011858142228892,12.01553891944058,12.014184941948061,12.038282573155163,12.022370849219548,12.046111106872559,11.998283404739194
516,12.841459209252632,12.836908843237989,12.837520078568286,12.833566680161063,12.837762913758684,12.890445709228516,12.893311939071246
517,12.142484758551264,12.12507873156543,12.12611610664941,12.16011469616221,12.120589646108206,12.088467597961426,12.105288818714275
518,11.86165829432761,11.872784566116946,11.872990649027706,11.943129518438392,11.778220423385214,11.756948471069336,11.743169213210043
519,11.991203413775134,11.990290612574197,11.989130611347493,12.054582486805428,11.987620920965357,11.983688354492188,11.938569837170991
520,11.838998672144657,11.882395963905301,11.882489292081463,11.938087860261977,11.918282212080808,11.9676513671875,11.97319318165772
521,11.882368119569536,11.865621599701887,11.866704605967632,11.881154736528078,11.865180841616239,11.83034610748291,11.787385390583283
522,12.118359147198351,12.104943289117234,12.105287180099678,12.215948808343299,12.153335581310555,12.152669906616211,12.166812412086319
523,12.013892210551559,12.022969091241325,12.021518907603058,12.01909577813454,12.01883172109122,12.06667423248291,12.019453781329958
524,11.975366583213674,11.97657961319136,11.9762187979368,12.03175391404301,11.927290035050843,11.981249809265137,11.954394471480121
525,12.739399835331904,12.741007185766195,12.741007185766195,12.74112901789927,12.713213046357984,12.806303977966309,12.832749100058576
526,11.874775254663088,11.884702795712917,11.885599458017056,11.880571013501076,11.895602093690242,11.8575439453125,11.85030724095642
527,12.48973899477476,12.489356745467049,12.490438450282655,12.459499432228242,12.444640397660633,12.433374404907227,12.4769485505339
528,11.854105361823926,11.830422969177508,11.831959720086246,11.817909315087768,11.953425026909292,11.919520378112793,11.967898176858483
529,11.41401322600662,11.396540530401564,11.397883809707475,11.480417413477118,11.34080192708134,11.461551666259766,11.547418973366504
530,11.768758156803512,11.781199693986126,11.7796750058401,11.85069935891843,11.760268207648013,11.726400375366211,11.721659755054008
531,12.510411474027913,12.512720885870895,12.512651823514723,11.417622620666425,12.445292615229972,12.453520774841309,12.447915364842665
532,11.995201281641895,11.997201346469213,11.996710008971617,12.003533368215644,12.007541852512587,12.027660369873047,12.052688638030645
533,12.058959117208397,12.04789428692601,12.049128912972288,12.050646769071015,12.060431905985528,12.020792961120605,12.026294408386445
534,12.061195630279933,12.063754884723078,12.063144192289904,12.094898079363164,12.086275294386713,12.10886001586914,12.09486114134777
535,12.197156425320125,12.198503758827622,12.201159532468676,12.106591083772573,12.205084449336534,12.224889755249023,12.193257937454122
536,12.440302752471766,12.42863825535224,12.429948707855736,12.413959605999873,12.413759726113462,12.403684616088867,12.390847050338476
537,11.51854031990196,11.501700588393408,11.502502379311647,11.508773888158373,11.385866220693435,11.416278839111328,11.461166834408507
538,12.36885297549657,12.353066175040189,12.355600515013677,12.33774063404239,12.316791436164376,12.316049575805664,12.31911206817758
539,12.134981986496632,12.145387801681958,12.142985757444109,12.126454155361264,12.097481190245267,12.148970603942871,12.082882008459938
540,12.261641097841006,12.25018744547957,12.251582948721756,12.510965666481116,12.216816793917898,12.152984619140625,12.14933859211454
541,11.738136842803225,11.738488268119431,11.738488268119431,11.88112945501123,11.687134349712714,11.646749496459961,11.615107047021946
542,11.640499974571073,11.632402916887633,11.634123544782245,11.581195723017109,11.517472137448543,11.522125244140625,11.515245489249704
543,12.119379697880102,12.120488591425662,12.120488591425662,11.99033313019526,12.093639934094574,12.084970474243164,12.098834316594491
544,12.255611881919705,12.254000861803483,12.25445238255342,12.259316396607367,12.270969635729127,12.2824125289917,12.286210322759706
545,12.747166830363591,12.740301311390317,12.741796425449536,12.746891735000277,12.763494594997855,12.720791816711426,12.725091856903978
546,12.407406754271152,12.40567532745588,12.405359224452171,12.402089216182036,12.407742356990278,12.429444313049316,12.422576809957686
547,12.34853449294237,12.350022517588853,12.349269001820277,12.360323128710416,12.357648662373348,12.367600440979004,12.35483925121642
548,11.80914863980043,11.826200013988224,11.82382884371508,11.831828611101836,11.901901395007386,11.879715919494629,11.86226153006633
549,11.90100166614439,11.910538698126926,11.908974165637451,11.945660312600998,11.925624472796036,11.921238899230957,11.916228237369573
550,13.228170572155332,13.229338826376308,13.229935820934351,13.248909035327106,13.185853807875873,13.18862533569336,13.124931605330481
551,12.445943463660688,12.445426066416099,12.445426066416099,12.419584721884105,12.39757988559674,12.453672409057617,12.463551629734503
552,12.345056567737421,12.343055149563776,12.343055149563776,12.317238105237124,12.364263999926079,12.377549171447754,12.39454156590707
553,12.81124875866998,12.823392482822628,12.823392482822628,12.807596915352756,12.783456212329996,12.799713134765625,12.796991010757184
554,12.097512886938402,12.095514702801454,12.095786149902604,12.120057482455811,12.080186606159039,12.06386661529541,12.074491368750468
555,12.168960334963064,12.161210122326029,12.16122026988271,12.133583576088249,12.153218141002673,12.164010047912598,12.163215107054228
556,12.331999393872165,12.323036062749502,12.322312966763057,11.937152499404798,12.421046625248872,12.442071914672852,12.47758144887348
557,12.04849355112238,12.041139654094282,12.041139654094282,11.945795965266088,12.087549300064996,12.073090553283691,12.108694646604269
558,11.820096557263259,11.820039150403442,11.820161876791934,11.828726047638176,11.987147795544665,11.964225769042969,11.989224603308786
559,12.855267898856184,12.862588103228926,12.861503331778263,12.857819327125881,12.79905714034233,12.878582954406738,12.892884604688785
560,11.938228098261295,11.9241248892205,11.923500244317552,12.107384678893808,11.938605742247885,11.942132949829102,11.933761144566125
561,11.764656743532042,11.752212876507826,11.751845634997334,11.772904819867854,11.844694069161426,11.842357635498047,11.812272828008396
562,12.590705066895042,12.583841899695305,12.583841899695305,12.566197679713717,12.52079342727487,12.512070655822754,12.50903756145907
563,12.18832075051856,12.1973133001452,12.196364075991873,12.095244247233424,12.160756679633753,12.162140846252441,12.174026747983273
564,11.98751495017212,11.979396778282965,11.980183656531832,12.065126036925356,12.121410963511126,12.13226318359375,12.091555561246112
565,11.579966176994756,11.581910387417574,11.580937489053133,11.560535354338615,11.614511262102608,11.510855674743652,11.535443187191072
566,11.941924301603098,11.928100397539337,11.929093535836724,12.042367950266193,11.997824840499124,12.030871391296387,11.986172289147502
567,12.466090149305701,12.444614867155474,12.446062071674085,12.113901162415535,12.466561651383351,12.405607223510742,12.414733465210155
568,11.497396847428236,11.48001478985169,11.48001478985169,11.536897562515138,11.374220450249823,11.389742851257324,11.415013854740701
569,12.559483896269755,12.560845645384608,12.561416857180328,12.550054581576962,12.589393427837699,12.604469299316406,12.605815745159761
570,12.093051425058729,12.100772485209289,12.100208343221134,12.081491441796688,12.054732076086617,12.038450241088867,12.008206695941924
571,12.729776737297824,12.73368930946081,12.733568316960284,12.735285555501253,12.72483772176977,12.793567657470703,12.77886675160041
572,11.91815691548349,11.918918440768316,11.918918440768316,11.930368475926766,11.940983258993631,11.959834098815918,11.953407999176305
573,12.037959116804947,12.023282642287729,12.024703676838918,12.010623464592818,12.122971959065532,12.07940673828125,12.091276838215457
574,12.543493063992134,12.539450586894255,12.540457483308307,12.575672177764275,12.521482541695656,12.52074146270752,12.551297942790818
575,12.840204725018326,12.85479278041357,12.85334789551521,12.840315623335442,12.875092282471403,12.860398292541504,12.916256931883579
576,12.082965315813103,12.088787364519652,12.088787364519652,12.094615846906258,12.081329957237815,12.086105346679688,12.073086342319334
577,12.429459767569421,12.44019637676964,12.438914088141955,12.129372741017393,12.492678119105463,12.484731674194336,12.480654788476715
578,11.845541779989125,11.84559920441011,11.84559920441011,11.830100653278654,11.923326659620006,11.922097206115723,11.893517130193379
579,12.537462163828895,12.543871652631417,12.543871652631417,12.532424567389679,12.548295366627894,12.5311918258667,12.535537648455865
580,12.137019730345989,12.131389893093683,12.131896265232461,12.165145720985773,12.122256819982368,12.146416664123535,12.127412620014926
581,11.759148525896011,11.766054184098033,11.766232126610161,11.75673450514663,11.731494590297023,11.726325988769531,11.755680904205674
582,12.425659367877733,12.422402577228672,12.424312518366628,12.239677448691891,12.460569533306579,12.427080154418945,12.38049388705521
583,12.506225414218036,12.505711072042384,12.506229592552646,12.48739807416567,12.627205067839812,12.583932876586914,12.597267266864206
584,12.09508333470786,12.10421653808948,12.10421653808948,12.0751813730587,12.052929538700269,12.047435760498047,12.01634689549851
585,12.08683171613053,12.101488651560372,12.100060456489313,12.129331730146728,12.100237471599927,12.135486602783203,12.133309763235074
586,12.58622155984521,12.58619921179916,12.587458662935664,12.618523788439479,12.627353433410185,12.552371978759766,12.564529325873131
587,12.504007234063707,12.49302604662491,12.49302604662491,12.452538529940036,12.517027708610497,12.563863754272461,12.577422816211879
588,11.683628944592014,11.682434523185286,11.681454867953395,11.696788653539418,11.763970619462182,11.761078834533691,11.740812734940693
589,11.895471060155558,11.906008114642903,11.903242961627242,11.831074771994192,11.947571898632479,11.941054344177246,11.929921479787549
590,11.827508775638385,11.822089330342305,11.822089330342305,11.780282787819957,11.8319029669674,11.83734130859375,11.838680515492262
591,12.189370924333591,12.163843194836813,12.16625878594482,12.112367513954137,12.138414171178256,12.122884750366211,12.188235519919932
592,12.66704901558833,12.662569491751142,12.662569491751142,12.668925564896796,12.643698498784111,12.614937782287598,12.6167583194575
593,12.478282921708475,12.479878877425193,12.479954226031433,12.480991292008367,12.449117284667935,12.488627433776855,12.471254831074555
594,12.051070726965346,12.049715137844187,12.04948639936541,12.033450992941287,12.108267234855825,12.088574409484863,12.071583052292434
595,11.531907647572039,11.531338352880221,11.531338352880221,11.706096283568645,11.595182650675207,11.572720527648926,11.640055620501174
596,12.04345510682817,12.076536086929648,12.077638891430153,12.098491983158258,12.117368657930506,12.0962495803833,12.065602374267776
597,11.91374948233948,11.930259992968596,11.930259992968596,11.937114179992188,11.800256966820072,11.855119705200195,11.875830054829919
598,12.06507050211398,12.067606841383055,12.066846106796053,12.11420278997405,12.04803325217503,12.050477027893066,12.035762434208184
599,12.008577341554018,12.007333342007183,12.006076329933878,12.016370427720183,12.131431820762202,12.113229751586914,12.004922636508468
600,11.857339836186298,11.854048736667806,11.853494495291777,12.116733696810526,11.844321470893416,11.854851722717285,11.847258642898264
601,11.918669250701429,11.928698080540913,11.927448236157904,11.874055145206233,11.941378860222125,11.944962501525879,11.954005317242878
602,12.250892001146342,12.264991417974718,12.263488947004559,12.285240541146633,12.225445087634727,12.270922660827637,12.276069120081539
603,12.486057407602448,12.492420991559431,12.492498977443242,12.460053543246772,12.494176074365443,12.487932205200195,12.490830681596027
604,12.161402891205404,12.165516682575772,12.165299380287141,12.181717265470446,12.17303109218067,12.16422176361084,12.145936290927008
605,11.859942441674855,11.858837623432816,11.857437839070412,11.876066986047839,11.957201617157233,11.935121536254883,11.903890217205468
606,12.554123616509871,12.558181451655829,12.55745444495835,12.583244436050606,12.544589812913957,12.597207069396973,12.573587616532608
607,12.325331120418747,12.326694111062979,12.32562922550009,12.358724759357784,12.2194062403436,12.258459091186523,12.25785139234588
608,12.72307763129049,12.719948162511525,12.719948162511525,12.718762456175089,12.637662672072517,12.646340370178223,12.599579476983596
609,12.154988208764298,12.160313390444333,12.160313390444333,12.11519810990129,12.102271441044117,12.180009841918945,12.196155072430287
610,12.309243267239939,12.308334957729443,12.308404489355638,12.346287187298957,12.347828729483206,12.312193870544434,12.321718444418469
611,12.301459235580278,12.304404304540286,12.304404304540286,12.29084928334336,12.345651068445479,12.294145584106445,12.323912993759173
612,12.305439537560678,12.323133403730232,12.320580872571865,12.094020661067184,12.197570072693855,12.224689483642578,12.150634213015561
613,12.19254584809318,12.20249166737971,12.20057379299196,12.151530937158094,12.165456468893945,12.156864166259766,12.155509324875897
614,12.577150551143593,12.57380565111668,12.574744243857797,12.560322007446965,12.608643843662643,12.634682655334473,12.56670391576818
615,12.208127227369594,12.184874344456702,12.184874344456702,12.182291026523872,12.303776101836842,12.345712661743164,12.383758738053912
616,11.943370536596865,11.946704703747658,11.947115561152893,12.117303686073514,11.907589414078725,11.92525577545166,11.924843518129714
617,12.686150160419665,12.68242367567496,12.682857091741797,12.337944636011763,12.698399253791361,12.731658935546875,12.694772937182739
618,12.069809239426252,12.068669216538202,12.068301024265505,12.102899339862816,12.019113877886916,12.070167541503906,12.074794283080976
619,12.336781025223113,12.333229532189982,12.333229532189982,12.31168127061894,12.336583530490607,12.35513973236084,12.342196538937843
620,12.838861041185302,12.840151168634694,12.84113725284561,12.671892094883013,12.887727898053079,12.847471237182617,12.823763936470456
621,11.95626909376511,11.946046160021616,11.947926682907347,12.28343444354902,11.969843049116584,11.961633682250977,12.017409323415391
622,12.1305964026764,12.1300026219738,12.131455291907168,12.139671594132906,12.060349034827981,12.098087310791016,12.092002532987653
623,11.888097552017472,11.900914211470425,11.899542682188226,11.915674092711978,11.863872318740437,11.888862609863281,11.885617809561804
624,11.834661522415159,11.836212530261777,11.836212530261777,11.802584375571024,11.846006692484837,11.858683586120605,11.828228691916939
625,12.499168639420468,12.5029362030497,12.502150555168377,12.496135957026457,12.526798039875,12.53752613067627,12.524406305284058
626,12.010223551360907,12.014254604370425,12.013829412627933,12.012825148670718,11.967379125758423,11.958361625671387,11.96466953486253
627,12.244793135887305,12.247160452595429,12.247504345350881,12.092891030263862,12.272538130514798,12.242891311645508,12.262247844792336
628,12.041106699700604,12.063087332466283,12.063087332466283,11.971233296275766,11.982893920702717,12.008635520935059,12.027408785794027
629,12.74699767701218,12.755423243911709,12.755423243911709,12.741506112033795,12.848657882445428,12.808812141418457,12.776854390479544
630,12.290787801041455,12.297433572981044,12.296628292636425,12.325467245989666,12.284638567211617,12.300427436828613,12.27987624131819
631,12.144606455065832,12.14654529980718,12.14654529980718,12.18588456854497,12.229569958130751,12.19509506225586,12.141832410343097
632,12.241556372053092,12.242931303058098,12.242931303058098,12.237472697616358,12.289197975277157,12.306944847106934,12.310847735851553
633,12.027992073481604,12.037733157045809,12.037733157045809,12.006479313329834,11.942360557949067,11.998324394226074,11.977430264036704
634,12.393628609206177,12.401136366474203,12.40052626481141,12.397006698810165,12.374264143806833,12.39377212524414,12.379715729539123
635,12.390623108217039,12.387095713987174,12.387513745975966,12.338442319683963,12.357324087556375,12.338052749633789,12.331977342955328
636,12.217439441683798,12.221480646594658,12.22170933605425,12.059225198132044,12.12199194420339,12.158136367797852,12.222300199709032
637,12.786463575543268,12.780463820364727,12.780463820364727,12.805463321015743,12.902390633387636,12.870978355407715,12.848199922384143
638,12.321716151461615,12.31925976105069,12.318362274622286,12.34051576652884,12.396368583082047,12.392441749572754,12.37676184292606
639,11.845368296090866,11.869647449761024,11.869219461461585,11.672305752581428,11.793112116960023,11.777897834777832,11.811036384647192
640,12.33813384220453,12.333458686570532,12.333458686570532,12.39505332820783,12.339371762852817,12.32850170135498,12.330352832244035
641,11.911856339718627,11.892985915230742,11.892985915230742,11.966303454038437,11.935314184046371,11.901484489440918,11.89113738726026
642,11.979141739959132,11.97298933414878,11.97298933414878,11.956402506000565,12.07594382273582,12.043848991394043,12.053326973687115
643,12.493356419059882,12.503887368239111,12.502649013501635,12.444526336559164,12.497403755650916,12.482114791870117,12.50713980106437
644,11.92444186661593,11.92686068273725,11.92713919699375,12.049583288105094,12.010525716450873,11.962346076965332,11.9698296543338
645,12.410310069456248,12.413392297540387,12.41273139145371,12.430243839374082,12.286848142778272,12.320510864257812,12.24415767386951
646,12.330971283225205,12.326572222768585,12.326572222768585,12.307929598726725,12.311464584298475,12.290078163146973,12.291601206952233
647,11.739706533557236,11.729434012024821,11.729600823200935,12.103734345387444,11.787032625447798,11.766252517700195,11.71345282003135
648,12.323186044692942,12.323890818998292,12.324576286205355,12.17495604555705,12.324217492260995,12.354185104370117,12.327103056289188
649,11.967254688355482,11.967903688291434,11.967903688291434,12.065446782076796,11.977337946300764,11.941818237304688,11.929112226243625
650,11.67155297860692,11.667310485693841,11.666665679621307,11.754751169886191,11.614025303824201,11.681228637695312,11.751937285560313
651,12.331107343990809,12.333463503722454,12.336198076855263,12.24451738138368,12.37806728614429,12.332941055297852,12.33855712352561
652,12.805952447565364,12.7957663679212,12.797743444251276,12.804027146145248,12.847393798246305,12.853506088256836,12.84346578722313
653,11.915556472000855,11.905743477335678,11.905254419796606,12.083145029052496,11.883128698620181,11.904642105102539,11.935685705299798
654,12.42482481815282,12.405933568507335,12.407696198780929,12.347630879383757,12.4905343293866,12.391794204711914,12.428668343020526
655,12.259695899865935,12.250282703234399,12.251052974406804,12.212594148745827,12.26137813763053,12.258933067321777,12.272381597490376
656,12.381180811768992,12.393256619802186,12.393785219382472,12.208755301413394,12.293578909295205,12.286958694458008,12.269550058306589
657,11.990507605577331,12.007551543584926,12.005015449996897,12.041085630910779,12.036864797486972,12.052474021911621,12.038080353821746
658,12.21227873420794,12.219149540893355,12.217396302861896,12.208177558767586,12.279181670924984,12.256349563598633,12.26364135281659
659,12.276925761316306,12.268139087842675,12.268139087842675,12.291292957826847,12.29329867146359,12.296252250671387,12.266641488272455
660,12.924037801819312,12.9142150765651,12.9142150765651,12.904532430053807,12.84164718239236,12.828282356262207,12.877461552180756
661,12.035700132138688,12.034360312085715,12.035349072536448,11.989142275066127,12.05368866725015,12.007963180541992,12.015459690939721
662,12.173858500496825,12.16788299017161,12.16788299017161,12.220937974475909,12.248998672189666,12.237836837768555,12.219474815446114
663,12.285943497629239,12.27368282612021,12.274339581866947,12.250409685441722,12.208609849861851,12.247968673706055,12.244871249388224
664,12.315954293907884,12.31979877496128,12.31979877496128,12.278365547347402,12.265163157001531,12.248315811157227,12.247240218651578
665,12.337513248054957,12.336369053842452,12.3364964313569,12.301373374501935,12.313430180072706,12.26932144165039,12.271161513412691
666,12.486310543725681,12.493214364866443,12.493460994142499,12.4816789154168,12.469147445923227,12.478904724121094,12.435160320800469
667,11.877509505993826,11.876916433457035,11.878048390097335,11.927967710950837,11.909148691756387,11.8760347366333,11.937490943509191
668,12.515161437516632,12.512777221781034,12.510903058877586,12.799911253451334,12.428020196257387,12.397475242614746,12.397899451594832
669,12.028591196355807,12.031325409319443,12.030199720522452,12.058062836348642,12.108269758157991,12.089704513549805,12.109998287527432
670,12.411169452834494,12.409239583962698,12.409557712603155,12.379389373327367,12.392787395654123,12.402376174926758,12.413529924619546
671,11.614239715473888,11.633115860950113,11.628394824304369,11.693092528721616,11.743803361989627,11.752758026123047,11.721774149100286
672,11.99848367667965,11.990606191638975,11.990967241596042,12.17857200001419,12.105249559240198,12.112234115600586,12.10934744575679
673,11.798653775190015,11.78741766167675,11.78656598483716,11.768278977991063,11.672399105991087,11.691149711608887,11.701815620128485
674,12.043076742228514,12.035882210536442,12.035065974931221,12.079510006666046,12.157492511421484,12.160774230957031,12.123550820126184
675,11.985523637087454,12.012018905741296,12.010411980541479,12.047223241991984,11.996863378686532,12.000073432922363,11.994076615459923
676,12.593513429122895,12.584258192365374,12.586006731354207,12.57256374468141,12.650180510806269,12.590846061706543,12.584104030018507
677,12.82272614230233,12.828568981865253,12.829369919397204,12.81594930657884,12.969163838156522,12.967299461364746,13.01972027448009
678,12.547078807591223,12.539124158419483,12.538451025503853,12.121219335485618,12.484347169094963,12.38241958618164,12.447096829532134
679,12.02091124701966,12.019889923278525,12.020545380007439,12.01801142718477,11.987202692782658,11.966499328613281,11.958959581478679
680,12.47370780412714,12.470751199642507,12.471195705130611,12.428476859694875,12.450505661672752,12.464802742004395,12.468405753472117
681,12.855509771452677,12.85212440331892,12.85212440331892,12.847095990277346,12.84603166766759,12.829036712646484,12.860465233128991
682,12.489269513236792,12.495707112804402,12.495707112804402,12.356231760583409,12.47913089651424,12.484343528747559,12.490688021240032
683,11.94215097075627,11.938153297006314,11.938449255406935,11.943501166974558,12.007155316782967,11.977657318115234,11.965626439102902
684,12.278443425975215,12.278099054040506,12.278233761440793,12.256860003452315,12.262997776284246,12.276420593261719,12.256072126158466
685,12.57734185682412,12.585928143866285,12.585215490900536,12.49261112974214,12.50523989730237,12.54932975769043,12.553369258645573
686,11.93879834083505,11.947635404028516,11.946348515943697,11.92540340225935,11.94284489274125,11.98086166381836,11.987000433712323
687,12.416801553484914,12.410502078928245,12.41105088958832,12.40796969712975,12.301418073151423,12.356926918029785,12.341069501882739
688,11.79810611607786,11.799869848810534,11.799869848810534,11.841498742752202,11.784049599247602,11.744782447814941,11.699978201665852
689,12.615721476274016,12.640485107679659,12.637807781739623,12.639874384532693,12.676803258550544,12.607175827026367,12.613240181133655
690,12.593759064218105,12.59119804362706,12.592615934019046,12.596788127617295,12.54262410932779,12.559965133666992,12.553042437658755
691,12.080393641599493,12.089150135255542,12.087363426220934,12.094300577196114,12.078535417307029,12.148338317871094,12.087852233943577
692,12.320146505366573,12.315311915072142,12.314256014420796,12.31005682273991,12.313536483460815,12.330246925354004,12.40491155730929
693,12.414450867477193,12.40407505945573,12.404736768237248,12.419474155005297,12.445529752438459,12.412214279174805,12.428533832697928
694,11.880845034494083,11.886376500379855,11.886350615785553,11.880694180951776,11.914848079846744,11.879796981811523,11.888231452768181
695,12.607843419565175,12.599027007772701,12.60021012839918,12.583823834740786,12.712942914740285,12.67342758178711,12.635472434843452
696,12.062926800297191,12.0614053675469,12.060471663511633,12.058840734462944,12.051380136474787,12.02772331237793,12.024674025383762
697,12.493875828248067,12.504700594788245,12.504233864911951,12.488469646680745,12.499447343825715,12.478641510009766,12.453503209517878
698,12.81878943984793,12.811786997842704,12.811860739844363,12.772664483143739,12.893300630868673,12.964886665344238,12.921845450571471
699,12.008454678790294,12.002640101032208,12.002640101032208,11.896766106701039,11.932336635170525,12.022708892822266,12.031386921980634
700,12.55657440581978,12.544839236565226,12.54654040254057,12.538662896522252,12.486558942909634,12.469873428344727,12.464444457070899
701,11.899543717418739,11.891897785288096,11.891897785288096,11.88131015879631,11.940378295412675,11.88530158996582,11.914687357386478
702,12.11137736257059,12.111010652762342,12.11082811709371,12.102234671298767,12.08515344793035,12.113147735595703,12.11379115956195
703,12.275079723915985,12.270129087116846,12.269759528656285,12.23302797138256,12.27504179298443,12.283032417297363,12.276619746480959
704,12.491234532136145,12.47800598756377,12.480025327366544,12.50010686288583,12.41215687357507,12.447494506835938,12.381279264220632
705,12.179916203262769,12.181668215918217,12.181350438712306,12.197982477929502,12.185104342139846,12.180817604064941,12.16811766773843
706,12.182787053941418,12.180285213246599,12.18180088335343,12.139184901845333,12.226468882083298,12.199756622314453,12.196443980305636
707,12.089000801556717,12.089283829634656,12.089026641645331,12.049738750294095,12.031106950909319,12.026321411132812,12.014326041829849
708,12.73334043391702,12.74050510349916,12.74050510349916,12.74355846537537,12.789293704551294,12.788562774658203,12.82566626080744
709,12.189047592402812,12.191986508091258,12.192167003130914,12.163098560815577,12.162925060872032,12.149418830871582,12.144460942747603
710,11.941268418186871,11.931507574722012,11.931507574722012,11.835531994062391,11.911933015758576,11.897421836853027,11.9216925047344
711,12.271419042737007,12.2637956292833,12.266245510613055,12.232212771365695,12.16278276490352,12.1298246383667,12.161289652293815
712,12.53518411867961,12.528778292136758,12.528914476961118,12.491773633741113,12.540990897564349,12.558023452758789,12.5439160440262
713,12.432929773841156,12.420514929658058,12.420514929658058,12.41807414558425,12.409245330478631,12.385289192199707,12.412504144292086
714,11.845735724811798,11.85681534875366,11.857474547259896,12.237407031613545,11.986681049032786,11.962996482849121,11.922038514947287
715,12.157662601507575,12.163001150799841,12.163332833105372,12.118423308716505,12.179089064826648,12.160093307495117,12.174222590163366
716,12.02056194142142,12.012872897823236,12.012872897823236,11.989032632563962,12.099856430197132,12.051309585571289,12.07309719692902
717,12.308315020475957,12.313832566749635,12.314499679609868,12.327883403462446,12.288874463168007,12.323277473449707,12.331302049330564
718,12.039666136385108,12.06283930561163,12.06049304633074,12.007683409643786,11.985188868644368,12.068779945373535,12.048557320244726
719,12.654110930048537,12.661078575348512,12.661141057129877,12.672900809739748,12.663233496075083,12.677007675170898,12.686166753432794
720,12.345964134059246,12.345181318993683,12.346044082606355,12.31988729414715,12.29146659924828,12.306385040283203,12.31890386364536
721,11.795473432400021,11.797999041879839,11.797887490620017,11.810041367876757,11.789154391810344,11.80123519897461,11.814454272941044
722,11.95039773893143,11.950333875802782,11.94972478098803,11.980163870500618,12.025463938946919,12.000141143798828,12.008864965633096
723,12.397433019329418,12.40530462166169,12.405527219431182,12.375190133772776,12.382056264128803,12.380594253540039,12.35282904532607
724,11.995538071541104,12.01098269825686,12.011432461511339,11.997158023404193,12.031202173680965,12.020519256591797,12.026135820663985
725,11.916730987441113,11.926951116520957,11.925601930134418,11.940002723132274,11.980462790931856,12.024065971374512,12.002125306493458
726,12.083061630985233,12.09463514131917,12.094035421248195,12.09418752074272,12.092827935816151,12.080146789550781,12.092781870989954
727,11.9838094029758,11.984861603151403,11.984616019587854,12.019263032829864,12.041181503102445,12.010965347290039,12.01529111399582
728,11.912806237618835,11.906997424465265,11.906997424465265,11.83481425124109,11.865395619678148,11.870922088623047,11.88829937873018
729,12.739608621746317,12.735209774271098,12.736052535551526,12.709796327815639,12.752529988586927,12.742508888244629,12.7317683733281
730,11.924805215177251,11.94006933462442,11.938337690050005,11.970309958857358,11.967505726511678,11.98074722290039,12.00324858586427
731,12.398899310975812,12.401530338170739,12.402413023151807,12.41776083100352,12.359176656302983,12.376091957092285,12.36408395459465
732,11.645568580119148,11.639855839415226,11.640053835358843,11.66150893953553,11.649560424183385,11.61163330078125,11.616228669371358
733,12.366975182485149,12.369662055544307,12.369746523105508,12.343820662662923,12.394035473703696,12.378830909729004,12.421573791729443
734,12.466921179112934,12.474882857936688,12.475188809752627,12.486130064754983,12.358417696643171,12.371017456054688,12.352176656679871
735,12.06473309471845,12.069630270589986,12.068083133064325,12.042386585589846,12.006629997782996,12.020583152770996,12.029438688686993
736,12.046304122348783,12.047671408380552,12.046669509489197,12.118637118407644,12.055885811238138,12.08811092376709,12.081224530411985
737,11.59211773731336,11.607154464396375,11.603964060558294,11.658779743258126,11.590764837899549,11.693554878234863,11.712199029267934
738,12.66603957874928,12.65845002814136,12.65845002814136,12.699188265886345,12.694030845795572,12.667881965637207,12.680801828025164
739,12.292170584010503,12.290618601445315,12.291445593746452,12.278782094634046,12.270021056026465,12.288877487182617,12.255957053290434
740,12.060060377046268,12.06588927352824,12.066008198893794,12.023985850077999,12.093071403595232,12.087711334228516,12.096332031405625
741,12.47608950998003,12.475403585325717,12.4753406421413,12.504877399167734,12.439110495987007,12.429925918579102,12.415666527280985
742,12.510534730334358,12.50832416474974,12.50824484369525,12.353510570209279,12.497572797492243,12.427949905395508,12.419619516264367
743,12.091263778692745,12.087472967504436,12.087637737637108,12.090583671014674,12.276753425524403,12.256291389465332,12.268263653050884
744,12.212579823323537,12.216327120861008,12.216327120861008,12.238715654128269,12.19709344034715,12.195365905761719,12.218514013192422
745,12.522407433818637,12.522512647802488,12.522737467379354,12.54215636514986,12.524866083391226,12.57832145690918,12.527264082861022
746,12.858206842145602,12.852337148457089,12.854315602732719,12.854606882544367,12.8922536234616,12.877124786376953,12.840058028521964
747,12.052610461190914,12.057973291530567,12.057250144605637,12.006995129437383,12.053452766384941,12.055028915405273,12.073350667518428
748,12.278655694534025,12.275613492171503,12.276653520542924,12.263392019559557,12.275469519158193,12.283117294311523,12.287153948292662
749,12.208166114291863,12.209469002431286,12.209469002431286,12.196078048548216,12.21325930467322,12.19856071472168,12.161380020509005
750,11.878877495870105,11.876890769293295,11.876890769293295,12.024133114385151,11.934966411954635,11.903366088867188,11.923363084335069
751,12.132007377152275,12.154821048326173,12.154185781487673,12.102129087222984,12.138930989991803,12.179435729980469,12.300333731681222
752,12.014794594109608,12.02000754734566,12.02000754734566,12.000734399088277,11.931785412036803,12.041752815246582,12.048497901330661
753,12.20161303160001,12.20005168814047,12.200032287934969,12.203039937337016,12.251727740411589,12.26832389831543,12.275232777453265
754,12.063321938048844,12.067324781301757,12.067446858267532,12.104902355193246,12.042700045649994,12.062735557556152,12.084933221553321
755,12.14700770440639,12.148607461884259,12.148607461884259,12.186716691561033,12.077332120609254,12.107986450195312,12.103845212762064
756,11.865717784698399,11.88477676207414,11.883458025617717,11.91054635670279,11.941107559458132,11.936691284179688,11.932425846749231
757,12.445349950625726,12.442804776012963,12.442961351246286,12.44276776653225,12.497964451553331,12.479338645935059,12.48043566477821
758,12.363249564457215,12.365793475816893,12.365990491298078,12.368012009167407,12.35677147031103,12.322038650512695,12.311181056440542
759,12.31857948724484,12.313476239322009,12.313984024857389,12.307075566184851,12.297857435652269,12.27180004119873,12.27389914132507
760,12.314245856441616,12.310788898931294,12.311228956832634,12.296001839820883,12.304260769928813,12.296821594238281,12.307745098426603
761,12.26080627964015,12.275552837445865,12.274514299384254,12.254657785838562,12.22946638507522,12.281813621520996,12.29523575085225
762,12.289319685120075,12.287216885528855,12.288676192800507,12.284629959211243,12.358023485833018,12.303902626037598,12.293049265397574
763,12.323333927621835,12.324673971457626,12.324628083966802,12.329641787473218,12.317558667042396,12.315168380737305,12.331544824548848
764,11.841420160034994,11.850861301698002,11.851018509380847,11.82376208965904,11.880204545816703,11.879132270812988,11.87727375016207
765,12.37349650900462,12.387596528498003,12.386435619710511,12.426140644570516,12.342965309240482,12.419413566589355,12.388048084448739
766,11.66932350096843,11.683282774960835,11.683888704422062,11.67461199610977,11.724571427232256,11.66385269165039,11.59404370719353
767,12.095736727893863,12.090113377065657,12.090959552076075,12.081321328507414,12.091752725180593,12.082200050354004,12.096846056065303
768,12.531123336022736,12.534099794255145,12.533625087618297,12.53804122737773,12.530457202393777,12.560672760009766,12.606951666183194
769,12.03618945615453,12.035844353225514,12.03429217878573,12.008216342369206,11.992194593838022,11.97758674621582,11.961488733617395
770,11.967664919135398,11.968378424286952,11.96823062924013,12.000679154146873,12.044276460382987,12.049918174743652,12.053212884429227
771,11.818051115380483,11.807512262293661,11.808222263567858,11.796193958456291,11.784286844288689,11.708422660827637,11.743046695003555
772,12.615661049131205,12.607936709066268,12.608655529919666,12.621368568518875,12.563855184498326,12.563027381896973,12.5621972273376
773,11.975255216395926,11.968807824405685,11.970185016287456,12.074469721120524,11.948360223528903,12.005362510681152,12.015790779335589
774,11.993262682795404,12.00362188302477,12.0018007545499,12.037908237664226,12.011574038126605,12.034738540649414,12.010792448430648
775,12.268944690310203,12.239272390633653,12.244336647400303,12.135375777615947,12.239438916067003,12.2213134765625,12.228173067023222
776,12.135941386903262,12.1540504240524,12.153012499381228,12.165637619369631,12.146477560876237,12.16876220703125,12.167059400923963
777,11.965736424833008,11.96730057342553,11.96726721977479,11.94831630891215,11.87051761056726,11.923238754272461,11.926249562769453
778,11.696046629066004,11.696615835435814,11.694587596424633,11.710960939746064,11.772971812339733,11.729199409484863,11.648380696027713
779,12.729874287787782,12.727260808675698,12.727518785393057,12.763445167476032,12.838381524304772,12.809224128723145,12.781770119802294
780,12.123707647088724,12.128341332045336,12.128088431001263,12.201985533060972,12.233465643680962,12.190125465393066,12.208652404005996
781,12.561981589966873,12.56059120529455,12.56059120529455,12.57331888227849,12.525496969337404,12.533828735351562,12.523316462109518
782,11.93185495857288,11.944467553720079,11.943493881956517,11.964460487458501,11.99076645482053,11.975116729736328,11.989020314131949
783,12.205913832556266,12.204505066771581,12.203394219109397,12.057365886369503,12.177912883842737,12.224858283996582,12.226550769750416
784,12.03076449264975,12.041423350043976,12.043005847182137,12.051436167835496,12.037152807588125,12.021749496459961,12.051567806913598
785,11.914495076968858,11.902558915146349,11.903414886146962,12.230261683084075,11.875913363822361,11.945898056030273,11.940668927956713
786,11.453405209015983,11.447391753638419,11.44662498919607,11.472036882195738,11.441557705955487,11.491935729980469,11.542498436644792
787,12.279737199751168,12.275077807714904,12.275987012975879,12.241373327519714,12.242808256362775,12.246898651123047,12.24929356703834
788,11.929572350186183,11.935967405015829,11.937624405929457,11.91854844163705,11.978986666012203,11.988609313964844,11.946196610278824
789,11.789261349882834,11.791096234451828,11.791096234451828,11.784850045164228,11.749147665366962,11.73226547241211,11.756190798546042
790,11.8961087864057,11.90129726661098,11.900232569081561,11.938668091343501,11.88760376493672,11.935189247131348,11.868421643198621
791,11.981635646655157,11.998348000392967,11.995852566585732,12.041631015724438,12.057859513717418,12.044435501098633,12.083375139804835
792,12.141372277210053,12.150735271364125,12.149537385696894,12.132101162048112,12.108068064433484,12.099082946777344,12.094353380642437
793,11.805826090346004,11.81199640460639,11.81199640460639,11.870522678249232,11.686176583869447,11.647539138793945,11.618363845505085
794,11.81248135005027,11.821377664364462,11.82120343479407,11.846715766534265,11.796554582717821,11.770609855651855,11.757216994802986
795,11.889619808740909,11.87466183288918,11.876705780628194,11.89863410830101,11.948081431619869,11.944378852844238,11.888485652789889
796,12.142154273751448,12.141546403318896,12.141546403318896,12.13785006475634,12.229169137778474,12.205595970153809,12.188517241504243
797,12.208088197113206,12.194302328601436,12.196671121682638,12.246500598375505,12.270917699161318,12.240797996520996,12.242974294504641
798,12.912171666524328,12.907285138471233,12.907285138471233,12.878891326372948,12.901277768941982,12.913636207580566,12.93345862255357
799,12.715874807352776,12.727278569888432,12.726680587323978,12.704849378328223,12.647030407548149,12.675938606262207,12.657959181834611
800,12.656350890195888,12.657120951919696,12.656521636395848,12.639288708626873,12.67557183777971,12.750675201416016,12.750559383171758
801,11.881162385239302,11.89586556414526,11.89586556414526,12.035095480655386,11.900128418846247,11.91000747680664,11.934404394851303
802,12.404820831031671,12.374885100415439,12.378066014680654,12.375441694710045,12.278742545282578,12.315875053405762,12.29238725849217
803,12.235326769741006,12.233539690898573,12.233725589188877,12.230607313364732,12.26686975745442,12.25676441192627,12.244614873538813
804,12.578946135562255,12.58231162351521,12.582365540792038,12.5389961068209,12.490347377344085,12.504095077514648,12.48256282388341
805,11.780104882758447,11.777168831744136,11.776752966995165,11.828180983172054,11.78425551422499,11.723291397094727,11.728882491055186
806,12.037347402554776,12.03172278768606,12.03191054439595,12.049989834036683,12.083433992757062,12.091927528381348,12.091431880195934
807,12.552155708743577,12.553481508040766,12.554174686122213,12.554656540023315,12.580620832665003,12.595190048217773,12.583398754488027
808,11.886666643539073,11.895234244867913,11.89602239351808,11.91928115120858,11.877338059209698,11.830395698547363,11.901049212473241
809,12.022795153540157,12.030799268124627,12.027813527811904,11.999771205462435,12.060595461499974,12.045127868652344,12.037469292084817
810,11.951461704639824,11.958854309635955,11.958670286528159,11.975871365649711,12.035597593797121,12.002449989318848,12.005447087531602
811,11.981939814395098,11.986372238577118,11.98493622723226,11.98024147766174,12.000732959993073,12.01764965057373,12.032343090678191
812,12.45351732817645,12.44849497174793,12.449652229640307,12.433731852414482,12.41526146464471,12.435182571411133,12.42417167566386
813,11.864834245645206,11.872072497415436,11.870687436441298,11.873410500756716,11.856876446426911,11.864058494567871,11.88746218516459
814,12.177797944063762,12.184600456190294,12.183521175298205,12.194557438022231,12.229645817053722,12.199600219726562,12.197672041074938
815,11.879064863836659,11.875323097263642,11.87617878181227,11.86217235816713,11.952661147082818,11.94844913482666,11.91712973214776
816,12.105239286062778,12.099417881624086,12.1004533079206,12.020360829783304,12.008149174436538,12.016254425048828,12.019956509958256
817,12.309896185624845,12.298817331428527,12.300209191299157,12.270592039274927,12.274333828873829,12.263566017150879,12.287247374464592
818,12.494149567693958,12.483196034970037,12.485036888427084,12.470767186320792,12.447061555671132,12.459573745727539,12.480901872137174
819,11.9732373021428,11.972950165991575,11.973412724269723,11.942459085069432,12.010033907398263,12.051376342773438,11.961560702285317
820,12.122685996636367,12.130250420783135,12.130250420783135,12.117539362199324,12.173031121224483,12.156381607055664,12.145474033294585
821,11.995762882917406,11.982591894618718,11.982591894618718,12.13539375341904,12.040357232536266,11.999893188476562,12.019472134571119
822,12.275316321962801,12.260121771642956,12.260121771642956,12.273425960431359,12.280115449632664,12.292413711547852,12.271608132207197
823,12.072344107200061,12.073685980724347,12.074735369995176,12.082876063885791,12.131180892690896,12.111971855163574,12.13456034622402
824,12.393946597028108,12.39795390025045,12.397556567052465,12.391720679048033,12.355634061419597,12.381691932678223,12.322646542892697
825,11.813593901252235,11.82093932524149,11.819171962042617,11.809618355792493,11.952872759095245,11.92000675201416,11.964646214633282
826,11.466512678675485,11.47015307130016,11.468160444472682,11.5331721193569,11.51527359424802,11.532303810119629,11.563132541992736
827,12.54984592524245,12.547464283298572,12.547883271131475,12.526495707026653,12.520908814100418,12.584122657775879,12.548665701974198
828,11.80179258351755,11.790916278467078,11.791832658540036,11.743824408046006,11.611726893294307,11.59595775604248,11.552783641452036
829,12.11161947969676,12.097874336300674,12.09754836475415,12.109735116972175,12.088351605645142,12.078926086425781,12.118023452686536
830,11.992688575781973,11.99369418914339,11.993590350128548,12.03123979289681,12.002485502814872,11.98501968383789,11.966039351685982
831,12.575485352497433,12.584630630860845,12.583010552231633,12.530990771003239,12.619124779203023,12.65473461151123,12.645005302636115
832,11.918304341657063,11.950804355619725,11.947362657335997,12.189948046149626,11.864880590022706,11.902859687805176,11.876486303310976
833,11.61211288438618,11.62941743710422,11.627379983813844,11.755799533166309,11.67634080000666,11.663470268249512,11.643554055024872
834,11.932250918378621,11.932085986278405,11.930917627718255,11.954467593238078,11.899371467226839,11.946453094482422,11.954617446546031
835,12.119920502336655,12.127250659627482,12.127007616041999,12.105208197480609,12.233167151363753,12.208499908447266,12.209796008628503
836,12.265187958755646,12.25793924208218,12.25793924208218,12.218008174490308,12.24700063975212,12.241557121276855,12.256665435639029
837,12.388036697647399,12.385963931608453,12.386581321900634,12.403398631484944,12.412306498570945,12.422188758850098,12.406176735827204
838,12.311496353759694,12.313607682172579,12.313402946351056,12.305791927115607,12.263002843469351,12.267483711242676,12.245799903995866
839,12.022645268055765,12.037193636369102,12.034624708248922,12.133167572096122,12.024002320484426,12.104619979858398,12.144403806594548
840,11.71547976411828,11.725103961770262,11.723344422872067,11.88375201779496,11.739425633401025,11.72431468963623,11.727890836081635
841,12.048162780154051,12.039525831403227,12.040419682260314,12.030864119240187,12.017785148543078,12.025924682617188,11.988090699874409
842,11.700278774681427,11.679751884615053,11.681818896624097,11.682661669545984,11.557943589531362,11.475790023803711,11.537975709583327
843,12.13026239140252,12.140529706717523,12.139908020085576,12.130619356505012,12.144015580273514,12.149235725402832,12.166560051558106
844,11.936513989334472,11.951775189787217,11.949439655372963,11.931856026258892,12.005270365460138,11.989693641662598,11.976256730397338
845,12.017208138331755,12.020388809836394,12.020388809836394,11.988293323987872,11.977580927614138,11.9418363571167,11.916921115730798
846,13.038798411044928,13.029935364336797,13.031007033477081,13.104772194554293,13.123370258391859,13.121971130371094,13.118151394559375
847,12.349176867034773,12.351978335490964,12.352409336386557,12.35439788559265,12.398765668633187,12.423050880432129,12.398821851334725
848,12.430496030415116,12.425125676832943,12.426199893901128,12.108940789304775,12.36917985370003,12.419281005859375,12.423919091958549
849,11.897910429575154,11.91293381371462,11.910923333102543,11.86298907876274,11.902368340144802,11.914518356323242,11.917404640306689
850,11.83589761428058,11.840158184533744,11.840158184533744,11.838907003396669,11.751683488712533,11.78976058959961,11.809871117181878
851,12.10253183490979,12.106279112913644,12.101578387628326,12.0561216721695,12.141776387442935,12.204483985900879,12.17689935911667
852,12.15258806510616,12.14324520319517,12.145177893313642,12.138774141193487,12.138708956887543,12.103601455688477,12.137698040368825
853,12.461685766440295,12.475941091819593,12.475175016090919,12.4541930318132,12.52568459199356,12.495908737182617,12.46634841528285
854,11.438319414407486,11.441909161327976,11.443265696412569,11.611927446260829,11.425486925952866,11.410496711730957,11.367063322755154
855,12.083958150645886,12.079729215014986,12.079729215014986,12.055504580357185,12.025183010859566,12.050686836242676,12.04700973695388
856,12.06171392684797,12.069424922332896,12.069075469151533,12.054811588478128,11.99670078895867,12.075803756713867,12.104830849166357
857,11.964837917577254,11.969545556225109,11.970931146607692,11.977547991725373,11.93287050573181,11.97297477722168,11.963792857348512
858,12.31906006968752,12.313543430290766,12.313379817149098,12.301742199123382,12.279114831616084,12.218206405639648,12.242460239014342
859,12.820045293535427,12.809616598425206,12.808524112552728,12.40543474431948,12.79655086073249,12.785441398620605,12.788219405722955
860,12.43920010325854,12.441734096717676,12.441340102645785,12.42365411042375,12.46530447542376,12.502346992492676,12.473557667548022
861,12.513475243210543,12.519660990268207,12.519729278224197,12.119180312972617,12.362277010890137,12.34004020690918,12.378165402413662
862,12.593898630491065,12.592746802091431,12.593320963086514,12.577616311402695,12.574304109044132,12.547160148620605,12.612958193240509
863,11.728618151383735,11.731515441806314,11.732327797267176,11.74355296091225,11.645035267423514,11.638978004455566,11.58007085104919
864,12.718562467453047,12.728848937064523,12.729916658015643,12.621211727305115,12.58171433166258,12.580771446228027,12.584049859507624
865,12.293129664810488,12.288868144468937,12.288043840962297,12.112890314482778,12.213856159442253,12.242047309875488,12.252807225526842
866,11.744119778271994,11.745490168176213,11.744462403517655,11.86292334523005,11.775921618862375,11.792096138000488,11.80386307072768
867,12.31364206704752,12.317381614541873,12.317088454655543,12.291678992008274,12.320775335937043,12.324905395507812,12.339230016900482
868,12.298070540248716,12.298676474078569,12.298961674253782,12.308014899565904,12.31694214797093,12.29430866241455,12.290898090355249
869,12.284761504150019,12.279853977706633,12.279210358765337,12.257979532898093,12.239561799417759,12.310665130615234,12.327195318035196
870,11.963525285994706,11.971015854363117,11.971015854363117,11.972595236703,12.014585417805197,12.008008003234863,12.011378202883964
871,12.113773984802679,12.112042810051378,12.112054456512084,12.042137235969598,12.192012219754755,12.135624885559082,12.133723669508402
872,12.01867338774103,12.028730806212083,12.027176065007138,12.020215515000487,12.03054350121112,12.021570205688477,12.050886371068385
873,12.557749640681974,12.557275261120477,12.557925372289098,12.535115299687709,12.529550075977939,12.514140129089355,12.493815612538631
874,11.80086305250446,11.79792993505545,11.79643035714639,11.762472099965512,11.83018793516611,11.819488525390625,11.820503177716699
875,13.099118918462246,13.105050151176435,13.104962509192102,13.100651381732693,13.08336940309745,13.118376731872559,13.150864071098086
876,11.934079175903829,11.931481740176638,11.930805497288038,12.020665089474,12.01536721120622,11.98237133026123,12.000345494364984
877,12.011256864910022,12.005434206826815,12.006148520625668,12.255553129460067,12.076045107161494,12.089362144470215,12.078200157339884
878,11.951658020562784,11.950932187288716,11.950932187288716,11.961635356090328,11.872369756376829,11.896834373474121,11.918567347838772
879,12.11671846526323,12.095515560390345,12.097369312160083,12.08057755191693,12.077786623429912,12.051116943359375,12.03754982617014
880,11.92441809091767,11.932574984218057,11.933146401970356,11.915051268325598,11.898570289136797,11.960233688354492,11.981064501873659
881,12.203263725778879,12.208293366907963,12.208293366907963,12.083404987406531,12.202499499502904,12.189842224121094,12.177765641990176
882,12.115788143987485,12.131503579968241,12.130588821445597,12.14265780801761,12.078260329806369,12.120963096618652,12.12603914774563
883,11.837279923984635,11.839805654864277,11.83852827477093,11.781787173161678,11.930754792461006,11.924308776855469,11.876916857445266
884,12.443877914469734,12.428776011637058,12.428776011637058,12.400724600838457,12.322174895759575,12.337907791137695,12.345126203741097
885,12.346198193399651,12.340377688006667,12.341409569828395,12.312177248891595,12.329687824066667,12.289856910705566,12.30742970251508
886,12.17828512838279,12.197740625675314,12.194762013485429,12.100805310287408,12.15753283192972,12.177238464355469,12.170871499573554
887,13.183215064653378,13.190202502963237,13.187236167504913,13.23355902417974,13.155351659818121,13.101890563964844,13.076491541822618
888,11.712159482355188,11.723308462330829,11.722705969354298,11.671318443177567,11.69428309927505,11.686258316040039,11.680651296003012
889,11.912365942392663,11.923836674410694,11.923836674410694,11.920568511334046,12.059472989536975,12.013102531433105,11.995478391305765
890,12.398274806079119,12.422003979283497,12.420514902721557,12.231027755650134,12.398123648758892,12.460125923156738,12.439303106337693
891,12.510222739165368,12.510144683091461,12.511051859730133,12.496431266950697,12.50644591820826,12.489969253540039,12.499113089792125
892,12.088766902901641,12.0822046200846,12.083678645674356,12.090711513072636,12.05081942253258,12.073022842407227,12.065438805517303
893,11.91564270868157,11.92232749086573,11.923622091656812,12.068732024533881,11.89616885520264,11.917562484741211,11.913502977969532
894,12.319234926170623,12.316970304520337,12.317351421469965,12.304613742121841,12.3344669283036,12.320535659790039,12.322686027583313
895,12.267757583531036,12.267803503887665,12.2679496201343,12.25555240131936,12.23241149739214,12.30478572845459,12.288642817667277
896,11.983388189490093,11.993782362315072,11.99281529856373,12.005300160295905,12.008754589951524,12.000045776367188,11.992194444283333
897,12.11267613870997,12.119200764486928,12.119200764486928,12.059757542271786,12.040008616473264,12.060044288635254,12.086149352122053
898,12.433106500194306,12.432429410084307,12.432701949004013,12.376292067422348,12.352648231728706,12.396723747253418,12.384315948594603
899,11.471321737157972,11.464091420945612,11.46360125311386,11.64398585449021,11.432740329324673,11.391294479370117,11.46443010259591
900,11.971812952954917,11.966198825382827,11.966287877703822,11.95016680351007,11.95337540242877,11.980389595031738,11.98618673455829
901,12.18672761330153,12.194057028147368,12.193606377433033,12.256541298966706,12.227575685631066,12.119097709655762,12.144438203780433
902,11.773167712303518,11.790929945280885,11.788228921396838,11.800316383153017,11.849193682138274,11.841386795043945,11.831315994438999
903,12.60855685796408,12.611072100631858,12.611771918928431,12.605923891384288,12.58534110161444,12.610867500305176,12.591065676134717
904,12.006511793129192,11.996806320845584,11.995942679858294,12.192039621111714,12.080937398715434,12.07021427154541,12.057668810724529
905,12.049847024027732,12.041449516117781,12.043044101411686,12.027002066252942,12.007993581063413,11.974210739135742,11.948398834286127
906,12.686005501945582,12.692971767202918,12.692971767202918,12.674048155181595,12.671756172344804,12.697970390319824,12.675689722472795
907,12.3677249202075,12.35902194723542,12.358775534644682,12.334762037309547,12.347730332339548,12.318242073059082,12.350775289999344
908,11.820947349156869,11.828944202263123,11.831216433362423,11.833815174342943,11.942809455130057,11.944340705871582,11.95436777284348
909,12.192160209128476,12.183415904983018,12.185792904096868,12.241317833058016,12.138893278223733,12.147880554199219,12.213263642116525
910,12.729081215798061,12.74852721278732,12.746479449378775,12.72502662805352,12.74475593509942,12.79069709777832,12.810592364621577
911,12.198891555314837,12.199767812301511,12.199767812301511,12.189539766130427,12.241717200011841,12.207069396972656,12.221812946697657
912,12.264441278482197,12.262325724691058,12.262089453090784,12.204676432299607,12.201449163639534,12.178566932678223,12.162348373245408
913,12.221514712445659,12.228688538325065,12.228312480102026,12.208552358334625,12.231446778128818,12.240508079528809,12.245693734623684
914,12.15482923651188,12.156159538321045,12.156159538321045,12.189560542622402,12.121206006947972,12.100714683532715,12.099115972769503
915,11.523617052860605,11.518192900770032,11.517277905239219,11.78663286847484,11.708758969886082,11.57028579711914,11.611268319620612
916,12.762327232688213,12.759470493427525,12.758931162599646,12.785544356719198,12.742751821242223,12.783475875854492,12.725243842579996
917,11.863732041492597,11.867236886003372,11.866497551290891,11.85747388049517,11.847611732367177,11.818658828735352,11.816608063863494
918,12.364247310808084,12.37022673008319,12.370022429813549,12.317145472781412,12.239265639028806,12.337751388549805,12.30365946641973
919,12.99847515722766,12.998925986060494,12.9977400911873,12.712508004635891,12.890133590031954,12.911734580993652,13.00993690146329
920,12.320001219922586,12.324916219959844,12.324784834266149,12.329926584130487,12.337192589779814,12.311788558959961,12.325006257474456
921,12.371528195694172,12.388265792714055,12.386325918559624,12.401839805824089,12.368347241979409,12.39494800567627,12.40818131207967
922,11.973840508305802,11.972868886543234,11.973005321187413,12.094975336935999,11.918753941799597,11.917798042297363,11.901280218944807
923,12.381532359265334,12.377266909161397,12.377074497276935,12.376748111183431,12.34848016645041,12.437250137329102,12.40459015128549
924,12.124444430717888,12.130082730127773,12.129838527464814,12.06630134949613,12.10783771338981,12.126909255981445,12.127570245785055
925,12.429183275175445,12.432860457051012,12.432167957178576,12.417961842702844,12.417673462928299,12.47234058380127,12.458087769225802
926,12.103105037466104,12.093195596083504,12.094048761651381,12.055577238521789,12.146759156429411,12.11689281463623,12.144034539305725
927,12.244404209405113,12.236439026607083,12.2379318553438,12.276866280014374,12.26330763488192,12.262494087219238,12.24462187325968
928,12.45989003553805,12.459296580651023,12.459248926938576,12.435613468581575,12.45870700541369,12.456844329833984,12.46960513333138
929,12.454323930829684,12.45435647333093,12.45435647333093,12.469320234353933,12.46160439984359,12.484992980957031,12.466735722612503
930,12.394863763681363,12.393121173696603,12.393181018774833,12.41442114956034,12.34753366088907,12.339272499084473,12.33397898998165
931,12.057785021662278,12.05489677565376,12.05489677565376,12.06341952989977,11.982568993841827,11.99882984161377,12.002068486054446
932,12.04206285379736,12.037882707447164,12.037880789897297,12.044294179652532,11.978164045997733,11.980969429016113,11.968104072567764
933,11.870425389075098,11.871427444740084,11.871487609160965,11.929953326485233,11.853208471847708,11.911520004272461,11.938232232475478
934,12.501581629164532,12.497097100732258,12.497097100732258,12.468733187681748,12.494369408817581,12.49267864227295,12.507873970873282
935,11.936423277410492,11.940570228214911,11.940570228214911,11.947143942353291,12.063215639093839,12.000508308410645,12.038050043690601
936,11.708356715990659,11.708118176525142,11.708420742125128,11.641434602566864,11.752625347340565,11.709267616271973,11.692519480823217
937,12.778327538673935,12.777094348550408,12.776708113451637,12.776987314246956,12.87354805053814,12.824209213256836,12.834091641445633
938,11.379255083751028,11.367209745349289,11.365515432575998,11.405686724560624,11.315338040277357,11.32316780090332,11.399587903505708
939,12.747460139314192,12.746115930075772,12.746893803168518,12.758056581783197,12.81982287697192,12.776359558105469,12.8100362235457
940,11.879100816211718,11.904183607038169,11.903675008128008,11.914389477079455,11.871282268195142,11.888453483581543,11.87420582088069
941,12.057271102601478,12.045037841375178,12.04350497920608,12.203429540380801,11.932753014468961,12.029092788696289,11.985619206240024
942,12.046292548756947,12.037408339101113,12.038332932684806,12.123903890725465,12.011068583387448,12.001298904418945,11.983716561166512
943,12.04923109079896,12.054009912283947,12.053012255760168,12.045997067130521,12.070144464281121,12.05826473236084,12.068766859514428
944,12.149992536934306,12.145595154712296,12.14444989292469,12.161258236434282,12.149797318822701,12.124716758728027,12.161486375648215
945,11.930685829831297,11.915246553903048,11.916200477821368,11.882231473160754,11.910215529128008,11.90476131439209,11.9554728442975
946,12.076533193039205,12.066279610139151,12.06754789060184,12.09897117212897,12.073433481116087,12.081307411193848,12.086166686335284
947,12.42342100939546,12.415115272143728,12.414595463496262,12.434809395143951,12.393171244486734,12.33938980102539,12.384508613667778
948,12.141146124233664,12.157292017997115,12.157366362958932,12.185701983674171,12.110403810553544,12.09272575378418,12.139357356228562
949,11.817626112262804,11.805189994110792,11.804427581863784,11.867113279449454,11.917378503667793,11.910534858703613,11.912130878991434
950,12.288791735077382,12.296538208184266,12.295036162095384,12.206371655220341,12.146614980936153,12.244120597839355,12.203115091900354
951,12.197601775826394,12.17504826196775,12.177624090659386,12.252400875249592,12.258019833233567,12.23426342010498,12.236328988136734
952,12.327645866418601,12.323206679087205,12.323206679087205,12.377592643648567,12.338057428169462,12.369148254394531,12.365332858987205
953,11.93819672767852,11.95201303218971,11.949873695962822,12.036509044701218,11.980305430391065,11.948275566101074,11.946222320562063
954,12.066619531950813,12.071056493999006,12.071056493999006,12.069098308509592,11.99692842870469,11.97757625579834,11.999742424618955
955,11.951918516638417,11.968306153494613,11.968306153494613,11.967315557872691,11.936412259201036,11.959149360656738,12.006733784089382
956,12.006040646145355,12.017523957346286,12.018392542943486,12.04771824285023,12.045775210132442,12.03056812286377,12.076285742912562
957,12.489795229923828,12.49198629717786,12.49198629717786,12.46325068022054,12.49902068172171,12.481226921081543,12.497586647176265
958,12.141294041584432,12.142378654838812,12.141719458196462,12.148735910215544,12.11483065320465,12.11977767944336,12.119384459231364
959,11.539050327512477,11.537999840999623,11.540247346270943,11.521766773039008,11.58724428950525,11.527779579162598,11.459647223639802
960,12.593336362167111,12.603229128531002,12.603229128531002,12.64011219487178,12.540597974904061,12.580074310302734,12.545312472904483
961,12.13952931620116,12.108469017016354,12.109528736296209,12.033678261143395,12.020861688897455,12.126585006713867,12.105016144447086
962,12.201731368084117,12.197605831136958,12.19738140262188,12.339881474288072,12.21432608465695,12.183688163757324,12.214992508823592
963,12.305079294508312,12.305057525703049,12.304436233957167,12.327817750718571,12.310526114631635,12.327098846435547,12.317681684524672
964,12.29541244339056,12.270556093225432,12.27292160812833,12.254269688005563,12.364799599450905,12.368003845214844,12.39585790205859
965,12.434288277114018,12.429297347292362,12.431004929999737,12.443344417499512,12.445960400122951,12.450133323669434,12.45286878936081
966,11.833451808960644,11.831800789435183,11.831800789435183,11.331815277811357,11.886776733023423,11.8900728225708,11.828786770914169
967,11.883845948877306,11.888568338481909,11.889430626795274,11.924476072743794,11.902624661207376,11.941720008850098,11.887800875198751
968,12.201713347961133,12.195804236796562,12.196420195671601,12.221757681644835,12.202671047248787,12.196234703063965,12.204853768584304
969,12.581691065899378,12.586584715316897,12.586584715316897,12.56666284056987,12.5343572669792,12.495731353759766,12.537332714615104
970,12.563217488526258,12.563394838811258,12.564613459798316,12.587788635345735,12.52044774240784,12.50227165222168,12.528658610422333
971,12.11347707071677,12.114016072629067,12.1141013618149,12.093988237728041,12.148459666699505,12.161099433898926,12.145683168944142
972,12.075941414124125,12.082788737021815,12.0822891673784,12.0735886283246,12.09120362633572,12.100388526916504,12.057482621987555
973,11.749228678616767,11.75484084217953,11.75484084217953,11.76937663121628,11.743404594072466,11.737646102905273,11.733806445729842
974,12.00813542016838,11.992580682136426,11.992580682136426,12.001325698529719,12.00614168942467,11.986027717590332,12.007177585275853
975,11.962950849783015,11.964881768872129,11.964113577896818,12.002073650338142,11.93322669860433,11.921635627746582,11.932407863498655
976,12.538746196697442,12.5269456421685,12.528038137533656,12.544932943544177,12.478876257161492,12.531579971313477,12.579673817715221
977,11.927928485433688,11.90887315314863,11.911068101776563,11.852987640148129,11.895816176742102,11.825332641601562,11.830847251238536
978,12.677194286833428,12.677154516992534,12.677591070201588,12.687176221585936,12.657293802334234,12.673223495483398,12.632779455774754
979,12.478996637374236,12.485882361661739,12.485349606828049,12.498928928024267,12.443642352955992,12.483907699584961,12.459822772454704
980,12.36036306367568,12.338711196988305,12.3364722292604,12.340031069509877,12.24963778350844,12.311697959899902,12.336206836171462
981,12.77928495202868,12.76919618182949,12.770948233229255,12.829179501699064,12.798271314353695,12.71286678314209,12.789579815801728
982,12.20067857207658,12.19336441545011,12.19336441545011,12.141597424792584,12.11852143923481,12.107455253601074,12.105194585660094
983,11.918212573181442,11.909860135831131,11.910856086539688,12.106051529029559,11.912677071459813,11.903186798095703,11.888350727109687
984,12.911141777144838,12.904139825198696,12.904139825198696,12.747381313536179,13.013675624320152,13.020777702331543,12.92310364283328
985,12.08481833096881,12.087611555134929,12.085869525770459,11.962545590571787,12.047329905474227,12.06401252746582,12.083726119541316
986,11.948614267071685,11.936152098701035,11.934436373701756,12.100518004462906,11.970188109498974,11.958893775939941,11.952323119527826
987,12.45392002167081,12.471908329616035,12.470590394870802,12.1167329661016,12.202193257636585,12.227134704589844,12.18838975657891
988,11.884393006415646,11.88561301462386,11.886553281468403,11.895006055481897,11.862633637431102,11.91318130493164,11.899702530050396
989,13.006463370845463,12.991141965892751,12.99178265364619,12.5938945602961,12.692787950259378,12.692154884338379,12.683225631952805
990,12.449085723363213,12.447476777362787,12.44761889913329,12.420278482482495,12.482597167548452,12.447663307189941,12.45238222780842
991,11.96971693910293,11.962378224366772,11.96308878768004,11.937611888840665,11.959999181620615,11.947355270385742,11.985626219773291
992,12.131568814143003,12.136197528164455,12.13655952548388,12.097284373679026,12.139380558834707,12.106528282165527,12.175773210990464
993,12.396209503912724,12.390388449389139,12.3916206601066,12.270828331791362,12.311538470463027,12.306059837341309,12.349425419219095
994,11.88681874412641,11.897609404927824,11.897609404927824,12.040343887981953,11.88375532694178,11.879804611206055,11.867079733348561
995,12.846046147863081,12.842526531704783,12.842727184040474,12.866395045500507,12.912120371470717,12.897008895874023,12.914808530490427
996,11.93020030532771,11.92941082458996,11.929323383736351,11.934052387673761,11.973928606223595,11.983015060424805,12.000890401374653
997,12.444775183982877,12.447149155196357,12.4471915920536,12.42128450288134,12.446457056985652,12.439299583435059,12.466586790330245
998,11.982775892809936,11.974162447653944,11.974003286060135,11.985312530333449,12.00937495902021,12.005507469177246,11.976196647749532
999,11.741502889577909,11.747981688125233,11.746601423502307,11.74837835899813,11.768731913173527,11.74661636352539,11.751762191869151
1000,12.229991975414288,12.222904289911687,12.221796048838248,12.199090949642628,12.188184998055148,12.202317237854004,12.21205088142043
1001,12.32854859342425,12.327899523627863,12.32773686604096,12.29205192404994,12.287883958390669,12.295829772949219,12.288283054021132
1002,12.549115808767791,12.547784270200173,12.548933548561841,12.55211883919893,12.524123179791921,12.574295043945312,12.527969142978955
1003,12.571661142040847,12.581254271807962,12.581123034355079,12.563718806982276,12.560182814206547,12.617267608642578,12.618366723624453
1004,12.04519118579654,12.043395807146249,12.045017059916786,12.043559895225087,12.128995435567587,12.132776260375977,12.156180942621848
1005,11.902633698340157,11.905380329054019,11.905380329054019,12.114772738145223,11.956166384563229,11.935196876525879,11.927797647315996
1006,11.665141710722144,11.645883497825151,11.648416432890935,11.604284724669942,11.685728055667026,11.674237251281738,11.670305147844081
1007,11.829440021672237,11.829271663315637,11.829271663315637,11.819703558508625,11.874757092784117,11.822369575500488,11.84678506243206
1008,12.538618136358588,12.538382642100306,12.538382642100306,12.536869986591073,12.47055680026819,12.477827072143555,12.455958881811185
1009,11.87119205482875,11.876231928067714,11.874704782829886,12.277316813062141,11.831842366053658,11.910079002380371,11.862796269131406
1010,12.606713883862986,12.620018013864614,12.619077770688301,12.541581321358978,12.520673327443536,12.514874458312988,12.513699268671933
1011,11.601881471069142,11.603318719927177,11.602497056927314,11.59574146284599,11.560777024222961,11.538161277770996,11.560236927495785
1012,12.368753282712596,12.373714320377136,12.373673111988385,12.347855479240813,12.345388712113964,12.361283302307129,12.343775123275122
1013,11.902407110074584,11.908704750015806,11.908704750015806,11.97325250027175,11.962086250636762,11.976265907287598,11.972569469555955
1014,11.695425150294907,11.680932349863218,11.680932349863218,11.65853477023454,11.603251687857849,11.601354598999023,11.561575893304862
1015,12.164347584844617,12.157563423118622,12.157563423118622,12.299775205154273,12.189940445481433,12.120305061340332,12.148563364702415
1016,12.284849512756372,12.275498536480708,12.276658921386922,12.228512573045784,12.219631845337794,12.278324127197266,12.267722009807702
1017,12.389954473492377,12.384933121664965,12.385483360831541,12.363497986902308,12.351026143559125,12.347869873046875,12.344171878811911
1018,12.720712554566681,12.723039922568795,12.722551916595748,11.938649364311447,12.709281257140761,12.673316955566406,12.679567947514446
1019,12.120991956755585,12.112819474681707,12.113393538102763,12.185333449117516,12.095220953658696,12.060147285461426,12.094848446912346
1020,12.029221438972552,12.034040746849964,12.034040746849964,12.032300309809395,12.03190972101003,12.035874366760254,12.014503095826454
1021,11.645837170380135,11.624821946067854,11.625571312135344,11.742306125465918,11.539819890254334,11.573332786560059,11.548437749553198
1022,12.10138372188393,12.108068114436053,12.106190544516888,12.156313125294952,12.045098511262609,12.060009002685547,12.064770739289655
1023,12.634163254483239,12.626231625573093,12.626688138097851,12.643423052021884,12.699077467168532,12.671082496643066,12.689368277496893
1024,12.483516099608774,12.48398595382594,12.483641602844209,12.4659696308875,12.548870689570105,12.51980972290039,12.521791029757983
1025,12.053462804286172,12.062039429600928,12.06161080161779,12.048487937279011,12.116016487835456,12.120870590209961,12.14505582529722
1026,11.58324492348273,11.591954516514344,11.590945700188767,11.633476092470962,11.607456598144283,11.623224258422852,11.638610325549937
1027,12.591981402324045,12.574343411154917,12.575803138344217,12.547759294157036,12.644859221909922,12.602999687194824,12.557220861053715
1028,12.711135669354189,12.680852656041464,12.682008728146629,12.65094197229025,12.752501713689277,12.742712020874023,12.729339895144303
1029,12.44959048395814,12.45549793560124,12.455602850361544,12.454424015508497,12.384114611182525,12.401674270629883,12.415702551185982
1030,12.282460997677898,12.279115918982571,12.279303907600903,12.27005617312916,12.204627027924001,12.238757133483887,12.240600259519544
1031,12.247152500463214,12.237605171215781,12.23623864994791,12.217409358456335,12.237064033657736,12.210138320922852,12.248970369744928
1032,12.787814409260335,12.768545595100608,12.769750637938364,12.814058108909624,12.854021350234374,12.841718673706055,12.868459253062738
1033,12.741050459965722,12.737912395727433,12.738184349929469,12.76135351142749,12.733323096933713,12.77677059173584,12.820644000726956
1034,12.07473701431086,12.076273202109165,12.076916536938386,12.087097286298796,12.061504297225948,12.03643798828125,12.02543572331017
1035,11.659792319706169,11.672393842595582,11.672393842595582,11.609329194297782,11.578327042783176,11.588027954101562,11.612475936029945
1036,11.822273549276353,11.800638986528199,11.800773533634942,11.776757539145702,11.792007570861752,11.817484855651855,11.806458764020313
1037,12.381988416620135,12.39232424941796,12.39113068911043,12.395464877079332,12.430415668994977,12.404882431030273,12.387076537666053
1038,12.800533044410153,12.804899460033482,12.803079115251528,12.346786752576461,12.838265771737444,12.822942733764648,12.835555164895817
1039,12.003853931814897,12.009095174128502,12.009056699661258,12.0149252943454,12.008653413879372,12.00373363494873,11.988127027422937
1040,11.34246314719818,11.295493223163596,11.299598928491884,11.1080474915002,11.43844030017273,11.405282020568848,11.465140408398392
1041,12.283557564290978,12.287610365238036,12.287747366321046,12.280069684866337,12.25124452001686,12.27548599243164,12.223203619857179
1042,12.430205979212328,12.421164983537393,12.422187687719696,12.414542875582194,12.417729759454524,12.425436019897461,12.39442375805632
1043,11.912236159166621,11.89286311903865,11.895207870406912,11.931796451937124,11.85809334387754,11.86666202545166,11.92192847590877
1044,11.826102774819562,11.833029496795985,11.832732180040715,11.81351105472001,11.823337599292564,11.797256469726562,11.781629623470218
1045,12.49903618658194,12.504713795876711,12.504555917852844,12.536198469583034,12.487286460567598,12.51308536529541,12.495321593902219
1046,11.633795591476295,11.634881105349796,11.634881105349796,11.576005564365994,11.691001715937489,11.652029037475586,11.60355564746824
1047,12.275618180290843,12.275970284612225,12.275970284612225,12.247467851247835,12.323367261861518,12.29287052154541,12.252761389639977
1048,12.32105296876411,12.321517160409881,12.321517160409881,12.317149832915527,12.29352352545048,12.302425384521484,12.311973102736308
1049,12.015037487116565,12.01885071867162,12.016838157747006,12.14057137199941,11.965368460334867,11.970158576965332,11.97276632336372
1050,12.01216356336356,12.008490334622728,12.008490334622728,12.005007426855876,12.034099484571394,12.031331062316895,11.999785091750791
1051,11.876159835902993,11.861732767251421,11.864237948133216,11.863126121110305,11.80344528667079,11.8576021194458,11.870684697761199
1052,12.011464433623397,12.016494372078549,12.016991717842284,12.029349916936777,12.009673430764726,12.031380653381348,12.030213766776237
1053,11.81059518262157,11.825833860794393,11.827522729428683,11.980553818765841,11.888660809071334,11.839524269104004,11.84520836037094
1054,11.989764077286942,11.993167789469162,11.9940613693347,11.931761883846987,12.009298119009111,12.053462028503418,12.020636294633556
1055,11.44155252010871,11.442705759412592,11.442539753064311,11.53006352216665,11.526853868062643,11.492304801940918,11.461489309362856
1056,11.999691024847397,12.001394931976622,12.000969108695765,12.148668018333368,11.9768916253999,11.986709594726562,12.005285675413907
1057,12.381997342488232,12.376983076469852,12.378398386081802,12.851160957419646,12.396018330081182,12.346303939819336,12.393653809477334
1058,12.09766274868119,12.09553581124128,12.095382204643778,12.107934697631107,12.080943752821055,12.103737831115723,12.086487839535737
1059,12.616586976170705,12.61199436447612,12.61350333853973,12.64028853012187,12.531414824494702,12.615279197692871,12.607607267459183
1060,11.937798698121957,11.918694773324198,11.918694773324198,11.919972780918883,11.976641470147566,11.99475383758545,12.00467244760121
1061,12.805200445704402,12.783797347573714,12.783797347573714,12.783610550368477,12.585165044086011,12.808314323425293,12.72389843029231
1062,11.968304307546344,11.981740447294712,11.980916393060754,12.155632030195756,12.003487989420396,12.005993843078613,12.000135597131681
1063,12.94771923706499,12.95036108525107,12.951526351417108,12.96274777410335,12.98914107899433,12.987497329711914,13.013155663566154
1064,12.074748526995126,12.069447692372023,12.06953636661678,12.152898516942743,12.087985887636078,12.089104652404785,12.093352738804798
1065,12.971128223171545,12.966091374071317,12.965893185140814,13.027079363976508,13.096270167249624,13.085199356079102,13.021303393794016
1066,12.115455993534837,12.122274583433194,12.122368458878839,11.859727004664915,12.13000320473041,12.109369277954102,12.124706677441424
1067,12.309166019118276,12.307854605253358,12.30781456017738,12.293976806438826,12.294644498979817,12.280888557434082,12.273643294247155
1068,12.210676880858852,12.219082732804727,12.218027623120163,12.205097724268704,12.18873249976056,12.210578918457031,12.234980014746403
1069,11.95445913279226,11.994602424608708,11.989659595272018,11.781281921723933,11.97360430567927,12.15032958984375,12.265951992296804
1070,12.546977130856419,12.544024307207131,12.54520185743513,12.534640477450246,12.51997623480394,12.46600341796875,12.488294597320456
1071,12.007032644987161,12.013876224483223,12.01352926001458,12.02681825898036,12.010272146957465,12.025591850280762,12.026004541874801
1072,12.453829508414504,12.446356823147648,12.447702218869798,12.4422949968539,12.4073457833343,12.447589874267578,12.428334123023566
1073,12.652145368137228,12.660985321648877,12.660753985930615,12.627132652666907,12.681621159348738,12.750532150268555,12.769664904795517
1074,12.118366755835677,12.122056726519878,12.122056726519878,12.128501553656438,12.09659331916882,12.132482528686523,12.120443973206958
1075,12.107008155871716,12.107516178402337,12.108246515024508,12.053231851446604,12.089155500586562,12.075772285461426,12.079912450119098
1076,12.083140209698197,12.089560659389171,12.089557653213154,12.121570534865285,12.046202698860261,12.051904678344727,12.045921224710181
1077,11.971669421422666,11.982360641484412,11.983262362139726,11.859589693091406,12.020136034078865,11.986568450927734,11.98899371890564
1078,12.337022888624812,12.340666881234464,12.339307202699416,12.291334207750344,12.259751313814714,12.266912460327148,12.27052729870485
1079,12.490866699052189,12.481626674340566,12.482403563383937,12.460895697822522,12.458153455721147,12.432838439941406,12.432669814138304
1080,12.052727661042969,12.046351024904476,12.046351024904476,12.063869600441707,12.047881534206116,12.010128021240234,12.038918882407206
1081,11.86225074106286,11.866572136732216,11.865082962500354,11.912645291083148,11.89481383156149,11.93073844909668,11.908726850592707
1082,11.85491192737682,11.864827064583304,11.863412445783288,11.984210045461133,11.895877719844623,11.89285659790039,11.907207689118994
1083,12.633911927154637,12.630705733154763,12.631762314260246,12.778772858674447,12.683647772254849,12.663430213928223,12.648510884584246
1084,12.069245284446913,12.075275258430922,12.077876279338827,12.027224921030012,12.051805090226551,12.01772689819336,12.006386254573313
1085,11.670696702048785,11.670016721982144,11.670016721982144,11.757172977049471,11.68306378051535,11.678473472595215,11.638807462948106
1086,11.751088006074774,11.759078209992976,11.757071615090611,11.756489636236315,11.869664658283677,11.862195014953613,11.8488338094901
1087,12.176081493766794,12.191317428158431,12.190556449027424,12.264196512691978,12.212435366035603,12.140007972717285,12.179336528026655
1088,11.973854697328655,11.978049718510407,11.975725900850211,11.94846811010376,11.984187607397864,11.952227592468262,11.959398131065182
1089,11.900962949090431,11.911376711381996,11.910413310514233,11.888752719862389,11.935838795834652,11.898468971252441,11.891447957919809
1090,12.26654486999487,12.268953902045485,12.269757291280706,12.286895985245412,12.217100489662153,12.285622596740723,12.2238300073225
1091,12.316883576015787,12.317114453693272,12.316251674394513,12.296492508994856,12.259605653029109,12.245283126831055,12.217905916953402
1092,12.046159927522426,12.028809066278825,12.031017547140257,12.123895804791768,12.082885484127607,12.070883750915527,12.08314909036149
1093,11.85192360341191,11.858132964334144,11.857762003885158,11.768715929527364,11.762087174924233,11.783875465393066,11.80265732207296
1094,12.145738002605162,12.145903656678268,12.145921892625498,12.191014046103898,12.097916099125108,12.13369083404541,12.121336252981026
1095,11.757302444022066,11.758444618992472,11.758993868247284,11.769415142872996,11.69792628106152,11.703776359558105,11.713679946314647
1096,12.065423187002766,12.046604355905554,12.048332180934851,12.12151492203347,12.0618693622685,12.092658042907715,12.04865734658122
1097,13.101552319378774,13.116648103700093,13.11497069962469,12.099394236979647,13.017742695121044,13.023536682128906,13.019030860207875
1098,12.143066081351725,12.145716317796568,12.147000900679856,12.14127364586423,12.164017007164514,12.163439750671387,12.160785469051893
1099,12.599118957045258,12.593976393207873,12.594263718680875,12.599393304779051,12.672438822095197,12.650274276733398,12.695884481558222
1100,13.297848945886997,13.285206730881713,13.284373874787843,13.293814755174921,13.261021418579412,13.21690845489502,13.181694449522256
1101,12.014286400945661,12.023403264446406,12.023579978102916,11.967790215467529,12.041059670269876,12.057565689086914,12.066916303122333
1102,12.062235178236142,12.06586920578022,12.06628187997329,12.067948571101685,12.214072717531547,12.16895580291748,12.138626898375174
1103,12.345895399612882,12.340052403014601,12.339990152047434,12.293014152011772,12.243323556404109,12.271085739135742,12.255361156325385
1104,11.62717718249321,11.634952651390558,11.634952651390558,11.701576380026488,11.749279315282765,11.756176948547363,11.72841516490344
1105,12.762906309779789,12.764786604956274,12.762187860982992,12.882307155223238,12.85343411208638,12.765664100646973,12.735760599537633
1106,12.62422053351207,12.61567838319775,12.617541148317345,12.61273233069182,12.576579688652007,12.599739074707031,12.610414424180732
1107,12.240480147527457,12.238503449323982,12.237696595989375,12.248648795301126,12.210766005677232,12.219538688659668,12.206460081610075
1108,11.869171106451466,11.872854872936452,11.873851933046804,11.873912130244573,11.964477292191235,11.967849731445312,11.987161629592022
1109,11.82875508067301,11.88494552161991,11.879526969313213,12.108941369181316,12.018454404842448,11.99327278137207,11.977684803641615
1110,12.369101165276598,12.361367328216751,12.361367328216751,12.344060494403697,12.309099252841728,12.326518058776855,12.31918531072883
1111,11.958819069682205,11.962265540054412,11.961537039188446,12.117074990964094,12.009094279710698,11.935829162597656,11.962003407714047
1112,11.830294451242473,11.845613022183963,11.844933529702047,11.826950747282751,11.900297657557205,11.921224594116211,11.893319619463018
1113,12.345606168766272,12.340065116323405,12.340675238151814,12.355118862449658,12.337512557187459,12.347860336303711,12.355877424760777
1114,11.601316469535732,11.600926315351714,11.60013130805435,11.925807496776972,11.68942093734445,11.591080665588379,11.59269979208716
1115,12.313692850623065,12.30533550741248,12.306442416836632,12.243074989092015,12.22405038351028,12.236077308654785,12.23800347916254
1116,12.145554288285009,12.138968996541164,12.138954849438552,12.175352474514835,12.1313622571124,12.122142791748047,12.13469412411973
1117,11.893850914425887,11.900820419836561,11.899251940525142,12.026967203151424,11.886829209051163,11.893877029418945,11.911057278671901
1118,11.909876712173942,11.909929602582123,11.910105908157204,12.10731797714604,11.957922637901635,11.950668334960938,11.932115217220645
1119,11.978676322253197,11.98114817355315,11.980511021343556,12.055311390705912,11.993716669447966,11.997371673583984,11.993944315669358
1120,12.189844488231094,12.172001004034758,12.168032621274918,12.401778877389797,12.064244514104487,12.06621265411377,12.027838073164546
1121,12.224673893228447,12.225515215272155,12.225597655519552,12.22941603434799,12.191644315941701,12.209418296813965,12.219370867590566
1122,11.683038332662756,11.681394173399369,11.68126797646367,11.723204006665988,11.717703578619403,11.663606643676758,11.653257048170033
1123,12.689938885943569,12.689744899328339,12.689744899328339,12.679936002737032,12.72123017462151,12.711135864257812,12.707876422889726
1124,11.766255086109437,11.768711301081888,11.769271437903633,12.159882585900771,11.85842895679379,11.771377563476562,11.82855533102793
1125,11.97083051466119,11.978385197481613,11.97693880474094,12.033125228263977,12.050084100573098,12.030047416687012,12.039331871341968
1126,11.886783865665512,11.892596445925816,11.892596445925816,11.950318594164113,11.805701024733565,11.902551651000977,11.856459155235731
1127,12.371566775636246,12.37431435313189,12.374019405875611,12.396881761335784,12.39353598117027,12.381063461303711,12.375782860300623
1128,12.398349863483771,12.390284662854983,12.391649509245568,12.377939057434446,12.416352010563271,12.351273536682129,12.367175777411513
1129,11.581788395649761,11.58393516025073,11.582293088507397,11.620609905264836,11.552202714425851,11.568962097167969,11.579771609084704
1130,12.000061402156303,12.005451059343947,12.00483156234793,12.083903883033715,11.95945571754306,11.949193000793457,11.976477103421932
1131,12.226586888241632,12.221908449780052,12.223997415509107,12.309234885056968,12.256560268802087,12.231878280639648,12.237922674564407
1132,11.895420304364922,11.88372662739983,11.882290778687924,11.882442765478366,12.084177791290115,11.940791130065918,11.987955628665802
1133,12.005226162294978,11.99692703956844,11.995973055320992,12.126545780646486,12.00398437958514,12.01333999633789,12.017941536100476
1134,11.678658054907928,11.654688119308656,11.654688119308656,12.167312560022562,11.79174644995658,11.719050407409668,11.689638190632193
1135,12.035023769532211,12.039578930808819,12.039885883229163,12.020971757759744,12.054071884632824,12.027772903442383,12.065098794375775
1136,12.740403119474134,12.739928655208095,12.739928655208095,12.425272485114842,12.77320942685428,12.777353286743164,12.837691738613584
1137,12.175366736571965,12.179304985782023,12.179304985782023,12.159781074452258,12.185250424391493,12.222382545471191,12.197589452042962
1138,11.949447391275827,11.959541872624326,11.959625419227638,11.973438277336962,11.997721305288366,11.986068725585938,11.99356362976402
1139,12.163309920181309,12.164413053252328,12.16439673638079,12.160398099975188,12.157818866428329,12.13470458984375,12.137064160449766
1140,11.884291610643675,11.891109388539094,11.88973971069345,11.934538934692943,11.940415169989892,11.890670776367188,11.934069208433892
1141,11.774362923740334,11.769546999942493,11.769546999942493,11.67941379702683,11.701144240941774,11.769193649291992,11.737264728283373
1142,11.830706297634682,11.834431466037989,11.83501313706809,11.735455769279707,11.81333111127833,11.872845649719238,11.868800824708453
1143,12.237836605929074,12.227052219890117,12.228588074546671,12.304480005880723,12.119606345974962,12.171825408935547,12.17769230017007
1144,12.28743202565651,12.282694281203907,12.282694281203907,12.294270738993458,12.24029690718745,12.279949188232422,12.29911124064876
1145,12.044034671244784,12.050173064903301,12.05025381619724,12.017907343545698,12.01506375886989,12.052691459655762,12.038907809320564
1146,11.976209181916715,11.970862334852448,11.97011669955132,11.958651835042872,11.9673701553361,11.948962211608887,11.982990268106573
1147,11.926535139401825,11.919203138863445,11.921112248409118,11.922783950147952,11.960419126604327,11.968031883239746,11.971767181344454
1148,12.612680529301985,12.609475241664233,12.609475241664233,12.565046552249964,12.598166839973649,12.604857444763184,12.545018527024096
1149,12.087442874464955,12.085280296858828,12.086288758194575,12.117539250144008,12.119948821497012,12.041070938110352,12.059376284360043
1150,12.032627686215898,12.034847433898292,12.034525355438445,12.051477321486551,12.056394476026721,12.005522727966309,12.04132163963318
1151,11.9707543283792,11.956278210307799,11.958323143760904,12.03429403069013,11.959602063646928,11.926471710205078,11.906342346586937
1152,12.312438580916911,12.298990901570862,12.30014434382949,12.091886241400529,12.21753079447529,12.271645545959473,12.233710805953987
1153,12.301941430842811,12.32545970192004,12.32426467203905,12.209860171455134,12.324558109404546,12.340062141418457,12.350133869798702
1154,12.811304446748672,12.805201641285638,12.805201641285638,12.834711194667388,12.861612565991589,12.875344276428223,12.842689449845333
1155,12.045794713794825,12.045593636537012,12.044661010294694,12.036186852300265,12.08825707980849,12.128412246704102,12.116648737554673
1156,12.164160420887894,12.163677182816388,12.162716847153579,12.110973542587573,12.1861153816086,12.176535606384277,12.205567051563282
1157,12.864545725926796,12.860796578593702,12.86213965281945,12.827412272629624,12.773656744767447,12.845076560974121,12.881657154774642
1158,11.959865326233697,11.950048213212675,11.94918042608225,11.950835538608509,11.987974596289535,11.964776992797852,12.011780241539325
1159,11.98412263891926,11.992372819187986,11.992372819187986,12.080040525835166,11.97966319702895,11.982418060302734,11.966992690181016
1160,11.715860836411627,11.710719656185358,11.709967644455155,11.835385005758837,11.69164471075564,11.68309497833252,11.639661765601256
1161,11.346119522290586,11.35208489118496,11.350144275532577,11.382318642070631,11.339031436814603,11.31351375579834,11.325110154080242
1162,12.301882355843448,12.303353325582266,12.303033356617114,12.30388957653251,12.280461926340749,12.269193649291992,12.27939096103501
1163,11.324098303055207,11.322016307605516,11.32069613039058,11.538894858689345,11.313400926902078,11.371587753295898,11.423042299824314
1164,12.35158665232735,12.348160215984008,12.34826552616975,12.320610409769408,12.296723388488166,12.292118072509766,12.296480579446861
1165,12.035217547715364,12.042826040885128,12.042424386900027,12.03921940086715,12.029755590153437,12.030603408813477,12.06385642671472
1166,12.302860961372927,12.300290965151618,12.29982160877738,12.254300451641479,12.25626176896535,12.268939018249512,12.311887359122567
1167,12.04918974661924,12.039976853718622,12.04076241457523,12.04308413625566,12.061346966944635,12.07796573638916,12.071490544345325
1168,12.522450145292737,12.526206357238483,12.526206357238483,12.5032835778229,12.54464940221869,12.512791633605957,12.493503221919067
1169,11.868408736446739,11.865499309315593,11.865735208242253,11.88797218772947,11.944933231591488,11.901534080505371,11.903960655608582
1170,12.867943400068905,12.874794249054416,12.874807044417448,12.909052088276102,12.820121752637283,12.903275489807129,12.883127096302678
1171,11.856341003909433,11.867427990798229,11.868203044655509,11.899514296012693,11.874519403394629,11.905678749084473,11.784966757013462
1172,11.742315792330265,11.739296985552604,11.739296985552604,11.719996349571298,11.75863065940215,11.739723205566406,11.669709198886427
1173,11.930449847647083,11.934334862299886,11.934225725723923,11.840581701118914,12.008481977704184,12.018248558044434,12.002329142769607
1174,13.182590607627974,13.166679705250502,13.167359677794945,13.138452377828484,13.211145578575392,13.1910982131958,13.148511452535557
1175,12.095935809428855,12.09209865478951,12.09209865478951,12.080140928849788,12.178463968001163,12.188979148864746,12.15806970758539
1176,11.983402269877722,11.998621525070165,11.995367431154008,11.796749446131022,12.057345051952396,12.017074584960938,12.040517937622385
1177,12.385191327494468,12.389141088059427,12.389418194510695,12.351360445656162,12.367320466218986,12.364421844482422,12.392394855058548
1178,12.26764525862998,12.265256668781674,12.265407314404335,12.241537001113272,12.23341383541153,12.230443954467773,12.237244355312848
1179,12.016215624961918,12.022409913284626,12.020376645921555,12.051989646171116,12.081877619102436,12.055103302001953,12.069217524615167
1180,11.991547393802007,11.997896424310857,11.997785437229533,11.85622805635457,12.00068830898896,12.003691673278809,11.989847603516628
1181,12.636942678936494,12.63681653716217,12.636013222956912,12.651965813531156,12.571322593485398,12.58324146270752,12.591438911682756
1182,12.246484695004632,12.243873611714232,12.243688760431803,12.18888132177821,12.26519786795495,12.258196830749512,12.25709411456771
1183,12.417925411421923,12.406709384673404,12.408206909948962,12.404389304988237,12.359987420601385,12.327939987182617,12.321013140025961
1184,12.026198670210833,12.032420333489002,12.032420333489002,12.059723037945075,12.056410247755528,12.020100593566895,12.03773319146996
1185,12.284616134698163,12.294794078742466,12.294424245091992,12.225141165816941,12.190916456857288,12.2254056930542,12.186626461102549
1186,12.03144610544887,12.0273382370279,12.0273382370279,12.096249306814038,12.069121572066866,12.035326957702637,12.041488849750424
1187,11.759052061067935,11.741563443282502,11.741563443282502,11.73184873588811,11.815776499657703,11.810135841369629,11.7539844298867
1188,12.062198076211892,12.050005035689544,12.050005035689544,12.080894216287405,12.187116631228157,12.152152061462402,12.180385334665308
1189,12.227633427694576,12.226902443448388,12.227748197307436,12.22709844084277,12.22518202686622,12.212333679199219,12.22264296127295
1190,12.418804452234966,12.419102848971523,12.419594915733732,12.442293395723688,12.477007129421702,12.455585479736328,12.466570862399898
1191,11.963427992926317,11.961904973778669,11.961347065332673,11.984518084054994,11.95920770413122,11.990745544433594,11.98882978037382
1192,12.207147740156223,12.198572254792373,12.198572254792373,12.20869863208943,12.197983504941863,12.227937698364258,12.218122911638178
1193,12.776270870189379,12.771374078873961,12.772720818905587,12.78769245157122,12.809807584351802,12.769890785217285,12.781284352592314
1194,12.06505213660255,12.061878217396439,12.061981052324757,12.09167908691998,12.170269081355933,12.178836822509766,12.131752587762106
1195,12.80370980360533,12.806734211163564,12.806734211163564,12.819692897815749,12.854185507096062,12.863472938537598,12.805598962872974
1196,12.347580801391745,12.333575582728773,12.333575582728773,12.325727013174072,12.30166541268431,12.30340576171875,12.347688089977204
1197,11.882904063960623,11.878216430089218,11.878216430089218,11.778607200590608,11.946950556430991,11.958331108093262,11.953790535066762
1198,12.576656848609403,12.586972211481557,12.587201961961767,12.319737402212361,12.645674443751934,12.645553588867188,12.648353643673241
1199,11.988536215985693,11.967748558816066,11.970441221313036,11.607012499692273,11.939215523276326,11.924120903015137,11.985545361490587
1200,11.649997547504695,11.65942801005033,11.657840059517104,11.748010589977657,11.84320917120093,11.83081340789795,11.796000614739466
1201,12.471847717439061,12.464926232021638,12.466659032232988,12.461617453467412,12.398991574175101,12.401511192321777,12.414360087103939
1202,11.908408624252482,11.929343839277026,11.92862395091253,11.938845136238825,11.94136336202641,11.91098690032959,11.92040602142241
1203,12.238008833614227,12.245499738897825,12.245532403796734,12.174600853704309,12.309985032977746,12.325740814208984,12.34591690494578
1204,12.332807687065676,12.333667875589443,12.334226747236468,12.346846987057665,12.353193663964728,12.341429710388184,12.327720554787687
1205,12.490630848564278,12.490205656312424,12.4892814652303,12.471766006945057,12.460493513737678,12.484973907470703,12.49713230454503
1206,11.922303261069962,11.927861950556098,11.928029993380992,11.91316494288283,11.96337101697214,11.946335792541504,12.002999677823533
1207,11.965466357075108,11.966040495820817,11.966040495820817,12.009438094688726,11.984153037759619,11.996578216552734,12.00430155509249
1208,12.591762620309128,12.597311618621127,12.597311618621127,12.167210436546213,12.60626494019185,12.603796005249023,12.600014922771823
1209,12.62173027190465,12.61115415321565,12.61229661343934,12.640875232084301,12.704005549331347,12.68673038482666,12.668385442907173
1210,12.11369197036876,12.100473728968582,12.101834046236254,12.114386826365653,12.111737272332773,12.14452075958252,12.139895342908313
1211,11.862498719697115,11.858532104910458,11.858532104910458,11.966067911564815,11.851100398013639,11.920060157775879,11.893406189058812
1212,12.178282891996417,12.178143626630657,12.178143626630657,12.179319992143405,12.215842208131805,12.180498123168945,12.223351131202062
1213,11.820980044610463,11.810810852881628,11.812161622154845,11.81536135532353,11.85056196788968,11.849798202514648,11.817121405616769
1214,11.837125220452247,11.848968450020479,11.848968450020479,11.896039640838108,11.899636126556246,11.876826286315918,11.839194513236496
1215,11.831310338328798,11.8376909799868,11.837685229222233,12.002196762497185,11.753394605890824,11.818525314331055,11.799275754654772
1216,12.673188476444752,12.66552962522881,12.666658982418662,12.68028319051869,12.628884346473034,12.641474723815918,12.680273718383736
1217,12.030778797016232,12.031256817508591,12.030384198803995,12.043230877993455,12.067749700068893,12.037673950195312,12.028552120050756
1218,11.930828706138017,11.914604319995279,11.91527845437363,11.939157765812727,11.928691003693967,11.884685516357422,11.850576071420377
1219,11.68170222437638,11.683301420965323,11.68195167513028,11.709239245503715,11.658066462728293,11.634231567382812,11.630193373946122
1220,12.157625858843042,12.154296527061604,12.154163198578846,12.144416492875347,12.10631448249675,12.134157180786133,12.11990787841073
1221,11.86671444563406,11.877202571458243,11.877202571458243,11.899804370215218,11.908384876786691,11.920623779296875,11.905291257491234
1222,12.248582554012213,12.241439994445747,12.242352784810963,12.230622737769378,12.224227092300264,12.212226867675781,12.19662463324693
1223,12.491261087826558,12.486199310718067,12.486945431321702,12.22455061912177,12.501446172648503,12.449724197387695,12.471041936048987
1224,12.798731593628853,12.805848942209442,12.805848942209442,12.790378284438418,12.76898907625091,12.804364204406738,12.850683811265355
1225,11.413438272601859,11.395744599336915,11.395744599336915,11.505881290032304,11.285535329572324,11.301563262939453,11.404165324923403
1226,12.267399746393027,12.268038173871993,12.267766820246653,12.291612552821581,12.197353858928937,12.178194999694824,12.21332924012974
1228,12.0018032730739,11.979057944476029,11.979057944476029,11.948228818288435,12.006850710589912,11.973037719726562,11.993740466923128
1229,11.605317686509537,11.602602224785851,11.602602224785851,11.690859240561345,11.483159462189144,11.445083618164062,11.454615426950376
1230,12.15692361903268,12.153688472147078,12.1548488301725,12.190548992563581,12.182529782535637,12.197114944458008,12.175953064914086
1231,12.03380275600077,12.030951775773776,12.031217849786444,12.145194941821662,12.06335434320122,12.016490936279297,12.045546934328327
1232,12.123985084055825,12.124047231360962,12.123503865163757,12.191706412244294,12.246852438257608,12.246349334716797,12.256089728350037
1233,11.993375540332298,11.976697641715521,11.976738501205634,11.947075484038237,12.062859534641868,12.087869644165039,12.048973666393705
1234,11.741733029410838,11.758041418081051,11.756799036328337,11.776354063111647,11.750934551404256,11.668898582458496,11.726525706882198
1235,11.785421362945517,11.787802374972937,11.78686802499763,11.81594666030906,11.864633177439183,11.837179183959961,11.804789588627674
1236,12.490998556546707,12.497439823005667,12.496685694036824,12.49705172536315,12.468572561407763,12.464582443237305,12.474170872130166
1237,12.19216599719257,12.198624295183487,12.197740221464882,12.179930064437707,12.159646259388714,12.202630996704102,12.173430297488961
1238,13.156716165747147,13.154403234421087,13.154027319397317,12.714762460695868,12.963443485712315,12.903573989868164,12.834588087946196
1239,12.374284832541754,12.370170184022317,12.370658328590638,12.381421634722694,12.253613472979696,12.228805541992188,12.270769752447704
1240,11.86458743877055,11.874562532838018,11.873489954543391,12.032336483347965,11.819139500298837,11.856961250305176,11.863418922535567
1241,12.288290768932127,12.282517068707186,12.28113944745794,12.224318696479616,12.163572257095815,12.23208236694336,12.246409561183247
1242,12.512335883134877,12.516369941851046,12.516369941851046,12.544396660001574,12.579696948810733,12.543659210205078,12.559992594083289
1243,12.11842830694052,12.11363902054514,12.112702462627787,12.118910144151858,12.092084111071392,12.077448844909668,12.071374848787451
1244,12.01976645648239,12.030186675287439,12.029450583137846,12.002302289379873,12.078877812923995,12.06686782836914,12.081803149379203
1245,12.077279051566622,12.090722668774172,12.090089828328832,12.044022329717906,12.11487941727939,12.109615325927734,12.106437971625471
1246,12.193378081346808,12.200331154439802,12.200331154439802,12.238885147256463,12.245412136892218,12.247563362121582,12.238337226805687
1247,12.534435591394914,12.54099756975368,12.541111743157153,12.516429497666815,12.558201429927365,12.501433372497559,12.477688327394825
1248,12.631684743357306,12.631637499660235,12.632400925680173,12.63480221301696,12.6137895836166,12.605186462402344,12.601086805568606
1249,11.912793551780796,11.90415115526864,11.90435445452334,11.96870174923223,11.97144672934852,11.944326400756836,11.951722275616357
1250,12.288456048362798,12.273986099879627,12.273986099879627,12.304102206035571,12.360815484844812,12.325526237487793,12.321680822259276
1251,11.797888929548554,11.779859360398222,11.778416429842363,11.755697087824334,11.746257524284365,11.766335487365723,11.788648005371915
1252,12.127557709762394,12.122963221046442,12.123203844659933,12.077365848069697,12.168005545018598,12.184514999389648,12.183887391030435
1253,12.089181032996981,12.095298989275129,12.095095381517279,12.103479431696027,12.070949782773797,12.083610534667969,12.075412802877551
1254,12.074344949488065,12.076770695813767,12.075411484766512,12.05216262037216,12.023081639197088,12.045775413513184,12.04313561298565
1255,12.727553419748943,12.724746841326573,12.727357456209125,12.710722084130362,12.742750764919652,12.696475982666016,12.733222204957489
1256,12.599546153673801,12.586022026078561,12.586022026078561,12.590347330635712,12.56697772914481,12.596259117126465,12.619014819625322
1257,12.300012683771602,12.293006074674599,12.2934998564791,12.128323998555478,12.18897523967461,12.117293357849121,12.110092951653339
1258,12.430557149473666,12.433243685847327,12.433243685847327,12.456862897271815,12.478641459826784,12.421791076660156,12.434574817013369
1259,12.676624421629766,12.655968044997282,12.655968044997282,12.690033053989023,12.778027992291422,12.762258529663086,12.765216795083626
1260,11.840920954665762,11.812457117692098,11.816296703332892,11.7235677816799,11.882323760709077,11.764869689941406,11.792082736307693
1261,11.839324022736234,11.83608554446048,11.83608554446048,11.882289786998847,11.92456211217078,11.911405563354492,11.928454470882759
1262,13.457482948194517,13.442595354711052,13.445278072370655,12.109696343857376,13.322498890625948,13.2277193069458,13.158459996796713
1263,12.398234343144843,12.396215367336778,12.395926384880084,12.41492722283574,12.466795520005858,12.491830825805664,12.497203236524664
1264,11.948119876956602,11.951617741493585,11.951617741493585,11.9722771306005,11.965412489967585,11.99595832824707,11.993690461533054
1265,11.814526625956885,11.810592947802304,11.811639673023683,11.934125350470568,11.786121016666355,11.811503410339355,11.804109533499132
1266,12.393574172221033,12.354432340288598,12.35806472529106,12.337611849693529,12.388744952399882,12.374524116516113,12.430485476034121
1267,11.822664840305697,11.802176644121568,11.802176644121568,11.793621727236308,11.814210413333356,11.790901184082031,11.786349129887988
1268,12.507985458764882,12.50473181655756,12.50473181655756,12.486673967567889,12.501041589208272,12.479846000671387,12.489789027240766
1269,12.196534083186751,12.193910287485789,12.194962405992005,12.188839573370231,12.232338798270886,12.236323356628418,12.23811667354435
1270,11.974183979477996,11.975424347817048,11.975512754433334,11.992085667050265,12.0516094902544,11.993785858154297,11.999413639482064
1271,12.084922509781828,12.0935287383831,12.092757000459864,12.059659694920654,12.0608533915129,12.085351943969727,12.096466031628509
1272,12.3229621626009,12.333776460805153,12.333776460805153,12.2170834848163,12.276708240413164,12.27962589263916,12.290267163924492
1273,12.49502182795967,12.486441324747746,12.487358053302202,12.505397259555927,12.471663375643116,12.499712944030762,12.487592547728864
1274,11.96940124226236,11.969602826730254,11.970435508870889,11.955053415111369,12.008883357457531,11.997889518737793,12.008270568497307
1275,11.791977954158925,11.803153110107802,11.803716075608515,11.78940355814836,11.88350651476223,11.887470245361328,11.87200779647711
1276,12.248539061899322,12.241598811816328,12.241598811816328,12.223499401917591,12.23796872917199,12.228410720825195,12.21682845793523
1277,12.54557814564656,12.544281000993081,12.54477796849435,12.52515170532127,12.540519618179374,12.552019119262695,12.52850167051873
1278,11.420258796490918,11.424227096616088,11.425018896695349,11.40837597417295,11.373366790695636,11.390395164489746,11.473371273239188
1279,12.11429673949606,12.111361489362297,12.111361489362297,12.07142228993567,12.07123986364489,12.085329055786133,12.090508722998052
1280,12.306062066219255,12.305382724295006,12.305382724295006,12.321125602918098,12.363560124293079,12.322457313537598,12.318421783574793
1281,12.065938625170334,12.07992378026556,12.07992378026556,12.678126758778316,12.042740280197714,12.034942626953125,12.050982922904158
1282,11.652300979503256,11.68432441032114,11.680119803007685,11.803482023202998,11.636825471948654,11.70705509185791,11.70335465594204
1283,11.46601699537714,11.489383440523586,11.489383440523586,11.609864172498945,11.620834845879536,11.623785018920898,11.617668205464685
1284,12.384147847535724,12.378781565073101,12.378781565073101,12.361130571024228,12.327125949287634,12.35622787475586,12.341016514373083
1285,12.995279528270048,12.98624706786604,12.986595192301989,12.817706094963178,13.060212127992738,13.044832229614258,13.06959687960761
1286,12.294838321422258,12.282189539056512,12.284011313873323,12.273409695850702,12.259855991323121,12.261430740356445,12.278911827456419
1287,12.225133571003141,12.226745411577028,12.2264781876879,12.191649158478084,12.201889292400669,12.192089080810547,12.182623598498319
1288,12.30279903184813,12.294265475198214,12.294265475198214,12.281993812327975,12.33214488227554,12.337687492370605,12.332260278030004
1289,11.906346132198735,11.907822655711266,11.907822655711266,12.143176154805365,11.936915121494316,11.980820655822754,11.996165005436225
1290,11.314612607561257,11.342652210046172,11.3411871733014,11.501425064122872,11.369549615442937,11.433589935302734,11.46555399171928
1291,12.206344159866143,12.193661288350393,12.194161053445947,12.152138201941343,12.195315702467807,12.216657638549805,12.204844196417318
1292,12.131997728956765,12.13686459727275,12.138021456695537,12.213086820458141,12.149850788009019,12.13589096069336,12.119513175640591
1293,11.923849965401875,11.923237422536088,11.923237422536088,11.905018244506117,11.915430686608866,11.86702823638916,11.839310344220555
1294,12.294997285211712,12.297513244988522,12.297513244988522,12.264919653603394,12.206001762344528,12.235604286193848,12.255306967632203
1295,11.61386423191572,11.645107781755975,11.643210131894781,11.470854646283406,11.561797039949514,11.545398712158203,11.5057346521676
1296,12.874152237243042,12.876129725726674,12.876449887497866,12.891814006545768,12.927222635614392,12.93542766571045,12.9319479944598
1297,12.27416707815503,12.266031452650882,12.26655212770099,12.245049468463588,12.234251988179475,12.23370361328125,12.236588172161614
1298,11.689237841916432,11.711447852973293,11.711067801953712,11.981928190334811,11.670706579513743,11.708561897277832,11.675155479793453
1299,12.531529706563804,12.529679089844624,12.530018827555024,12.519465400746652,12.499013958739667,12.528543472290039,12.494690982873886
1300,12.509169129276446,12.512270325095741,12.511766341979145,12.534960272403548,12.532216695442074,12.501421928405762,12.480298983795338
1301,11.928706535624809,11.935656328329834,11.935656328329834,11.940097581875534,11.936551965495354,11.93756103515625,11.95119319966862
1302,11.918458603994111,11.914261491265412,11.9139803454771,12.026938981213206,11.929107572203382,11.93809700012207,11.941161414171019
1303,11.84621549261324,11.847580335060973,11.848296479215698,11.882386755856743,11.834964124905737,11.854161262512207,11.855224460611023
1304,11.75837186715275,11.760462812162922,11.759287957285675,11.785785652673386,11.72506810626729,11.660178184509277,11.698793909073954
1305,12.016363224604326,12.006666246713694,12.0073174195424,12.040260443167812,12.056396609985997,12.031765937805176,12.051978228774088
1306,11.835140377512637,11.829948727375287,11.832006967756842,11.863895172965492,11.79904110023561,11.824383735656738,11.807036575472711
1307,12.56612718365588,12.579633935537226,12.57855982073843,12.556288990118722,12.600722282256225,12.565947532653809,12.568265314727352
1308,11.693204144897711,11.712260373219484,11.710626714304254,11.757226369236127,11.802189130372865,11.780072212219238,11.859097088845218
1309,12.195680258910526,12.197157668879985,12.196602409068854,12.313071432762289,12.13877876557549,12.145204544067383,12.12141362226578
1310,12.3678712838261,12.342253050213746,12.346308385640357,12.104873539116864,12.337771981448846,12.336209297180176,12.28381703119639
1311,12.869344620109148,12.872093977238235,12.871115513346185,12.685304120084623,12.872214324219694,12.87231159210205,12.934595614312995
1312,11.918541158000947,11.911654481763694,11.912420181316758,11.916262598486727,11.926230151305058,11.927366256713867,11.935915793518621
1313,12.162869141807233,12.16110856671517,12.16110856671517,12.140213370843803,12.127360718675833,12.138916015625,12.122237968516067
1314,12.411457154245962,12.414198026139111,12.414689303129277,12.413037052604242,12.382526017682148,12.414745330810547,12.382038053549172
1315,11.684092164194464,11.704877454744304,11.706820618365741,11.838813124309937,11.751115619614312,11.842178344726562,11.844325388211248
1316,12.128834708855463,12.119580355980322,12.120557784989623,12.130372348281298,12.125528697514811,12.102575302124023,12.085774793062464
1317,12.683983724865081,12.693618496432565,12.689266969248605,12.702659984890882,12.618866104313916,12.646113395690918,12.641139844886505
1318,11.942306173014648,11.952736137622402,11.951658017831564,12.139018168621405,11.965586285882914,11.969062805175781,11.965813407595933
1319,12.104135733402025,12.114019814777134,12.11329739063725,12.159787818330452,12.141684207234693,12.163810729980469,12.161604753745285
1320,11.948261133095308,11.942680171780365,11.942551132140473,11.954830295418805,11.966324536827491,11.996270179748535,11.944969083366042
1321,12.400791641609976,12.39781585534438,12.397391821377814,12.205179103864637,12.51143368595346,12.441278457641602,12.381964220842407
1322,12.130868181704189,12.134890144032607,12.134890144032607,12.054352338818228,12.087050317942158,12.106118202209473,12.132859023123801
1323,11.891806921563242,11.88362191196642,11.88362191196642,11.832091002208758,11.870093730920765,11.899986267089844,11.85578453147975
1324,12.329436759051276,12.330120945442884,12.330120945442884,12.312884568898435,12.311619312947583,12.295964241027832,12.29540661819094
1325,11.833303927144142,11.841812382742265,11.84096419593212,11.828452186877977,11.78890986676857,11.779109001159668,11.814769349622326
1326,12.468402750722136,12.465436739668652,12.465436739668652,12.441769770398292,12.453664794286437,12.447017669677734,12.481092586407755
1327,12.318523381492048,12.333132144808358,12.332402057318934,12.314106682501304,12.345742560561158,12.325235366821289,12.3532629133326
1328,12.44536357219577,12.445145252512782,12.444920289172487,12.426815072507612,12.513729874935512,12.505755424499512,12.498843719479256
1329,11.847837301638794,11.827638831318312,11.831062950642133,11.859836659690774,11.865200783658453,11.86091423034668,11.86833399704385
1330,12.092682051381635,12.089047053165134,12.089513003785642,12.041504444293986,12.074690623457721,12.0633544921875,12.053098610096225
1331,12.45860335833563,12.440722259298196,12.442568764224617,12.494377326902258,12.453883430630245,12.426827430725098,12.41763519568241
1332,13.076016984664259,13.066699921686455,13.065227270297303,13.143621079457835,13.085749174942382,13.0206937789917,13.04267159021251
1333,12.74352081007385,12.736650492526266,12.736650492526266,12.7422996023239,12.863281711846664,12.815824508666992,12.829383013990332
1334,12.011812445305516,12.018904738185501,12.018547363646645,12.060922607974382,12.075887196563928,12.045461654663086,12.06318523894179
1335,12.610416365633357,12.606253956292017,12.606253956292017,12.613808267267768,12.737304302615335,12.639458656311035,12.656813095897906
1336,12.045190364506702,12.043597725960996,12.043684690469373,11.983343139433785,12.037136543438121,12.029568672180176,12.05514300235879
1337,13.070116077268057,13.0662127657987,13.06546115526466,13.070654107195397,13.040662202719128,13.068572044372559,13.065813341425995
1338,11.918427455036786,11.914704169177693,11.914749599305422,11.916865204201857,11.78270497768661,11.758984565734863,11.723004454221934
1339,12.611767036394639,12.602374350662274,12.603968512304526,12.573043305538928,12.654071320583322,12.563720703125,12.656348675479226
1340,12.446843435122858,12.443362002155132,12.443726423603687,12.416869025989598,12.41169851751647,12.424783706665039,12.413292723484872
1341,12.312978889335701,12.303118193561792,12.305188150917203,12.323118047967977,12.305773265242763,12.264015197753906,12.2670238222892
1342,12.719374114171297,12.705076254506222,12.705076254506222,12.565546354198087,12.767299413911424,12.738492965698242,12.7571318288022
1343,12.032453278132733,12.031139275500422,12.031139275500422,12.072911420009738,12.033727467566536,12.013020515441895,12.021775794294538
1344,12.558503470230495,12.55897672816415,12.55905001526944,12.535018227625436,12.527316473080454,12.533074378967285,12.520319827041869
1345,12.016200900212835,12.014098080901158,12.014082363978146,12.034723694669673,12.095631539208,12.075109481811523,12.076309252782714
1346,11.802269168503141,11.799337540188702,11.798167045514013,11.799737692544143,11.881323749123789,11.842671394348145,11.915719779162497
1347,11.803316035930866,11.811875347847877,11.809769853060784,11.836552083373473,11.91261156998604,11.861555099487305,11.854211625707348
1348,12.360732848685087,12.348430187058218,12.348430187058218,12.374338065574033,12.258208507693938,12.291193008422852,12.282692593433843
1349,11.765984224703036,11.787958213524385,11.787477510250447,11.706995922741834,11.738955328418353,11.766406059265137,11.696963186211269
1350,12.307503513038176,12.318637895417812,12.317540397444066,12.310725597002019,12.405475786499993,12.324825286865234,12.336066746925814
1351,12.132554271882826,12.134837937321864,12.134836294099747,12.15059736782795,12.117265426568302,12.120555877685547,12.10521674630664
1352,12.497618164999402,12.509173086581386,12.508437103550097,12.47803403289324,12.456708062470296,12.486466407775879,12.469180828710785
1353,12.146962988833902,12.143567981841748,12.143567981841748,12.170338081144811,12.175502537395262,12.166565895080566,12.172486707572128
1354,12.253045681229164,12.248194016419333,12.248167098803544,12.09521717168952,12.232798462676254,12.208897590637207,12.250640433098415
1355,12.259127393734843,12.263703493246528,12.263907450248638,12.266914409097577,12.288081284296252,12.287788391113281,12.276467734951476
1356,12.369221016849972,12.369106669601699,12.369106669601699,12.432196436160439,12.334023527764224,12.426753997802734,12.519149867735766
1357,12.400411432956423,12.40041565091384,12.40041565091384,12.414328574707657,12.449933859498735,12.385846138000488,12.400758517651244
1358,11.546436304510818,11.540692363177344,11.540692363177344,11.781521562761709,11.682849879662566,11.666861534118652,11.69492735391128
1359,12.105722633034558,12.096814210909283,12.096814210909283,12.121349662917758,12.06481898768132,12.064030647277832,12.100769146310455
1360,12.019188778973712,12.02540582738164,12.02540582738164,12.052163179625188,12.02167598067407,12.015191078186035,11.97789410930555
1361,11.620815344376316,11.624990060949711,11.624624445758693,11.639704150539607,11.615594690661275,11.616053581237793,11.594422542576332
1362,12.967068020094072,12.976972090873058,12.976502930703685,13.0107540636393,13.116587539263078,13.015581130981445,13.023818622244173
1363,11.677076367275964,11.6769184973416,11.676789978896736,11.679011260882401,11.539438007629014,11.668121337890625,11.633092749324502
1364,12.640859728414963,12.622688954055814,12.624893848736892,12.267203833583652,12.681657628379668,12.615216255187988,12.672807355440082
1365,11.90813161791349,11.896460347893681,11.897283355708652,12.119179373815399,11.971123503184065,11.959985733032227,11.950033445595961
1366,12.029231387347027,12.029543393402317,12.029835942539245,12.08224793124401,12.137192322064015,12.090725898742676,12.074565397522925
1367,12.089722246149057,12.085052481170338,12.084218477873879,11.981198363167602,12.185951614415803,12.224079132080078,12.180299073899445
1368,11.775225890208127,11.77824502526594,11.778651367745002,11.677243430258523,11.820743128578822,11.84333610534668,11.885024989100087
1369,12.675536377117972,12.669507406976152,12.670354728352129,12.663706169314864,12.705742732740406,12.716794967651367,12.742503711072017
1370,11.618203368378216,11.611108700378136,11.609616826027258,11.618056135556792,11.528913546188377,11.517457008361816,11.477351801161468
1371,12.314448633300147,12.320982896713772,12.321121962226115,12.293300593934791,12.29353446572363,12.299663543701172,12.294077045326867
1372,12.427270364364642,12.430329673609247,12.431091451021521,12.22870400954679,12.381705802624952,12.422386169433594,12.393356847238746
1373,12.105795202615763,12.107557789632938,12.109573610171848,12.074081241128333,12.02394611475507,12.056803703308105,12.05497259485411
1374,12.529245251447287,12.551045036403206,12.551045036403206,12.588296099583747,12.565034672765286,12.548819541931152,12.553105646115593
1375,11.814906672652588,11.82660245599795,11.824586041572644,11.838915752142007,11.824693964019497,11.822205543518066,11.83862909346501
1376,11.886219170589852,11.874294368865216,11.8760807115761,11.825029567798907,11.862543559075695,11.850812911987305,11.868721509812762
1377,12.476459153753211,12.471709400745755,12.471709400745755,12.446030535638991,12.440235510534997,12.426681518554688,12.386269275594522
1378,11.869882574693952,11.8739960895087,11.8739960895087,12.26405685577418,11.905895685043163,11.889596939086914,11.896528688644024
1379,12.69297285230016,12.700427966246588,12.700427966246588,12.7097212272094,12.785908222101453,12.732818603515625,12.730177510046103
1380,12.577942685998037,12.56888041432462,12.569978562719552,12.599185936651207,12.583807933334242,12.61228084564209,12.585426983120936
1381,12.362005631618882,12.370865938404556,12.370865938404556,12.357533890285723,12.343517375360761,12.38119888305664,12.318427420607975
1382,12.603935368922441,12.607082612499896,12.607082612499896,12.584435449724378,12.584618223673111,12.595037460327148,12.556266466940844
1383,12.054367650777012,12.052796028183202,12.052869113806299,12.03187756235894,12.055889503614068,12.091428756713867,12.082611293294935
1384,12.003534653882415,12.010346384896604,12.011402353630448,12.046441806755046,12.017045674171769,12.006314277648926,12.01622472086897
1385,11.966763976089398,11.964193669309562,11.963634801403376,11.984983099892064,12.038748255125654,12.031036376953125,12.030208769528416
1386,12.366366474843197,12.368749032511198,12.368749032511198,12.354655590434335,12.370302447071426,12.39006233215332,12.37771008197154
1387,12.910293749462676,12.905679907736173,12.905679907736173,12.930585523589846,13.01532615851189,13.016898155212402,13.012201324451377
1388,12.178908965060902,12.18569931960912,12.18507212813152,12.117074214644129,12.22787360610647,12.154478073120117,12.208277903592052
1389,12.467928818413988,12.456021278781343,12.458918663246836,12.466724640984555,12.408080712950001,12.416352272033691,12.417619075911679
1390,11.809554627658818,11.783582256274949,11.786255012621483,12.016206666413135,11.838541295989847,11.797931671142578,11.841456261077282
1391,11.850147641347808,11.859908110224575,11.859908110224575,11.89288187043962,11.898465389992284,11.856757164001465,11.895619827317077
1392,12.221997309931567,12.224042209656684,12.223780222056158,12.260245516495447,12.170550926335384,12.170019149780273,12.147980842759065
1393,12.68460872754811,12.687927028267834,12.687927028267834,12.675995952044666,12.732253315986286,12.752931594848633,12.739991729191408
1394,11.881466366154262,11.894780734801538,11.893456901293792,12.024871762045178,11.927766928221393,11.925593376159668,11.907548423509429
1395,11.739726882501833,11.742862150286477,11.740286778794289,11.747939369470398,11.662281538974595,11.599011421203613,11.61386917951375
1396,11.671038296397374,11.680731701936338,11.679481926276571,11.627845556463434,11.634724336527858,11.671598434448242,11.649443122911087
1397,12.145982326905207,12.155876085896082,12.15459347678183,11.96100244867024,12.12217925773898,12.149369239807129,12.12746529995838
1398,12.063185295126063,12.060396261713752,12.06114726673193,12.092549081217301,12.010746026631377,12.029834747314453,12.077134442603466
1399,12.287463184060723,12.289994891277843,12.290199871332822,12.277926106327987,12.268758665214824,12.270899772644043,12.272446831050322
1400,11.879874874516624,11.890668284563981,11.8880163929916,11.958649627603904,11.881500259427252,11.910981178283691,11.880062245224552
1401,12.049207591735597,12.053538855130364,12.05447472324832,12.04655101210624,11.990876195628122,12.131683349609375,12.106085691165434
1402,12.116150578174667,12.12550071200637,12.124573852873798,12.136241966137105,12.163077612167651,12.105185508728027,12.118337295398447
1403,11.811818658827566,11.810647093087633,11.811910959631042,11.820293366793548,11.84090291622611,11.83189582824707,11.87579387505996
1404,12.380588165777011,12.374149047441016,12.373323111459467,12.414016264504541,12.413171020770088,12.391817092895508,12.38707365613966
1405,12.230514641649481,12.229969366821669,12.229919203864709,12.1325091559625,12.32461144689842,12.234015464782715,12.283251229988947
1406,12.462534090152053,12.468117685927275,12.468387060336973,12.447284391831388,12.459240921092986,12.428020477294922,12.481421470948936
1407,12.061608329352866,12.057344012396083,12.057466342097722,12.060060878579762,11.99753619381108,12.01025676727295,11.990311412332543
1408,12.282530733119357,12.275426164919397,12.27765703991941,12.188516558575799,12.17066274422541,12.243964195251465,12.235332082635795
1409,12.469469947751369,12.467195501217669,12.466338313971084,12.456492900954423,12.470875197021776,12.482247352600098,12.499264105072458
1410,12.381921446409912,12.389127456405289,12.388629308543349,12.438571904037143,12.384593605532165,12.346839904785156,12.349398489266168
1411,11.86084465651125,11.867944751568876,11.869102796082297,11.88707209038963,11.94260389872005,11.969009399414062,11.960894916200525
1412,12.347077430838244,12.334275567800997,12.334275567800997,12.321213178735054,12.273553093479464,12.31782054901123,12.310105036534198
1413,12.289476857503661,12.296689189601906,12.297140899749575,12.261284625006871,12.389355067856934,12.377052307128906,12.376482312150543
1414,12.309095454764941,12.319924710851371,12.31999710397677,12.290253688058874,12.343337681909224,12.325499534606934,12.277477125284143
1415,11.83530252882584,11.840241837770117,11.839362401744227,11.824804419361788,11.832083421373252,11.872648239135742,11.88007418815149
1416,11.749392615814825,11.752310750803604,11.752310750803604,11.845868836387094,11.824262709204213,11.851778030395508,11.864231764353272
1417,11.947836297443219,11.92988501149101,11.925937368004409,12.13696809154162,11.913415028835733,11.862641334533691,11.869294092557144
1418,12.145186792452515,12.14738787224845,12.149009710278419,12.143402001138064,12.169210510931148,12.137947082519531,12.138807005921953
1419,12.055219208344194,12.058913197848131,12.057467422880485,11.942452548884443,12.111751352657818,12.0545654296875,12.064415393228733
1420,12.775255291060512,12.770551664863563,12.770551664863563,12.78227649850035,12.811512166620608,12.763169288635254,12.811706791855753
1421,12.42875554974177,12.429596760531625,12.429596760531625,12.425855436284884,12.450012390649585,12.384431838989258,12.360814664703586
1422,12.389319931350046,12.374163913346177,12.374163913346177,12.196821086658266,12.397677366869274,12.358870506286621,12.345655302351101
1423,11.98376715723198,11.983358158058723,11.982972685361625,12.049790746995312,12.017445901336513,11.99359130859375,11.998339676636615
1424,12.25259215483405,12.242543287345963,12.242543287345963,12.242774256749552,12.200850037053906,12.205985069274902,12.205228993792284
1425,12.051315232476824,12.041074268515874,12.04338481825792,12.041846080521276,12.00345566174142,12.054616928100586,12.056165694076252
1426,11.764027940113712,11.766702924169126,11.764970236528448,11.815215258752243,11.777173681630842,11.889392852783203,11.864450834194267
1427,12.79309621495442,12.809732135533338,12.81165717570529,12.789533721099412,12.773954275466982,12.824200630187988,12.741383648849112
1428,12.506875899507017,12.50137696720879,12.50137696720879,12.46806411874756,12.416439016221965,12.450304985046387,12.457889164503088
1429,11.802043264175014,11.809729922667252,11.807845640460766,11.811126654950366,11.869010472970684,11.867629051208496,11.886314847155335
1430,11.905086153443445,11.904782323964577,11.905657774031425,11.947636755030413,11.95852934808748,11.924271583557129,11.867339560093637
1431,12.31740101903475,12.310687840624723,12.311186875739882,12.150009715904813,12.195580389294566,12.221662521362305,12.205923881591229
1432,12.036006100118414,12.027747897059742,12.027542713060711,12.140531145229959,12.060591461966197,12.090123176574707,12.083735872017876
1433,11.789944250513416,11.791783892642645,11.791783892642645,11.791861738193543,11.792212493380092,11.785016059875488,11.69823707533118
1434,11.427203583361349,11.466798200020113,11.461738803094848,11.440918375899393,11.517422364919714,11.592405319213867,11.621347119259749
1435,11.452825063254146,11.449269290256698,11.44773884804951,12.120538043104178,11.523221703998933,11.436454772949219,11.392151137670199
1436,12.321089238283,12.321317718925835,12.321292353647396,12.311749780550906,12.275609707999084,12.290133476257324,12.263788035039243
1437,12.792291834818702,12.789727327466984,12.789469854666283,12.824150699846887,12.891056352694193,12.888242721557617,12.904502111533233
1438,12.392913102989137,12.395755752290112,12.396016032524177,12.376083561889152,12.366989495212444,12.34471321105957,12.324013618602038
1439,12.184799178655423,12.192880584656608,12.191557390461284,12.20251085391049,12.143031696185108,12.151422500610352,12.171179021853813
1440,11.880621475708821,11.882190106152814,11.881388523589205,11.968928595122666,11.981693853955052,11.983141899108887,11.983815591556265
1441,12.331301562439787,12.322333574892408,12.32305469536294,12.309722548477653,12.25502875001539,12.258557319641113,12.244525284137351
1442,12.215328088280877,12.202360379865997,12.203891094715866,12.281023061040857,12.240161715394702,12.220633506774902,12.230858043480346
1443,12.269705579606503,12.286317919546216,12.284438679948716,12.301226985619897,12.200515176908667,12.207517623901367,12.192495877585351
1444,12.479652289776736,12.477008808098217,12.477331156503023,12.484737354276332,12.497491866574563,12.480831146240234,12.485893001410261
1445,12.656682399604504,12.639029619425811,12.639029619425811,12.663878370518297,12.73227576719663,12.783821105957031,12.789543518516767
1446,12.263275433842335,12.270433656853161,12.270433656853161,12.29084202873017,12.368109739821069,12.306862831115723,12.322890419662787
1447,12.106864122227575,12.107775858518457,12.106711917459467,12.099296640766632,12.103148266666897,12.13530158996582,12.13160662341462
1448,11.812614923590646,11.808189890801225,11.808152009960784,11.813555073594156,11.961558837560066,11.988224029541016,12.010623311312694
1449,13.537845781167599,13.57506496674751,13.57506496674751,13.38429541841592,13.260779328238,13.151545524597168,13.15671725178009
1450,12.190867648088204,12.170075861128447,12.17369179253291,12.185973929263952,12.114405856103765,12.160914421081543,12.144588252128917
1451,12.093391682366622,12.08035821195088,12.08035821195088,12.093641853680003,12.111534291808605,12.093146324157715,12.101183165121684
1452,12.527874580888533,12.51885342311227,12.52063840765223,12.501795311353444,12.503357709943383,12.472009658813477,12.472285011705122
1453,11.939749590862025,11.944626457643258,11.944626457643258,12.335510598002209,12.000466050215254,11.984193801879883,11.984985516476149
1454,11.701652772699685,11.691547330051977,11.692405128268765,11.755418707531867,11.691268718241078,11.669937133789062,11.61550491070063
1455,11.882999302408372,11.881958941703562,11.880879219173575,11.924474332871103,11.941862088547722,11.915201187133789,11.873895211613307
1456,12.219455842767205,12.21698237136233,12.216543947346679,12.187942485445596,12.20180220720495,12.226088523864746,12.21399924023469
1457,11.823192882856045,11.826940234470879,11.825363892988836,12.051335619631333,11.879139981625267,11.867740631103516,11.833391490530584
1458,12.35294852767264,12.350462002969229,12.35254072298473,12.328566474480281,12.293904578227304,12.360608100891113,12.396639291549892
1459,12.342720854374704,12.32903263938215,12.33072770119265,12.33064688794792,12.321400588413184,12.339618682861328,12.388361554487526
1460,12.049763404951376,12.05956707358267,12.058926200517103,12.031762240466316,12.091793822038017,12.094154357910156,12.097405975628925
1461,12.125756702539228,12.108593674065844,12.110506146238814,11.58369129476637,12.10821647049165,12.08824634552002,12.063350951623521
1462,11.90746908038784,11.9094114840706,11.908882735720619,11.946687464994513,11.956545964727695,11.948564529418945,11.936762033233272
1463,12.085692382309206,12.075493743900221,12.077518130146473,11.90943314000417,12.061109194652028,12.067387580871582,12.068418088629683
1464,12.277416913104226,12.289395900118713,12.288170907784908,12.300187206420434,12.254839371452436,12.23199462890625,12.207589835296892
1465,12.398663167259734,12.396036977138326,12.396093634445497,12.40197883068931,12.328305001912533,12.3313570022583,12.33427264989485
